{
"type": "FeatureCollection",
"name": "cao_metrotel",
"crs": { "type": "name", "properties": { "name": "urn:ogc:def:crs:OGC:1.3:CRS84" } },
"features": [
{ "type": "Feature", "properties": { "sentido": "DOBLE", "alt_izqfin": 1950.0, "com_par": 13.0, "long": "59.852.358.963.369.400", "nomanter": null, "tipo_c": "CALLE", "alt_derfin": 1949.0, "alt_derini": 1901.0, "alt_izqini": 1902.0, "codigo": 1111.0, "barrio_imp": "NUÑEZ", "nomoficial": "ARIAS", "id_street": 81.0, "nom_mapa": "ARIAS", "tipo_ffcc": "Sin Iteracción", "id": 81.0, "barrio_par": "NUÑEZ", "observa": null, "bicisenda": null, "red_jerarq": "VÍA LOCAL", "cuadra": "ARIAS 1901-1950", "comuna": 13.0, "EMPRESA": "METROTEL", "com_impar": 13.0, "barrio": "NUÑEZ", "hasta": 1950.0, "desde": 1901.0, "longitud_m": 59.850176926831217 }, "geometry": { "type": "LineString", "coordinates": [ [ -58.468260757561197, -34.539800308740197 ], [ -58.468813355078403, -34.540086636163302 ] ] } },
{ "type": "Feature", "properties": { "sentido": "DOBLE", "alt_izqfin": 8200.0, "com_par": 13.0, "long": "101.888.611.634.521.000", "nomanter": "DEL LIBERTADOR GENERAL SAN MARTIN, Av.(parciales :", "tipo_c": "AVENIDA", "alt_derfin": 8199.0, "alt_derini": 8101.0, "alt_izqini": 8102.0, "codigo": 12107.0, "barrio_imp": "NUÑEZ", "nomoficial": "DEL LIBERTADOR AV.", "id_street": 90.0, "nom_mapa": "AV.DEL LIBERTADOR", "tipo_ffcc": "Sin Iteracción", "id": 90.0, "barrio_par": "NUÑEZ", "observa": null, "bicisenda": null, "red_jerarq": "VÍA DISTRIBUIDORA PRINCIPAL", "cuadra": "DEL LIBERTADOR AV. 8101-8200", "comuna": 13.0, "EMPRESA": "METROTEL", "com_impar": 13.0, "barrio": "NUÑEZ", "hasta": 8200.0, "desde": 8101.0, "longitud_m": 101.88590564661109 }, "geometry": { "type": "LineString", "coordinates": [ [ -58.463824836849703, -34.5406989523212 ], [ -58.464330260926999, -34.539881252282903 ] ] } },
{ "type": "Feature", "properties": { "sentido": "DOBLE", "alt_izqfin": 1600.0, "com_par": 13.0, "long": "497.374.746.186.763.000", "nomanter": null, "tipo_c": "CALLE", "alt_derfin": 1599.0, "alt_derini": 1101.0, "alt_izqini": 1102.0, "codigo": 19047.0, "barrio_imp": "NUÑEZ", "nomoficial": "RIVADAVIA MARTIN, COMODORO", "id_street": 127.0, "nom_mapa": "COMODORO MARTIN RIVADAVIA", "tipo_ffcc": "Sin Iteracción", "id": 127.0, "barrio_par": "NUÑEZ", "observa": null, "bicisenda": null, "red_jerarq": "VÍA LOCAL", "cuadra": "RIVADAVIA MARTIN, COMODORO 1101-1600", "comuna": 13.0, "EMPRESA": "METROTEL", "com_impar": 13.0, "barrio": "NUÑEZ", "hasta": 1600.0, "desde": 1101.0, "longitud_m": 497.35947383562376 }, "geometry": { "type": "LineString", "coordinates": [ [ -58.459571544489698, -34.537929355697798 ], [ -58.463089212024201, -34.541339368720003 ] ] } },
{ "type": "Feature", "properties": { "sentido": "DOBLE", "alt_izqfin": 7900.0, "com_par": 13.0, "long": "85.386.386.615.450.300", "nomanter": "DEL LIBERTADOR GENERAL SAN MARTIN, Av.(parciales :", "tipo_c": "AVENIDA", "alt_derfin": 7899.0, "alt_derini": 7801.0, "alt_izqini": 7802.0, "codigo": 12107.0, "barrio_imp": "NUÑEZ", "nomoficial": "DEL LIBERTADOR AV.", "id_street": 195.0, "nom_mapa": "AV.DEL LIBERTADOR", "tipo_ffcc": "Sin Iteracción", "id": 195.0, "barrio_par": "NUÑEZ", "observa": null, "bicisenda": null, "red_jerarq": "VÍA DISTRIBUIDORA PRINCIPAL", "cuadra": "DEL LIBERTADOR AV. 7801-7900", "comuna": 13.0, "EMPRESA": "METROTEL", "com_impar": 13.0, "barrio": "NUÑEZ", "hasta": 7900.0, "desde": 7801.0, "longitud_m": 85.383729849996925 }, "geometry": { "type": "LineString", "coordinates": [ [ -58.461984000579299, -34.542687940066799 ], [ -58.4626028131051, -34.542113282887698 ] ] } },
{ "type": "Feature", "properties": { "sentido": "DECRECIENTE", "alt_izqfin": 1700.0, "com_par": 13.0, "long": "122.305.619.946.413.000", "nomanter": null, "tipo_c": "CALLE", "alt_derfin": 1699.0, "alt_derini": 1601.0, "alt_izqini": 1602.0, "codigo": 17024.0, "barrio_imp": "NUÑEZ", "nomoficial": "PAROISSIEN", "id_street": 229.0, "nom_mapa": "PAROISSIEN", "tipo_ffcc": "Sin Iteracción", "id": 229.0, "barrio_par": "NUÑEZ", "observa": null, "bicisenda": null, "red_jerarq": "VÍA LOCAL", "cuadra": "PAROISSIEN 1601-1700", "comuna": 13.0, "EMPRESA": "METROTEL", "com_impar": 13.0, "barrio": "NUÑEZ", "hasta": 1700.0, "desde": 1601.0, "longitud_m": 122.30114577356704 }, "geometry": { "type": "LineString", "coordinates": [ [ -58.461984000579299, -34.542687940066799 ], [ -58.463118380879102, -34.543266200887302 ] ] } },
{ "type": "Feature", "properties": { "sentido": "DOBLE", "alt_izqfin": 2000.0, "com_par": 13.0, "long": "83.749.179.384.811.500", "nomanter": null, "tipo_c": "CALLE", "alt_derfin": 1999.0, "alt_derini": 1901.0, "alt_izqini": 1902.0, "codigo": 17024.0, "barrio_imp": "NUÑEZ", "nomoficial": "PAROISSIEN", "id_street": 306.0, "nom_mapa": "PAROISSIEN", "tipo_ffcc": "Sin Iteracción", "id": 306.0, "barrio_par": "NUÑEZ", "observa": null, "bicisenda": null, "red_jerarq": "VÍA LOCAL", "cuadra": "PAROISSIEN 1901-2000", "comuna": 13.0, "EMPRESA": "METROTEL", "com_impar": 13.0, "barrio": "NUÑEZ", "hasta": 2000.0, "desde": 1901.0, "longitud_m": 83.746107567202884 }, "geometry": { "type": "LineString", "coordinates": [ [ -58.465136287165699, -34.544291705625 ], [ -58.4659157176688, -34.544684095475503 ] ] } },
{ "type": "Feature", "properties": { "sentido": "DOBLE", "alt_izqfin": 5900.0, "com_par": 13.0, "long": "130.356.496.643.045.000", "nomanter": "DEL LIBERTADOR GENERAL SAN MARTIN, Av.(parciales :", "tipo_c": "AVENIDA", "alt_derfin": 5899.0, "alt_derini": 5801.0, "alt_izqini": 5802.0, "codigo": 12107.0, "barrio_imp": "BELGRANO", "nomoficial": "DEL LIBERTADOR AV.", "id_street": 1814.0, "nom_mapa": "AV.DEL LIBERTADOR", "tipo_ffcc": "Sin Iteracción", "id": 1814.0, "barrio_par": "BELGRANO", "observa": null, "bicisenda": null, "red_jerarq": "VÍA DISTRIBUIDORA PRINCIPAL", "cuadra": "DEL LIBERTADOR AV. 5801-5900", "comuna": 13.0, "EMPRESA": "METROTEL", "com_impar": 13.0, "barrio": "BELGRANO", "hasta": 5900.0, "desde": 5801.0, "longitud_m": 130.35270402028297 }, "geometry": { "type": "LineString", "coordinates": [ [ -58.446048312639199, -34.558594217762703 ], [ -58.446871975618301, -34.557636915520803 ] ] } },
{ "type": "Feature", "properties": { "sentido": "CRECIENTE", "alt_izqfin": 2200.0, "com_par": 13.0, "long": "119.106.005.448.991.000", "nomanter": null, "tipo_c": "CALLE", "alt_derfin": 2199.0, "alt_derini": 2101.0, "alt_izqini": 2102.0, "codigo": 21050.0, "barrio_imp": "BELGRANO", "nomoficial": "3 DE FEBRERO", "id_street": 1873.0, "nom_mapa": "3 DE FEBRERO", "tipo_ffcc": "Sin Iteracción", "id": 1873.0, "barrio_par": "BELGRANO", "observa": null, "bicisenda": null, "red_jerarq": "VÍA LOCAL", "cuadra": "3 DE FEBRERO 2101-2200", "comuna": 13.0, "EMPRESA": "METROTEL", "com_impar": 13.0, "barrio": "BELGRANO", "hasta": 2200.0, "desde": 2101.0, "longitud_m": 119.10254337278532 }, "geometry": { "type": "LineString", "coordinates": [ [ -58.452151594565102, -34.5592269135728 ], [ -58.452903595916297, -34.558351889954999 ] ] } },
{ "type": "Feature", "properties": { "sentido": "CRECIENTE", "alt_izqfin": 0.0, "com_par": 13.0, "long": "17.790.393.694.176.400", "nomanter": null, "tipo_c": "CALLE", "alt_derfin": 0.0, "alt_derini": 0.0, "alt_izqini": 0.0, "codigo": 27013.0, "barrio_imp": "BELGRANO", "nomoficial": "ZAVALIA", "id_street": 1878.0, "nom_mapa": "ZAVALIA", "tipo_ffcc": "Sin Iteracción", "id": 1878.0, "barrio_par": "BELGRANO", "observa": null, "bicisenda": null, "red_jerarq": "VÍA LOCAL", "cuadra": "ZAVALIA 0-0", "comuna": 13.0, "EMPRESA": "METROTEL", "com_impar": 13.0, "barrio": "BELGRANO", "hasta": 0.0, "desde": 0.0, "longitud_m": 17.789674234651642 }, "geometry": { "type": "LineString", "coordinates": [ [ -58.451965339161099, -34.559271334031699 ], [ -58.452151594565102, -34.5592269135728 ] ] } },
{ "type": "Feature", "properties": { "sentido": "DECRECIENTE", "alt_izqfin": 2500.0, "com_par": 13.0, "long": "128.290.442.487.353.000", "nomanter": "GRAL.PAZ", "tipo_c": "CALLE", "alt_derfin": 2499.0, "alt_derini": 2401.0, "alt_izqini": 2402.0, "codigo": 3128.0, "barrio_imp": "BELGRANO", "nomoficial": "CIUDAD DE LA PAZ", "id_street": 1930.0, "nom_mapa": "CIUDAD DE LA PAZ", "tipo_ffcc": "Sin Iteracción", "id": 1930.0, "barrio_par": "BELGRANO", "observa": null, "bicisenda": null, "red_jerarq": "VÍA DISTRIBUIDORA COMPLEMENTARIA", "cuadra": "CIUDAD DE LA PAZ 2401-2500", "comuna": 13.0, "EMPRESA": "METROTEL", "com_impar": 13.0, "barrio": "BELGRANO", "hasta": 2500.0, "desde": 2401.0, "longitud_m": 128.28659661443899 }, "geometry": { "type": "LineString", "coordinates": [ [ -58.460081726799501, -34.559809717052303 ], [ -58.460886598790999, -34.558864221616503 ] ] } },
{ "type": "Feature", "properties": { "sentido": "DOBLE", "alt_izqfin": 3500.0, "com_par": 14.0, "long": "159.096.227.066.031.000", "nomanter": "SALGUERO-CANNING", "tipo_c": "CALLE", "alt_derfin": 3499.0, "alt_derini": 3351.0, "alt_izqini": 3352.0, "codigo": 20012.0, "barrio_imp": "RECOLETA", "nomoficial": "SALGUERO, JERONIMO", "id_street": 3620.0, "nom_mapa": "JERONIMO SALGUERO", "tipo_ffcc": "Tren Elevado - Paso a Nivel Sin Vías", "id": 3620.0, "barrio_par": "PALERMO", "observa": "no corresponde numeración 4-2", "bicisenda": null, "red_jerarq": "VÍA DISTRIBUIDORA PRINCIPAL", "cuadra": "SALGUERO, JERONIMO 3351-3500", "comuna": null, "EMPRESA": "METROTEL", "com_impar": 2.0, "barrio": null, "hasta": 3500.0, "desde": 3351.0, "longitud_m": 159.08980848396925 }, "geometry": { "type": "LineString", "coordinates": [ [ -58.402787081221199, -34.574276331189502 ], [ -58.402030842568799, -34.573517206634797 ], [ -58.401748343624099, -34.573132087871798 ] ] } },
{ "type": "Feature", "properties": { "sentido": "DECRECIENTE", "alt_izqfin": 3000.0, "com_par": 14.0, "long": "129.617.874.984.864.000", "nomanter": "2DA. DORREGO", "tipo_c": "CALLE", "alt_derfin": 2999.0, "alt_derini": 2901.0, "alt_izqini": 2902.0, "codigo": 3132.0, "barrio_imp": "PALERMO", "nomoficial": "CLAY", "id_street": 3670.0, "nom_mapa": "CLAY", "tipo_ffcc": "Sin Iteracción", "id": 3670.0, "barrio_par": "PALERMO", "observa": null, "bicisenda": null, "red_jerarq": "VÍA LOCAL", "cuadra": "CLAY 2901-3000", "comuna": 14.0, "EMPRESA": "METROTEL", "com_impar": 14.0, "barrio": "PALERMO", "hasta": 3000.0, "desde": 2901.0, "longitud_m": 129.61302551393158 }, "geometry": { "type": "LineString", "coordinates": [ [ -58.430760441491501, -34.573574233144903 ], [ -58.429527877899098, -34.573003534887498 ] ] } },
{ "type": "Feature", "properties": { "sentido": "DOBLE", "alt_izqfin": 400.0, "com_par": 14.0, "long": "118.193.722.909.147.000", "nomanter": "GUTENBERG", "tipo_c": "AVENIDA", "alt_derfin": 399.0, "alt_derini": 301.0, "alt_izqini": 302.0, "codigo": 3043.0, "barrio_imp": "PALERMO", "nomoficial": "CAMPOS, LUIS M. AV.", "id_street": 3677.0, "nom_mapa": "AV. LUIS M. CAMPOS", "tipo_ffcc": "Sin Iteracción", "id": 3677.0, "barrio_par": "PALERMO", "observa": null, "bicisenda": null, "red_jerarq": "VÍA DISTRIBUIDORA PRINCIPAL", "cuadra": "CAMPOS, LUIS M. AV. 301-400", "comuna": 14.0, "EMPRESA": "METROTEL", "com_impar": 14.0, "barrio": "PALERMO", "hasta": 400.0, "desde": 301.0, "longitud_m": 118.19016661328496 }, "geometry": { "type": "LineString", "coordinates": [ [ -58.432530014566098, -34.573614129451499 ], [ -58.433328018926503, -34.572777818301702 ] ] } },
{ "type": "Feature", "properties": { "sentido": "CRECIENTE", "alt_izqfin": 3600.0, "com_par": 14.0, "long": "129.394.249.931.272.000", "nomanter": null, "tipo_c": "CALLE", "alt_derfin": 3599.0, "alt_derini": 3501.0, "alt_izqini": 3502.0, "codigo": 3241.0, "barrio_imp": "PALERMO", "nomoficial": "CHONINO", "id_street": 3768.0, "nom_mapa": "CHONINO", "tipo_ffcc": "Sin Iteracción", "id": 3768.0, "barrio_par": "PALERMO", "observa": "corrección numeración 30-1", "bicisenda": null, "red_jerarq": "VÍA LOCAL", "cuadra": "CHONINO 3501-3600", "comuna": 14.0, "EMPRESA": "METROTEL", "com_impar": 14.0, "barrio": "PALERMO", "hasta": 3600.0, "desde": 3501.0, "longitud_m": 129.38237637527857 }, "geometry": { "type": "LineString", "coordinates": [ [ -58.402787081221199, -34.574276331189502 ], [ -58.403579643589602, -34.573311702543698 ] ] } },
{ "type": "Feature", "properties": { "sentido": "DECRECIENTE", "alt_izqfin": 3400.0, "com_par": 14.0, "long": "342.749.646.802.392.000", "nomanter": "SALGUERO", "tipo_c": "CALLE", "alt_derfin": 3399.0, "alt_derini": 3111.0, "alt_izqini": 3112.0, "codigo": 3104.0, "barrio_imp": "PALERMO", "nomoficial": "CAVIA", "id_street": 3995.0, "nom_mapa": "CAVIA", "tipo_ffcc": "Sin Iteracción", "id": 3995.0, "barrio_par": "PALERMO", "observa": "Corrección de alturas según chequeo en Planos Catastrales Oficiales: antes 3101 - 3400 (Mayo 2025)", "bicisenda": null, "red_jerarq": "VÍA LOCAL", "cuadra": "CAVIA 3111-3400", "comuna": 14.0, "EMPRESA": "METROTEL", "com_impar": 14.0, "barrio": "PALERMO", "hasta": 3400.0, "desde": 3111.0, "longitud_m": 342.73940534553304 }, "geometry": { "type": "LineString", "coordinates": [ [ -58.405804023867702, -34.575793734600801 ], [ -58.403579643589602, -34.573311702543698 ] ] } },
{ "type": "Feature", "properties": { "sentido": "DOBLE", "alt_izqfin": 200.0, "com_par": 14.0, "long": "143.952.333.125.903.000", "nomanter": null, "tipo_c": "CALLE", "alt_derfin": 199.0, "alt_derini": 101.0, "alt_izqini": 102.0, "codigo": 1072.0, "barrio_imp": "PALERMO", "nomoficial": "AMENABAR", "id_street": 4150.0, "nom_mapa": "AMENABAR", "tipo_ffcc": "Sin Iteracción", "id": 4150.0, "barrio_par": "PALERMO", "observa": null, "bicisenda": null, "red_jerarq": "VÍA LOCAL", "cuadra": "AMENABAR 101-200", "comuna": 14.0, "EMPRESA": "METROTEL", "com_impar": 14.0, "barrio": "PALERMO", "hasta": 200.0, "desde": 101.0, "longitud_m": 143.94712420642685 }, "geometry": { "type": "LineString", "coordinates": [ [ -58.439855568872801, -34.576790748110199 ], [ -58.441052960018098, -34.575952364391398 ] ] } },
{ "type": "Feature", "properties": { "sentido": "CRECIENTE", "alt_izqfin": 3100.0, "com_par": 14.0, "long": "36.486.621.649.727.800", "nomanter": "SALGUERO-CANNING", "tipo_c": "CALLE", "alt_derfin": 3089.0, "alt_derini": 3073.0, "alt_izqini": 3082.0, "codigo": 20012.0, "barrio_imp": "PALERMO", "nomoficial": "SALGUERO, JERONIMO", "id_street": 4182.0, "nom_mapa": "JERONIMO SALGUERO", "tipo_ffcc": "Sin Iteracción", "id": 4182.0, "barrio_par": "PALERMO", "observa": null, "bicisenda": null, "red_jerarq": "VÍA DISTRIBUIDORA PRINCIPAL", "cuadra": "SALGUERO, JERONIMO 3073-3100", "comuna": 14.0, "EMPRESA": "METROTEL", "com_impar": 14.0, "barrio": "PALERMO", "hasta": 3100.0, "desde": 3073.0, "longitud_m": 36.485527522954591 }, "geometry": { "type": "LineString", "coordinates": [ [ -58.405301871221901, -34.577015351546699 ], [ -58.405061529981403, -34.576753330676297 ] ] } },
{ "type": "Feature", "properties": { "sentido": "CRECIENTE", "alt_izqfin": 2400.0, "com_par": 14.0, "long": "131.331.146.565.527.000", "nomanter": "ARGUIBEL, ANDRES", "tipo_c": "CALLE", "alt_derfin": 2399.0, "alt_derini": 2301.0, "alt_izqini": 2302.0, "codigo": 19015.0, "barrio_imp": "PALERMO", "nomoficial": "RAVIGNANI, EMILIO, DR.", "id_street": 4190.0, "nom_mapa": "DR.EMILIO RAVIGNANI", "tipo_ffcc": "Sin Iteracción", "id": 4190.0, "barrio_par": "PALERMO", "observa": null, "bicisenda": null, "red_jerarq": "VÍA LOCAL", "cuadra": "RAVIGNANI, EMILIO, DR. 2301-2400", "comuna": 14.0, "EMPRESA": "METROTEL", "com_impar": 14.0, "barrio": "PALERMO", "hasta": 2400.0, "desde": 2301.0, "longitud_m": 131.32697254056427 }, "geometry": { "type": "LineString", "coordinates": [ [ -58.434004843396501, -34.577048644038797 ], [ -58.4330220812856, -34.5761879923583 ] ] } },
{ "type": "Feature", "properties": { "sentido": "CRECIENTE", "alt_izqfin": 2500.0, "com_par": 14.0, "long": "115.934.831.131.192.000", "nomanter": null, "tipo_c": "CALLE", "alt_derfin": 2499.0, "alt_derini": 2401.0, "alt_izqini": 2402.0, "codigo": 2101.0, "barrio_imp": "PALERMO", "nomoficial": "BONPLAND", "id_street": 4308.0, "nom_mapa": "BONPLAND", "tipo_ffcc": "Sin Iteracción", "id": 4308.0, "barrio_par": "PALERMO", "observa": null, "bicisenda": null, "red_jerarq": "VÍA LOCAL", "cuadra": "BONPLAND 2401-2500", "comuna": 14.0, "EMPRESA": "METROTEL", "com_impar": 14.0, "barrio": "PALERMO", "hasta": 2500.0, "desde": 2401.0, "longitud_m": 115.93114063911095 }, "geometry": { "type": "LineString", "coordinates": [ [ -58.430976336022603, -34.577791767129298 ], [ -58.430107337420601, -34.577033139048801 ] ] } },
{ "type": "Feature", "properties": { "sentido": "CRECIENTE", "alt_izqfin": 3080.0, "com_par": 14.0, "long": "110.295.834.652.245.000", "nomanter": "SALGUERO-CANNING", "tipo_c": "CALLE", "alt_derfin": 3071.0, "alt_derini": 3001.0, "alt_izqini": 3002.0, "codigo": 20012.0, "barrio_imp": "PALERMO", "nomoficial": "SALGUERO, JERONIMO", "id_street": 4316.0, "nom_mapa": "JERONIMO SALGUERO", "tipo_ffcc": "Sin Iteracción", "id": 4316.0, "barrio_par": "PALERMO", "observa": null, "bicisenda": null, "red_jerarq": "VÍA DISTRIBUIDORA PRINCIPAL", "cuadra": "SALGUERO, JERONIMO 3001-3080", "comuna": 14.0, "EMPRESA": "METROTEL", "com_impar": 14.0, "barrio": "PALERMO", "hasta": 3080.0, "desde": 3001.0, "longitud_m": 110.29252775835414 }, "geometry": { "type": "LineString", "coordinates": [ [ -58.406028434114901, -34.577807399883802 ], [ -58.405301871221901, -34.577015351546699 ] ] } },
{ "type": "Feature", "properties": { "sentido": "CRECIENTE", "alt_izqfin": 2300.0, "com_par": 14.0, "long": "133.247.860.424.810.000", "nomanter": "ARGUIBEL, ANDRES", "tipo_c": "CALLE", "alt_derfin": 2299.0, "alt_derini": 2201.0, "alt_izqini": 2202.0, "codigo": 19015.0, "barrio_imp": "PALERMO", "nomoficial": "RAVIGNANI, EMILIO, DR.", "id_street": 4329.0, "nom_mapa": "DR.EMILIO RAVIGNANI", "tipo_ffcc": "Sin Iteracción", "id": 4329.0, "barrio_par": "PALERMO", "observa": null, "bicisenda": null, "red_jerarq": "VÍA LOCAL", "cuadra": "RAVIGNANI, EMILIO, DR. 2201-2300", "comuna": 14.0, "EMPRESA": "METROTEL", "com_impar": 14.0, "barrio": "PALERMO", "hasta": 2300.0, "desde": 2201.0, "longitud_m": 133.24362161596866 }, "geometry": { "type": "LineString", "coordinates": [ [ -58.4350038511623, -34.577920375346103 ], [ -58.434004843396501, -34.577048644038797 ] ] } },
{ "type": "Feature", "properties": { "sentido": "CRECIENTE", "alt_izqfin": 2800.0, "com_par": 14.0, "long": "136.715.940.817.278.000", "nomanter": null, "tipo_c": "CALLE", "alt_derfin": 2799.0, "alt_derini": 2701.0, "alt_izqini": 2702.0, "codigo": 7054.0, "barrio_imp": "PALERMO", "nomoficial": "GODOY CRUZ", "id_street": 4463.0, "nom_mapa": "GODOY CRUZ", "tipo_ffcc": "Sin Iteracción", "id": 4463.0, "barrio_par": "PALERMO", "observa": null, "bicisenda": null, "red_jerarq": "VÍA DISTRIBUIDORA COMPLEMENTARIA", "cuadra": "GODOY CRUZ 2701-2800", "comuna": 14.0, "EMPRESA": "METROTEL", "com_impar": 14.0, "barrio": "PALERMO", "hasta": 2800.0, "desde": 2701.0, "longitud_m": 136.71140837469383 }, "geometry": { "type": "LineString", "coordinates": [ [ -58.425254564658204, -34.5786634442563 ], [ -58.424353188542398, -34.577682155342401 ] ] } },
{ "type": "Feature", "properties": { "sentido": "CRECIENTE", "alt_izqfin": 3000.0, "com_par": 14.0, "long": "127.116.659.808.574.000", "nomanter": "SALGUERO-CANNING", "tipo_c": "CALLE", "alt_derfin": 2999.0, "alt_derini": 2901.0, "alt_izqini": 2902.0, "codigo": 20012.0, "barrio_imp": "PALERMO", "nomoficial": "SALGUERO, JERONIMO", "id_street": 4487.0, "nom_mapa": "JERONIMO SALGUERO", "tipo_ffcc": "Sin Iteracción", "id": 4487.0, "barrio_par": "PALERMO", "observa": null, "bicisenda": null, "red_jerarq": "VÍA DISTRIBUIDORA PRINCIPAL", "cuadra": "SALGUERO, JERONIMO 2901-3000", "comuna": 14.0, "EMPRESA": "METROTEL", "com_impar": 14.0, "barrio": "PALERMO", "hasta": 3000.0, "desde": 2901.0, "longitud_m": 127.11272935545361 }, "geometry": { "type": "LineString", "coordinates": [ [ -58.406916666815903, -34.578682383873399 ], [ -58.406618854906696, -34.578450976389099 ], [ -58.406028434114901, -34.577807399883802 ] ] } },
{ "type": "Feature", "properties": { "sentido": "CRECIENTE", "alt_izqfin": 2900.0, "com_par": 14.0, "long": "121.282.401.273.229.000", "nomanter": "SALGUERO-CANNING", "tipo_c": "CALLE", "alt_derfin": 2899.0, "alt_derini": 2801.0, "alt_izqini": 2802.0, "codigo": 20012.0, "barrio_imp": "PALERMO", "nomoficial": "SALGUERO, JERONIMO", "id_street": 4625.0, "nom_mapa": "JERONIMO SALGUERO", "tipo_ffcc": "Sin Iteracción", "id": 4625.0, "barrio_par": "PALERMO", "observa": null, "bicisenda": null, "red_jerarq": "VÍA DISTRIBUIDORA PRINCIPAL", "cuadra": "SALGUERO, JERONIMO 2801-2900", "comuna": 14.0, "EMPRESA": "METROTEL", "com_impar": 14.0, "barrio": "PALERMO", "hasta": 2900.0, "desde": 2801.0, "longitud_m": 121.27878735938792 }, "geometry": { "type": "LineString", "coordinates": [ [ -58.407706183677803, -34.579559194593102 ], [ -58.406916666815903, -34.578682383873399 ] ] } },
{ "type": "Feature", "properties": { "sentido": "CRECIENTE", "alt_izqfin": 2800.0, "com_par": 14.0, "long": "113.386.774.658.671.000", "nomanter": "SALGUERO-CANNING", "tipo_c": "CALLE", "alt_derfin": 2799.0, "alt_derini": 2701.0, "alt_izqini": 2702.0, "codigo": 20012.0, "barrio_imp": "PALERMO", "nomoficial": "SALGUERO, JERONIMO", "id_street": 4772.0, "nom_mapa": "JERONIMO SALGUERO", "tipo_ffcc": "Sin Iteracción", "id": 4772.0, "barrio_par": "PALERMO", "observa": null, "bicisenda": null, "red_jerarq": "VÍA DISTRIBUIDORA PRINCIPAL", "cuadra": "SALGUERO, JERONIMO 2701-2800", "comuna": 14.0, "EMPRESA": "METROTEL", "com_impar": 14.0, "barrio": "PALERMO", "hasta": 2800.0, "desde": 2701.0, "longitud_m": 113.38342319279394 }, "geometry": { "type": "LineString", "coordinates": [ [ -58.4084318317217, -34.580386510244999 ], [ -58.407706183677803, -34.579559194593102 ] ] } },
{ "type": "Feature", "properties": { "sentido": "CRECIENTE", "alt_izqfin": 2200.0, "com_par": 12.0, "long": "56.486.459.365.734.100", "nomanter": "TIMBO", "tipo_c": "CALLE", "alt_derfin": 2199.0, "alt_derini": 2101.0, "alt_izqini": 2102.0, "codigo": 12129.0, "barrio_imp": "VILLA PUEYRREDON", "nomoficial": "LOPEZ, CARLOS ANTONIO", "id_street": 4793.0, "nom_mapa": "CARLOS ANTONIO LOPEZ", "tipo_ffcc": "Sin Iteracción", "id": 4793.0, "barrio_par": "VILLA PUEYRREDON", "observa": null, "bicisenda": null, "red_jerarq": "VÍA LOCAL", "cuadra": "LOPEZ, CARLOS ANTONIO 2101-2200", "comuna": 12.0, "EMPRESA": "METROTEL", "com_impar": 12.0, "barrio": "VILLA PUEYRREDON", "hasta": 2200.0, "desde": 2101.0, "longitud_m": 56.484471735628937 }, "geometry": { "type": "LineString", "coordinates": [ [ -58.494559719626203, -34.580199160163602 ], [ -58.495054836790104, -34.580501756489497 ] ] } },
{ "type": "Feature", "properties": { "sentido": "DECRECIENTE", "alt_izqfin": 3600.0, "com_par": 14.0, "long": "56.744.044.852.921.400", "nomanter": null, "tipo_c": "CALLE", "alt_derfin": 3599.0, "alt_derini": 3531.0, "alt_izqini": 3532.0, "codigo": 3003.0, "barrio_imp": "PALERMO", "nomoficial": "CABELLO", "id_street": 4919.0, "nom_mapa": "CABELLO", "tipo_ffcc": "Sin Iteracción", "id": 4919.0, "barrio_par": "PALERMO", "observa": null, "bicisenda": null, "red_jerarq": "VÍA LOCAL", "cuadra": "CABELLO 3531-3600", "comuna": 14.0, "EMPRESA": "METROTEL", "com_impar": 14.0, "barrio": "PALERMO", "hasta": 3600.0, "desde": 3531.0, "longitud_m": 56.735096584792927 }, "geometry": { "type": "LineString", "coordinates": [ [ -58.409819890851601, -34.581003194131199 ], [ -58.410400097825203, -34.580826331024298 ] ] } },
{ "type": "Feature", "properties": { "sentido": "DECRECIENTE", "alt_izqfin": 0.0, "com_par": 14.0, "long": "7.957.640.078.214.710", "nomanter": null, "tipo_c": "CALLE", "alt_derfin": 0.0, "alt_derini": 0.0, "alt_izqini": 0.0, "codigo": 3003.0, "barrio_imp": "PALERMO", "nomoficial": "CABELLO", "id_street": 4923.0, "nom_mapa": "CABELLO", "tipo_ffcc": "Sin Iteracción", "id": 4923.0, "barrio_par": "PALERMO", "observa": null, "bicisenda": null, "red_jerarq": "VÍA LOCAL", "cuadra": "CABELLO 0-0", "comuna": 14.0, "EMPRESA": "METROTEL", "com_impar": 14.0, "barrio": "PALERMO", "hasta": 0.0, "desde": 0.0, "longitud_m": 7.9573244086676338 }, "geometry": { "type": "LineString", "coordinates": [ [ -58.409739071271098, -34.581029215511997 ], [ -58.409819890851601, -34.581003194131199 ] ] } },
{ "type": "Feature", "properties": { "sentido": "DECRECIENTE", "alt_izqfin": 5600.0, "com_par": 14.0, "long": "117.011.073.944.558.000", "nomanter": null, "tipo_c": "CALLE", "alt_derfin": 5599.0, "alt_derini": 5501.0, "alt_izqini": 5502.0, "codigo": 7093.0, "barrio_imp": "PALERMO", "nomoficial": "GUATEMALA", "id_street": 4932.0, "nom_mapa": "GUATEMALA", "tipo_ffcc": "Sin Iteracción", "id": 4932.0, "barrio_par": "PALERMO", "observa": null, "bicisenda": null, "red_jerarq": "VÍA LOCAL", "cuadra": "GUATEMALA 5501-5600", "comuna": 14.0, "EMPRESA": "METROTEL", "com_impar": 14.0, "barrio": "PALERMO", "hasta": 5600.0, "desde": 5501.0, "longitud_m": 117.00724828736801 }, "geometry": { "type": "LineString", "coordinates": [ [ -58.431042752987501, -34.581081776409697 ], [ -58.431960469427501, -34.580349396187401 ] ] } },
{ "type": "Feature", "properties": { "sentido": "CRECIENTE", "alt_izqfin": 2700.0, "com_par": 14.0, "long": "125.512.777.229.624.000", "nomanter": "SALGUERO-CANNING", "tipo_c": "CALLE", "alt_derfin": 2699.0, "alt_derini": 2601.0, "alt_izqini": 2602.0, "codigo": 20012.0, "barrio_imp": "PALERMO", "nomoficial": "SALGUERO, JERONIMO", "id_street": 4940.0, "nom_mapa": "JERONIMO SALGUERO", "tipo_ffcc": "Sin Iteracción", "id": 4940.0, "barrio_par": "PALERMO", "observa": null, "bicisenda": null, "red_jerarq": "VÍA DISTRIBUIDORA PRINCIPAL", "cuadra": "SALGUERO, JERONIMO 2601-2700", "comuna": 14.0, "EMPRESA": "METROTEL", "com_impar": 14.0, "barrio": "PALERMO", "hasta": 2700.0, "desde": 2601.0, "longitud_m": 125.50850036303284 }, "geometry": { "type": "LineString", "coordinates": [ [ -58.409467827095803, -34.581116562586203 ], [ -58.408554093195903, -34.580525933936798 ], [ -58.4084318317217, -34.580386510244999 ] ] } },
{ "type": "Feature", "properties": { "sentido": "DECRECIENTE", "alt_izqfin": 3530.0, "com_par": 14.0, "long": "26.707.770.262.190.900", "nomanter": null, "tipo_c": "CALLE", "alt_derfin": 3529.0, "alt_derini": 3501.0, "alt_izqini": 3502.0, "codigo": 3003.0, "barrio_imp": "PALERMO", "nomoficial": "CABELLO", "id_street": 4941.0, "nom_mapa": "CABELLO", "tipo_ffcc": "Sin Iteracción", "id": 4941.0, "barrio_par": "PALERMO", "observa": null, "bicisenda": null, "red_jerarq": "VÍA DISTRIBUIDORA PRINCIPAL", "cuadra": "CABELLO 3501-3530", "comuna": 14.0, "EMPRESA": "METROTEL", "com_impar": 14.0, "barrio": "PALERMO", "hasta": 3530.0, "desde": 3501.0, "longitud_m": 26.706710755552031 }, "geometry": { "type": "LineString", "coordinates": [ [ -58.409467827095803, -34.581116562586203 ], [ -58.409739071271098, -34.581029215511997 ] ] } },
{ "type": "Feature", "properties": { "sentido": "CRECIENTE", "alt_izqfin": 2300.0, "com_par": 12.0, "long": "129.459.432.357.075.000", "nomanter": "TIMBO", "tipo_c": "CALLE", "alt_derfin": 2299.0, "alt_derini": 2201.0, "alt_izqini": 2202.0, "codigo": 12129.0, "barrio_imp": "VILLA PUEYRREDON", "nomoficial": "LOPEZ, CARLOS ANTONIO", "id_street": 4960.0, "nom_mapa": "CARLOS ANTONIO LOPEZ", "tipo_ffcc": "Sin Iteracción", "id": 4960.0, "barrio_par": "VILLA PUEYRREDON", "observa": null, "bicisenda": null, "red_jerarq": "VÍA LOCAL", "cuadra": "LOPEZ, CARLOS ANTONIO 2201-2300", "comuna": 12.0, "EMPRESA": "METROTEL", "com_impar": 12.0, "barrio": "VILLA PUEYRREDON", "hasta": 2300.0, "desde": 2201.0, "longitud_m": 129.4548903230388 }, "geometry": { "type": "LineString", "coordinates": [ [ -58.495054836790104, -34.580501756489497 ], [ -58.496184642949999, -34.581200766131097 ] ] } },
{ "type": "Feature", "properties": { "sentido": "CRECIENTE", "alt_izqfin": 2200.0, "com_par": 14.0, "long": "81.528.198.974.391.000", "nomanter": null, "tipo_c": "CALLE", "alt_derfin": 2199.0, "alt_derini": 2101.0, "alt_izqini": 2102.0, "codigo": 8036.0, "barrio_imp": "PALERMO", "nomoficial": "HUMBOLDT", "id_street": 5040.0, "nom_mapa": "HUMBOLDT", "tipo_ffcc": "Sin Iteracción", "id": 5040.0, "barrio_par": "PALERMO", "observa": null, "bicisenda": null, "red_jerarq": "VÍA LOCAL", "cuadra": "HUMBOLDT 2101-2200", "comuna": 14.0, "EMPRESA": "METROTEL", "com_impar": 14.0, "barrio": "PALERMO", "hasta": 2200.0, "desde": 2101.0, "longitud_m": 81.525603786886848 }, "geometry": { "type": "LineString", "coordinates": [ [ -58.431653979839602, -34.581615185761898 ], [ -58.431042752987501, -34.581081776409697 ] ] } },
{ "type": "Feature", "properties": { "sentido": "CRECIENTE", "alt_izqfin": 2400.0, "com_par": 12.0, "long": "130.090.686.557.675.000", "nomanter": "TIMBO", "tipo_c": "CALLE", "alt_derfin": 2399.0, "alt_derini": 2301.0, "alt_izqini": 2302.0, "codigo": 12129.0, "barrio_imp": "VILLA PUEYRREDON", "nomoficial": "LOPEZ, CARLOS ANTONIO", "id_street": 5113.0, "nom_mapa": "CARLOS ANTONIO LOPEZ", "tipo_ffcc": "Sin Iteracción", "id": 5113.0, "barrio_par": "VILLA PUEYRREDON", "observa": null, "bicisenda": null, "red_jerarq": "VÍA LOCAL", "cuadra": "LOPEZ, CARLOS ANTONIO 2301-2400", "comuna": 12.0, "EMPRESA": "METROTEL", "com_impar": 12.0, "barrio": "VILLA PUEYRREDON", "hasta": 2400.0, "desde": 2301.0, "longitud_m": 130.08612123266926 }, "geometry": { "type": "LineString", "coordinates": [ [ -58.496184642949999, -34.581200766131097 ], [ -58.497320003904498, -34.581903144023997 ] ] } },
{ "type": "Feature", "properties": { "sentido": "DECRECIENTE", "alt_izqfin": 3100.0, "com_par": 14.0, "long": "142.919.969.471.863.000", "nomanter": "CANNING", "tipo_c": "CALLE", "alt_derfin": 3099.0, "alt_derini": 3001.0, "alt_izqini": 3002.0, "codigo": 20133.0, "barrio_imp": "PALERMO", "nomoficial": "SCALABRINI ORTIZ, RAUL", "id_street": 5124.0, "nom_mapa": "RAUL SCALABRINI ORTIZ", "tipo_ffcc": "Sin Iteracción", "id": 5124.0, "barrio_par": "PALERMO", "observa": null, "bicisenda": null, "red_jerarq": "VÍA DISTRIBUIDORA COMPLEMENTARIA", "cuadra": "SCALABRINI ORTIZ, RAUL 3001-3100", "comuna": 14.0, "EMPRESA": "METROTEL", "com_impar": 14.0, "barrio": "PALERMO", "hasta": 3100.0, "desde": 3001.0, "longitud_m": 142.91614640532879 }, "geometry": { "type": "LineString", "coordinates": [ [ -58.411098759936401, -34.581977779861099 ], [ -58.410400097825203, -34.580826331024298 ] ] } },
{ "type": "Feature", "properties": { "sentido": "DECRECIENTE", "alt_izqfin": 3600.0, "com_par": 15.0, "long": "147.442.952.972.961.000", "nomanter": "OMBUES", "tipo_c": "CALLE", "alt_derfin": 3599.0, "alt_derini": 3501.0, "alt_izqini": 3502.0, "codigo": 16022.0, "barrio_imp": "CHACARITA", "nomoficial": "OLLEROS", "id_street": 5137.0, "nom_mapa": "OLLEROS", "tipo_ffcc": "Sin Iteracción", "id": 5137.0, "barrio_par": "CHACARITA", "observa": "corrección numeración 10-1", "bicisenda": null, "red_jerarq": "VÍA LOCAL", "cuadra": "OLLEROS 3501-3600", "comuna": 15.0, "EMPRESA": "METROTEL", "com_impar": 15.0, "barrio": "CHACARITA", "hasta": 3600.0, "desde": 3501.0, "longitud_m": 147.43848583661372 }, "geometry": { "type": "LineString", "coordinates": [ [ -58.450000065512803, -34.580879747213103 ], [ -58.4507065053483, -34.5820735063201 ] ] } },
{ "type": "Feature", "properties": { "sentido": "CRECIENTE", "alt_izqfin": 3600.0, "com_par": 15.0, "long": "146.702.348.647.623.000", "nomanter": null, "tipo_c": "CALLE", "alt_derfin": 3599.0, "alt_derini": 3501.0, "alt_izqini": 3502.0, "codigo": 13054.0, "barrio_imp": "CHACARITA", "nomoficial": "MAURE", "id_street": 5194.0, "nom_mapa": "MAURE", "tipo_ffcc": "Sin Iteracción", "id": 5194.0, "barrio_par": "CHACARITA", "observa": null, "bicisenda": null, "red_jerarq": "VÍA LOCAL", "cuadra": "MAURE 3501-3600", "comuna": 15.0, "EMPRESA": "METROTEL", "com_impar": 15.0, "barrio": "CHACARITA", "hasta": 3600.0, "desde": 3501.0, "longitud_m": 146.69861007727175 }, "geometry": { "type": "LineString", "coordinates": [ [ -58.449193092471504, -34.581188253919898 ], [ -58.449811392361497, -34.582407783050101 ] ] } },
{ "type": "Feature", "properties": { "sentido": "CRECIENTE", "alt_izqfin": 2100.0, "com_par": 14.0, "long": "120.753.231.148.913.000", "nomanter": null, "tipo_c": "CALLE", "alt_derfin": 2099.0, "alt_derini": 2001.0, "alt_izqini": 2002.0, "codigo": 8036.0, "barrio_imp": "PALERMO", "nomoficial": "HUMBOLDT", "id_street": 5198.0, "nom_mapa": "HUMBOLDT", "tipo_ffcc": "Sin Iteracción", "id": 5198.0, "barrio_par": "PALERMO", "observa": null, "bicisenda": null, "red_jerarq": "VÍA LOCAL", "cuadra": "HUMBOLDT 2001-2100", "comuna": 14.0, "EMPRESA": "METROTEL", "com_impar": 14.0, "barrio": "PALERMO", "hasta": 2100.0, "desde": 2001.0, "longitud_m": 120.74938788857776 }, "geometry": { "type": "LineString", "coordinates": [ [ -58.432559301085497, -34.582405220458497 ], [ -58.431653979839602, -34.581615185761898 ] ] } },
{ "type": "Feature", "properties": { "sentido": "CRECIENTE", "alt_izqfin": 6100.0, "com_par": 14.0, "long": "136.222.084.670.682.000", "nomanter": "CABRERA", "tipo_c": "CALLE", "alt_derfin": 6099.0, "alt_derini": 6001.0, "alt_izqini": 6002.0, "codigo": 3009.0, "barrio_imp": "PALERMO", "nomoficial": "CABRERA, JOSE A.", "id_street": 5234.0, "nom_mapa": "JOSE A. CABRERA", "tipo_ffcc": "Sin Iteracción", "id": 5234.0, "barrio_par": "PALERMO", "observa": null, "bicisenda": null, "red_jerarq": "VÍA LOCAL", "cuadra": "CABRERA, JOSE A. 6001-6100", "comuna": 14.0, "EMPRESA": "METROTEL", "com_impar": 14.0, "barrio": "PALERMO", "hasta": 6100.0, "desde": 6001.0, "longitud_m": 136.21753629848757 }, "geometry": { "type": "LineString", "coordinates": [ [ -58.442325068558397, -34.582614335534998 ], [ -58.443433024909197, -34.581796970609197 ] ] } },
{ "type": "Feature", "properties": { "sentido": "DECRECIENTE", "alt_izqfin": 3000.0, "com_par": 14.0, "long": "119.841.563.080.816.000", "nomanter": "CANNING", "tipo_c": "CALLE", "alt_derfin": 2999.0, "alt_derini": 2901.0, "alt_izqini": 2902.0, "codigo": 20133.0, "barrio_imp": "PALERMO", "nomoficial": "SCALABRINI ORTIZ, RAUL", "id_street": 5241.0, "nom_mapa": "RAUL SCALABRINI ORTIZ", "tipo_ffcc": "Sin Iteracción", "id": 5241.0, "barrio_par": "PALERMO", "observa": null, "bicisenda": null, "red_jerarq": "VÍA DISTRIBUIDORA PRINCIPAL", "cuadra": "SCALABRINI ORTIZ, RAUL 2901-3000", "comuna": 14.0, "EMPRESA": "METROTEL", "com_impar": 14.0, "barrio": "PALERMO", "hasta": 3000.0, "desde": 2901.0, "longitud_m": 119.83744147222497 }, "geometry": { "type": "LineString", "coordinates": [ [ -58.412107663432799, -34.582663853569102 ], [ -58.411098759936401, -34.581977779861099 ] ] } },
{ "type": "Feature", "properties": { "sentido": "DECRECIENTE", "alt_izqfin": 2000.0, "com_par": 14.0, "long": "154.528.242.661.477.000", "nomanter": null, "tipo_c": "CALLE", "alt_derfin": 1999.0, "alt_derini": 1901.0, "alt_izqini": 1902.0, "codigo": 6032.0, "barrio_imp": "PALERMO", "nomoficial": "FITZ ROY", "id_street": 5245.0, "nom_mapa": "FITZ ROY", "tipo_ffcc": "Sin Iteracción", "id": 5245.0, "barrio_par": "PALERMO", "observa": null, "bicisenda": null, "red_jerarq": "VÍA LOCAL", "cuadra": "FITZ ROY 1901-2000", "comuna": 14.0, "EMPRESA": "METROTEL", "com_impar": 14.0, "barrio": "PALERMO", "hasta": 2000.0, "desde": 1901.0, "longitud_m": 154.52332936076462 }, "geometry": { "type": "LineString", "coordinates": [ [ -58.434640869669799, -34.582693197068302 ], [ -58.4334835720353, -34.581681211031601 ] ] } },
{ "type": "Feature", "properties": { "sentido": "CRECIENTE", "alt_izqfin": 2400.0, "com_par": 14.0, "long": "139.774.816.277.896.000", "nomanter": null, "tipo_c": "CALLE", "alt_derfin": 2399.0, "alt_derini": 2301.0, "alt_izqini": 2302.0, "codigo": 7054.0, "barrio_imp": "PALERMO", "nomoficial": "GODOY CRUZ", "id_street": 5268.0, "nom_mapa": "GODOY CRUZ", "tipo_ffcc": "Sin Iteracción", "id": 5268.0, "barrio_par": "PALERMO", "observa": null, "bicisenda": null, "red_jerarq": "VÍA DISTRIBUIDORA COMPLEMENTARIA", "cuadra": "GODOY CRUZ 2301-2400", "comuna": 14.0, "EMPRESA": "METROTEL", "com_impar": 14.0, "barrio": "PALERMO", "hasta": 2400.0, "desde": 2301.0, "longitud_m": 139.77071323030961 }, "geometry": { "type": "LineString", "coordinates": [ [ -58.428891269329299, -34.582807488306599 ], [ -58.427997655757203, -34.581787073483497 ] ] } },
{ "type": "Feature", "properties": { "sentido": "CRECIENTE", "alt_izqfin": 2300.0, "com_par": 14.0, "long": "39.277.176.504.488.400", "nomanter": null, "tipo_c": "CALLE", "alt_derfin": 2299.0, "alt_derini": 2251.0, "alt_izqini": 2252.0, "codigo": 7054.0, "barrio_imp": "PALERMO", "nomoficial": "GODOY CRUZ", "id_street": 5324.0, "nom_mapa": "GODOY CRUZ", "tipo_ffcc": "Sin Iteracción", "id": 5324.0, "barrio_par": "PALERMO", "observa": null, "bicisenda": null, "red_jerarq": "VÍA DISTRIBUIDORA COMPLEMENTARIA", "cuadra": "GODOY CRUZ 2251-2300", "comuna": 14.0, "EMPRESA": "METROTEL", "com_impar": 14.0, "barrio": "PALERMO", "hasta": 2300.0, "desde": 2251.0, "longitud_m": 39.276023769440052 }, "geometry": { "type": "LineString", "coordinates": [ [ -58.429142336087402, -34.583094254217698 ], [ -58.428891269329299, -34.582807488306599 ] ] } },
{ "type": "Feature", "properties": { "sentido": "DECRECIENTE", "alt_izqfin": 1900.0, "com_par": 14.0, "long": "102.359.341.603.520.000", "nomanter": null, "tipo_c": "CALLE", "alt_derfin": 1899.0, "alt_derini": 1801.0, "alt_izqini": 1802.0, "codigo": 6032.0, "barrio_imp": "PALERMO", "nomoficial": "FITZ ROY", "id_street": 5388.0, "nom_mapa": "FITZ ROY", "tipo_ffcc": "Sin Iteracción", "id": 5388.0, "barrio_par": "PALERMO", "observa": null, "bicisenda": null, "red_jerarq": "VÍA LOCAL", "cuadra": "FITZ ROY 1801-1900", "comuna": 14.0, "EMPRESA": "METROTEL", "com_impar": 14.0, "barrio": "PALERMO", "hasta": 1900.0, "desde": 1801.0, "longitud_m": 102.35608756156751 }, "geometry": { "type": "LineString", "coordinates": [ [ -58.435407479887601, -34.583363527787597 ], [ -58.434640869669799, -34.582693197068302 ] ] } },
{ "type": "Feature", "properties": { "sentido": "CRECIENTE", "alt_izqfin": 6000.0, "com_par": 14.0, "long": "129.881.408.333.836.000", "nomanter": "CABRERA", "tipo_c": "CALLE", "alt_derfin": 5999.0, "alt_derini": 5901.0, "alt_izqini": 5902.0, "codigo": 3009.0, "barrio_imp": "PALERMO", "nomoficial": "CABRERA, JOSE A.", "id_street": 5391.0, "nom_mapa": "JOSE A. CABRERA", "tipo_ffcc": "Sin Iteracción", "id": 5391.0, "barrio_par": "PALERMO", "observa": null, "bicisenda": null, "red_jerarq": "VÍA LOCAL", "cuadra": "CABRERA, JOSE A. 5901-6000", "comuna": 14.0, "EMPRESA": "METROTEL", "com_impar": 14.0, "barrio": "PALERMO", "hasta": 6000.0, "desde": 5901.0, "longitud_m": 129.87707086701394 }, "geometry": { "type": "LineString", "coordinates": [ [ -58.441268614976998, -34.5833936003093 ], [ -58.442325068558397, -34.582614335534998 ] ] } },
{ "type": "Feature", "properties": { "sentido": "CRECIENTE", "alt_izqfin": 2250.0, "com_par": 14.0, "long": "41.278.905.735.629.700", "nomanter": null, "tipo_c": "CALLE", "alt_derfin": 2249.0, "alt_derini": 2201.0, "alt_izqini": 2202.0, "codigo": 7054.0, "barrio_imp": "PALERMO", "nomoficial": "GODOY CRUZ", "id_street": 5394.0, "nom_mapa": "GODOY CRUZ", "tipo_ffcc": "Sin Iteracción", "id": 5394.0, "barrio_par": "PALERMO", "observa": null, "bicisenda": null, "red_jerarq": "VÍA DISTRIBUIDORA COMPLEMENTARIA", "cuadra": "GODOY CRUZ 2201-2250", "comuna": 14.0, "EMPRESA": "METROTEL", "com_impar": 14.0, "barrio": "PALERMO", "hasta": 2250.0, "desde": 2201.0, "longitud_m": 41.277694205971471 }, "geometry": { "type": "LineString", "coordinates": [ [ -58.429406255957502, -34.583395600899998 ], [ -58.429142336087402, -34.583094254217698 ] ] } },
{ "type": "Feature", "properties": { "sentido": "DECRECIENTE", "alt_izqfin": 2900.0, "com_par": 14.0, "long": "148.283.428.461.110.000", "nomanter": "CANNING", "tipo_c": "CALLE", "alt_derfin": 2899.0, "alt_derini": 2801.0, "alt_izqini": 2802.0, "codigo": 20133.0, "barrio_imp": "PALERMO", "nomoficial": "SCALABRINI ORTIZ, RAUL", "id_street": 5428.0, "nom_mapa": "RAUL SCALABRINI ORTIZ", "tipo_ffcc": "Sin Iteracción", "id": 5428.0, "barrio_par": "PALERMO", "observa": null, "bicisenda": null, "red_jerarq": "VÍA DISTRIBUIDORA PRINCIPAL", "cuadra": "SCALABRINI ORTIZ, RAUL 2801-2900", "comuna": 14.0, "EMPRESA": "METROTEL", "com_impar": 14.0, "barrio": "PALERMO", "hasta": 2900.0, "desde": 2801.0, "longitud_m": 148.27826632333219 }, "geometry": { "type": "LineString", "coordinates": [ [ -58.413379181043801, -34.583488902326003 ], [ -58.412107663432799, -34.582663853569102 ] ] } },
{ "type": "Feature", "properties": { "sentido": "DECRECIENTE", "alt_izqfin": 2800.0, "com_par": 14.0, "long": "104.878.358.255.016.000", "nomanter": "CANNING", "tipo_c": "CALLE", "alt_derfin": 2799.0, "alt_derini": 2701.0, "alt_izqini": 2702.0, "codigo": 20133.0, "barrio_imp": "PALERMO", "nomoficial": "SCALABRINI ORTIZ, RAUL", "id_street": 5546.0, "nom_mapa": "RAUL SCALABRINI ORTIZ", "tipo_ffcc": "Sin Iteracción", "id": 5546.0, "barrio_par": "PALERMO", "observa": null, "bicisenda": null, "red_jerarq": "VÍA DISTRIBUIDORA PRINCIPAL", "cuadra": "SCALABRINI ORTIZ, RAUL 2701-2800", "comuna": 14.0, "EMPRESA": "METROTEL", "com_impar": 14.0, "barrio": "PALERMO", "hasta": 2800.0, "desde": 2701.0, "longitud_m": 104.87470830899326 }, "geometry": { "type": "LineString", "coordinates": [ [ -58.414278510428304, -34.584072446429602 ], [ -58.413379181043801, -34.583488902326003 ] ] } },
{ "type": "Feature", "properties": { "sentido": "DECRECIENTE", "alt_izqfin": 1800.0, "com_par": 14.0, "long": "120.590.846.082.902.000", "nomanter": null, "tipo_c": "CALLE", "alt_derfin": 1799.0, "alt_derini": 1701.0, "alt_izqini": 1702.0, "codigo": 6032.0, "barrio_imp": "PALERMO", "nomoficial": "FITZ ROY", "id_street": 5560.0, "nom_mapa": "FITZ ROY", "tipo_ffcc": "Sin Iteracción", "id": 5560.0, "barrio_par": "PALERMO", "observa": null, "bicisenda": null, "red_jerarq": "VÍA LOCAL", "cuadra": "FITZ ROY 1701-1800", "comuna": 14.0, "EMPRESA": "METROTEL", "com_impar": 14.0, "barrio": "PALERMO", "hasta": 1800.0, "desde": 1701.0, "longitud_m": 120.58701298268329 }, "geometry": { "type": "LineString", "coordinates": [ [ -58.436310641848102, -34.584153252255902 ], [ -58.435407479887601, -34.583363527787597 ] ] } },
{ "type": "Feature", "properties": { "sentido": "CRECIENTE", "alt_izqfin": 5900.0, "com_par": 14.0, "long": "129.267.007.476.488.000", "nomanter": "CABRERA", "tipo_c": "CALLE", "alt_derfin": 5899.0, "alt_derini": 5801.0, "alt_izqini": 5802.0, "codigo": 3009.0, "barrio_imp": "PALERMO", "nomoficial": "CABRERA, JOSE A.", "id_street": 5565.0, "nom_mapa": "JOSE A. CABRERA", "tipo_ffcc": "Sin Iteracción", "id": 5565.0, "barrio_par": "PALERMO", "observa": null, "bicisenda": null, "red_jerarq": "VÍA LOCAL", "cuadra": "CABRERA, JOSE A. 5801-5900", "comuna": 14.0, "EMPRESA": "METROTEL", "com_impar": 14.0, "barrio": "PALERMO", "hasta": 5900.0, "desde": 5801.0, "longitud_m": 129.26268990090162 }, "geometry": { "type": "LineString", "coordinates": [ [ -58.440217166451198, -34.584169194743197 ], [ -58.441268614976998, -34.5833936003093 ] ] } },
{ "type": "Feature", "properties": { "sentido": "CRECIENTE", "alt_izqfin": 2200.0, "com_par": 14.0, "long": "120.265.735.938.189.000", "nomanter": null, "tipo_c": "CALLE", "alt_derfin": 2199.0, "alt_derini": 2101.0, "alt_izqini": 2102.0, "codigo": 7054.0, "barrio_imp": "PALERMO", "nomoficial": "GODOY CRUZ", "id_street": 5586.0, "nom_mapa": "GODOY CRUZ", "tipo_ffcc": "Sin Iteracción", "id": 5586.0, "barrio_par": "PALERMO", "observa": null, "bicisenda": null, "red_jerarq": "VÍA DISTRIBUIDORA COMPLEMENTARIA", "cuadra": "GODOY CRUZ 2101-2200", "comuna": 14.0, "EMPRESA": "METROTEL", "com_impar": 14.0, "barrio": "PALERMO", "hasta": 2200.0, "desde": 2101.0, "longitud_m": 120.26220423987155 }, "geometry": { "type": "LineString", "coordinates": [ [ -58.430175302671501, -34.584273504040901 ], [ -58.429406255957502, -34.583395600899998 ] ] } },
{ "type": "Feature", "properties": { "sentido": "CRECIENTE", "alt_izqfin": 1500.0, "com_par": 14.0, "long": "168.236.664.406.009.000", "nomanter": "ARGUIBEL, ANDRES", "tipo_c": "CALLE", "alt_derfin": 1499.0, "alt_derini": 1401.0, "alt_izqini": 1402.0, "codigo": 19015.0, "barrio_imp": "PALERMO", "nomoficial": "RAVIGNANI, EMILIO, DR.", "id_street": 5627.0, "nom_mapa": "DR.EMILIO RAVIGNANI", "tipo_ffcc": "Sin Iteracción", "id": 5627.0, "barrio_par": "PALERMO", "observa": null, "bicisenda": null, "red_jerarq": "VÍA LOCAL", "cuadra": "RAVIGNANI, EMILIO, DR. 1401-1500", "comuna": 14.0, "EMPRESA": "METROTEL", "com_impar": 14.0, "barrio": "PALERMO", "hasta": 1500.0, "desde": 1401.0, "longitud_m": 168.22467618800269 }, "geometry": { "type": "LineString", "coordinates": [ [ -58.442523673098201, -34.584499122191502 ], [ -58.441268614976998, -34.5833936003093 ] ] } },
{ "type": "Feature", "properties": { "sentido": "DECRECIENTE", "alt_izqfin": 2700.0, "com_par": 14.0, "long": "83.982.987.628.823.400", "nomanter": "CANNING", "tipo_c": "CALLE", "alt_derfin": 2699.0, "alt_derini": 2601.0, "alt_izqini": 2602.0, "codigo": 20133.0, "barrio_imp": "PALERMO", "nomoficial": "SCALABRINI ORTIZ, RAUL", "id_street": 5636.0, "nom_mapa": "RAUL SCALABRINI ORTIZ", "tipo_ffcc": "Sin Iteracción", "id": 5636.0, "barrio_par": "PALERMO", "observa": null, "bicisenda": null, "red_jerarq": "VÍA DISTRIBUIDORA PRINCIPAL", "cuadra": "SCALABRINI ORTIZ, RAUL 2601-2700", "comuna": 14.0, "EMPRESA": "METROTEL", "com_impar": 14.0, "barrio": "PALERMO", "hasta": 2700.0, "desde": 2601.0, "longitud_m": 83.980065510694757 }, "geometry": { "type": "LineString", "coordinates": [ [ -58.414998680958497, -34.584539713811999 ], [ -58.414278510428304, -34.584072446429602 ] ] } },
{ "type": "Feature", "properties": { "sentido": "DECRECIENTE", "alt_izqfin": 3100.0, "com_par": 2.0, "long": "150.065.963.860.886.000", "nomanter": "VIRREY MELO-MELO", "tipo_c": "CALLE", "alt_derfin": 3099.0, "alt_derini": 3001.0, "alt_izqini": 3002.0, "codigo": 17002.0, "barrio_imp": "RECOLETA", "nomoficial": "PACHECO DE MELO, JOSE ANDRES", "id_street": 5646.0, "nom_mapa": "JOSE ANDRES PACHECO DE MELO", "tipo_ffcc": "Sin Iteracción", "id": 5646.0, "barrio_par": "RECOLETA", "observa": null, "bicisenda": null, "red_jerarq": "VÍA LOCAL", "cuadra": "PACHECO DE MELO, JOSE ANDRES 3001-3100", "comuna": 2.0, "EMPRESA": "METROTEL", "com_impar": 2.0, "barrio": "RECOLETA", "hasta": 3100.0, "desde": 3001.0, "longitud_m": 150.06059592436691 }, "geometry": { "type": "LineString", "coordinates": [ [ -58.4050678980703, -34.584591859424499 ], [ -58.4064010984521, -34.583808248804203 ] ] } },
{ "type": "Feature", "properties": { "sentido": "DECRECIENTE", "alt_izqfin": 3600.0, "com_par": 15.0, "long": "120.638.423.436.386.000", "nomanter": "ESTADOS", "tipo_c": "CALLE", "alt_derfin": 3599.0, "alt_derini": 3501.0, "alt_izqini": 3502.0, "codigo": 1103.0, "barrio_imp": "CHACARITA", "nomoficial": "ARENAL, CONCEPCION", "id_street": 5695.0, "nom_mapa": "CONCEPCION ARENAL", "tipo_ffcc": "Sin Iteracción", "id": 5695.0, "barrio_par": "CHACARITA", "observa": null, "bicisenda": null, "red_jerarq": "VÍA LOCAL", "cuadra": "ARENAL, CONCEPCION 3501-3600", "comuna": 15.0, "EMPRESA": "METROTEL", "com_impar": 15.0, "barrio": "CHACARITA", "hasta": 3600.0, "desde": 3501.0, "longitud_m": 120.63532161363352 }, "geometry": { "type": "LineString", "coordinates": [ [ -58.446428569946299, -34.583807740077297 ], [ -58.446955782682402, -34.584803956634502 ] ] } },
{ "type": "Feature", "properties": { "sentido": "DECRECIENTE", "alt_izqfin": 5200.0, "com_par": 14.0, "long": "98.250.486.089.264.300", "nomanter": null, "tipo_c": "CALLE", "alt_derfin": 5199.0, "alt_derini": 5101.0, "alt_izqini": 5102.0, "codigo": 14021.0, "barrio_imp": "PALERMO", "nomoficial": "NICARAGUA", "id_street": 5713.0, "nom_mapa": "NICARAGUA", "tipo_ffcc": "Sin Iteracción", "id": 5713.0, "barrio_par": "PALERMO", "observa": null, "bicisenda": null, "red_jerarq": "VÍA LOCAL", "cuadra": "NICARAGUA 5101-5200", "comuna": 14.0, "EMPRESA": "METROTEL", "com_impar": 14.0, "barrio": "PALERMO", "hasta": 5200.0, "desde": 5101.0, "longitud_m": 98.247255521427363 }, "geometry": { "type": "LineString", "coordinates": [ [ -58.429398073913802, -34.584882738226902 ], [ -58.430175302671501, -34.584273504040901 ] ] } },
{ "type": "Feature", "properties": { "sentido": "DECRECIENTE", "alt_izqfin": 1700.0, "com_par": 14.0, "long": "117.424.052.909.441.000", "nomanter": null, "tipo_c": "CALLE", "alt_derfin": 1699.0, "alt_derini": 1601.0, "alt_izqini": 1602.0, "codigo": 6032.0, "barrio_imp": "PALERMO", "nomoficial": "FITZ ROY", "id_street": 5720.0, "nom_mapa": "FITZ ROY", "tipo_ffcc": "Sin Iteracción", "id": 5720.0, "barrio_par": "PALERMO", "observa": null, "bicisenda": null, "red_jerarq": "VÍA LOCAL", "cuadra": "FITZ ROY 1601-1700", "comuna": 14.0, "EMPRESA": "METROTEL", "com_impar": 14.0, "barrio": "PALERMO", "hasta": 1700.0, "desde": 1601.0, "longitud_m": 117.42032087031453 }, "geometry": { "type": "LineString", "coordinates": [ [ -58.437190155881297, -34.584922189863498 ], [ -58.436310641848102, -34.584153252255902 ] ] } },
{ "type": "Feature", "properties": { "sentido": "CRECIENTE", "alt_izqfin": 5800.0, "com_par": 14.0, "long": "128.876.219.523.491.000", "nomanter": "CABRERA", "tipo_c": "CALLE", "alt_derfin": 5799.0, "alt_derini": 5701.0, "alt_izqini": 5702.0, "codigo": 3009.0, "barrio_imp": "PALERMO", "nomoficial": "CABRERA, JOSE A.", "id_street": 5726.0, "nom_mapa": "JOSE A. CABRERA", "tipo_ffcc": "Sin Iteracción", "id": 5726.0, "barrio_par": "PALERMO", "observa": null, "bicisenda": null, "red_jerarq": "VÍA LOCAL", "cuadra": "CABRERA, JOSE A. 5701-5800", "comuna": 14.0, "EMPRESA": "METROTEL", "com_impar": 14.0, "barrio": "PALERMO", "hasta": 5800.0, "desde": 5701.0, "longitud_m": 128.87188489394774 }, "geometry": { "type": "LineString", "coordinates": [ [ -58.439170041371902, -34.584943513241797 ], [ -58.440217166451198, -34.584169194743197 ] ] } },
{ "type": "Feature", "properties": { "sentido": "DECRECIENTE", "alt_izqfin": 2600.0, "com_par": 14.0, "long": "110.846.557.072.133.000", "nomanter": "CANNING", "tipo_c": "CALLE", "alt_derfin": 2599.0, "alt_derini": 2501.0, "alt_izqini": 2502.0, "codigo": 20133.0, "barrio_imp": "PALERMO", "nomoficial": "SCALABRINI ORTIZ, RAUL", "id_street": 5773.0, "nom_mapa": "RAUL SCALABRINI ORTIZ", "tipo_ffcc": "Sin Iteracción", "id": 5773.0, "barrio_par": "PALERMO", "observa": null, "bicisenda": null, "red_jerarq": "VÍA DISTRIBUIDORA PRINCIPAL", "cuadra": "SCALABRINI ORTIZ, RAUL 2501-2600", "comuna": 14.0, "EMPRESA": "METROTEL", "com_impar": 14.0, "barrio": "PALERMO", "hasta": 2600.0, "desde": 2501.0, "longitud_m": 110.8387370218079 }, "geometry": { "type": "LineString", "coordinates": [ [ -58.415953619465903, -34.585151718689602 ], [ -58.414998680958497, -34.584539713811999 ] ] } },
{ "type": "Feature", "properties": { "sentido": "DECRECIENTE", "alt_izqfin": 1500.0, "com_par": 14.0, "long": "164.677.531.152.466.000", "nomanter": "CARRANZA", "tipo_c": "CALLE", "alt_derfin": 1499.0, "alt_derini": 1401.0, "alt_izqini": 1402.0, "codigo": 3074.0, "barrio_imp": "PALERMO", "nomoficial": "CARRANZA, ANGEL JUSTINIANO", "id_street": 5788.0, "nom_mapa": "ANGEL JUSTINIANO CARRANZA", "tipo_ffcc": "Sin Iteracción", "id": 5788.0, "barrio_par": "PALERMO", "observa": null, "bicisenda": null, "red_jerarq": "VÍA LOCAL", "cuadra": "CARRANZA, ANGEL JUSTINIANO 1401-1500", "comuna": 14.0, "EMPRESA": "METROTEL", "com_impar": 14.0, "barrio": "PALERMO", "hasta": 1500.0, "desde": 1401.0, "longitud_m": 164.67229884284555 }, "geometry": { "type": "LineString", "coordinates": [ [ -58.441451367891702, -34.585246976587001 ], [ -58.440217166451198, -34.584169194743197 ] ] } },
{ "type": "Feature", "properties": { "sentido": "DECRECIENTE", "alt_izqfin": 2000.0, "com_par": 14.0, "long": "118.837.265.676.081.000", "nomanter": null, "tipo_c": "CALLE", "alt_derfin": 1999.0, "alt_derini": 1901.0, "alt_izqini": 1902.0, "codigo": 22010.0, "barrio_imp": "PALERMO", "nomoficial": "URIARTE", "id_street": 5808.0, "nom_mapa": "URIARTE", "tipo_ffcc": "Sin Iteracción", "id": 5808.0, "barrio_par": "PALERMO", "observa": null, "bicisenda": null, "red_jerarq": "VÍA LOCAL", "cuadra": "URIARTE 1901-2000", "comuna": 14.0, "EMPRESA": "METROTEL", "com_impar": 14.0, "barrio": "PALERMO", "hasta": 2000.0, "desde": 1901.0, "longitud_m": 118.83321383390486 }, "geometry": { "type": "LineString", "coordinates": [ [ -58.428847576134203, -34.585314281954503 ], [ -58.427853489479098, -34.584627576502001 ] ] } },
{ "type": "Feature", "properties": { "sentido": "DECRECIENTE", "alt_izqfin": 5100.0, "com_par": 14.0, "long": "69.591.471.887.535.300", "nomanter": null, "tipo_c": "CALLE", "alt_derfin": 5099.0, "alt_derini": 5001.0, "alt_izqini": 5002.0, "codigo": 14021.0, "barrio_imp": "PALERMO", "nomoficial": "NICARAGUA", "id_street": 5809.0, "nom_mapa": "NICARAGUA", "tipo_ffcc": "Sin Iteracción", "id": 5809.0, "barrio_par": "PALERMO", "observa": null, "bicisenda": null, "red_jerarq": "VÍA LOCAL", "cuadra": "NICARAGUA 5001-5100", "comuna": 14.0, "EMPRESA": "METROTEL", "com_impar": 14.0, "barrio": "PALERMO", "hasta": 5100.0, "desde": 5001.0, "longitud_m": 69.5891833726632 }, "geometry": { "type": "LineString", "coordinates": [ [ -58.428847576134203, -34.585314281954503 ], [ -58.429398073913802, -34.584882738226902 ] ] } },
{ "type": "Feature", "properties": { "sentido": "CRECIENTE", "alt_izqfin": 2050.0, "com_par": 14.0, "long": "81.656.299.252.766.200", "nomanter": null, "tipo_c": "CALLE", "alt_derfin": 2049.0, "alt_derini": 2001.0, "alt_izqini": 2002.0, "codigo": 7054.0, "barrio_imp": "PALERMO", "nomoficial": "GODOY CRUZ", "id_street": 5830.0, "nom_mapa": "GODOY CRUZ", "tipo_ffcc": "Sin Iteracción", "id": 5830.0, "barrio_par": "PALERMO", "observa": null, "bicisenda": null, "red_jerarq": "VÍA DISTRIBUIDORA COMPLEMENTARIA", "cuadra": "GODOY CRUZ 2001-2050", "comuna": 14.0, "EMPRESA": "METROTEL", "com_impar": 14.0, "barrio": "PALERMO", "hasta": 2050.0, "desde": 2001.0, "longitud_m": 81.653902505881078 }, "geometry": { "type": "LineString", "coordinates": [ [ -58.431162763791399, -34.585399422113397 ], [ -58.430640202276301, -34.584803594388902 ] ] } },
{ "type": "Feature", "properties": { "sentido": "DECRECIENTE", "alt_izqfin": 3000.0, "com_par": 2.0, "long": "170.972.200.156.146.000", "nomanter": "VIRREY MELO-MELO", "tipo_c": "CALLE", "alt_derfin": 2999.0, "alt_derini": 2901.0, "alt_izqini": 2902.0, "codigo": 17002.0, "barrio_imp": "RECOLETA", "nomoficial": "PACHECO DE MELO, JOSE ANDRES", "id_street": 5843.0, "nom_mapa": "JOSE ANDRES PACHECO DE MELO", "tipo_ffcc": "Sin Iteracción", "id": 5843.0, "barrio_par": "RECOLETA", "observa": null, "bicisenda": null, "red_jerarq": "VÍA LOCAL", "cuadra": "PACHECO DE MELO, JOSE ANDRES 2901-3000", "comuna": 2.0, "EMPRESA": "METROTEL", "com_impar": 2.0, "barrio": "RECOLETA", "hasta": 3000.0, "desde": 2901.0, "longitud_m": 170.96603809001027 }, "geometry": { "type": "LineString", "coordinates": [ [ -58.403551520421303, -34.585487621341997 ], [ -58.4050678980703, -34.584591859424499 ] ] } },
{ "type": "Feature", "properties": { "sentido": "DECRECIENTE", "alt_izqfin": 1600.0, "com_par": 14.0, "long": "122.939.444.661.961.000", "nomanter": null, "tipo_c": "CALLE", "alt_derfin": 1599.0, "alt_derini": 1501.0, "alt_izqini": 1502.0, "codigo": 6032.0, "barrio_imp": "PALERMO", "nomoficial": "FITZ ROY", "id_street": 5885.0, "nom_mapa": "FITZ ROY", "tipo_ffcc": "Sin Iteracción", "id": 5885.0, "barrio_par": "PALERMO", "observa": null, "bicisenda": null, "red_jerarq": "VÍA LOCAL", "cuadra": "FITZ ROY 1501-1600", "comuna": 14.0, "EMPRESA": "METROTEL", "com_impar": 14.0, "barrio": "PALERMO", "hasta": 1600.0, "desde": 1501.0, "longitud_m": 122.93553792471391 }, "geometry": { "type": "LineString", "coordinates": [ [ -58.438110973006197, -34.585727256977201 ], [ -58.437190155881297, -34.584922189863498 ] ] } },
{ "type": "Feature", "properties": { "sentido": "CRECIENTE", "alt_izqfin": 5700.0, "com_par": 14.0, "long": "130.389.349.175.829.000", "nomanter": "CABRERA", "tipo_c": "CALLE", "alt_derfin": 5699.0, "alt_derini": 5601.0, "alt_izqini": 5602.0, "codigo": 3009.0, "barrio_imp": "PALERMO", "nomoficial": "CABRERA, JOSE A.", "id_street": 5886.0, "nom_mapa": "JOSE A. CABRERA", "tipo_ffcc": "Sin Iteracción", "id": 5886.0, "barrio_par": "PALERMO", "observa": null, "bicisenda": null, "red_jerarq": "VÍA LOCAL", "cuadra": "CABRERA, JOSE A. 5601-5700", "comuna": 14.0, "EMPRESA": "METROTEL", "com_impar": 14.0, "barrio": "PALERMO", "hasta": 5700.0, "desde": 5601.0, "longitud_m": 130.38499673177731 }, "geometry": { "type": "LineString", "coordinates": [ [ -58.438110973006197, -34.585727256977201 ], [ -58.439170041371902, -34.584943513241797 ] ] } },
{ "type": "Feature", "properties": { "sentido": "CRECIENTE", "alt_izqfin": 2950.0, "com_par": 12.0, "long": "74.647.506.104.896.800", "nomanter": "TIMBO", "tipo_c": "CALLE", "alt_derfin": 2949.0, "alt_derini": 2901.0, "alt_izqini": 2902.0, "codigo": 12129.0, "barrio_imp": "VILLA PUEYRREDON", "nomoficial": "LOPEZ, CARLOS ANTONIO", "id_street": 5916.0, "nom_mapa": "CARLOS ANTONIO LOPEZ", "tipo_ffcc": "Sin Iteracción", "id": 5916.0, "barrio_par": "VILLA PUEYRREDON", "observa": null, "bicisenda": null, "red_jerarq": "VÍA LOCAL", "cuadra": "LOPEZ, CARLOS ANTONIO 2901-2950", "comuna": 12.0, "EMPRESA": "METROTEL", "com_impar": 12.0, "barrio": "VILLA PUEYRREDON", "hasta": 2950.0, "desde": 2901.0, "longitud_m": 74.644660423999539 }, "geometry": { "type": "LineString", "coordinates": [ [ -58.502977847726797, -34.585407344569902 ], [ -58.503627310703699, -34.585812631885297 ] ] } },
{ "type": "Feature", "properties": { "sentido": "CRECIENTE", "alt_izqfin": 1500.0, "com_par": 14.0, "long": "160.969.792.868.159.000", "nomanter": null, "tipo_c": "CALLE", "alt_derfin": 1499.0, "alt_derini": 1401.0, "alt_izqini": 1402.0, "codigo": 2101.0, "barrio_imp": "PALERMO", "nomoficial": "BONPLAND", "id_street": 5940.0, "nom_mapa": "BONPLAND", "tipo_ffcc": "Sin Iteracción", "id": 5940.0, "barrio_par": "PALERMO", "observa": null, "bicisenda": null, "red_jerarq": "VÍA LOCAL", "cuadra": "BONPLAND 1401-1500", "comuna": 14.0, "EMPRESA": "METROTEL", "com_impar": 14.0, "barrio": "PALERMO", "hasta": 1500.0, "desde": 1401.0, "longitud_m": 160.95312200609774 }, "geometry": { "type": "LineString", "coordinates": [ [ -58.440379809982801, -34.585994258215102 ], [ -58.439170041371902, -34.584943513241797 ] ] } },
{ "type": "Feature", "properties": { "sentido": "DECRECIENTE", "alt_izqfin": 5000.0, "com_par": 14.0, "long": "107.274.748.657.359.000", "nomanter": null, "tipo_c": "CALLE", "alt_derfin": 4999.0, "alt_derini": 4901.0, "alt_izqini": 4902.0, "codigo": 14021.0, "barrio_imp": "PALERMO", "nomoficial": "NICARAGUA", "id_street": 5947.0, "nom_mapa": "NICARAGUA", "tipo_ffcc": "Sin Iteracción", "id": 5947.0, "barrio_par": "PALERMO", "observa": null, "bicisenda": null, "red_jerarq": "VÍA LOCAL", "cuadra": "NICARAGUA 4901-5000", "comuna": 14.0, "EMPRESA": "METROTEL", "com_impar": 14.0, "barrio": "PALERMO", "hasta": 5000.0, "desde": 4901.0, "longitud_m": 107.27122027491787 }, "geometry": { "type": "LineString", "coordinates": [ [ -58.427998948359999, -34.585979473855303 ], [ -58.428847576134203, -34.585314281954503 ] ] } },
{ "type": "Feature", "properties": { "sentido": "CRECIENTE", "alt_izqfin": 2000.0, "com_par": 14.0, "long": "105.381.570.445.235.000", "nomanter": null, "tipo_c": "CALLE", "alt_derfin": 1999.0, "alt_derini": 1901.0, "alt_izqini": 1902.0, "codigo": 7054.0, "barrio_imp": "PALERMO", "nomoficial": "GODOY CRUZ", "id_street": 5989.0, "nom_mapa": "GODOY CRUZ", "tipo_ffcc": "Sin Iteracción", "id": 5989.0, "barrio_par": "PALERMO", "observa": null, "bicisenda": null, "red_jerarq": "VÍA DISTRIBUIDORA COMPLEMENTARIA", "cuadra": "GODOY CRUZ 1901-2000", "comuna": 14.0, "EMPRESA": "METROTEL", "com_impar": 14.0, "barrio": "PALERMO", "hasta": 2000.0, "desde": 1901.0, "longitud_m": 105.3784776185675 }, "geometry": { "type": "LineString", "coordinates": [ [ -58.431837200935298, -34.5861683439554 ], [ -58.431162763791399, -34.585399422113397 ] ] } },
{ "type": "Feature", "properties": { "sentido": "CRECIENTE", "alt_izqfin": 3000.0, "com_par": 12.0, "long": "73.052.259.387.671.100", "nomanter": "TIMBO", "tipo_c": "CALLE", "alt_derfin": 2999.0, "alt_derini": 2951.0, "alt_izqini": 2952.0, "codigo": 12129.0, "barrio_imp": "VILLA PUEYRREDON", "nomoficial": "LOPEZ, CARLOS ANTONIO", "id_street": 6001.0, "nom_mapa": "CARLOS ANTONIO LOPEZ", "tipo_ffcc": "Sin Iteracción", "id": 6001.0, "barrio_par": "VILLA PUEYRREDON", "observa": null, "bicisenda": null, "red_jerarq": "VÍA LOCAL", "cuadra": "LOPEZ, CARLOS ANTONIO 2951-3000", "comuna": 12.0, "EMPRESA": "METROTEL", "com_impar": 12.0, "barrio": "VILLA PUEYRREDON", "hasta": 3000.0, "desde": 2951.0, "longitud_m": 73.049697231309764 }, "geometry": { "type": "LineString", "coordinates": [ [ -58.503627310703699, -34.585812631885297 ], [ -58.504262385558498, -34.586209821810002 ] ] } },
{ "type": "Feature", "properties": { "sentido": "CRECIENTE", "alt_izqfin": 5430.0, "com_par": 14.0, "long": "108.338.421.993.848.000", "nomanter": null, "tipo_c": "CALLE", "alt_derfin": 5429.0, "alt_derini": 5365.0, "alt_izqini": 5362.0, "codigo": 8020.0, "barrio_imp": "PALERMO", "nomoficial": "HONDURAS", "id_street": 6025.0, "nom_mapa": "HONDURAS", "tipo_ffcc": "Tren Elevado - Paso a Nivel Sin Vías", "id": 6025.0, "barrio_par": "PALERMO", "observa": "Habilitación de nuevo paso a nivel sin vías por Elevación del FFCC San Martín (Viaducto San Martín) en Mayo de 2019. Antes Paso a nivel", "bicisenda": null, "red_jerarq": "VÍA LOCAL", "cuadra": "HONDURAS 5365-5430", "comuna": 14.0, "EMPRESA": "METROTEL", "com_impar": 14.0, "barrio": "PALERMO", "hasta": 5430.0, "desde": 5365.0, "longitud_m": 108.33487403741671 }, "geometry": { "type": "LineString", "coordinates": [ [ -58.433513323092797, -34.586355880551302 ], [ -58.434365916451902, -34.5856802285547 ] ] } },
{ "type": "Feature", "properties": { "sentido": "CRECIENTE", "alt_izqfin": 3050.0, "com_par": 12.0, "long": "77.914.321.903.812.300", "nomanter": "TIMBO", "tipo_c": "CALLE", "alt_derfin": 3049.0, "alt_derini": 3001.0, "alt_izqini": 3002.0, "codigo": 12129.0, "barrio_imp": "VILLA PUEYRREDON", "nomoficial": "LOPEZ, CARLOS ANTONIO", "id_street": 6083.0, "nom_mapa": "CARLOS ANTONIO LOPEZ", "tipo_ffcc": "Sin Iteracción", "id": 6083.0, "barrio_par": "VILLA PUEYRREDON", "observa": null, "bicisenda": null, "red_jerarq": "VÍA LOCAL", "cuadra": "LOPEZ, CARLOS ANTONIO 3001-3050", "comuna": 12.0, "EMPRESA": "METROTEL", "com_impar": 12.0, "barrio": "VILLA PUEYRREDON", "hasta": 3050.0, "desde": 3001.0, "longitud_m": 77.911553719892296 }, "geometry": { "type": "LineString", "coordinates": [ [ -58.504262385558498, -34.586209821810002 ], [ -58.504940735811999, -34.586632346204397 ] ] } },
{ "type": "Feature", "properties": { "sentido": "DECRECIENTE", "alt_izqfin": 1500.0, "com_par": 14.0, "long": "157.055.951.626.887.000", "nomanter": null, "tipo_c": "CALLE", "alt_derfin": 1499.0, "alt_derini": 1401.0, "alt_izqini": 1402.0, "codigo": 6032.0, "barrio_imp": "PALERMO", "nomoficial": "FITZ ROY", "id_street": 6102.0, "nom_mapa": "FITZ ROY", "tipo_ffcc": "Sin Iteracción", "id": 6102.0, "barrio_par": "PALERMO", "observa": null, "bicisenda": null, "red_jerarq": "VÍA LOCAL", "cuadra": "FITZ ROY 1401-1500", "comuna": 14.0, "EMPRESA": "METROTEL", "com_impar": 14.0, "barrio": "PALERMO", "hasta": 1500.0, "desde": 1401.0, "longitud_m": 157.03301439737945 }, "geometry": { "type": "LineString", "coordinates": [ [ -58.4392797866902, -34.586761384246003 ], [ -58.438110973006197, -34.585727256977201 ] ] } },
{ "type": "Feature", "properties": { "sentido": "CRECIENTE", "alt_izqfin": 1900.0, "com_par": 14.0, "long": "122.862.800.300.825.000", "nomanter": null, "tipo_c": "CALLE", "alt_derfin": 1899.0, "alt_derini": 1801.0, "alt_izqini": 1802.0, "codigo": 7054.0, "barrio_imp": "PALERMO", "nomoficial": "GODOY CRUZ", "id_street": 6132.0, "nom_mapa": "GODOY CRUZ", "tipo_ffcc": "Sin Iteracción", "id": 6132.0, "barrio_par": "PALERMO", "observa": null, "bicisenda": null, "red_jerarq": "VÍA DISTRIBUIDORA COMPLEMENTARIA", "cuadra": "GODOY CRUZ 1801-1900", "comuna": 14.0, "EMPRESA": "METROTEL", "com_impar": 14.0, "barrio": "PALERMO", "hasta": 1900.0, "desde": 1801.0, "longitud_m": 122.85850671568187 }, "geometry": { "type": "LineString", "coordinates": [ [ -58.4329038086587, -34.5868379923294 ], [ -58.431837200935298, -34.5861683439554 ] ] } },
{ "type": "Feature", "properties": { "sentido": "DECRECIENTE", "alt_izqfin": 1800.0, "com_par": 14.0, "long": "122.314.263.727.322.000", "nomanter": null, "tipo_c": "CALLE", "alt_derfin": 1799.0, "alt_derini": 1701.0, "alt_izqini": 1702.0, "codigo": 1132.0, "barrio_imp": "PALERMO", "nomoficial": "ATACALCO", "id_street": 6147.0, "nom_mapa": "ATACALCO", "tipo_ffcc": "Sin Iteracción", "id": 6147.0, "barrio_par": "PALERMO", "observa": null, "bicisenda": null, "red_jerarq": "VÍA LOCAL", "cuadra": "ATACALCO 1701-1800", "comuna": 14.0, "EMPRESA": "METROTEL", "com_impar": 14.0, "barrio": "PALERMO", "hasta": 1800.0, "desde": 1701.0, "longitud_m": 122.30973980819014 }, "geometry": { "type": "LineString", "coordinates": [ [ -58.434660451797001, -34.586917643953797 ], [ -58.433513323092797, -34.586355880551302 ] ] } },
{ "type": "Feature", "properties": { "sentido": "CRECIENTE", "alt_izqfin": 3100.0, "com_par": 12.0, "long": "76.564.200.391.088.400", "nomanter": "TIMBO", "tipo_c": "CALLE", "alt_derfin": 3099.0, "alt_derini": 3051.0, "alt_izqini": 3052.0, "codigo": 12129.0, "barrio_imp": "VILLA PUEYRREDON", "nomoficial": "LOPEZ, CARLOS ANTONIO", "id_street": 6182.0, "nom_mapa": "CARLOS ANTONIO LOPEZ", "tipo_ffcc": "Sin Iteracción", "id": 6182.0, "barrio_par": "VILLA PUEYRREDON", "observa": null, "bicisenda": null, "red_jerarq": "VÍA LOCAL", "cuadra": "LOPEZ, CARLOS ANTONIO 3051-3100", "comuna": 12.0, "EMPRESA": "METROTEL", "com_impar": 12.0, "barrio": "VILLA PUEYRREDON", "hasta": 3100.0, "desde": 3051.0, "longitud_m": 76.56151219031824 }, "geometry": { "type": "LineString", "coordinates": [ [ -58.504940735811999, -34.586632346204397 ], [ -58.505607593628703, -34.587047265013297 ] ] } },
{ "type": "Feature", "properties": { "sentido": "DECRECIENTE", "alt_izqfin": 2100.0, "com_par": 1.0, "long": "89.154.283.935.347.100", "nomanter": null, "tipo_c": "CALLE", "alt_derfin": 0.0, "alt_derini": 0.0, "alt_izqini": 1908.0, "codigo": 4113.0, "barrio_imp": "RETIRO", "nomoficial": "DE LOS INMIGRANTES AV.", "id_street": 6241.0, "nom_mapa": "AV.DE LOS INMIGRANTES", "tipo_ffcc": "Sin Iteracción", "id": 6241.0, "barrio_par": "RETIRO", "observa": "correción numeración 21-1", "bicisenda": null, "red_jerarq": "VÍA LOCAL", "cuadra": "DE LOS INMIGRANTES AV. 1908-2100", "comuna": 1.0, "EMPRESA": "METROTEL", "com_impar": 1.0, "barrio": "RETIRO", "hasta": 2100.0, "desde": 1908.0, "longitud_m": 89.151579388203942 }, "geometry": { "type": "LineString", "coordinates": [ [ -58.371550398358004, -34.587046440621101 ], [ -58.370970785984902, -34.5864014019715 ] ] } },
{ "type": "Feature", "properties": { "sentido": "CRECIENTE", "alt_izqfin": 3150.0, "com_par": 12.0, "long": "75.225.137.342.638.100", "nomanter": "TIMBO", "tipo_c": "CALLE", "alt_derfin": 3149.0, "alt_derini": 3101.0, "alt_izqini": 3102.0, "codigo": 12129.0, "barrio_imp": "VILLA PUEYRREDON", "nomoficial": "LOPEZ, CARLOS ANTONIO", "id_street": 6268.0, "nom_mapa": "CARLOS ANTONIO LOPEZ", "tipo_ffcc": "Sin Iteracción", "id": 6268.0, "barrio_par": "VILLA PUEYRREDON", "observa": null, "bicisenda": null, "red_jerarq": "VÍA LOCAL", "cuadra": "LOPEZ, CARLOS ANTONIO 3101-3150", "comuna": 12.0, "EMPRESA": "METROTEL", "com_impar": 12.0, "barrio": "VILLA PUEYRREDON", "hasta": 3150.0, "desde": 3101.0, "longitud_m": 75.222495722421996 }, "geometry": { "type": "LineString", "coordinates": [ [ -58.505607593628703, -34.587047265013297 ], [ -58.506262788532801, -34.587454930605503 ] ] } },
{ "type": "Feature", "properties": { "sentido": "CRECIENTE", "alt_izqfin": 200.0, "com_par": 15.0, "long": "214.501.921.347.058.000", "nomanter": "ATLANTICO (parcial) - AGUIRRE (parcial)", "tipo_c": "CALLE", "alt_derfin": 199.0, "alt_derini": 1.0, "alt_izqini": 2.0, "codigo": 6044.0, "barrio_imp": "CHACARITA", "nomoficial": "FRAGA", "id_street": 6308.0, "nom_mapa": "FRAGA", "tipo_ffcc": "Sin Iteracción", "id": 6308.0, "barrio_par": "CHACARITA", "observa": null, "bicisenda": null, "red_jerarq": "VÍA LOCAL", "cuadra": "FRAGA 1-200", "comuna": 15.0, "EMPRESA": "METROTEL", "com_impar": 15.0, "barrio": "CHACARITA", "hasta": 200.0, "desde": 1.0, "longitud_m": 214.49375619653247 }, "geometry": { "type": "LineString", "coordinates": [ [ -58.445704851595202, -34.587652706666297 ], [ -58.447795070597103, -34.586786495958897 ] ] } },
{ "type": "Feature", "properties": { "sentido": "DECRECIENTE", "alt_izqfin": 3900.0, "com_par": 15.0, "long": "117.739.628.738.782.000", "nomanter": "ESTADOS", "tipo_c": "CALLE", "alt_derfin": 3899.0, "alt_derini": 3801.0, "alt_izqini": 3802.0, "codigo": 1103.0, "barrio_imp": "CHACARITA", "nomoficial": "ARENAL, CONCEPCION", "id_street": 6354.0, "nom_mapa": "CONCEPCION ARENAL", "tipo_ffcc": "Sin Iteracción", "id": 6354.0, "barrio_par": "CHACARITA", "observa": null, "bicisenda": null, "red_jerarq": "VÍA LOCAL", "cuadra": "ARENAL, CONCEPCION 3801-3900", "comuna": 15.0, "EMPRESA": "METROTEL", "com_impar": 15.0, "barrio": "CHACARITA", "hasta": 3900.0, "desde": 3801.0, "longitud_m": 117.73682801798135 }, "geometry": { "type": "LineString", "coordinates": [ [ -58.447795070597103, -34.586786495958897 ], [ -58.4481130935987, -34.587814723092102 ] ] } },
{ "type": "Feature", "properties": { "sentido": "CRECIENTE", "alt_izqfin": 0.0, "com_par": 1.0, "long": "45.454.780.466.827.700", "nomanter": null, "tipo_c": "AVENIDA", "alt_derfin": 0.0, "alt_derini": 0.0, "alt_izqini": 0.0, "codigo": 1087.0, "barrio_imp": "RETIRO", "nomoficial": "ANTARTIDA ARGENTINA AV.", "id_street": 6368.0, "nom_mapa": "AV.ANTARTIDA ARGENTINA", "tipo_ffcc": "Sin Iteracción", "id": 6368.0, "barrio_par": "RETIRO", "observa": null, "bicisenda": null, "red_jerarq": "VÍA DISTRIBUIDORA PRINCIPAL", "cuadra": "ANTARTIDA ARGENTINA AV. 0-0", "comuna": 1.0, "EMPRESA": "METROTEL", "com_impar": 1.0, "barrio": "RETIRO", "hasta": 0.0, "desde": 0.0, "longitud_m": 45.453650862467178 }, "geometry": { "type": "LineString", "coordinates": [ [ -58.371543670753802, -34.587586266414398 ], [ -58.371618199987303, -34.5873419524574 ], [ -58.371676362313501, -34.5871916935995 ] ] } },
{ "type": "Feature", "properties": { "sentido": "CRECIENTE", "alt_izqfin": 3200.0, "com_par": 12.0, "long": "75.425.125.373.924.200", "nomanter": "TIMBO", "tipo_c": "CALLE", "alt_derfin": 3199.0, "alt_derini": 3151.0, "alt_izqini": 3152.0, "codigo": 12129.0, "barrio_imp": "VILLA PUEYRREDON", "nomoficial": "LOPEZ, CARLOS ANTONIO", "id_street": 6373.0, "nom_mapa": "CARLOS ANTONIO LOPEZ", "tipo_ffcc": "Sin Iteracción", "id": 6373.0, "barrio_par": "VILLA PUEYRREDON", "observa": null, "bicisenda": null, "red_jerarq": "VÍA LOCAL", "cuadra": "LOPEZ, CARLOS ANTONIO 3151-3200", "comuna": 12.0, "EMPRESA": "METROTEL", "com_impar": 12.0, "barrio": "VILLA PUEYRREDON", "hasta": 3200.0, "desde": 3151.0, "longitud_m": 75.422383792603128 }, "geometry": { "type": "LineString", "coordinates": [ [ -58.506262788532801, -34.587454930605503 ], [ -58.506920204088502, -34.587863155246701 ] ] } },
{ "type": "Feature", "properties": { "sentido": "DECRECIENTE", "alt_izqfin": 5300.0, "com_par": 14.0, "long": "104.774.297.311.941.000", "nomanter": null, "tipo_c": "CALLE", "alt_derfin": 5299.0, "alt_derini": 5201.0, "alt_izqini": 5202.0, "codigo": 7072.0, "barrio_imp": "PALERMO", "nomoficial": "GORRITI", "id_street": 6438.0, "nom_mapa": "GORRITI", "tipo_ffcc": "Sin Iteracción", "id": 6438.0, "barrio_par": "PALERMO", "observa": null, "bicisenda": null, "red_jerarq": "VÍA LOCAL", "cuadra": "GORRITI 5201-5300", "comuna": 14.0, "EMPRESA": "METROTEL", "com_impar": 14.0, "barrio": "PALERMO", "hasta": 5300.0, "desde": 5201.0, "longitud_m": 104.77088584944865 }, "geometry": { "type": "LineString", "coordinates": [ [ -58.433131197355998, -34.588155254985203 ], [ -58.433947872642896, -34.587495090460997 ] ] } },
{ "type": "Feature", "properties": { "sentido": "CRECIENTE", "alt_izqfin": 1500.0, "com_par": 14.0, "long": "158.578.282.985.052.000", "nomanter": null, "tipo_c": "CALLE", "alt_derfin": 1499.0, "alt_derini": 1401.0, "alt_izqini": 1402.0, "codigo": 4011.0, "barrio_imp": "PALERMO", "nomoficial": "DARWIN", "id_street": 6445.0, "nom_mapa": "DARWIN", "tipo_ffcc": "Sin Iteracción", "id": 6445.0, "barrio_par": "PALERMO", "observa": null, "bicisenda": null, "red_jerarq": "VÍA LOCAL", "cuadra": "DARWIN 1401-1500", "comuna": 14.0, "EMPRESA": "METROTEL", "com_impar": 14.0, "barrio": "PALERMO", "hasta": 1500.0, "desde": 1401.0, "longitud_m": 158.57240548884624 }, "geometry": { "type": "LineString", "coordinates": [ [ -58.4372171514527, -34.588182112595398 ], [ -58.435725175157401, -34.587460433939803 ] ] } },
{ "type": "Feature", "properties": { "sentido": "DOBLE", "alt_izqfin": 5410.0, "com_par": 14.0, "long": "15.398.903.228.148.800", "nomanter": "GUAYANAS", "tipo_c": "CALLE", "alt_derfin": 5409.0, "alt_derini": 5391.0, "alt_izqini": 5392.0, "codigo": 23021.0, "barrio_imp": "PALERMO", "nomoficial": "VEGA, NICETO, CNEL.", "id_street": 6466.0, "nom_mapa": "CNEL. NICETO VEGA", "tipo_ffcc": "Sin Iteracción", "id": 6466.0, "barrio_par": "PALERMO", "observa": null, "bicisenda": null, "red_jerarq": "VÍA LOCAL", "cuadra": "VEGA, NICETO, CNEL. 5391-5410", "comuna": 14.0, "EMPRESA": "METROTEL", "com_impar": 14.0, "barrio": "PALERMO", "hasta": 5410.0, "desde": 5391.0, "longitud_m": 15.398376350007499 }, "geometry": { "type": "LineString", "coordinates": [ [ -58.437087351208703, -34.588270114490697 ], [ -58.4372171514527, -34.588182112595398 ] ] } },
{ "type": "Feature", "properties": { "sentido": "CRECIENTE", "alt_izqfin": 3250.0, "com_par": 12.0, "long": "81.898.532.888.344.200", "nomanter": "TIMBO", "tipo_c": "CALLE", "alt_derfin": 3249.0, "alt_derini": 3201.0, "alt_izqini": 3202.0, "codigo": 12129.0, "barrio_imp": "VILLA PUEYRREDON", "nomoficial": "LOPEZ, CARLOS ANTONIO", "id_street": 6474.0, "nom_mapa": "CARLOS ANTONIO LOPEZ", "tipo_ffcc": "Sin Iteracción", "id": 6474.0, "barrio_par": "VILLA PUEYRREDON", "observa": null, "bicisenda": null, "red_jerarq": "VÍA LOCAL", "cuadra": "LOPEZ, CARLOS ANTONIO 3201-3250", "comuna": 12.0, "EMPRESA": "METROTEL", "com_impar": 12.0, "barrio": "VILLA PUEYRREDON", "hasta": 3250.0, "desde": 3201.0, "longitud_m": 81.895650655442267 }, "geometry": { "type": "LineString", "coordinates": [ [ -58.506920204088502, -34.587863155246701 ], [ -58.507635377444799, -34.588304947480502 ] ] } },
{ "type": "Feature", "properties": { "sentido": "CRECIENTE", "alt_izqfin": 3300.0, "com_par": 12.0, "long": "69.525.091.013.749.200", "nomanter": "TIMBO", "tipo_c": "CALLE", "alt_derfin": 3299.0, "alt_derini": 3251.0, "alt_izqini": 3252.0, "codigo": 12129.0, "barrio_imp": "VILLA PUEYRREDON", "nomoficial": "LOPEZ, CARLOS ANTONIO", "id_street": 6561.0, "nom_mapa": "CARLOS ANTONIO LOPEZ", "tipo_ffcc": "Sin Iteracción", "id": 6561.0, "barrio_par": "VILLA PUEYRREDON", "observa": null, "bicisenda": null, "red_jerarq": "VÍA LOCAL", "cuadra": "LOPEZ, CARLOS ANTONIO 3251-3300", "comuna": 12.0, "EMPRESA": "METROTEL", "com_impar": 12.0, "barrio": "VILLA PUEYRREDON", "hasta": 3300.0, "desde": 3251.0, "longitud_m": 69.522643676298316 }, "geometry": { "type": "LineString", "coordinates": [ [ -58.507635377444799, -34.588304947480502 ], [ -58.5082425481489, -34.588679943167001 ] ] } },
{ "type": "Feature", "properties": { "sentido": "DECRECIENTE", "alt_izqfin": 1500.0, "com_par": 14.0, "long": "99.599.856.462.845.100", "nomanter": null, "tipo_c": "CALLE", "alt_derfin": 1499.0, "alt_derini": 1401.0, "alt_izqini": 1402.0, "codigo": 22010.0, "barrio_imp": "PALERMO", "nomoficial": "URIARTE", "id_street": 6575.0, "nom_mapa": "URIARTE", "tipo_ffcc": "Sin Iteracción", "id": 6575.0, "barrio_par": "PALERMO", "observa": null, "bicisenda": null, "red_jerarq": "VÍA LOCAL", "cuadra": "URIARTE 1401-1500", "comuna": 14.0, "EMPRESA": "METROTEL", "com_impar": 14.0, "barrio": "PALERMO", "hasta": 1500.0, "desde": 1401.0, "longitud_m": 99.596426237384463 }, "geometry": { "type": "LineString", "coordinates": [ [ -58.433978098132997, -34.588716950053602 ], [ -58.433131197355998, -34.588155254985203 ] ] } },
{ "type": "Feature", "properties": { "sentido": "CRECIENTE", "alt_izqfin": 1400.0, "com_par": 14.0, "long": "119.259.815.629.575.000", "nomanter": null, "tipo_c": "CALLE", "alt_derfin": 1399.0, "alt_derini": 1301.0, "alt_izqini": 1302.0, "codigo": 4011.0, "barrio_imp": "PALERMO", "nomoficial": "DARWIN", "id_street": 6638.0, "nom_mapa": "DARWIN", "tipo_ffcc": "Sin Iteracción", "id": 6638.0, "barrio_par": "PALERMO", "observa": null, "bicisenda": null, "red_jerarq": "VÍA LOCAL", "cuadra": "DARWIN 1301-1400", "comuna": 14.0, "EMPRESA": "METROTEL", "com_impar": 14.0, "barrio": "PALERMO", "hasta": 1400.0, "desde": 1301.0, "longitud_m": 119.25584210212584 }, "geometry": { "type": "LineString", "coordinates": [ [ -58.438052935675302, -34.5889898376223 ], [ -58.437087351208703, -34.588270114490697 ] ] } },
{ "type": "Feature", "properties": { "sentido": "CRECIENTE", "alt_izqfin": 3400.0, "com_par": 11.0, "long": "153.165.821.438.246.000", "nomanter": "TIMBO", "tipo_c": "CALLE", "alt_derfin": 3399.0, "alt_derini": 3301.0, "alt_izqini": 3302.0, "codigo": 12129.0, "barrio_imp": "VILLA DEVOTO", "nomoficial": "LOPEZ, CARLOS ANTONIO", "id_street": 6754.0, "nom_mapa": "CARLOS ANTONIO LOPEZ", "tipo_ffcc": "Sin Iteracción", "id": 6754.0, "barrio_par": "VILLA DEVOTO", "observa": null, "bicisenda": null, "red_jerarq": "VÍA LOCAL", "cuadra": "LOPEZ, CARLOS ANTONIO 3301-3400", "comuna": 11.0, "EMPRESA": "METROTEL", "com_impar": 11.0, "barrio": "VILLA DEVOTO", "hasta": 3400.0, "desde": 3301.0, "longitud_m": 153.16042848064083 }, "geometry": { "type": "LineString", "coordinates": [ [ -58.5082425481489, -34.588679943167001 ], [ -58.509580165830997, -34.589506077205399 ] ] } },
{ "type": "Feature", "properties": { "sentido": "CRECIENTE", "alt_izqfin": 3450.0, "com_par": 11.0, "long": "89.147.190.180.562.200", "nomanter": "TIMBO", "tipo_c": "CALLE", "alt_derfin": 3451.0, "alt_derini": 3401.0, "alt_izqini": 3402.0, "codigo": 12129.0, "barrio_imp": "VILLA DEVOTO", "nomoficial": "LOPEZ, CARLOS ANTONIO", "id_street": 6854.0, "nom_mapa": "CARLOS ANTONIO LOPEZ", "tipo_ffcc": "Sin Iteracción", "id": 6854.0, "barrio_par": "VILLA DEVOTO", "observa": null, "bicisenda": null, "red_jerarq": "VÍA LOCAL", "cuadra": "LOPEZ, CARLOS ANTONIO 3401-3450", "comuna": 11.0, "EMPRESA": "METROTEL", "com_impar": 11.0, "barrio": "VILLA DEVOTO", "hasta": 3450.0, "desde": 3401.0, "longitud_m": 89.143958471332922 }, "geometry": { "type": "LineString", "coordinates": [ [ -58.509580165830997, -34.589506077205399 ], [ -58.510359084628703, -34.589986491787997 ] ] } },
{ "type": "Feature", "properties": { "sentido": "CRECIENTE", "alt_izqfin": 3500.0, "com_par": 11.0, "long": "64.625.718.247.506.000", "nomanter": "TIMBO", "tipo_c": "CALLE", "alt_derfin": 3499.0, "alt_derini": 3453.0, "alt_izqini": 3452.0, "codigo": 12129.0, "barrio_imp": "VILLA DEVOTO", "nomoficial": "LOPEZ, CARLOS ANTONIO", "id_street": 6955.0, "nom_mapa": "CARLOS ANTONIO LOPEZ", "tipo_ffcc": "Sin Iteracción", "id": 6955.0, "barrio_par": "VILLA DEVOTO", "observa": null, "bicisenda": null, "red_jerarq": "VÍA LOCAL", "cuadra": "LOPEZ, CARLOS ANTONIO 3453-3500", "comuna": 11.0, "EMPRESA": "METROTEL", "com_impar": 11.0, "barrio": "VILLA DEVOTO", "hasta": 3500.0, "desde": 3453.0, "longitud_m": 64.623437920811327 }, "geometry": { "type": "LineString", "coordinates": [ [ -58.510359084628703, -34.589986491787997 ], [ -58.510924793480797, -34.5903336021981 ] ] } },
{ "type": "Feature", "properties": { "sentido": "CRECIENTE", "alt_izqfin": 4200.0, "com_par": 15.0, "long": "189.220.329.256.270.000", "nomanter": null, "tipo_c": "CALLE", "alt_derfin": 4199.0, "alt_derini": 4001.0, "alt_izqini": 4002.0, "codigo": 12097.0, "barrio_imp": "CHACARITA", "nomoficial": "LEIVA", "id_street": 7004.0, "nom_mapa": "LEIVA", "tipo_ffcc": "Sin Iteracción", "id": 7004.0, "barrio_par": "CHACARITA", "observa": null, "bicisenda": null, "red_jerarq": "VÍA LOCAL", "cuadra": "LEIVA 4001-4200", "comuna": 15.0, "EMPRESA": "METROTEL", "com_impar": 15.0, "barrio": "CHACARITA", "hasta": 4200.0, "desde": 4001.0, "longitud_m": 189.21446076903956 }, "geometry": { "type": "LineString", "coordinates": [ [ -58.4473896060043, -34.589333389769997 ], [ -58.448749799719998, -34.590615553394201 ] ] } },
{ "type": "Feature", "properties": { "sentido": "CRECIENTE", "alt_izqfin": 3542.0, "com_par": 11.0, "long": "58.795.970.311.646.200", "nomanter": "TIMBO", "tipo_c": "CALLE", "alt_derfin": 3543.0, "alt_derini": 3501.0, "alt_izqini": 3502.0, "codigo": 12129.0, "barrio_imp": "VILLA DEVOTO", "nomoficial": "LOPEZ, CARLOS ANTONIO", "id_street": 7010.0, "nom_mapa": "CARLOS ANTONIO LOPEZ", "tipo_ffcc": "Sin Iteracción", "id": 7010.0, "barrio_par": "VILLA DEVOTO", "observa": null, "bicisenda": null, "red_jerarq": "VÍA LOCAL", "cuadra": "LOPEZ, CARLOS ANTONIO 3501-3542", "comuna": 11.0, "EMPRESA": "METROTEL", "com_impar": 11.0, "barrio": "VILLA DEVOTO", "hasta": 3542.0, "desde": 3501.0, "longitud_m": 58.793895350219223 }, "geometry": { "type": "LineString", "coordinates": [ [ -58.510924793480797, -34.5903336021981 ], [ -58.511439481025398, -34.590649391541099 ] ] } },
{ "type": "Feature", "properties": { "sentido": "DOBLE", "alt_izqfin": 930.0, "com_par": 15.0, "long": "21.490.820.903.234.100", "nomanter": null, "tipo_c": "AVENIDA", "alt_derfin": 929.0, "alt_derini": 901.0, "alt_izqini": 902.0, "codigo": 4089.0, "barrio_imp": "CHACARITA", "nomoficial": "DORREGO AV.", "id_street": 7078.0, "nom_mapa": "AV.DORREGO", "tipo_ffcc": "Sin Iteracción", "id": 7078.0, "barrio_par": "CHACARITA", "observa": null, "bicisenda": null, "red_jerarq": "VÍA DISTRIBUIDORA COMPLEMENTARIA", "cuadra": "DORREGO AV. 901-930", "comuna": 15.0, "EMPRESA": "METROTEL", "com_impar": 15.0, "barrio": "CHACARITA", "hasta": 930.0, "desde": 901.0, "longitud_m": 21.488833802632097 }, "geometry": { "type": "LineString", "coordinates": [ [ -58.4468041033616, -34.590981298057898 ], [ -58.446642335893799, -34.590841203275403 ] ] } },
{ "type": "Feature", "properties": { "sentido": "CRECIENTE", "alt_izqfin": 3600.0, "com_par": 11.0, "long": "93.547.972.965.422.800", "nomanter": "TIMBO", "tipo_c": "CALLE", "alt_derfin": 3599.0, "alt_derini": 3545.0, "alt_izqini": 3544.0, "codigo": 12129.0, "barrio_imp": "VILLA DEVOTO", "nomoficial": "LOPEZ, CARLOS ANTONIO", "id_street": 7140.0, "nom_mapa": "CARLOS ANTONIO LOPEZ", "tipo_ffcc": "Sin Iteracción", "id": 7140.0, "barrio_par": "VILLA DEVOTO", "observa": null, "bicisenda": null, "red_jerarq": "VÍA LOCAL", "cuadra": "LOPEZ, CARLOS ANTONIO 3545-3600", "comuna": 11.0, "EMPRESA": "METROTEL", "com_impar": 11.0, "barrio": "VILLA DEVOTO", "hasta": 3600.0, "desde": 3545.0, "longitud_m": 93.544670180837556 }, "geometry": { "type": "LineString", "coordinates": [ [ -58.511439481025398, -34.590649391541099 ], [ -58.512258457213399, -34.591151750294699 ] ] } },
{ "type": "Feature", "properties": { "sentido": "CRECIENTE", "alt_izqfin": 0.0, "com_par": 11.0, "long": "19.840.853.932.909.300", "nomanter": "TIMBO", "tipo_c": "CALLE", "alt_derfin": 0.0, "alt_derini": 0.0, "alt_izqini": 0.0, "codigo": 12129.0, "barrio_imp": "VILLA DEVOTO", "nomoficial": "LOPEZ, CARLOS ANTONIO", "id_street": 7158.0, "nom_mapa": "CARLOS ANTONIO LOPEZ", "tipo_ffcc": "Sin Iteracción", "id": 7158.0, "barrio_par": "VILLA DEVOTO", "observa": null, "bicisenda": null, "red_jerarq": "VÍA LOCAL", "cuadra": "LOPEZ, CARLOS ANTONIO 0-0", "comuna": 11.0, "EMPRESA": "METROTEL", "com_impar": 11.0, "barrio": "VILLA DEVOTO", "hasta": 0.0, "desde": 0.0, "longitud_m": 19.84015345618095 }, "geometry": { "type": "LineString", "coordinates": [ [ -58.512432152311803, -34.591258302004597 ], [ -58.512258457213399, -34.591151750294699 ] ] } },
{ "type": "Feature", "properties": { "sentido": "DECRECIENTE", "alt_izqfin": 2500.0, "com_par": 2.0, "long": "143.020.575.449.982.000", "nomanter": null, "tipo_c": "CALLE", "alt_derfin": 2499.0, "alt_derini": 2401.0, "alt_izqini": 2402.0, "codigo": 10014.0, "barrio_imp": "RECOLETA", "nomoficial": "JUNCAL", "id_street": 7224.0, "nom_mapa": "JUNCAL", "tipo_ffcc": "Sin Iteracción", "id": 7224.0, "barrio_par": "RECOLETA", "observa": null, "bicisenda": null, "red_jerarq": "VÍA LOCAL", "cuadra": "JUNCAL 2401-2500", "comuna": 2.0, "EMPRESA": "METROTEL", "com_impar": 2.0, "barrio": "RECOLETA", "hasta": 2500.0, "desde": 2401.0, "longitud_m": 143.01509023809123 }, "geometry": { "type": "LineString", "coordinates": [ [ -58.4010355785841, -34.591562947281403 ], [ -58.402425751072698, -34.5909795543431 ] ] } },
{ "type": "Feature", "properties": { "sentido": "DOBLE", "alt_izqfin": 900.0, "com_par": 15.0, "long": "108.288.966.395.000.000", "nomanter": null, "tipo_c": "AVENIDA", "alt_derfin": 899.0, "alt_derini": 801.0, "alt_izqini": 802.0, "codigo": 4089.0, "barrio_imp": "CHACARITA", "nomoficial": "DORREGO AV.", "id_street": 7261.0, "nom_mapa": "AV.DORREGO", "tipo_ffcc": "Sin Iteracción", "id": 7261.0, "barrio_par": "CHACARITA", "observa": null, "bicisenda": null, "red_jerarq": "VÍA DISTRIBUIDORA COMPLEMENTARIA", "cuadra": "DORREGO AV. 801-900", "comuna": 15.0, "EMPRESA": "METROTEL", "com_impar": 15.0, "barrio": "CHACARITA", "hasta": 900.0, "desde": 801.0, "longitud_m": 108.28556703255529 }, "geometry": { "type": "LineString", "coordinates": [ [ -58.447599660597199, -34.591702401150499 ], [ -58.4468041033616, -34.590981298057898 ] ] } },
{ "type": "Feature", "properties": { "sentido": "CRECIENTE", "alt_izqfin": 3700.0, "com_par": 11.0, "long": "129.553.193.105.328.000", "nomanter": "TIMBO", "tipo_c": "CALLE", "alt_derfin": 3699.0, "alt_derini": 3601.0, "alt_izqini": 3602.0, "codigo": 12129.0, "barrio_imp": "VILLA DEVOTO", "nomoficial": "LOPEZ, CARLOS ANTONIO", "id_street": 7308.0, "nom_mapa": "CARLOS ANTONIO LOPEZ", "tipo_ffcc": "Sin Iteracción", "id": 7308.0, "barrio_par": "VILLA DEVOTO", "observa": null, "bicisenda": null, "red_jerarq": "VÍA LOCAL", "cuadra": "LOPEZ, CARLOS ANTONIO 3601-3700", "comuna": 11.0, "EMPRESA": "METROTEL", "com_impar": 11.0, "barrio": "VILLA DEVOTO", "hasta": 3700.0, "desde": 3601.0, "longitud_m": 129.54861788244509 }, "geometry": { "type": "LineString", "coordinates": [ [ -58.512432152311803, -34.591258302004597 ], [ -58.513566505317698, -34.591953837641299 ] ] } },
{ "type": "Feature", "properties": { "sentido": "DECRECIENTE", "alt_izqfin": 1700.0, "com_par": 2.0, "long": "128.305.072.809.039.000", "nomanter": null, "tipo_c": "CALLE", "alt_derfin": 1699.0, "alt_derini": 1601.0, "alt_izqini": 1602.0, "codigo": 5001.0, "barrio_imp": "RECOLETA", "nomoficial": "ECUADOR", "id_street": 7334.0, "nom_mapa": "ECUADOR", "tipo_ffcc": "Sin Iteracción", "id": 7334.0, "barrio_par": "RECOLETA", "observa": null, "bicisenda": null, "red_jerarq": "VÍA DISTRIBUIDORA COMPLEMENTARIA", "cuadra": "ECUADOR 1601-1700", "comuna": 2.0, "EMPRESA": "METROTEL", "com_impar": 2.0, "barrio": "RECOLETA", "hasta": 1700.0, "desde": 1601.0, "longitud_m": 128.30195898732208 }, "geometry": { "type": "LineString", "coordinates": [ [ -58.402789577156398, -34.592096303281103 ], [ -58.402425751072698, -34.5909795543431 ] ] } },
{ "type": "Feature", "properties": { "sentido": "CRECIENTE", "alt_izqfin": 2600.0, "com_par": 2.0, "long": "129.010.870.635.388.000", "nomanter": null, "tipo_c": "CALLE", "alt_derfin": 2599.0, "alt_derini": 2501.0, "alt_izqini": 2502.0, "codigo": 2071.0, "barrio_imp": "RECOLETA", "nomoficial": "BERUTI", "id_street": 7411.0, "nom_mapa": "BERUTI", "tipo_ffcc": "Sin Iteracción", "id": 7411.0, "barrio_par": "RECOLETA", "observa": null, "bicisenda": null, "red_jerarq": "VÍA LOCAL", "cuadra": "BERUTI 2501-2600", "comuna": 2.0, "EMPRESA": "METROTEL", "com_impar": 2.0, "barrio": "RECOLETA", "hasta": 2600.0, "desde": 2501.0, "longitud_m": 129.00577266127794 }, "geometry": { "type": "LineString", "coordinates": [ [ -58.401488823301101, -34.592538193931901 ], [ -58.402789577156398, -34.592096303281103 ] ] } },
{ "type": "Feature", "properties": { "sentido": "CRECIENTE", "alt_izqfin": 3800.0, "com_par": 11.0, "long": "148.840.905.158.188.000", "nomanter": "TIMBO", "tipo_c": "CALLE", "alt_derfin": 3799.0, "alt_derini": 3701.0, "alt_izqini": 3702.0, "codigo": 12129.0, "barrio_imp": "VILLA DEVOTO", "nomoficial": "LOPEZ, CARLOS ANTONIO", "id_street": 7450.0, "nom_mapa": "CARLOS ANTONIO LOPEZ", "tipo_ffcc": "Sin Iteracción", "id": 7450.0, "barrio_par": "VILLA DEVOTO", "observa": null, "bicisenda": null, "red_jerarq": "VÍA LOCAL", "cuadra": "LOPEZ, CARLOS ANTONIO 3701-3800", "comuna": 11.0, "EMPRESA": "METROTEL", "com_impar": 11.0, "barrio": "VILLA DEVOTO", "hasta": 3800.0, "desde": 3701.0, "longitud_m": 148.83564693561351 }, "geometry": { "type": "LineString", "coordinates": [ [ -58.513566505317698, -34.591953837641299 ], [ -58.514869722763798, -34.592752955095797 ] ] } },
{ "type": "Feature", "properties": { "sentido": "CRECIENTE", "alt_izqfin": 3900.0, "com_par": 11.0, "long": "147.512.298.170.631.000", "nomanter": "TIMBO", "tipo_c": "CALLE", "alt_derfin": 3899.0, "alt_derini": 3801.0, "alt_izqini": 3802.0, "codigo": 12129.0, "barrio_imp": "VILLA DEVOTO", "nomoficial": "LOPEZ, CARLOS ANTONIO", "id_street": 7614.0, "nom_mapa": "CARLOS ANTONIO LOPEZ", "tipo_ffcc": "Sin Iteracción", "id": 7614.0, "barrio_par": "VILLA DEVOTO", "observa": null, "bicisenda": null, "red_jerarq": "VÍA LOCAL", "cuadra": "LOPEZ, CARLOS ANTONIO 3801-3900", "comuna": 11.0, "EMPRESA": "METROTEL", "com_impar": 11.0, "barrio": "VILLA DEVOTO", "hasta": 3900.0, "desde": 3801.0, "longitud_m": 147.50705825023621 }, "geometry": { "type": "LineString", "coordinates": [ [ -58.514869722763798, -34.592752955095797 ], [ -58.5161625704757, -34.593543541741198 ] ] } },
{ "type": "Feature", "properties": { "sentido": "CRECIENTE", "alt_izqfin": 4000.0, "com_par": 11.0, "long": "93.339.207.771.161.200", "nomanter": "TIMBO", "tipo_c": "CALLE", "alt_derfin": 3999.0, "alt_derini": 3901.0, "alt_izqini": 3902.0, "codigo": 12129.0, "barrio_imp": "VILLA DEVOTO", "nomoficial": "LOPEZ, CARLOS ANTONIO", "id_street": 7684.0, "nom_mapa": "CARLOS ANTONIO LOPEZ", "tipo_ffcc": "Sin Iteracción", "id": 7684.0, "barrio_par": "VILLA DEVOTO", "observa": null, "bicisenda": null, "red_jerarq": "VÍA LOCAL", "cuadra": "LOPEZ, CARLOS ANTONIO 3901-4000", "comuna": 11.0, "EMPRESA": "METROTEL", "com_impar": 11.0, "barrio": "VILLA DEVOTO", "hasta": 4000.0, "desde": 3901.0, "longitud_m": 93.33451073855899 }, "geometry": { "type": "LineString", "coordinates": [ [ -58.5161625704757, -34.593543541741198 ], [ -58.516982026911499, -34.594042206288599 ] ] } },
{ "type": "Feature", "properties": { "sentido": "DECRECIENTE", "alt_izqfin": 1300.0, "com_par": 1.0, "long": "129.847.787.082.796.000", "nomanter": null, "tipo_c": "CALLE", "alt_derfin": 1299.0, "alt_derini": 1201.0, "alt_izqini": 1202.0, "codigo": 1104.0, "barrio_imp": "RETIRO", "nomoficial": "ARENALES", "id_street": 7807.0, "nom_mapa": "ARENALES", "tipo_ffcc": "Sin Iteracción", "id": 7807.0, "barrio_par": "RETIRO", "observa": null, "bicisenda": null, "red_jerarq": "VÍA DISTRIBUIDORA COMPLEMENTARIA", "cuadra": "ARENALES 1201-1300", "comuna": 1.0, "EMPRESA": "METROTEL", "com_impar": 1.0, "barrio": "RETIRO", "hasta": 1300.0, "desde": 1201.0, "longitud_m": 129.84229334410989 }, "geometry": { "type": "LineString", "coordinates": [ [ -58.384417302263302, -34.5944313416543 ], [ -58.385823665490697, -34.594563301104898 ] ] } },
{ "type": "Feature", "properties": { "sentido": "DECRECIENTE", "alt_izqfin": 1300.0, "com_par": 1.0, "long": "211.018.793.166.842.000", "nomanter": null, "tipo_c": "CALLE", "alt_derfin": 1299.0, "alt_derini": 1201.0, "alt_izqini": 1202.0, "codigo": 21009.0, "barrio_imp": "RETIRO", "nomoficial": "TALCAHUANO", "id_street": 7808.0, "nom_mapa": "TALCAHUANO", "tipo_ffcc": "Sin Iteracción", "id": 7808.0, "barrio_par": "RETIRO", "observa": null, "bicisenda": null, "red_jerarq": "VÍA DISTRIBUIDORA COMPLEMENTARIA", "cuadra": "TALCAHUANO 1201-1300", "comuna": 1.0, "EMPRESA": "METROTEL", "com_impar": 1.0, "barrio": "RETIRO", "hasta": 1300.0, "desde": 1201.0, "longitud_m": 210.95942134225686 }, "geometry": { "type": "LineString", "coordinates": [ [ -58.385823665490697, -34.594563301104898 ], [ -58.3860832415454, -34.593170766962402 ], [ -58.386507730141702, -34.592825043238399 ] ] } },
{ "type": "Feature", "properties": { "sentido": "CRECIENTE", "alt_izqfin": 4100.0, "com_par": 11.0, "long": "89.890.239.086.541.300", "nomanter": "TIMBO", "tipo_c": "CALLE", "alt_derfin": 4099.0, "alt_derini": 4001.0, "alt_izqini": 4002.0, "codigo": 12129.0, "barrio_imp": "VILLA DEVOTO", "nomoficial": "LOPEZ, CARLOS ANTONIO", "id_street": 7814.0, "nom_mapa": "CARLOS ANTONIO LOPEZ", "tipo_ffcc": "Sin Iteracción", "id": 7814.0, "barrio_par": "VILLA DEVOTO", "observa": null, "bicisenda": null, "red_jerarq": "VÍA LOCAL", "cuadra": "LOPEZ, CARLOS ANTONIO 4001-4100", "comuna": 11.0, "EMPRESA": "METROTEL", "com_impar": 11.0, "barrio": "VILLA DEVOTO", "hasta": 4100.0, "desde": 4001.0, "longitud_m": 89.882159656855094 }, "geometry": { "type": "LineString", "coordinates": [ [ -58.5171201548307, -34.594123862834401 ], [ -58.517906112221297, -34.594607650586902 ] ] } },
{ "type": "Feature", "properties": { "sentido": "DECRECIENTE", "alt_izqfin": 1400.0, "com_par": 1.0, "long": "135.180.821.896.969.000", "nomanter": null, "tipo_c": "CALLE", "alt_derfin": 1399.0, "alt_derini": 1301.0, "alt_izqini": 1302.0, "codigo": 1104.0, "barrio_imp": "RETIRO", "nomoficial": "ARENALES", "id_street": 7823.0, "nom_mapa": "ARENALES", "tipo_ffcc": "Sin Iteracción", "id": 7823.0, "barrio_par": "RETIRO", "observa": null, "bicisenda": null, "red_jerarq": "VÍA DISTRIBUIDORA COMPLEMENTARIA", "cuadra": "ARENALES 1301-1400", "comuna": 1.0, "EMPRESA": "METROTEL", "com_impar": 1.0, "barrio": "RETIRO", "hasta": 1400.0, "desde": 1301.0, "longitud_m": 135.15889388779593 }, "geometry": { "type": "LineString", "coordinates": [ [ -58.385823665490697, -34.594563301104898 ], [ -58.387293779039403, -34.5946439452159 ] ] } },
{ "type": "Feature", "properties": { "sentido": "CRECIENTE", "alt_izqfin": 4200.0, "com_par": 11.0, "long": "145.230.277.513.230.000", "nomanter": "TIMBO", "tipo_c": "CALLE", "alt_derfin": 4199.0, "alt_derini": 4101.0, "alt_izqini": 4102.0, "codigo": 12129.0, "barrio_imp": "VILLA DEVOTO", "nomoficial": "LOPEZ, CARLOS ANTONIO", "id_street": 7954.0, "nom_mapa": "CARLOS ANTONIO LOPEZ", "tipo_ffcc": "Sin Iteracción", "id": 7954.0, "barrio_par": "VILLA DEVOTO", "observa": null, "bicisenda": null, "red_jerarq": "VÍA LOCAL", "cuadra": "LOPEZ, CARLOS ANTONIO 4101-4200", "comuna": 11.0, "EMPRESA": "METROTEL", "com_impar": 11.0, "barrio": "VILLA DEVOTO", "hasta": 4200.0, "desde": 4101.0, "longitud_m": 145.22202073946565 }, "geometry": { "type": "LineString", "coordinates": [ [ -58.517906112221297, -34.594607650586902 ], [ -58.519175762942403, -34.5953895533058 ] ] } },
{ "type": "Feature", "properties": { "sentido": "DECRECIENTE", "alt_izqfin": 1200.0, "com_par": 2.0, "long": "120.864.311.922.366.000", "nomanter": null, "tipo_c": "CALLE", "alt_derfin": 1199.0, "alt_derini": 1101.0, "alt_izqini": 1102.0, "codigo": 22015.0, "barrio_imp": "RETIRO", "nomoficial": "URUGUAY", "id_street": 8035.0, "nom_mapa": "URUGUAY", "tipo_ffcc": "Sin Iteracción", "id": 8035.0, "barrio_par": "RECOLETA", "observa": null, "bicisenda": null, "red_jerarq": "VÍA DISTRIBUIDORA COMPLEMENTARIA", "cuadra": "URUGUAY 1101-1200", "comuna": null, "EMPRESA": "METROTEL", "com_impar": 1.0, "barrio": null, "hasta": 1200.0, "desde": 1101.0, "longitud_m": 120.84067663178755 }, "geometry": { "type": "LineString", "coordinates": [ [ -58.387159856803002, -34.595727611495001 ], [ -58.387293779039403, -34.5946439452159 ] ] } },
{ "type": "Feature", "properties": { "sentido": "CRECIENTE", "alt_izqfin": 4300.0, "com_par": 11.0, "long": "145.308.332.167.969.000", "nomanter": "TIMBO", "tipo_c": "CALLE", "alt_derfin": 4299.0, "alt_derini": 4201.0, "alt_izqini": 4202.0, "codigo": 12129.0, "barrio_imp": "VILLA DEVOTO", "nomoficial": "LOPEZ, CARLOS ANTONIO", "id_street": 8117.0, "nom_mapa": "CARLOS ANTONIO LOPEZ", "tipo_ffcc": "Sin Iteracción", "id": 8117.0, "barrio_par": "VILLA DEVOTO", "observa": null, "bicisenda": null, "red_jerarq": "VÍA LOCAL", "cuadra": "LOPEZ, CARLOS ANTONIO 4201-4300", "comuna": 11.0, "EMPRESA": "METROTEL", "com_impar": 11.0, "barrio": "VILLA DEVOTO", "hasta": 4300.0, "desde": 4201.0, "longitud_m": 145.30318125789583 }, "geometry": { "type": "LineString", "coordinates": [ [ -58.519175762942403, -34.5953895533058 ], [ -58.520448501739402, -34.596169258122003 ] ] } },
{ "type": "Feature", "properties": { "sentido": "DOBLE", "alt_izqfin": 2200.0, "com_par": 15.0, "long": "151.619.609.278.889.000", "nomanter": null, "tipo_c": "AVENIDA", "alt_derfin": 2199.0, "alt_derini": 2101.0, "alt_izqini": 2102.0, "codigo": 24002.0, "barrio_imp": "PATERNAL", "nomoficial": "WARNES AV.", "id_street": 8162.0, "nom_mapa": "AV. WARNES", "tipo_ffcc": "Sin Iteracción", "id": 8162.0, "barrio_par": "PATERNAL", "observa": "Reasignación de Doble Sentido de Circulación según Resolución 1320/SSTYTRA/19 en BO 5727 del 24/10/2019 (antes Decreciente)", "bicisenda": null, "red_jerarq": "VÍA DISTRIBUIDORA COMPLEMENTARIA", "cuadra": "WARNES AV. 2101-2200", "comuna": 15.0, "EMPRESA": "METROTEL", "com_impar": 15.0, "barrio": "PATERNAL", "hasta": 2200.0, "desde": 2101.0, "longitud_m": 151.61177238457427 }, "geometry": { "type": "LineString", "coordinates": [ [ -58.465512139922701, -34.596338397294303 ], [ -58.467164601973401, -34.596313848711198 ] ] } },
{ "type": "Feature", "properties": { "sentido": "DECRECIENTE", "alt_izqfin": 500.0, "com_par": 15.0, "long": "143.026.406.141.825.000", "nomanter": null, "tipo_c": "CALLE", "alt_derfin": 499.0, "alt_derini": 401.0, "alt_izqini": 402.0, "codigo": 21024.0, "barrio_imp": "VILLA CRESPO", "nomoficial": "THAMES", "id_street": 8173.0, "nom_mapa": "THAMES", "tipo_ffcc": "Sin Iteracción", "id": 8173.0, "barrio_par": "VILLA CRESPO", "observa": null, "bicisenda": null, "red_jerarq": "VÍA DISTRIBUIDORA COMPLEMENTARIA", "cuadra": "THAMES 401-500", "comuna": 15.0, "EMPRESA": "METROTEL", "com_impar": 15.0, "barrio": "VILLA CRESPO", "hasta": 500.0, "desde": 401.0, "longitud_m": 143.02177048472498 }, "geometry": { "type": "LineString", "coordinates": [ [ -58.444648719101501, -34.596377203877999 ], [ -58.443539371030099, -34.595471310375899 ] ] } },
{ "type": "Feature", "properties": { "sentido": "DECRECIENTE", "alt_izqfin": 1100.0, "com_par": 1.0, "long": "142.674.625.231.814.000", "nomanter": null, "tipo_c": "CALLE", "alt_derfin": 1099.0, "alt_derini": 1001.0, "alt_izqini": 1002.0, "codigo": 20123.0, "barrio_imp": "RETIRO", "nomoficial": "SUIPACHA", "id_street": 8210.0, "nom_mapa": "SUIPACHA", "tipo_ffcc": "Sin Iteracción", "id": 8210.0, "barrio_par": "RETIRO", "observa": null, "bicisenda": null, "red_jerarq": "VÍA DISTRIBUIDORA COMPLEMENTARIA", "cuadra": "SUIPACHA 1001-1100", "comuna": 1.0, "EMPRESA": "METROTEL", "com_impar": 1.0, "barrio": "RETIRO", "hasta": 1100.0, "desde": 1001.0, "longitud_m": 142.63880415071725 }, "geometry": { "type": "LineString", "coordinates": [ [ -58.379904606741803, -34.596512599645799 ], [ -58.379957838437498, -34.595227545217703 ] ] } },
{ "type": "Feature", "properties": { "sentido": "DOBLE", "alt_izqfin": 4900.0, "com_par": 15.0, "long": "220.274.292.996.906.000", "nomanter": "USHUAIA - CHACARITA CHACARITA", "tipo_c": "AVENIDA", "alt_derfin": 4899.0, "alt_derini": 4801.0, "alt_izqini": 4802.0, "codigo": 14019.0, "barrio_imp": "CHACARITA", "nomoficial": "NEWBERY, JORGE AV.", "id_street": 8245.0, "nom_mapa": "AV. JORGE NEWBERY", "tipo_ffcc": "Tren Elevado - Paso a Nivel Sin Vías", "id": 8245.0, "barrio_par": "CHACARITA", "observa": "Rehabilitación de Paso a nivel sin vías bajo Elevación de las Vías del FFCC en Septiembre de 2019 (Viaducto San Martín). Antes Paso a nivel", "bicisenda": null, "red_jerarq": "VÍA DISTRIBUIDORA COMPLEMENTARIA", "cuadra": "NEWBERY, JORGE AV. 4801-4900", "comuna": 15.0, "EMPRESA": "METROTEL", "com_impar": 15.0, "barrio": "CHACARITA", "hasta": 4900.0, "desde": 4801.0, "longitud_m": 220.2674674598523 }, "geometry": { "type": "LineString", "coordinates": [ [ -58.457693249483903, -34.595183974007497 ], [ -58.4592759571089, -34.596677159276098 ] ] } },
{ "type": "Feature", "properties": { "sentido": "DECRECIENTE", "alt_izqfin": 4800.0, "com_par": 11.0, "long": "96.052.461.784.518.300", "nomanter": "VIENA (parcial)", "tipo_c": "CALLE", "alt_derfin": 4799.0, "alt_derini": 4701.0, "alt_izqini": 4702.0, "codigo": 20021.0, "barrio_imp": "VILLA DEVOTO", "nomoficial": "SANABRIA", "id_street": 8288.0, "nom_mapa": "SANABRIA", "tipo_ffcc": "Sin Iteracción", "id": 8288.0, "barrio_par": "VILLA DEVOTO", "observa": "corrección altura 7-1-03", "bicisenda": null, "red_jerarq": "VÍA LOCAL", "cuadra": "SANABRIA 4701-4800", "comuna": 11.0, "EMPRESA": "METROTEL", "com_impar": 11.0, "barrio": "VILLA DEVOTO", "hasta": 4800.0, "desde": 4701.0, "longitud_m": 96.049408234053587 }, "geometry": { "type": "LineString", "coordinates": [ [ -58.519823977594697, -34.596864207973098 ], [ -58.520448501739402, -34.596169258122003 ] ] } },
{ "type": "Feature", "properties": { "sentido": "CRECIENTE", "alt_izqfin": 500.0, "com_par": 15.0, "long": "140.972.439.710.896.000", "nomanter": null, "tipo_c": "CALLE", "alt_derfin": 499.0, "alt_derini": 401.0, "alt_izqini": 402.0, "codigo": 20090.0, "barrio_imp": "VILLA CRESPO", "nomoficial": "SERRANO", "id_street": 8368.0, "nom_mapa": "SERRANO", "tipo_ffcc": "Sin Iteracción", "id": 8368.0, "barrio_par": "VILLA CRESPO", "observa": null, "bicisenda": null, "red_jerarq": "VÍA DISTRIBUIDORA COMPLEMENTARIA", "cuadra": "SERRANO 401-500", "comuna": 15.0, "EMPRESA": "METROTEL", "com_impar": 15.0, "barrio": "VILLA CRESPO", "hasta": 500.0, "desde": 401.0, "longitud_m": 140.96786701619504 }, "geometry": { "type": "LineString", "coordinates": [ [ -58.443686281468402, -34.597243264070002 ], [ -58.442591661707198, -34.596351378758399 ] ] } },
{ "type": "Feature", "properties": { "sentido": "CRECIENTE", "alt_izqfin": 1000.0, "com_par": 15.0, "long": "130.484.514.601.272.000", "nomanter": null, "tipo_c": "CALLE", "alt_derfin": 999.0, "alt_derini": 901.0, "alt_izqini": 902.0, "codigo": 3033.0, "barrio_imp": "VILLA CRESPO", "nomoficial": "CAMARGO", "id_street": 8369.0, "nom_mapa": "CAMARGO", "tipo_ffcc": "Sin Iteracción", "id": 8369.0, "barrio_par": "VILLA CRESPO", "observa": null, "bicisenda": null, "red_jerarq": "VÍA LOCAL", "cuadra": "CAMARGO 901-1000", "comuna": 15.0, "EMPRESA": "METROTEL", "com_impar": 15.0, "barrio": "VILLA CRESPO", "hasta": 1000.0, "desde": 901.0, "longitud_m": 130.48040769465899 }, "geometry": { "type": "LineString", "coordinates": [ [ -58.443686281468402, -34.597243264070002 ], [ -58.444648719101501, -34.596377203877999 ] ] } },
{ "type": "Feature", "properties": { "sentido": "PEATONAL", "alt_izqfin": 1000.0, "com_par": 1.0, "long": "139.222.413.971.202.000", "nomanter": null, "tipo_c": "CALLE", "alt_derfin": 999.0, "alt_derini": 901.0, "alt_izqini": 902.0, "codigo": 6036.0, "barrio_imp": "RETIRO", "nomoficial": "FLORIDA", "id_street": 8431.0, "nom_mapa": "FLORIDA", "tipo_ffcc": "Sin Iteracción", "id": 8431.0, "barrio_par": "RETIRO", "observa": null, "bicisenda": null, "red_jerarq": "VÍA DISTRIBUIDORA COMPLEMENTARIA", "cuadra": "FLORIDA 901-1000", "comuna": 1.0, "EMPRESA": "METROTEL", "com_impar": 1.0, "barrio": "RETIRO", "hasta": 1000.0, "desde": 901.0, "longitud_m": 139.2189195216163 }, "geometry": { "type": "LineString", "coordinates": [ [ -58.375405613696898, -34.597499246205899 ], [ -58.3754175806367, -34.596244305612302 ] ] } },
{ "type": "Feature", "properties": { "sentido": "DECRECIENTE", "alt_izqfin": 700.0, "com_par": 15.0, "long": "124.780.825.662.523.000", "nomanter": null, "tipo_c": "CALLE", "alt_derfin": 699.0, "alt_derini": 601.0, "alt_izqini": 602.0, "codigo": 13016.0, "barrio_imp": "VILLA CRESPO", "nomoficial": "MALABIA", "id_street": 8433.0, "nom_mapa": "MALABIA", "tipo_ffcc": "Sin Iteracción", "id": 8433.0, "barrio_par": "VILLA CRESPO", "observa": null, "bicisenda": null, "red_jerarq": "VÍA LOCAL", "cuadra": "MALABIA 601-700", "comuna": 15.0, "EMPRESA": "METROTEL", "com_impar": 15.0, "barrio": "VILLA CRESPO", "hasta": 700.0, "desde": 601.0, "longitud_m": 124.77648738223255 }, "geometry": { "type": "LineString", "coordinates": [ [ -58.437484361354599, -34.597539297438601 ], [ -58.436407877521503, -34.596851730025399 ] ] } },
{ "type": "Feature", "properties": { "sentido": "DECRECIENTE", "alt_izqfin": 700.0, "com_par": 1.0, "long": "137.816.050.990.792.000", "nomanter": null, "tipo_c": "CALLE", "alt_derfin": 699.0, "alt_derini": 601.0, "alt_izqini": 602.0, "codigo": 17017.0, "barrio_imp": "RETIRO", "nomoficial": "PARAGUAY", "id_street": 8442.0, "nom_mapa": "PARAGUAY", "tipo_ffcc": "Sin Iteracción", "id": 8442.0, "barrio_par": "RETIRO", "observa": null, "bicisenda": null, "red_jerarq": "VÍA DISTRIBUIDORA COMPLEMENTARIA", "cuadra": "PARAGUAY 601-700", "comuna": 1.0, "EMPRESA": "METROTEL", "com_impar": 1.0, "barrio": "RETIRO", "hasta": 700.0, "desde": 601.0, "longitud_m": 137.81017750057427 }, "geometry": { "type": "LineString", "coordinates": [ [ -58.375405613696898, -34.597499246205899 ], [ -58.376904378581898, -34.597584402373698 ] ] } },
{ "type": "Feature", "properties": { "sentido": "DECRECIENTE", "alt_izqfin": 1000.0, "com_par": 1.0, "long": "144.930.314.855.161.000", "nomanter": null, "tipo_c": "CALLE", "alt_derfin": 999.0, "alt_derini": 901.0, "alt_izqini": 902.0, "codigo": 13014.0, "barrio_imp": "RETIRO", "nomoficial": "MAIPU", "id_street": 8443.0, "nom_mapa": "MAIPU", "tipo_ffcc": "Sin Iteracción", "id": 8443.0, "barrio_par": "RETIRO", "observa": null, "bicisenda": null, "red_jerarq": "VÍA DISTRIBUIDORA COMPLEMENTARIA", "cuadra": "MAIPU 901-1000", "comuna": 1.0, "EMPRESA": "METROTEL", "com_impar": 1.0, "barrio": "RETIRO", "hasta": 1000.0, "desde": 901.0, "longitud_m": 144.9124807399846 }, "geometry": { "type": "LineString", "coordinates": [ [ -58.376904378581898, -34.597584402373698 ], [ -58.376958189365403, -34.596278856646698 ] ] } },
{ "type": "Feature", "properties": { "sentido": "CRECIENTE", "alt_izqfin": 1200.0, "com_par": 15.0, "long": "90.011.155.453.482.000", "nomanter": null, "tipo_c": "CALLE", "alt_derfin": 1199.0, "alt_derini": 1101.0, "alt_izqini": 1102.0, "codigo": 13141.0, "barrio_imp": "VILLA CRESPO", "nomoficial": "MUÑECAS", "id_street": 8485.0, "nom_mapa": "MUÑECAS", "tipo_ffcc": "Sin Iteracción", "id": 8485.0, "barrio_par": "VILLA CRESPO", "observa": null, "bicisenda": null, "red_jerarq": "VÍA LOCAL", "cuadra": "MUÑECAS 1101-1200", "comuna": 15.0, "EMPRESA": "METROTEL", "com_impar": 15.0, "barrio": "VILLA CRESPO", "hasta": 1200.0, "desde": 1101.0, "longitud_m": 90.008325452960861 }, "geometry": { "type": "LineString", "coordinates": [ [ -58.448773898256, -34.597852107001401 ], [ -58.449437176116199, -34.597254193929203 ] ] } },
{ "type": "Feature", "properties": { "sentido": "CRECIENTE", "alt_izqfin": 400.0, "com_par": 15.0, "long": "129.642.514.866.090.000", "nomanter": null, "tipo_c": "CALLE", "alt_derfin": 399.0, "alt_derini": 301.0, "alt_izqini": 302.0, "codigo": 20090.0, "barrio_imp": "VILLA CRESPO", "nomoficial": "SERRANO", "id_street": 8558.0, "nom_mapa": "SERRANO", "tipo_ffcc": "Sin Iteracción", "id": 8558.0, "barrio_par": "VILLA CRESPO", "observa": null, "bicisenda": null, "red_jerarq": "VÍA DISTRIBUIDORA COMPLEMENTARIA", "cuadra": "SERRANO 301-400", "comuna": 15.0, "EMPRESA": "METROTEL", "com_impar": 15.0, "barrio": "VILLA CRESPO", "hasta": 400.0, "desde": 301.0, "longitud_m": 129.63817241610056 }, "geometry": { "type": "LineString", "coordinates": [ [ -58.444693478529302, -34.598063012317397 ], [ -58.443686281468402, -34.597243264070002 ] ] } },
{ "type": "Feature", "properties": { "sentido": "DECRECIENTE", "alt_izqfin": 1000.0, "com_par": 15.0, "long": "130.273.984.469.126.000", "nomanter": null, "tipo_c": "CALLE", "alt_derfin": 999.0, "alt_derini": 901.0, "alt_izqini": 902.0, "codigo": 17003.0, "barrio_imp": "VILLA CRESPO", "nomoficial": "PADILLA", "id_street": 8559.0, "nom_mapa": "PADILLA", "tipo_ffcc": "Sin Iteracción", "id": 8559.0, "barrio_par": "VILLA CRESPO", "observa": "corrección altura 13-1-03", "bicisenda": null, "red_jerarq": "VÍA LOCAL", "cuadra": "PADILLA 901-1000", "comuna": 15.0, "EMPRESA": "METROTEL", "com_impar": 15.0, "barrio": "VILLA CRESPO", "hasta": 1000.0, "desde": 901.0, "longitud_m": 130.26986834122408 }, "geometry": { "type": "LineString", "coordinates": [ [ -58.444693478529302, -34.598063012317397 ], [ -58.445651401773297, -34.597196098561597 ] ] } },
{ "type": "Feature", "properties": { "sentido": "CRECIENTE", "alt_izqfin": 900.0, "com_par": 15.0, "long": "129.533.320.647.748.000", "nomanter": null, "tipo_c": "CALLE", "alt_derfin": 899.0, "alt_derini": 801.0, "alt_izqini": 802.0, "codigo": 3033.0, "barrio_imp": "VILLA CRESPO", "nomoficial": "CAMARGO", "id_street": 8569.0, "nom_mapa": "CAMARGO", "tipo_ffcc": "Sin Iteracción", "id": 8569.0, "barrio_par": "VILLA CRESPO", "observa": null, "bicisenda": null, "red_jerarq": "VÍA LOCAL", "cuadra": "CAMARGO 801-900", "comuna": 15.0, "EMPRESA": "METROTEL", "com_impar": 15.0, "barrio": "VILLA CRESPO", "hasta": 900.0, "desde": 801.0, "longitud_m": 129.52924301849609 }, "geometry": { "type": "LineString", "coordinates": [ [ -58.4427308087649, -34.598102979589399 ], [ -58.443686281468402, -34.597243264070002 ] ] } },
{ "type": "Feature", "properties": { "sentido": "DECRECIENTE", "alt_izqfin": 600.0, "com_par": 15.0, "long": "116.336.327.830.473.000", "nomanter": null, "tipo_c": "CALLE", "alt_derfin": 599.0, "alt_derini": 501.0, "alt_izqini": 502.0, "codigo": 13016.0, "barrio_imp": "VILLA CRESPO", "nomoficial": "MALABIA", "id_street": 8589.0, "nom_mapa": "MALABIA", "tipo_ffcc": "Sin Iteracción", "id": 8589.0, "barrio_par": "VILLA CRESPO", "observa": null, "bicisenda": null, "red_jerarq": "VÍA LOCAL", "cuadra": "MALABIA 501-600", "comuna": 15.0, "EMPRESA": "METROTEL", "com_impar": 15.0, "barrio": "VILLA CRESPO", "hasta": 600.0, "desde": 501.0, "longitud_m": 116.33228383615528 }, "geometry": { "type": "LineString", "coordinates": [ [ -58.438487977330503, -34.598180360878203 ], [ -58.437484361354599, -34.597539297438601 ] ] } },
{ "type": "Feature", "properties": { "sentido": "CRECIENTE", "alt_izqfin": 1100.0, "com_par": 15.0, "long": "149.562.985.170.531.000", "nomanter": null, "tipo_c": "CALLE", "alt_derfin": 1099.0, "alt_derini": 1001.0, "alt_izqini": 1002.0, "codigo": 13141.0, "barrio_imp": "VILLA CRESPO", "nomoficial": "MUÑECAS", "id_street": 8745.0, "nom_mapa": "MUÑECAS", "tipo_ffcc": "Sin Iteracción", "id": 8745.0, "barrio_par": "VILLA CRESPO", "observa": null, "bicisenda": null, "red_jerarq": "VÍA LOCAL", "cuadra": "MUÑECAS 1001-1100", "comuna": 15.0, "EMPRESA": "METROTEL", "com_impar": 15.0, "barrio": "VILLA CRESPO", "hasta": 1100.0, "desde": 1001.0, "longitud_m": 149.55828244133423 }, "geometry": { "type": "LineString", "coordinates": [ [ -58.447671812731102, -34.598845625565602 ], [ -58.448773898256, -34.597852107001401 ] ] } },
{ "type": "Feature", "properties": { "sentido": "CRECIENTE", "alt_izqfin": 900.0, "com_par": 1.0, "long": "138.858.519.845.571.000", "nomanter": null, "tipo_c": "CALLE", "alt_derfin": 899.0, "alt_derini": 801.0, "alt_izqini": 802.0, "codigo": 5072.0, "barrio_imp": "RETIRO", "nomoficial": "ESMERALDA", "id_street": 8759.0, "nom_mapa": "ESMERALDA", "tipo_ffcc": "Sin Iteracción", "id": 8759.0, "barrio_par": "RETIRO", "observa": null, "bicisenda": null, "red_jerarq": "VÍA DISTRIBUIDORA COMPLEMENTARIA", "cuadra": "ESMERALDA 801-900", "comuna": 1.0, "EMPRESA": "METROTEL", "com_impar": 1.0, "barrio": "RETIRO", "hasta": 900.0, "desde": 801.0, "longitud_m": 138.8552720471119 }, "geometry": { "type": "LineString", "coordinates": [ [ -58.378282997897699, -34.598908278429597 ], [ -58.378365941929303, -34.597658457736301 ] ] } },
{ "type": "Feature", "properties": { "sentido": "CRECIENTE", "alt_izqfin": 800.0, "com_par": 15.0, "long": "130.253.128.865.058.000", "nomanter": null, "tipo_c": "CALLE", "alt_derfin": 799.0, "alt_derini": 701.0, "alt_izqini": 702.0, "codigo": 3033.0, "barrio_imp": "VILLA CRESPO", "nomoficial": "CAMARGO", "id_street": 8766.0, "nom_mapa": "CAMARGO", "tipo_ffcc": "Sin Iteracción", "id": 8766.0, "barrio_par": "VILLA CRESPO", "observa": null, "bicisenda": null, "red_jerarq": "VÍA LOCAL", "cuadra": "CAMARGO 701-800", "comuna": 15.0, "EMPRESA": "METROTEL", "com_impar": 15.0, "barrio": "VILLA CRESPO", "hasta": 800.0, "desde": 701.0, "longitud_m": 130.24902331794587 }, "geometry": { "type": "LineString", "coordinates": [ [ -58.441771227045798, -34.598968391091802 ], [ -58.4427308087649, -34.598102979589399 ] ] } },
{ "type": "Feature", "properties": { "sentido": "DECRECIENTE", "alt_izqfin": 500.0, "com_par": 15.0, "long": "146.568.793.164.477.000", "nomanter": null, "tipo_c": "CALLE", "alt_derfin": 499.0, "alt_derini": 401.0, "alt_izqini": 402.0, "codigo": 13016.0, "barrio_imp": "VILLA CRESPO", "nomoficial": "MALABIA", "id_street": 8767.0, "nom_mapa": "MALABIA", "tipo_ffcc": "Sin Iteracción", "id": 8767.0, "barrio_par": "VILLA CRESPO", "observa": null, "bicisenda": null, "red_jerarq": "VÍA LOCAL", "cuadra": "MALABIA 401-500", "comuna": 15.0, "EMPRESA": "METROTEL", "com_impar": 15.0, "barrio": "VILLA CRESPO", "hasta": 500.0, "desde": 401.0, "longitud_m": 146.56366299534636 }, "geometry": { "type": "LineString", "coordinates": [ [ -58.4397651959356, -34.598974147530001 ], [ -58.438487977330503, -34.598180360878203 ] ] } },
{ "type": "Feature", "properties": { "sentido": "DECRECIENTE", "alt_izqfin": 800.0, "com_par": 1.0, "long": "128.260.689.681.684.000", "nomanter": null, "tipo_c": "CALLE", "alt_derfin": 799.0, "alt_derini": 701.0, "alt_izqini": 702.0, "codigo": 23024.0, "barrio_imp": "SAN NICOLAS", "nomoficial": "25 DE MAYO", "id_street": 8922.0, "nom_mapa": "25 DE MAYO", "tipo_ffcc": "Sin Iteracción", "id": 8922.0, "barrio_par": "SAN NICOLAS", "observa": null, "bicisenda": null, "red_jerarq": "VÍA DISTRIBUIDORA COMPLEMENTARIA", "cuadra": "25 DE MAYO 701-800", "comuna": 1.0, "EMPRESA": "METROTEL", "com_impar": 1.0, "barrio": "SAN NICOLAS", "hasta": 800.0, "desde": 701.0, "longitud_m": 128.25757321881483 }, "geometry": { "type": "LineString", "coordinates": [ [ -58.371393815373096, -34.599570477300396 ], [ -58.371484166735598, -34.598416724897398 ] ] } },
{ "type": "Feature", "properties": { "sentido": "DECRECIENTE", "alt_izqfin": 1100.0, "com_par": 15.0, "long": "160.039.266.230.254.000", "nomanter": null, "tipo_c": "CALLE", "alt_derfin": 1099.0, "alt_derini": 1001.0, "alt_izqini": 1002.0, "codigo": 13043.0, "barrio_imp": "VILLA CRESPO", "nomoficial": "MARTINEZ ROSAS", "id_street": 8932.0, "nom_mapa": "MARTINEZ ROSAS", "tipo_ffcc": "Sin Iteracción", "id": 8932.0, "barrio_par": "VILLA CRESPO", "observa": null, "bicisenda": null, "red_jerarq": "VÍA LOCAL", "cuadra": "MARTINEZ ROSAS 1001-1100", "comuna": 15.0, "EMPRESA": "METROTEL", "com_impar": 15.0, "barrio": "VILLA CRESPO", "hasta": 1100.0, "desde": 1001.0, "longitud_m": 160.03389649629369 }, "geometry": { "type": "LineString", "coordinates": [ [ -58.448678983292403, -34.599664425198 ], [ -58.449859696920001, -34.598602397510703 ] ] } },
{ "type": "Feature", "properties": { "sentido": "CRECIENTE", "alt_izqfin": 1000.0, "com_par": 15.0, "long": "129.980.530.413.155.000", "nomanter": null, "tipo_c": "CALLE", "alt_derfin": 999.0, "alt_derini": 901.0, "alt_izqini": 902.0, "codigo": 13141.0, "barrio_imp": "VILLA CRESPO", "nomoficial": "MUÑECAS", "id_street": 8945.0, "nom_mapa": "MUÑECAS", "tipo_ffcc": "Sin Iteracción", "id": 8945.0, "barrio_par": "VILLA CRESPO", "observa": null, "bicisenda": null, "red_jerarq": "VÍA LOCAL", "cuadra": "MUÑECAS 901-1000", "comuna": 15.0, "EMPRESA": "METROTEL", "com_impar": 15.0, "barrio": "VILLA CRESPO", "hasta": 1000.0, "desde": 901.0, "longitud_m": 129.97644283954205 }, "geometry": { "type": "LineString", "coordinates": [ [ -58.446713977391497, -34.599709033777003 ], [ -58.447671812731102, -34.598845625565602 ] ] } },
{ "type": "Feature", "properties": { "sentido": "CRECIENTE", "alt_izqfin": 300.0, "com_par": 15.0, "long": "130.301.319.493.804.000", "nomanter": null, "tipo_c": "CALLE", "alt_derfin": 299.0, "alt_derini": 201.0, "alt_izqini": 202.0, "codigo": 1003.0, "barrio_imp": "VILLA CRESPO", "nomoficial": "ACEVEDO", "id_street": 8968.0, "nom_mapa": "ACEVEDO", "tipo_ffcc": "Sin Iteracción", "id": 8968.0, "barrio_par": "VILLA CRESPO", "observa": "corrección altura 13-1-03", "bicisenda": null, "red_jerarq": "VÍA LOCAL", "cuadra": "ACEVEDO 201-300", "comuna": 15.0, "EMPRESA": "METROTEL", "com_impar": 15.0, "barrio": "VILLA CRESPO", "hasta": 300.0, "desde": 201.0, "longitud_m": 130.29547227252309 }, "geometry": { "type": "LineString", "coordinates": [ [ -58.442783449764498, -34.599792381176499 ], [ -58.441771227045798, -34.598968391091802 ] ] } },
{ "type": "Feature", "properties": { "sentido": "DECRECIENTE", "alt_izqfin": 1000.0, "com_par": 15.0, "long": "147.260.619.740.376.000", "nomanter": null, "tipo_c": "AVENIDA", "alt_derfin": 999.0, "alt_derini": 917.0, "alt_izqini": 902.0, "codigo": 24002.0, "barrio_imp": "VILLA CRESPO", "nomoficial": "WARNES AV.", "id_street": 8977.0, "nom_mapa": "AV. WARNES", "tipo_ffcc": "Sin Iteracción", "id": 8977.0, "barrio_par": "VILLA CRESPO", "observa": null, "bicisenda": null, "red_jerarq": "VÍA DISTRIBUIDORA COMPLEMENTARIA", "cuadra": "WARNES AV. 917-1000", "comuna": 15.0, "EMPRESA": "METROTEL", "com_impar": 15.0, "barrio": "VILLA CRESPO", "hasta": 1000.0, "desde": 917.0, "longitud_m": 147.25043213732198 }, "geometry": { "type": "LineString", "coordinates": [ [ -58.449397318129598, -34.599823173601202 ], [ -58.450876925697997, -34.5993083784333 ] ] } },
{ "type": "Feature", "properties": { "sentido": "CRECIENTE", "alt_izqfin": 900.0, "com_par": 15.0, "long": "130.312.632.291.044.000", "nomanter": null, "tipo_c": "CALLE", "alt_derfin": 899.0, "alt_derini": 801.0, "alt_izqini": 802.0, "codigo": 13141.0, "barrio_imp": "VILLA CRESPO", "nomoficial": "MUÑECAS", "id_street": 9166.0, "nom_mapa": "MUÑECAS", "tipo_ffcc": "Sin Iteracción", "id": 9166.0, "barrio_par": "VILLA CRESPO", "observa": null, "bicisenda": null, "red_jerarq": "VÍA LOCAL", "cuadra": "MUÑECAS 801-900", "comuna": 15.0, "EMPRESA": "METROTEL", "com_impar": 15.0, "barrio": "VILLA CRESPO", "hasta": 900.0, "desde": 801.0, "longitud_m": 130.308533917918 }, "geometry": { "type": "LineString", "coordinates": [ [ -58.445753737126203, -34.600574687554001 ], [ -58.446713977391497, -34.599709033777003 ] ] } },
{ "type": "Feature", "properties": { "sentido": "DECRECIENTE", "alt_izqfin": 700.0, "com_par": 1.0, "long": "130.200.779.137.493.000", "nomanter": null, "tipo_c": "CALLE", "alt_derfin": 699.0, "alt_derini": 601.0, "alt_izqini": 602.0, "codigo": 23024.0, "barrio_imp": "SAN NICOLAS", "nomoficial": "25 DE MAYO", "id_street": 9226.0, "nom_mapa": "25 DE MAYO", "tipo_ffcc": "Sin Iteracción", "id": 9226.0, "barrio_par": "SAN NICOLAS", "observa": null, "bicisenda": null, "red_jerarq": "VÍA DISTRIBUIDORA COMPLEMENTARIA", "cuadra": "25 DE MAYO 601-700", "comuna": 1.0, "EMPRESA": "METROTEL", "com_impar": 1.0, "barrio": "SAN NICOLAS", "hasta": 700.0, "desde": 601.0, "longitud_m": 130.19285275065209 }, "geometry": { "type": "LineString", "coordinates": [ [ -58.371273125376, -34.600739840574398 ], [ -58.371393815373096, -34.599570477300396 ] ] } },
{ "type": "Feature", "properties": { "sentido": "CRECIENTE", "alt_izqfin": 800.0, "com_par": 15.0, "long": "107.785.279.886.185.000", "nomanter": null, "tipo_c": "CALLE", "alt_derfin": 799.0, "alt_derini": 701.0, "alt_izqini": 702.0, "codigo": 13141.0, "barrio_imp": "VILLA CRESPO", "nomoficial": "MUÑECAS", "id_street": 9380.0, "nom_mapa": "MUÑECAS", "tipo_ffcc": "Sin Iteracción", "id": 9380.0, "barrio_par": "VILLA CRESPO", "observa": null, "bicisenda": null, "red_jerarq": "VÍA LOCAL", "cuadra": "MUÑECAS 701-800", "comuna": 15.0, "EMPRESA": "METROTEL", "com_impar": 15.0, "barrio": "VILLA CRESPO", "hasta": 800.0, "desde": 701.0, "longitud_m": 107.78188943832765 }, "geometry": { "type": "LineString", "coordinates": [ [ -58.444959413524799, -34.601290638097304 ], [ -58.445753737126203, -34.600574687554001 ] ] } },
{ "type": "Feature", "properties": { "sentido": "DECRECIENTE", "alt_izqfin": 800.0, "com_par": 3.0, "long": "86.773.851.083.170.500", "nomanter": "LAPRIDA (parcial)", "tipo_c": "CALLE", "alt_derfin": 799.0, "alt_derini": 751.0, "alt_izqini": 752.0, "codigo": 1022.0, "barrio_imp": "BALVANERA", "nomoficial": "AGUERO", "id_street": 9386.0, "nom_mapa": "AGUERO", "tipo_ffcc": "Sin Iteracción", "id": 9386.0, "barrio_par": "BALVANERA", "observa": null, "bicisenda": null, "red_jerarq": "VÍA LOCAL", "cuadra": "AGUERO 751-800", "comuna": 3.0, "EMPRESA": "METROTEL", "com_impar": 3.0, "barrio": "BALVANERA", "hasta": 800.0, "desde": 751.0, "longitud_m": 86.771803567933858 }, "geometry": { "type": "LineString", "coordinates": [ [ -58.411048607752498, -34.601294420598599 ], [ -58.410865131441597, -34.600527076668499 ] ] } },
{ "type": "Feature", "properties": { "sentido": "CRECIENTE", "alt_izqfin": 1710.0, "com_par": 15.0, "long": "30.173.004.773.871.200", "nomanter": null, "tipo_c": "CALLE", "alt_derfin": 1709.0, "alt_derini": 1701.0, "alt_izqini": 1702.0, "codigo": 1007.0, "barrio_imp": "VILLA CRESPO", "nomoficial": "ACOYTE", "id_street": 9441.0, "nom_mapa": "ACOYTE", "tipo_ffcc": "Sin Iteracción", "id": 9441.0, "barrio_par": "VILLA CRESPO", "observa": null, "bicisenda": null, "red_jerarq": "VÍA LOCAL", "cuadra": "ACOYTE 1701-1710", "comuna": 15.0, "EMPRESA": "METROTEL", "com_impar": 15.0, "barrio": "VILLA CRESPO", "hasta": 1710.0, "desde": 1701.0, "longitud_m": 30.172019840255839 }, "geometry": { "type": "LineString", "coordinates": [ [ -58.444722609987501, -34.601479407980399 ], [ -58.444959413524799, -34.601290638097304 ] ] } },
{ "type": "Feature", "properties": { "sentido": "CRECIENTE", "alt_izqfin": 1678.0, "com_par": 1.0, "long": "125.896.569.255.183.000", "nomanter": null, "tipo_c": "CALLE", "alt_derfin": 1679.0, "alt_derini": 1601.0, "alt_izqini": 1602.0, "codigo": 21060.0, "barrio_imp": "SAN NICOLAS", "nomoficial": "TUCUMAN", "id_street": 9549.0, "nom_mapa": "TUCUMAN", "tipo_ffcc": "Sin Iteracción", "id": 9549.0, "barrio_par": "SAN NICOLAS", "observa": null, "bicisenda": null, "red_jerarq": "VÍA DISTRIBUIDORA COMPLEMENTARIA", "cuadra": "TUCUMAN 1601-1678", "comuna": 1.0, "EMPRESA": "METROTEL", "com_impar": 1.0, "barrio": "SAN NICOLAS", "hasta": 1678.0, "desde": 1601.0, "longitud_m": 125.87478882716552 }, "geometry": { "type": "LineString", "coordinates": [ [ -58.389532165168603, -34.601798951219401 ], [ -58.390900116773103, -34.601888785982602 ] ] } },
{ "type": "Feature", "properties": { "sentido": "DECRECIENTE", "alt_izqfin": 750.0, "com_par": 3.0, "long": "86.587.201.309.932.700", "nomanter": "LAPRIDA (parcial)", "tipo_c": "CALLE", "alt_derfin": 749.0, "alt_derini": 701.0, "alt_izqini": 702.0, "codigo": 1022.0, "barrio_imp": "BALVANERA", "nomoficial": "AGUERO", "id_street": 9589.0, "nom_mapa": "AGUERO", "tipo_ffcc": "Sin Iteracción", "id": 9589.0, "barrio_par": "BALVANERA", "observa": null, "bicisenda": null, "red_jerarq": "VÍA LOCAL", "cuadra": "AGUERO 701-750", "comuna": 3.0, "EMPRESA": "METROTEL", "com_impar": 3.0, "barrio": "BALVANERA", "hasta": 750.0, "desde": 701.0, "longitud_m": 86.584773504446247 }, "geometry": { "type": "LineString", "coordinates": [ [ -58.411232769906199, -34.6020599334366 ], [ -58.411048607752498, -34.601294420598599 ] ] } },
{ "type": "Feature", "properties": { "sentido": "CRECIENTE", "alt_izqfin": 1700.0, "com_par": 15.0, "long": "111.346.787.339.320.000", "nomanter": null, "tipo_c": "CALLE", "alt_derfin": 1699.0, "alt_derini": 1601.0, "alt_izqini": 1602.0, "codigo": 1007.0, "barrio_imp": "VILLA CRESPO", "nomoficial": "ACOYTE", "id_street": 9671.0, "nom_mapa": "ACOYTE", "tipo_ffcc": "Sin Iteracción", "id": 9671.0, "barrio_par": "VILLA CRESPO", "observa": null, "bicisenda": null, "red_jerarq": "VÍA LOCAL", "cuadra": "ACOYTE 1601-1700", "comuna": 15.0, "EMPRESA": "METROTEL", "com_impar": 15.0, "barrio": "VILLA CRESPO", "hasta": 1700.0, "desde": 1601.0, "longitud_m": 111.34345997912105 }, "geometry": { "type": "LineString", "coordinates": [ [ -58.443978840188201, -34.6022726144096 ], [ -58.444722609987501, -34.601479407980399 ] ] } },
{ "type": "Feature", "properties": { "sentido": "PEATONAL", "alt_izqfin": 800.0, "com_par": 1.0, "long": "129.788.191.772.539.000", "nomanter": "LAVALLE, Gral. - RIO DE JANEIRO (parcial)", "tipo_c": "CALLE", "alt_derfin": 799.0, "alt_derini": 701.0, "alt_izqini": 702.0, "codigo": 12089.0, "barrio_imp": "SAN NICOLAS", "nomoficial": "LAVALLE", "id_street": 9708.0, "nom_mapa": "LAVALLE", "tipo_ffcc": "Sin Iteracción", "id": 9708.0, "barrio_par": "SAN NICOLAS", "observa": null, "bicisenda": null, "red_jerarq": "VÍA DISTRIBUIDORA COMPLEMENTARIA", "cuadra": "LAVALLE 701-800", "comuna": 1.0, "EMPRESA": "METROTEL", "com_impar": 1.0, "barrio": "SAN NICOLAS", "hasta": 800.0, "desde": 701.0, "longitud_m": 129.78261380401409 }, "geometry": { "type": "LineString", "coordinates": [ [ -58.376706760552402, -34.6023020098378 ], [ -58.378118580838702, -34.602378779377602 ] ] } },
{ "type": "Feature", "properties": { "sentido": "PEATONAL", "alt_izqfin": 1000.0, "com_par": 1.0, "long": "137.606.022.485.575.000", "nomanter": "LAVALLE, Gral. - RIO DE JANEIRO (parcial)", "tipo_c": "CALLE", "alt_derfin": 999.0, "alt_derini": 901.0, "alt_izqini": 902.0, "codigo": 12089.0, "barrio_imp": "SAN NICOLAS", "nomoficial": "LAVALLE", "id_street": 9737.0, "nom_mapa": "LAVALLE", "tipo_ffcc": "Sin Iteracción", "id": 9737.0, "barrio_par": "SAN NICOLAS", "observa": null, "bicisenda": null, "red_jerarq": "VÍA DISTRIBUIDORA COMPLEMENTARIA", "cuadra": "LAVALLE 901-1000", "comuna": 1.0, "EMPRESA": "METROTEL", "com_impar": 1.0, "barrio": "SAN NICOLAS", "hasta": 1000.0, "desde": 901.0, "longitud_m": 137.59685586498892 }, "geometry": { "type": "LineString", "coordinates": [ [ -58.379541136934797, -34.602453427245599 ], [ -58.381039250223303, -34.602516630448797 ] ] } },
{ "type": "Feature", "properties": { "sentido": "CRECIENTE", "alt_izqfin": 1600.0, "com_par": 15.0, "long": "83.258.026.177.593.100", "nomanter": null, "tipo_c": "CALLE", "alt_derfin": 1599.0, "alt_derini": 1501.0, "alt_izqini": 1502.0, "codigo": 1007.0, "barrio_imp": "VILLA CRESPO", "nomoficial": "ACOYTE", "id_street": 9816.0, "nom_mapa": "ACOYTE", "tipo_ffcc": "Sin Iteracción", "id": 9816.0, "barrio_par": "VILLA CRESPO", "observa": null, "bicisenda": null, "red_jerarq": "VÍA LOCAL", "cuadra": "ACOYTE 1501-1600", "comuna": 15.0, "EMPRESA": "METROTEL", "com_impar": 15.0, "barrio": "VILLA CRESPO", "hasta": 1600.0, "desde": 1501.0, "longitud_m": 83.255483931023392 }, "geometry": { "type": "LineString", "coordinates": [ [ -58.443398374542497, -34.602849572085297 ], [ -58.443978840188201, -34.6022726144096 ] ] } },
{ "type": "Feature", "properties": { "sentido": "CRECIENTE", "alt_izqfin": 500.0, "com_par": 1.0, "long": "122.349.183.900.471.000", "nomanter": null, "tipo_c": "CALLE", "alt_derfin": 499.0, "alt_derini": 401.0, "alt_izqini": 402.0, "codigo": 20044.0, "barrio_imp": "SAN NICOLAS", "nomoficial": "SAN MARTIN", "id_street": 9935.0, "nom_mapa": "SAN MARTIN", "tipo_ffcc": "Sin Iteracción", "id": 9935.0, "barrio_par": "SAN NICOLAS", "observa": null, "bicisenda": null, "red_jerarq": "VÍA DISTRIBUIDORA COMPLEMENTARIA", "cuadra": "SAN MARTIN 401-500", "comuna": 1.0, "EMPRESA": "METROTEL", "com_impar": 1.0, "barrio": "SAN NICOLAS", "hasta": 500.0, "desde": 401.0, "longitud_m": 122.34410207620124 }, "geometry": { "type": "LineString", "coordinates": [ [ -58.373853861070799, -34.603232007757299 ], [ -58.373910230538499, -34.602130131488899 ] ] } },
{ "type": "Feature", "properties": { "sentido": "CRECIENTE", "alt_izqfin": 1500.0, "com_par": 15.0, "long": "101.393.261.921.821.000", "nomanter": null, "tipo_c": "CALLE", "alt_derfin": 1499.0, "alt_derini": 1401.0, "alt_izqini": 1402.0, "codigo": 1007.0, "barrio_imp": "VILLA CRESPO", "nomoficial": "ACOYTE", "id_street": 10017.0, "nom_mapa": "ACOYTE", "tipo_ffcc": "Sin Iteracción", "id": 10017.0, "barrio_par": "VILLA CRESPO", "observa": null, "bicisenda": null, "red_jerarq": "VÍA LOCAL", "cuadra": "ACOYTE 1401-1500", "comuna": 15.0, "EMPRESA": "METROTEL", "com_impar": 15.0, "barrio": "VILLA CRESPO", "hasta": 1500.0, "desde": 1401.0, "longitud_m": 101.39016563952464 }, "geometry": { "type": "LineString", "coordinates": [ [ -58.442691480227097, -34.603552211759798 ], [ -58.443398374542497, -34.602849572085297 ] ] } },
{ "type": "Feature", "properties": { "sentido": "CRECIENTE", "alt_izqfin": 1000.0, "com_par": 5.0, "long": "207.414.597.016.802.000", "nomanter": "CARRIL", "tipo_c": "CALLE", "alt_derfin": 999.0, "alt_derini": 901.0, "alt_izqini": 902.0, "codigo": 3079.0, "barrio_imp": "ALMAGRO", "nomoficial": "TROILO, ANIBAL", "id_street": 10103.0, "nom_mapa": "ANIBAL TROILO", "tipo_ffcc": "Sin Iteracción", "id": 10103.0, "barrio_par": "ALMAGRO", "observa": null, "bicisenda": null, "red_jerarq": "VÍA LOCAL", "cuadra": "TROILO, ANIBAL 901-1000", "comuna": 5.0, "EMPRESA": "METROTEL", "com_impar": 5.0, "barrio": "ALMAGRO", "hasta": 1000.0, "desde": 901.0, "longitud_m": 207.40984220433015 }, "geometry": { "type": "LineString", "coordinates": [ [ -58.4321469025097, -34.603937868234802 ], [ -58.4318966097943, -34.602079677605403 ] ] } },
{ "type": "Feature", "properties": { "sentido": "CRECIENTE", "alt_izqfin": 0.0, "com_par": 5.0, "long": "16.999.773.807.433.600", "nomanter": "CUYO", "tipo_c": "CALLE", "alt_derfin": 0.0, "alt_derini": 0.0, "alt_izqini": 0.0, "codigo": 20074.0, "barrio_imp": "ALMAGRO", "nomoficial": "SARMIENTO", "id_street": 10104.0, "nom_mapa": "SARMIENTO", "tipo_ffcc": "Sin Iteracción", "id": 10104.0, "barrio_par": "ALMAGRO", "observa": null, "bicisenda": null, "red_jerarq": "VÍA LOCAL", "cuadra": "SARMIENTO 0-0", "comuna": 5.0, "EMPRESA": "METROTEL", "com_impar": 5.0, "barrio": "ALMAGRO", "hasta": 0.0, "desde": 0.0, "longitud_m": 16.999060910969007 }, "geometry": { "type": "LineString", "coordinates": [ [ -58.4321469025097, -34.603937868234802 ], [ -58.432331807601201, -34.603927563038702 ] ] } },
{ "type": "Feature", "properties": { "sentido": "CRECIENTE", "alt_izqfin": 500.0, "com_par": 1.0, "long": "132.395.252.725.560.000", "nomanter": null, "tipo_c": "CALLE", "alt_derfin": 499.0, "alt_derini": 401.0, "alt_izqini": 402.0, "codigo": 17018.0, "barrio_imp": "SAN NICOLAS", "nomoficial": "PARANA", "id_street": 10148.0, "nom_mapa": "PARANA", "tipo_ffcc": "Sin Iteracción", "id": 10148.0, "barrio_par": "SAN NICOLAS", "observa": null, "bicisenda": null, "red_jerarq": "VÍA DISTRIBUIDORA COMPLEMENTARIA", "cuadra": "PARANA 401-500", "comuna": 1.0, "EMPRESA": "METROTEL", "com_impar": 1.0, "barrio": "SAN NICOLAS", "hasta": 500.0, "desde": 401.0, "longitud_m": 132.37653721832706 }, "geometry": { "type": "LineString", "coordinates": [ [ -58.387905106722798, -34.604102286485798 ], [ -58.387954730069197, -34.602909694016098 ] ] } },
{ "type": "Feature", "properties": { "sentido": "CRECIENTE", "alt_izqfin": 100.0, "com_par": 6.0, "long": "91.410.737.728.329.200", "nomanter": "CUYO", "tipo_c": "CALLE", "alt_derfin": 99.0, "alt_derini": 1.0, "alt_izqini": 2.0, "codigo": 13002.0, "barrio_imp": "CABALLITO", "nomoficial": "MACHADO, ANTONIO", "id_street": 10186.0, "nom_mapa": "ANTONIO MACHADO", "tipo_ffcc": "Sin Iteracción", "id": 10186.0, "barrio_par": "CABALLITO", "observa": "Corrección numeración 16-1", "bicisenda": null, "red_jerarq": "VÍA LOCAL", "cuadra": "MACHADO, ANTONIO 1-100", "comuna": 6.0, "EMPRESA": "METROTEL", "com_impar": 6.0, "barrio": "CABALLITO", "hasta": 100.0, "desde": 1.0, "longitud_m": 91.407257159487401 }, "geometry": { "type": "LineString", "coordinates": [ [ -58.432331807601201, -34.603927563038702 ], [ -58.433220919802402, -34.604299692383798 ] ] } },
{ "type": "Feature", "properties": { "sentido": "CRECIENTE", "alt_izqfin": 1400.0, "com_par": 15.0, "long": "117.602.935.742.765.000", "nomanter": null, "tipo_c": "CALLE", "alt_derfin": 1399.0, "alt_derini": 1301.0, "alt_izqini": 1302.0, "codigo": 1007.0, "barrio_imp": "VILLA CRESPO", "nomoficial": "ACOYTE", "id_street": 10205.0, "nom_mapa": "ACOYTE", "tipo_ffcc": "Sin Iteracción", "id": 10205.0, "barrio_par": "VILLA CRESPO", "observa": null, "bicisenda": null, "red_jerarq": "VÍA LOCAL", "cuadra": "ACOYTE 1301-1400", "comuna": 15.0, "EMPRESA": "METROTEL", "com_impar": 15.0, "barrio": "VILLA CRESPO", "hasta": 1400.0, "desde": 1301.0, "longitud_m": 117.59934394187847 }, "geometry": { "type": "LineString", "coordinates": [ [ -58.441871525846899, -34.604367153059698 ], [ -58.442691480227097, -34.603552211759798 ] ] } },
{ "type": "Feature", "properties": { "sentido": "PEATONAL", "alt_izqfin": 400.0, "com_par": 1.0, "long": "134.314.545.599.355.000", "nomanter": "LA RECONQUISTA", "tipo_c": "CALLE", "alt_derfin": 399.0, "alt_derini": 301.0, "alt_izqini": 302.0, "codigo": 19017.0, "barrio_imp": "SAN NICOLAS", "nomoficial": "RECONQUISTA", "id_street": 10210.0, "nom_mapa": "RECONQUISTA", "tipo_ffcc": "Sin Iteracción", "id": 10210.0, "barrio_par": "SAN NICOLAS", "observa": null, "bicisenda": null, "red_jerarq": "VÍA DISTRIBUIDORA COMPLEMENTARIA", "cuadra": "RECONQUISTA 301-400", "comuna": 1.0, "EMPRESA": "METROTEL", "com_impar": 1.0, "barrio": "SAN NICOLAS", "hasta": 400.0, "desde": 301.0, "longitud_m": 134.31122540645899 }, "geometry": { "type": "LineString", "coordinates": [ [ -58.372392432122297, -34.604355591843202 ], [ -58.372464779848798, -34.603146332435301 ] ] } },
{ "type": "Feature", "properties": { "sentido": "CRECIENTE", "alt_izqfin": 800.0, "com_par": 1.0, "long": "131.254.136.370.651.000", "nomanter": "CUYO", "tipo_c": "CALLE", "alt_derfin": 799.0, "alt_derini": 701.0, "alt_izqini": 702.0, "codigo": 20074.0, "barrio_imp": "SAN NICOLAS", "nomoficial": "SARMIENTO", "id_street": 10319.0, "nom_mapa": "SARMIENTO", "tipo_ffcc": "Sin Iteracción", "id": 10319.0, "barrio_par": "SAN NICOLAS", "observa": null, "bicisenda": null, "red_jerarq": "VÍA DISTRIBUIDORA COMPLEMENTARIA", "cuadra": "SARMIENTO 701-800", "comuna": 1.0, "EMPRESA": "METROTEL", "com_impar": 1.0, "barrio": "SAN NICOLAS", "hasta": 800.0, "desde": 701.0, "longitud_m": 131.24775328773006 }, "geometry": { "type": "LineString", "coordinates": [ [ -58.376583376081598, -34.6046564635556 ], [ -58.378010385810597, -34.604743456557401 ] ] } },
{ "type": "Feature", "properties": { "sentido": "CRECIENTE", "alt_izqfin": 1300.0, "com_par": 15.0, "long": "117.853.012.843.669.000", "nomanter": null, "tipo_c": "CALLE", "alt_derfin": 1299.0, "alt_derini": 1201.0, "alt_izqini": 1202.0, "codigo": 1007.0, "barrio_imp": "VILLA CRESPO", "nomoficial": "ACOYTE", "id_street": 10414.0, "nom_mapa": "ACOYTE", "tipo_ffcc": "Sin Iteracción", "id": 10414.0, "barrio_par": "VILLA CRESPO", "observa": null, "bicisenda": null, "red_jerarq": "VÍA LOCAL", "cuadra": "ACOYTE 1201-1300", "comuna": 15.0, "EMPRESA": "METROTEL", "com_impar": 15.0, "barrio": "VILLA CRESPO", "hasta": 1300.0, "desde": 1201.0, "longitud_m": 117.84941300079245 }, "geometry": { "type": "LineString", "coordinates": [ [ -58.441049851575997, -34.605183849012299 ], [ -58.441871525846899, -34.604367153059698 ] ] } },
{ "type": "Feature", "properties": { "sentido": "DOBLE", "alt_izqfin": 100.0, "com_par": 1.0, "long": "85.606.683.205.957.100", "nomanter": "CANGALLO", "tipo_c": "CALLE", "alt_derfin": 99.0, "alt_derini": 1.0, "alt_izqini": 2.0, "codigo": 3050.0, "barrio_imp": "SAN NICOLAS", "nomoficial": "PERON, JUAN DOMINGO, TTE. GENERAL", "id_street": 10440.0, "nom_mapa": "TTE.GENERAL JUAN DOMINGO PERON", "tipo_ffcc": "Sin Iteracción", "id": 10440.0, "barrio_par": "SAN NICOLAS", "observa": null, "bicisenda": null, "red_jerarq": "VÍA LOCAL", "cuadra": "PERON, JUAN DOMINGO, TTE. GENERAL 1-100", "comuna": 1.0, "EMPRESA": "METROTEL", "com_impar": 1.0, "barrio": "SAN NICOLAS", "hasta": 100.0, "desde": 1.0, "longitud_m": 85.603031414400519 }, "geometry": { "type": "LineString", "coordinates": [ [ -58.367925485175903, -34.605173320417499 ], [ -58.368853919016502, -34.605251719780398 ] ] } },
{ "type": "Feature", "properties": { "sentido": "CRECIENTE", "alt_izqfin": 1600.0, "com_par": 1.0, "long": "133.079.251.890.363.000", "nomanter": "CUYO", "tipo_c": "CALLE", "alt_derfin": 1599.0, "alt_derini": 1501.0, "alt_izqini": 1502.0, "codigo": 20074.0, "barrio_imp": "SAN NICOLAS", "nomoficial": "SARMIENTO", "id_street": 10491.0, "nom_mapa": "SARMIENTO", "tipo_ffcc": "Sin Iteracción", "id": 10491.0, "barrio_par": "SAN NICOLAS", "observa": null, "bicisenda": null, "red_jerarq": "VÍA DISTRIBUIDORA COMPLEMENTARIA", "cuadra": "SARMIENTO 1501-1600", "comuna": 1.0, "EMPRESA": "METROTEL", "com_impar": 1.0, "barrio": "SAN NICOLAS", "hasta": 1600.0, "desde": 1501.0, "longitud_m": 133.07168933816581 }, "geometry": { "type": "LineString", "coordinates": [ [ -58.387895109662999, -34.605362932341897 ], [ -58.389342245380398, -34.605447903818899 ] ] } },
{ "type": "Feature", "properties": { "sentido": "DECRECIENTE", "alt_izqfin": 400.0, "com_par": 1.0, "long": "133.044.426.621.122.000", "nomanter": null, "tipo_c": "CALLE", "alt_derfin": 399.0, "alt_derini": 301.0, "alt_izqini": 302.0, "codigo": 19071.0, "barrio_imp": "SAN NICOLAS", "nomoficial": "RODRIGUEZ PEÑA", "id_street": 10512.0, "nom_mapa": "RODRIGUEZ PEÑA", "tipo_ffcc": "Sin Iteracción", "id": 10512.0, "barrio_par": "SAN NICOLAS", "observa": null, "bicisenda": null, "red_jerarq": "VÍA DISTRIBUIDORA COMPLEMENTARIA", "cuadra": "RODRIGUEZ PEÑA 301-400", "comuna": 1.0, "EMPRESA": "METROTEL", "com_impar": 1.0, "barrio": "SAN NICOLAS", "hasta": 400.0, "desde": 301.0, "longitud_m": 133.03614063654325 }, "geometry": { "type": "LineString", "coordinates": [ [ -58.390790321501399, -34.605532224879802 ], [ -58.390822876187897, -34.604333283232599 ] ] } },
{ "type": "Feature", "properties": { "sentido": "CRECIENTE", "alt_izqfin": 1900.0, "com_par": 3.0, "long": "138.189.741.205.532.000", "nomanter": "CUYO", "tipo_c": "CALLE", "alt_derfin": 1899.0, "alt_derini": 1801.0, "alt_izqini": 1802.0, "codigo": 20074.0, "barrio_imp": "BALVANERA", "nomoficial": "SARMIENTO", "id_street": 10558.0, "nom_mapa": "SARMIENTO", "tipo_ffcc": "Sin Iteracción", "id": 10558.0, "barrio_par": "BALVANERA", "observa": null, "bicisenda": null, "red_jerarq": "VÍA DISTRIBUIDORA COMPLEMENTARIA", "cuadra": "SARMIENTO 1801-1900", "comuna": 3.0, "EMPRESA": "METROTEL", "com_impar": 3.0, "barrio": "BALVANERA", "hasta": 1900.0, "desde": 1801.0, "longitud_m": 138.18142545885505 }, "geometry": { "type": "LineString", "coordinates": [ [ -58.392197237965497, -34.605646223512601 ], [ -58.393697505946697, -34.605759343705202 ] ] } },
{ "type": "Feature", "properties": { "sentido": "DECRECIENTE", "alt_izqfin": 300.0, "com_par": 1.0, "long": "129.691.835.024.951.000", "nomanter": null, "tipo_c": "CALLE", "alt_derfin": 299.0, "alt_derini": 201.0, "alt_izqini": 202.0, "codigo": 13014.0, "barrio_imp": "SAN NICOLAS", "nomoficial": "MAIPU", "id_street": 10570.0, "nom_mapa": "MAIPU", "tipo_ffcc": "Sin Iteracción", "id": 10570.0, "barrio_par": "SAN NICOLAS", "observa": null, "bicisenda": null, "red_jerarq": "VÍA DISTRIBUIDORA COMPLEMENTARIA", "cuadra": "MAIPU 201-300", "comuna": 1.0, "EMPRESA": "METROTEL", "com_impar": 1.0, "barrio": "SAN NICOLAS", "hasta": 300.0, "desde": 201.0, "longitud_m": 129.68525250870377 }, "geometry": { "type": "LineString", "coordinates": [ [ -58.376532847824798, -34.605824754173803 ], [ -58.376583376081598, -34.6046564635556 ] ] } },
{ "type": "Feature", "properties": { "sentido": "CRECIENTE", "alt_izqfin": 2000.0, "com_par": 3.0, "long": "133.243.083.577.327.000", "nomanter": "CUYO", "tipo_c": "CALLE", "alt_derfin": 1999.0, "alt_derini": 1901.0, "alt_izqini": 1902.0, "codigo": 20074.0, "barrio_imp": "BALVANERA", "nomoficial": "SARMIENTO", "id_street": 10577.0, "nom_mapa": "SARMIENTO", "tipo_ffcc": "Sin Iteracción", "id": 10577.0, "barrio_par": "BALVANERA", "observa": null, "bicisenda": null, "red_jerarq": "VÍA DISTRIBUIDORA COMPLEMENTARIA", "cuadra": "SARMIENTO 1901-2000", "comuna": 3.0, "EMPRESA": "METROTEL", "com_impar": 3.0, "barrio": "BALVANERA", "hasta": 2000.0, "desde": 1901.0, "longitud_m": 133.23744034080408 }, "geometry": { "type": "LineString", "coordinates": [ [ -58.393697505946697, -34.605759343705202 ], [ -58.395145325810802, -34.605856641291098 ] ] } },
{ "type": "Feature", "properties": { "sentido": "CRECIENTE", "alt_izqfin": 0.0, "com_par": 6.0, "long": "18.699.464.774.461.700", "nomanter": "LAVALLE (parcial) - CHUBUT - RIO DE JANEIRO (parci", "tipo_c": "AVENIDA", "alt_derfin": 0.0, "alt_derini": 0.0, "alt_izqini": 0.0, "codigo": 7016.0, "barrio_imp": "VILLA CRESPO", "nomoficial": "GALLARDO, ANGEL AV.", "id_street": 10585.0, "nom_mapa": "AV. ANGEL GALLARDO", "tipo_ffcc": "Sin Iteracción", "id": 10585.0, "barrio_par": "CABALLITO", "observa": null, "bicisenda": null, "red_jerarq": "VÍA DISTRIBUIDORA PRINCIPAL", "cuadra": "GALLARDO, ANGEL AV. 0-0", "comuna": null, "EMPRESA": "METROTEL", "com_impar": 15.0, "barrio": null, "hasta": 0.0, "desde": 0.0, "longitud_m": 18.698715627448603 }, "geometry": { "type": "LineString", "coordinates": [ [ -58.440142864635398, -34.605839957440303 ], [ -58.440336357749501, -34.605893022951697 ] ] } },
{ "type": "Feature", "properties": { "sentido": "CRECIENTE", "alt_izqfin": 1200.0, "com_par": 15.0, "long": "102.336.536.283.957.000", "nomanter": null, "tipo_c": "CALLE", "alt_derfin": 1199.0, "alt_derini": 1101.0, "alt_izqini": 1102.0, "codigo": 1007.0, "barrio_imp": "VILLA CRESPO", "nomoficial": "ACOYTE", "id_street": 10586.0, "nom_mapa": "ACOYTE", "tipo_ffcc": "Sin Iteracción", "id": 10586.0, "barrio_par": "VILLA CRESPO", "observa": null, "bicisenda": null, "red_jerarq": "VÍA LOCAL", "cuadra": "ACOYTE 1101-1200", "comuna": 15.0, "EMPRESA": "METROTEL", "com_impar": 15.0, "barrio": "VILLA CRESPO", "hasta": 1200.0, "desde": 1101.0, "longitud_m": 102.33341001417563 }, "geometry": { "type": "LineString", "coordinates": [ [ -58.440336357749501, -34.605893022951697 ], [ -58.441049851575997, -34.605183849012299 ] ] } },
{ "type": "Feature", "properties": { "sentido": "CRECIENTE", "alt_izqfin": 760.0, "com_par": 1.0, "long": "90.096.933.492.484.900", "nomanter": "CANGALLO", "tipo_c": "CALLE", "alt_derfin": 759.0, "alt_derini": 701.0, "alt_izqini": 702.0, "codigo": 3050.0, "barrio_imp": "SAN NICOLAS", "nomoficial": "PERON, JUAN DOMINGO, TTE. GENERAL", "id_street": 10589.0, "nom_mapa": "TTE.GENERAL JUAN DOMINGO PERON", "tipo_ffcc": "Sin Iteracción", "id": 10589.0, "barrio_par": "SAN NICOLAS", "observa": null, "bicisenda": null, "red_jerarq": "VÍA DISTRIBUIDORA COMPLEMENTARIA", "cuadra": "PERON, JUAN DOMINGO, TTE. GENERAL 701-760", "comuna": 1.0, "EMPRESA": "METROTEL", "com_impar": 1.0, "barrio": "SAN NICOLAS", "hasta": 760.0, "desde": 701.0, "longitud_m": 90.093096171201623 }, "geometry": { "type": "LineString", "coordinates": [ [ -58.376532847824798, -34.605824754173803 ], [ -58.3775119881563, -34.605889039000402 ] ] } },
{ "type": "Feature", "properties": { "sentido": "CRECIENTE", "alt_izqfin": 2100.0, "com_par": 3.0, "long": "133.360.260.501.455.000", "nomanter": "CUYO", "tipo_c": "CALLE", "alt_derfin": 2099.0, "alt_derini": 2001.0, "alt_izqini": 2002.0, "codigo": 20074.0, "barrio_imp": "BALVANERA", "nomoficial": "SARMIENTO", "id_street": 10611.0, "nom_mapa": "SARMIENTO", "tipo_ffcc": "Sin Iteracción", "id": 10611.0, "barrio_par": "BALVANERA", "observa": null, "bicisenda": null, "red_jerarq": "VÍA DISTRIBUIDORA COMPLEMENTARIA", "cuadra": "SARMIENTO 2001-2100", "comuna": 3.0, "EMPRESA": "METROTEL", "com_impar": 3.0, "barrio": "BALVANERA", "hasta": 2100.0, "desde": 2001.0, "longitud_m": 133.35424722408226 }, "geometry": { "type": "LineString", "coordinates": [ [ -58.395145325810802, -34.605856641291098 ], [ -58.396594426642103, -34.605953922397603 ] ] } },
{ "type": "Feature", "properties": { "sentido": "CRECIENTE", "alt_izqfin": 1100.0, "com_par": 6.0, "long": "72.536.248.759.439.100", "nomanter": null, "tipo_c": "CALLE", "alt_derfin": 1099.0, "alt_derini": 1001.0, "alt_izqini": 1002.0, "codigo": 1007.0, "barrio_imp": "CABALLITO", "nomoficial": "ACOYTE", "id_street": 10737.0, "nom_mapa": "ACOYTE", "tipo_ffcc": "Sin Iteracción", "id": 10737.0, "barrio_par": "CABALLITO", "observa": null, "bicisenda": null, "red_jerarq": "VÍA DISTRIBUIDORA COMPLEMENTARIA", "cuadra": "ACOYTE 1001-1100", "comuna": 6.0, "EMPRESA": "METROTEL", "com_impar": 6.0, "barrio": "CABALLITO", "hasta": 1100.0, "desde": 1001.0, "longitud_m": 72.534606071880233 }, "geometry": { "type": "LineString", "coordinates": [ [ -58.440133399457601, -34.606493767944499 ], [ -58.440142864635398, -34.605839957440303 ] ] } },
{ "type": "Feature", "properties": { "sentido": "PEATONAL", "alt_izqfin": 150.0, "com_par": 1.0, "long": "155.816.365.027.388.000", "nomanter": null, "tipo_c": "SENDERO", "alt_derfin": 149.0, "alt_derini": 1.0, "alt_izqini": 2.0, "codigo": 19084.0, "barrio_imp": "SAN NICOLAS", "nomoficial": "ROSALES AV.", "id_street": 10774.0, "nom_mapa": "AV. ROSALES", "tipo_ffcc": "Sin Iteracción", "id": 10774.0, "barrio_par": "SAN NICOLAS", "observa": "Redigitalización de ejes luego de Obras del Paseo del Bajo y de remodelación de detrás de la Casa Rosada (Mayo-Junio 2019). Antes Calle Abierta Creciente. Paseo Peatonal (2019). Nueva redigitalización", "bicisenda": null, "red_jerarq": "VÍA LOCAL", "cuadra": "ROSALES AV. 1-150", "comuna": 1.0, "EMPRESA": "METROTEL", "com_impar": 1.0, "barrio": "SAN NICOLAS", "hasta": 150.0, "desde": 1.0, "longitud_m": 149.11556024423419 }, "geometry": { "type": "LineString", "coordinates": [ [ -58.369188986852997, -34.606355620487697 ], [ -58.369200157006702, -34.605914609147099 ], [ -58.3689524966912, -34.605899789876197 ], [ -58.369004378263597, -34.605389312248001 ], [ -58.368853919016502, -34.605251719780398 ] ] } },
{ "type": "Feature", "properties": { "sentido": "DECRECIENTE", "alt_izqfin": 300.0, "com_par": 1.0, "long": "131.087.961.086.567.000", "nomanter": null, "tipo_c": "CALLE", "alt_derfin": 299.0, "alt_derini": 201.0, "alt_izqini": 202.0, "codigo": 13118.0, "barrio_imp": "SAN NICOLAS", "nomoficial": "MONTEVIDEO", "id_street": 10782.0, "nom_mapa": "MONTEVIDEO", "tipo_ffcc": "Sin Iteracción", "id": 10782.0, "barrio_par": "SAN NICOLAS", "observa": null, "bicisenda": null, "red_jerarq": "VÍA DISTRIBUIDORA COMPLEMENTARIA", "cuadra": "MONTEVIDEO 201-300", "comuna": 1.0, "EMPRESA": "METROTEL", "com_impar": 1.0, "barrio": "SAN NICOLAS", "hasta": 300.0, "desde": 201.0, "longitud_m": 131.08115959505403 }, "geometry": { "type": "LineString", "coordinates": [ [ -58.389310876965297, -34.6066292396726 ], [ -58.389342245380398, -34.605447903818899 ] ] } },
{ "type": "Feature", "properties": { "sentido": "CRECIENTE", "alt_izqfin": 1000.0, "com_par": 6.0, "long": "65.496.754.337.072.000", "nomanter": null, "tipo_c": "CALLE", "alt_derfin": 999.0, "alt_derini": 951.0, "alt_izqini": 952.0, "codigo": 1007.0, "barrio_imp": "CABALLITO", "nomoficial": "ACOYTE", "id_street": 10892.0, "nom_mapa": "ACOYTE", "tipo_ffcc": "Sin Iteracción", "id": 10892.0, "barrio_par": "CABALLITO", "observa": null, "bicisenda": null, "red_jerarq": "VÍA DISTRIBUIDORA COMPLEMENTARIA", "cuadra": "ACOYTE 951-1000", "comuna": 6.0, "EMPRESA": "METROTEL", "com_impar": 6.0, "barrio": "CABALLITO", "hasta": 1000.0, "desde": 951.0, "longitud_m": 65.495271038457645 }, "geometry": { "type": "LineString", "coordinates": [ [ -58.440124803477303, -34.607084126927901 ], [ -58.440133399457601, -34.606493767944499 ] ] } },
{ "type": "Feature", "properties": { "sentido": "CRECIENTE", "alt_izqfin": 950.0, "com_par": 6.0, "long": "72.895.170.170.547.300", "nomanter": null, "tipo_c": "CALLE", "alt_derfin": 949.0, "alt_derini": 901.0, "alt_izqini": 902.0, "codigo": 1007.0, "barrio_imp": "CABALLITO", "nomoficial": "ACOYTE", "id_street": 11046.0, "nom_mapa": "ACOYTE", "tipo_ffcc": "Sin Iteracción", "id": 11046.0, "barrio_par": "CABALLITO", "observa": null, "bicisenda": null, "red_jerarq": "VÍA DISTRIBUIDORA COMPLEMENTARIA", "cuadra": "ACOYTE 901-950", "comuna": 6.0, "EMPRESA": "METROTEL", "com_impar": 6.0, "barrio": "CABALLITO", "hasta": 950.0, "desde": 901.0, "longitud_m": 72.893415728551659 }, "geometry": { "type": "LineString", "coordinates": [ [ -58.440115848146199, -34.607741176876097 ], [ -58.440124803477303, -34.607084126927901 ] ] } },
{ "type": "Feature", "properties": { "sentido": "PEATONAL", "alt_izqfin": 50.0, "com_par": 1.0, "long": "63.445.893.607.460.300", "nomanter": null, "tipo_c": "CALLE", "alt_derfin": 49.0, "alt_derini": 1.0, "alt_izqini": 2.0, "codigo": 17071.0, "barrio_imp": "MONSERRAT", "nomoficial": "PERU", "id_street": 11261.0, "nom_mapa": "PERU", "tipo_ffcc": "Sin Iteracción", "id": 11261.0, "barrio_par": "MONSERRAT", "observa": null, "bicisenda": null, "red_jerarq": "VÍA DISTRIBUIDORA COMPLEMENTARIA", "cuadra": "PERU 1-50", "comuna": 1.0, "EMPRESA": "METROTEL", "com_impar": 1.0, "barrio": "MONSERRAT", "hasta": 50.0, "desde": 1.0, "longitud_m": 63.40236713847198 }, "geometry": { "type": "LineString", "coordinates": [ [ -58.374985600407697, -34.608032900303698 ], [ -58.374934489069901, -34.608602871136803 ] ] } },
{ "type": "Feature", "properties": { "sentido": "CRECIENTE", "alt_izqfin": 900.0, "com_par": 6.0, "long": "117.165.096.281.812.000", "nomanter": null, "tipo_c": "CALLE", "alt_derfin": 899.0, "alt_derini": 801.0, "alt_izqini": 802.0, "codigo": 1007.0, "barrio_imp": "CABALLITO", "nomoficial": "ACOYTE", "id_street": 11313.0, "nom_mapa": "ACOYTE", "tipo_ffcc": "Sin Iteracción", "id": 11313.0, "barrio_par": "CABALLITO", "observa": null, "bicisenda": null, "red_jerarq": "VÍA DISTRIBUIDORA COMPLEMENTARIA", "cuadra": "ACOYTE 801-900", "comuna": 6.0, "EMPRESA": "METROTEL", "com_impar": 6.0, "barrio": "CABALLITO", "hasta": 900.0, "desde": 801.0, "longitud_m": 117.16244302266875 }, "geometry": { "type": "LineString", "coordinates": [ [ -58.440120920526603, -34.608797319554498 ], [ -58.440115848146199, -34.607741176876097 ] ] } },
{ "type": "Feature", "properties": { "sentido": "DECRECIENTE", "alt_izqfin": 5200.0, "com_par": 6.0, "long": "115.640.656.914.460.000", "nomanter": "GAONA", "tipo_c": "AVENIDA", "alt_derfin": 5199.0, "alt_derini": 5101.0, "alt_izqini": 5102.0, "codigo": 4074.0, "barrio_imp": "CABALLITO", "nomoficial": "DIAZ VELEZ AV.", "id_street": 11317.0, "nom_mapa": "AV.DIAZ VELEZ", "tipo_ffcc": "Sin Iteracción", "id": 11317.0, "barrio_par": "CABALLITO", "observa": null, "bicisenda": null, "red_jerarq": "VÍA DISTRIBUIDORA PRINCIPAL", "cuadra": "DIAZ VELEZ AV. 5101-5200", "comuna": 6.0, "EMPRESA": "METROTEL", "com_impar": 6.0, "barrio": "CABALLITO", "hasta": 5200.0, "desde": 5101.0, "longitud_m": 115.63580194622443 }, "geometry": { "type": "LineString", "coordinates": [ [ -58.438860179679203, -34.608797848181901 ], [ -58.440120920526603, -34.608797319554498 ] ] } },
{ "type": "Feature", "properties": { "sentido": "DECRECIENTE", "alt_izqfin": 100.0, "com_par": 3.0, "long": "135.370.796.553.001.000", "nomanter": "RIO BAMBA", "tipo_c": "CALLE", "alt_derfin": 99.0, "alt_derini": 1.0, "alt_izqini": 2.0, "codigo": 19036.0, "barrio_imp": "BALVANERA", "nomoficial": "RIOBAMBA", "id_street": 11443.0, "nom_mapa": "RIOBAMBA", "tipo_ffcc": "Sin Iteracción", "id": 11443.0, "barrio_par": "BALVANERA", "observa": null, "bicisenda": null, "red_jerarq": "VÍA DISTRIBUIDORA COMPLEMENTARIA", "cuadra": "RIOBAMBA 1-100", "comuna": 3.0, "EMPRESA": "METROTEL", "com_impar": 3.0, "barrio": "BALVANERA", "hasta": 100.0, "desde": 1.0, "longitud_m": 135.36766063062672 }, "geometry": { "type": "LineString", "coordinates": [ [ -58.393376446176703, -34.609275829244901 ], [ -58.3934649398674, -34.608057764458898 ] ] } },
{ "type": "Feature", "properties": { "sentido": "DECRECIENTE", "alt_izqfin": 400.0, "com_par": 1.0, "long": "128.778.266.230.373.000", "nomanter": null, "tipo_c": "CALLE", "alt_derfin": 399.0, "alt_derini": 301.0, "alt_izqini": 302.0, "codigo": 1046.0, "barrio_imp": "MONSERRAT", "nomoficial": "ALSINA, ADOLFO", "id_street": 11678.0, "nom_mapa": "ADOLFO ALSINA", "tipo_ffcc": "Sin Iteracción", "id": 11678.0, "barrio_par": "MONSERRAT", "observa": null, "bicisenda": null, "red_jerarq": "VÍA DISTRIBUIDORA COMPLEMENTARIA", "cuadra": "ALSINA, ADOLFO 301-400", "comuna": 1.0, "EMPRESA": "METROTEL", "com_impar": 1.0, "barrio": "MONSERRAT", "hasta": 400.0, "desde": 301.0, "longitud_m": 128.77276820393064 }, "geometry": { "type": "LineString", "coordinates": [ [ -58.370657250435798, -34.610058873004903 ], [ -58.372057346476602, -34.610145281374599 ] ] } },
{ "type": "Feature", "properties": { "sentido": "PEATONAL", "alt_izqfin": 500.0, "com_par": 1.0, "long": "128.454.843.793.596.000", "nomanter": null, "tipo_c": "CALLE", "alt_derfin": 499.0, "alt_derini": 401.0, "alt_izqini": 402.0, "codigo": 1046.0, "barrio_imp": "MONSERRAT", "nomoficial": "ALSINA, ADOLFO", "id_street": 11696.0, "nom_mapa": "ADOLFO ALSINA", "tipo_ffcc": "Sin Iteracción", "id": 11696.0, "barrio_par": "MONSERRAT", "observa": null, "bicisenda": null, "red_jerarq": "VÍA DISTRIBUIDORA COMPLEMENTARIA", "cuadra": "ALSINA, ADOLFO 401-500", "comuna": 1.0, "EMPRESA": "METROTEL", "com_impar": 1.0, "barrio": "MONSERRAT", "hasta": 500.0, "desde": 401.0, "longitud_m": 128.44854524582163 }, "geometry": { "type": "LineString", "coordinates": [ [ -58.372057346476602, -34.610145281374599 ], [ -58.373452661921696, -34.610244416807802 ] ] } },
{ "type": "Feature", "properties": { "sentido": "PEATONAL", "alt_izqfin": 600.0, "com_par": 1.0, "long": "120.327.343.027.035.000", "nomanter": null, "tipo_c": "CALLE", "alt_derfin": 599.0, "alt_derini": 501.0, "alt_izqini": 502.0, "codigo": 1046.0, "barrio_imp": "MONSERRAT", "nomoficial": "ALSINA, ADOLFO", "id_street": 11730.0, "nom_mapa": "ADOLFO ALSINA", "tipo_ffcc": "Sin Iteracción", "id": 11730.0, "barrio_par": "MONSERRAT", "observa": null, "bicisenda": null, "red_jerarq": "VÍA DISTRIBUIDORA COMPLEMENTARIA", "cuadra": "ALSINA, ADOLFO 501-600", "comuna": 1.0, "EMPRESA": "METROTEL", "com_impar": 1.0, "barrio": "MONSERRAT", "hasta": 600.0, "desde": 501.0, "longitud_m": 120.32205744877938 }, "geometry": { "type": "LineString", "coordinates": [ [ -58.373452661921696, -34.610244416807802 ], [ -58.374759488147902, -34.610339317113102 ] ] } },
{ "type": "Feature", "properties": { "sentido": "DECRECIENTE", "alt_izqfin": 2100.0, "com_par": 3.0, "long": "129.193.222.692.459.000", "nomanter": null, "tipo_c": "CALLE", "alt_derfin": 2099.0, "alt_derini": 2001.0, "alt_izqini": 2002.0, "codigo": 26005.0, "barrio_imp": "BALVANERA", "nomoficial": "YRIGOYEN, HIPOLITO", "id_street": 11794.0, "nom_mapa": "HIPOLITO YRIGOYEN", "tipo_ffcc": "Sin Iteracción", "id": 11794.0, "barrio_par": "BALVANERA", "observa": null, "bicisenda": null, "red_jerarq": "VÍA DISTRIBUIDORA COMPLEMENTARIA", "cuadra": "YRIGOYEN, HIPOLITO 2001-2100", "comuna": 3.0, "EMPRESA": "METROTEL", "com_impar": 3.0, "barrio": "BALVANERA", "hasta": 2100.0, "desde": 2001.0, "longitud_m": 129.18775881359764 }, "geometry": { "type": "LineString", "coordinates": [ [ -58.394820665866902, -34.6105122286653 ], [ -58.396225223229699, -34.610599559409799 ] ] } },
{ "type": "Feature", "properties": { "sentido": "CRECIENTE", "alt_izqfin": 100.0, "com_par": 3.0, "long": "124.004.589.845.008.000", "nomanter": null, "tipo_c": "CALLE", "alt_derfin": 99.0, "alt_derini": 1.0, "alt_izqini": 2.0, "codigo": 19035.0, "barrio_imp": "BALVANERA", "nomoficial": "RINCON", "id_street": 11795.0, "nom_mapa": "RINCON", "tipo_ffcc": "Sin Iteracción", "id": 11795.0, "barrio_par": "BALVANERA", "observa": null, "bicisenda": null, "red_jerarq": "VÍA DISTRIBUIDORA COMPLEMENTARIA", "cuadra": "RINCON 1-100", "comuna": 3.0, "EMPRESA": "METROTEL", "com_impar": 3.0, "barrio": "BALVANERA", "hasta": 100.0, "desde": 1.0, "longitud_m": 124.00172526483834 }, "geometry": { "type": "LineString", "coordinates": [ [ -58.396289746391197, -34.609483030327397 ], [ -58.396225223229699, -34.610599559409799 ] ] } },
{ "type": "Feature", "properties": { "sentido": "DECRECIENTE", "alt_izqfin": 1500.0, "com_par": 1.0, "long": "121.878.872.581.450.000", "nomanter": null, "tipo_c": "CALLE", "alt_derfin": 1499.0, "alt_derini": 1401.0, "alt_izqini": 1402.0, "codigo": 1046.0, "barrio_imp": "MONSERRAT", "nomoficial": "ALSINA, ADOLFO", "id_street": 11958.0, "nom_mapa": "ADOLFO ALSINA", "tipo_ffcc": "Sin Iteracción", "id": 11958.0, "barrio_par": "MONSERRAT", "observa": null, "bicisenda": null, "red_jerarq": "VÍA DISTRIBUIDORA COMPLEMENTARIA", "cuadra": "ALSINA, ADOLFO 1401-1500", "comuna": 1.0, "EMPRESA": "METROTEL", "com_impar": 1.0, "barrio": "MONSERRAT", "hasta": 1500.0, "desde": 1401.0, "longitud_m": 121.86861637352332 }, "geometry": { "type": "LineString", "coordinates": [ [ -58.3861579650492, -34.611088334287501 ], [ -58.387482027283497, -34.611180362706001 ] ] } },
{ "type": "Feature", "properties": { "sentido": "DECRECIENTE", "alt_izqfin": 1600.0, "com_par": 1.0, "long": "134.502.635.811.477.000", "nomanter": null, "tipo_c": "CALLE", "alt_derfin": 1599.0, "alt_derini": 1501.0, "alt_izqini": 1502.0, "codigo": 1046.0, "barrio_imp": "MONSERRAT", "nomoficial": "ALSINA, ADOLFO", "id_street": 12002.0, "nom_mapa": "ADOLFO ALSINA", "tipo_ffcc": "Sin Iteracción", "id": 12002.0, "barrio_par": "MONSERRAT", "observa": null, "bicisenda": null, "red_jerarq": "VÍA DISTRIBUIDORA COMPLEMENTARIA", "cuadra": "ALSINA, ADOLFO 1501-1600", "comuna": 1.0, "EMPRESA": "METROTEL", "com_impar": 1.0, "barrio": "MONSERRAT", "hasta": 1600.0, "desde": 1501.0, "longitud_m": 134.49693792412072 }, "geometry": { "type": "LineString", "coordinates": [ [ -58.387482027283497, -34.611180362706001 ], [ -58.388942873276903, -34.611285981505503 ] ] } },
{ "type": "Feature", "properties": { "sentido": "DECRECIENTE", "alt_izqfin": 300.0, "com_par": 1.0, "long": "115.848.882.810.496.000", "nomanter": null, "tipo_c": "CALLE", "alt_derfin": 299.0, "alt_derini": 201.0, "alt_izqini": 202.0, "codigo": 17071.0, "barrio_imp": "MONSERRAT", "nomoficial": "PERU", "id_street": 12058.0, "nom_mapa": "PERU", "tipo_ffcc": "Sin Iteracción", "id": 12058.0, "barrio_par": "MONSERRAT", "observa": null, "bicisenda": null, "red_jerarq": "VÍA DISTRIBUIDORA COMPLEMENTARIA", "cuadra": "PERU 201-300", "comuna": 1.0, "EMPRESA": "METROTEL", "com_impar": 1.0, "barrio": "MONSERRAT", "hasta": 300.0, "desde": 201.0, "longitud_m": 115.83970498911326 }, "geometry": { "type": "LineString", "coordinates": [ [ -58.374848396993897, -34.610432903984403 ], [ -58.374790818746703, -34.611476045135198 ] ] } },
{ "type": "Feature", "properties": { "sentido": "DECRECIENTE", "alt_izqfin": 200.0, "com_par": 1.0, "long": "128.802.609.579.058.000", "nomanter": null, "tipo_c": "AVENIDA", "alt_derfin": 199.0, "alt_derini": 101.0, "alt_izqini": 102.0, "codigo": 5061.0, "barrio_imp": "BALVANERA", "nomoficial": "ENTRE RIOS AV.", "id_street": 12064.0, "nom_mapa": "AV. ENTRE RIOS", "tipo_ffcc": "Sin Iteracción", "id": 12064.0, "barrio_par": "MONSERRAT", "observa": null, "bicisenda": null, "red_jerarq": "VÍA DISTRIBUIDORA PRINCIPAL", "cuadra": "ENTRE RIOS AV. 101-200", "comuna": null, "EMPRESA": "METROTEL", "com_impar": 3.0, "barrio": null, "hasta": 200.0, "desde": 101.0, "longitud_m": 128.79718068845827 }, "geometry": { "type": "LineString", "coordinates": [ [ -58.391878429433497, -34.610339553516297 ], [ -58.391797967213698, -34.611498676933998 ] ] } },
{ "type": "Feature", "properties": { "sentido": "DOBLE", "alt_izqfin": 700.0, "com_par": 1.0, "long": "132.824.211.320.858.000", "nomanter": "MONSERRAT", "tipo_c": "AVENIDA", "alt_derfin": 699.0, "alt_derini": 601.0, "alt_izqini": 602.0, "codigo": 2051.0, "barrio_imp": "MONSERRAT", "nomoficial": "BELGRANO AV.", "id_street": 12405.0, "nom_mapa": "AV.BELGRANO", "tipo_ffcc": "Sin Iteracción", "id": 12405.0, "barrio_par": "MONSERRAT", "observa": "Implementación de Doble mano", "bicisenda": null, "red_jerarq": "VÍA DISTRIBUIDORA PRINCIPAL", "cuadra": "BELGRANO AV. 601-700", "comuna": 1.0, "EMPRESA": "METROTEL", "com_impar": 1.0, "barrio": "MONSERRAT", "hasta": 700.0, "desde": 601.0, "longitud_m": 132.81855497296914 }, "geometry": { "type": "LineString", "coordinates": [ [ -58.374718023652399, -34.612650021808498 ], [ -58.376160910391299, -34.612751977732998 ] ] } },
{ "type": "Feature", "properties": { "sentido": "CRECIENTE", "alt_izqfin": 400.0, "com_par": 1.0, "long": "131.773.710.533.056.000", "nomanter": null, "tipo_c": "CALLE", "alt_derfin": 399.0, "alt_derini": 301.0, "alt_izqini": 302.0, "codigo": 3214.0, "barrio_imp": "MONSERRAT", "nomoficial": "CHACABUCO", "id_street": 12406.0, "nom_mapa": "CHACABUCO", "tipo_ffcc": "Sin Iteracción", "id": 12406.0, "barrio_par": "MONSERRAT", "observa": null, "bicisenda": null, "red_jerarq": "VÍA DISTRIBUIDORA COMPLEMENTARIA", "cuadra": "CHACABUCO 301-400", "comuna": 1.0, "EMPRESA": "METROTEL", "com_impar": 1.0, "barrio": "MONSERRAT", "hasta": 400.0, "desde": 301.0, "longitud_m": 131.77062696041685 }, "geometry": { "type": "LineString", "coordinates": [ [ -58.376209168212903, -34.611564813500699 ], [ -58.376160910391299, -34.612751977732998 ] ] } },
{ "type": "Feature", "properties": { "sentido": "CRECIENTE", "alt_izqfin": 400.0, "com_par": 1.0, "long": "128.263.411.323.128.000", "nomanter": null, "tipo_c": "CALLE", "alt_derfin": 399.0, "alt_derini": 301.0, "alt_izqini": 302.0, "codigo": 20038.0, "barrio_imp": "MONSERRAT", "nomoficial": "SAN JOSE", "id_street": 12576.0, "nom_mapa": "SAN JOSE", "tipo_ffcc": "Sin Iteracción", "id": 12576.0, "barrio_par": "MONSERRAT", "observa": null, "bicisenda": null, "red_jerarq": "VÍA DISTRIBUIDORA COMPLEMENTARIA", "cuadra": "SAN JOSE 301-400", "comuna": 1.0, "EMPRESA": "METROTEL", "com_impar": 1.0, "barrio": "MONSERRAT", "hasta": 400.0, "desde": 301.0, "longitud_m": 128.21263287271213 }, "geometry": { "type": "LineString", "coordinates": [ [ -58.386159162725498, -34.612279829766102 ], [ -58.386078538811503, -34.613433667124902 ] ] } },
{ "type": "Feature", "properties": { "sentido": "DECRECIENTE", "alt_izqfin": 100.0, "com_par": 5.0, "long": "68.252.515.202.877.300", "nomanter": null, "tipo_c": "CALLE", "alt_derfin": 99.0, "alt_derini": 1.0, "alt_izqini": 2.0, "codigo": 13142.0, "barrio_imp": "ALMAGRO", "nomoficial": "MUÑIZ", "id_street": 13001.0, "nom_mapa": "MUÑIZ", "tipo_ffcc": "Sin Iteracción", "id": 13001.0, "barrio_par": "ALMAGRO", "observa": "correción numeración 20-1-03", "bicisenda": null, "red_jerarq": "VÍA LOCAL", "cuadra": "MUÑIZ 1-100", "comuna": 5.0, "EMPRESA": "METROTEL", "com_impar": 5.0, "barrio": "ALMAGRO", "hasta": 100.0, "desde": 1.0, "longitud_m": 68.23877649512508 }, "geometry": { "type": "LineString", "coordinates": [ [ -58.427600474249999, -34.614373317853797 ], [ -58.427441611863898, -34.614974265029304 ] ] } },
{ "type": "Feature", "properties": { "sentido": "DOBLE", "alt_izqfin": 300.0, "com_par": 6.0, "long": "140.862.516.414.526.000", "nomanter": null, "tipo_c": "AVENIDA", "alt_derfin": 299.0, "alt_derini": 201.0, "alt_izqini": 202.0, "codigo": 1007.0, "barrio_imp": "CABALLITO", "nomoficial": "ACOYTE AV.", "id_street": 13270.0, "nom_mapa": "AV. ACOYTE", "tipo_ffcc": "Sin Iteracción", "id": 13270.0, "barrio_par": "CABALLITO", "observa": null, "bicisenda": null, "red_jerarq": "VÍA DISTRIBUIDORA COMPLEMENTARIA", "cuadra": "ACOYTE AV. 201-300", "comuna": 6.0, "EMPRESA": "METROTEL", "com_impar": 6.0, "barrio": "CABALLITO", "hasta": 300.0, "desde": 201.0, "longitud_m": 140.85929493394974 }, "geometry": { "type": "LineString", "coordinates": [ [ -58.437585499721798, -34.615885498638299 ], [ -58.437744493627299, -34.614622557881397 ] ] } },
{ "type": "Feature", "properties": { "sentido": "DECRECIENTE", "alt_izqfin": 0.0, "com_par": 6.0, "long": "16.948.971.624.671.000", "nomanter": null, "tipo_c": "CALLE", "alt_derfin": 0.0, "alt_derini": 0.0, "alt_izqini": 0.0, "codigo": 13069.0, "barrio_imp": "CABALLITO", "nomoficial": "MENDEZ DE ANDES", "id_street": 13278.0, "nom_mapa": "MENDEZ DE ANDES", "tipo_ffcc": "Sin Iteracción", "id": 13278.0, "barrio_par": "CABALLITO", "observa": "ver si corresponde num", "bicisenda": null, "red_jerarq": "VÍA LOCAL", "cuadra": "MENDEZ DE ANDES 0-0", "comuna": 6.0, "EMPRESA": "METROTEL", "com_impar": 6.0, "barrio": "CABALLITO", "hasta": 0.0, "desde": 0.0, "longitud_m": 16.94831872087547 }, "geometry": { "type": "LineString", "coordinates": [ [ -58.4489952348586, -34.615841806086003 ], [ -58.449162859903701, -34.6159061222315 ] ] } },
{ "type": "Feature", "properties": { "sentido": "CRECIENTE", "alt_izqfin": 1036.0, "com_par": 6.0, "long": "92.019.067.641.589.300", "nomanter": null, "tipo_c": "CALLE", "alt_derfin": 1049.0, "alt_derini": 1001.0, "alt_izqini": 1002.0, "codigo": 14017.0, "barrio_imp": "CABALLITO", "nomoficial": "NEUQUEN", "id_street": 13312.0, "nom_mapa": "NEUQUEN", "tipo_ffcc": "Sin Iteracción", "id": 13312.0, "barrio_par": "CABALLITO", "observa": null, "bicisenda": null, "red_jerarq": "VÍA LOCAL", "cuadra": "NEUQUEN 1001-1036", "comuna": 6.0, "EMPRESA": "METROTEL", "com_impar": 6.0, "barrio": "CABALLITO", "hasta": 1036.0, "desde": 1001.0, "longitud_m": 92.014672192880212 }, "geometry": { "type": "LineString", "coordinates": [ [ -58.446697026498299, -34.615985108362601 ], [ -58.447697489165201, -34.6159228452468 ] ] } },
{ "type": "Feature", "properties": { "sentido": "DECRECIENTE", "alt_izqfin": 200.0, "com_par": 5.0, "long": "121.464.727.345.632.000", "nomanter": null, "tipo_c": "CALLE", "alt_derfin": 199.0, "alt_derini": 101.0, "alt_izqini": 102.0, "codigo": 13142.0, "barrio_imp": "ALMAGRO", "nomoficial": "MUÑIZ", "id_street": 13338.0, "nom_mapa": "MUÑIZ", "tipo_ffcc": "Sin Iteracción", "id": 13338.0, "barrio_par": "ALMAGRO", "observa": "correción numeración 20-1-03", "bicisenda": null, "red_jerarq": "VÍA LOCAL", "cuadra": "MUÑIZ 101-200", "comuna": 5.0, "EMPRESA": "METROTEL", "com_impar": 5.0, "barrio": "ALMAGRO", "hasta": 200.0, "desde": 101.0, "longitud_m": 121.46196377115761 }, "geometry": { "type": "LineString", "coordinates": [ [ -58.427441611863898, -34.614974265029304 ], [ -58.427394887985201, -34.616068490779 ] ] } },
{ "type": "Feature", "properties": { "sentido": "DECRECIENTE", "alt_izqfin": 1100.0, "com_par": 6.0, "long": "85.839.399.967.085.800", "nomanter": null, "tipo_c": "CALLE", "alt_derfin": 1099.0, "alt_derini": 1001.0, "alt_izqini": 1002.0, "codigo": 13069.0, "barrio_imp": "CABALLITO", "nomoficial": "MENDEZ DE ANDES", "id_street": 13372.0, "nom_mapa": "MENDEZ DE ANDES", "tipo_ffcc": "Sin Iteracción", "id": 13372.0, "barrio_par": "CABALLITO", "observa": "corrección numeración 16-1", "bicisenda": null, "red_jerarq": "VÍA LOCAL", "cuadra": "MENDEZ DE ANDES 1001-1100", "comuna": 6.0, "EMPRESA": "METROTEL", "com_impar": 6.0, "barrio": "CABALLITO", "hasta": 1100.0, "desde": 1001.0, "longitud_m": 85.836093196387324 }, "geometry": { "type": "LineString", "coordinates": [ [ -58.449162859903701, -34.6159061222315 ], [ -58.450011891571101, -34.6162317148192 ] ] } },
{ "type": "Feature", "properties": { "sentido": "DECRECIENTE", "alt_izqfin": 542.0, "com_par": 6.0, "long": "68.259.696.336.722.200", "nomanter": "CABALLITO", "tipo_c": "CALLE", "alt_derfin": 543.0, "alt_derini": 509.0, "alt_izqini": 502.0, "codigo": 7003.0, "barrio_imp": "CABALLITO", "nomoficial": "GAINZA, MARTIN DE, GRAL.", "id_street": 13462.0, "nom_mapa": "GRAL. MARTIN DE GAINZA", "tipo_ffcc": "Sin Iteracción", "id": 13462.0, "barrio_par": "CABALLITO", "observa": null, "bicisenda": null, "red_jerarq": "VÍA LOCAL", "cuadra": "GAINZA, MARTIN DE, GRAL. 509-542", "comuna": 6.0, "EMPRESA": "METROTEL", "com_impar": 6.0, "barrio": "CABALLITO", "hasta": 542.0, "desde": 509.0, "longitud_m": 67.753519516031744 }, "geometry": { "type": "LineString", "coordinates": [ [ -58.446682509215101, -34.616595748035998 ], [ -58.446697026498299, -34.615985108362601 ] ] } },
{ "type": "Feature", "properties": { "sentido": "DECRECIENTE", "alt_izqfin": 1200.0, "com_par": 6.0, "long": "143.605.261.175.649.000", "nomanter": null, "tipo_c": "CALLE", "alt_derfin": 1199.0, "alt_derini": 1101.0, "alt_izqini": 1102.0, "codigo": 13069.0, "barrio_imp": "CABALLITO", "nomoficial": "MENDEZ DE ANDES", "id_street": 13531.0, "nom_mapa": "MENDEZ DE ANDES", "tipo_ffcc": "Sin Iteracción", "id": 13531.0, "barrio_par": "CABALLITO", "observa": "corrección numeración 16-1", "bicisenda": null, "red_jerarq": "VÍA LOCAL", "cuadra": "MENDEZ DE ANDES 1101-1200", "comuna": 6.0, "EMPRESA": "METROTEL", "com_impar": 6.0, "barrio": "CABALLITO", "hasta": 1200.0, "desde": 1101.0, "longitud_m": 143.56547568517487 }, "geometry": { "type": "LineString", "coordinates": [ [ -58.450011891571101, -34.6162317148192 ], [ -58.451437835202199, -34.616765671466503 ] ] } },
{ "type": "Feature", "properties": { "sentido": "DECRECIENTE", "alt_izqfin": 300.0, "com_par": 5.0, "long": "114.793.492.539.111.000", "nomanter": null, "tipo_c": "CALLE", "alt_derfin": 299.0, "alt_derini": 201.0, "alt_izqini": 202.0, "codigo": 13142.0, "barrio_imp": "ALMAGRO", "nomoficial": "MUÑIZ", "id_street": 13607.0, "nom_mapa": "MUÑIZ", "tipo_ffcc": "Sin Iteracción", "id": 13607.0, "barrio_par": "ALMAGRO", "observa": "correción numeración 20-1-03", "bicisenda": null, "red_jerarq": "VÍA LOCAL", "cuadra": "MUÑIZ 201-300", "comuna": 5.0, "EMPRESA": "METROTEL", "com_impar": 5.0, "barrio": "ALMAGRO", "hasta": 300.0, "desde": 201.0, "longitud_m": 114.79058907980698 }, "geometry": { "type": "LineString", "coordinates": [ [ -58.427394887985201, -34.616068490779 ], [ -58.4273571328321, -34.617102788619903 ] ] } },
{ "type": "Feature", "properties": { "sentido": "DECRECIENTE", "alt_izqfin": 1300.0, "com_par": 6.0, "long": "112.428.529.893.286.000", "nomanter": null, "tipo_c": "CALLE", "alt_derfin": 1299.0, "alt_derini": 1201.0, "alt_izqini": 1202.0, "codigo": 13069.0, "barrio_imp": "CABALLITO", "nomoficial": "MENDEZ DE ANDES", "id_street": 13608.0, "nom_mapa": "MENDEZ DE ANDES", "tipo_ffcc": "Sin Iteracción", "id": 13608.0, "barrio_par": "CABALLITO", "observa": "corrección numeración 16-1", "bicisenda": null, "red_jerarq": "VÍA LOCAL", "cuadra": "MENDEZ DE ANDES 1201-1300", "comuna": 6.0, "EMPRESA": "METROTEL", "com_impar": 6.0, "barrio": "CABALLITO", "hasta": 1300.0, "desde": 1201.0, "longitud_m": 112.41931903558608 }, "geometry": { "type": "LineString", "coordinates": [ [ -58.451437835202199, -34.616765671466503 ], [ -58.452587488957199, -34.617117261192 ] ] } },
{ "type": "Feature", "properties": { "sentido": "CRECIENTE", "alt_izqfin": 4400.0, "com_par": 5.0, "long": "132.171.813.564.176.000", "nomanter": null, "tipo_c": "CALLE", "alt_derfin": 4399.0, "alt_derini": 4301.0, "alt_izqini": 4302.0, "codigo": 18018.0, "barrio_imp": "ALMAGRO", "nomoficial": "QUITO", "id_street": 13631.0, "nom_mapa": "QUITO", "tipo_ffcc": "Sin Iteracción", "id": 13631.0, "barrio_par": "ALMAGRO", "observa": null, "bicisenda": null, "red_jerarq": "VÍA LOCAL", "cuadra": "QUITO 4301-4400", "comuna": 5.0, "EMPRESA": "METROTEL", "com_impar": 5.0, "barrio": "ALMAGRO", "hasta": 4400.0, "desde": 4301.0, "longitud_m": 132.1662675655644 }, "geometry": { "type": "LineString", "coordinates": [ [ -58.4273571328321, -34.617102788619903 ], [ -58.428794717536, -34.617186092076899 ] ] } },
{ "type": "Feature", "properties": { "sentido": "CRECIENTE", "alt_izqfin": 700.0, "com_par": 1.0, "long": "135.520.663.423.259.000", "nomanter": null, "tipo_c": "AVENIDA", "alt_derfin": 699.0, "alt_derini": 601.0, "alt_izqini": 602.0, "codigo": 9010.0, "barrio_imp": "SAN TELMO", "nomoficial": "INDEPENDENCIA AV.", "id_street": 13694.0, "nom_mapa": "AV. INDEPENDENCIA", "tipo_ffcc": "Sin Iteracción", "id": 13694.0, "barrio_par": "SAN TELMO", "observa": null, "bicisenda": null, "red_jerarq": "VÍA DISTRIBUIDORA PRINCIPAL", "cuadra": "INDEPENDENCIA AV. 601-700", "comuna": 1.0, "EMPRESA": "METROTEL", "com_impar": 1.0, "barrio": "SAN TELMO", "hasta": 700.0, "desde": 601.0, "longitud_m": 135.51489022264275 }, "geometry": { "type": "LineString", "coordinates": [ [ -58.374442681324197, -34.6172519220775 ], [ -58.375915292257702, -34.617352494071902 ] ] } },
{ "type": "Feature", "properties": { "sentido": "CRECIENTE", "alt_izqfin": 800.0, "com_par": 1.0, "long": "125.877.482.945.754.000", "nomanter": null, "tipo_c": "CALLE", "alt_derfin": 799.0, "alt_derini": 701.0, "alt_izqini": 702.0, "codigo": 3214.0, "barrio_imp": "SAN TELMO", "nomoficial": "CHACABUCO", "id_street": 13695.0, "nom_mapa": "CHACABUCO", "tipo_ffcc": "Sin Iteracción", "id": 13695.0, "barrio_par": "SAN TELMO", "observa": null, "bicisenda": null, "red_jerarq": "VÍA DISTRIBUIDORA COMPLEMENTARIA", "cuadra": "CHACABUCO 701-800", "comuna": 1.0, "EMPRESA": "METROTEL", "com_impar": 1.0, "barrio": "SAN TELMO", "hasta": 800.0, "desde": 701.0, "longitud_m": 125.87423203430045 }, "geometry": { "type": "LineString", "coordinates": [ [ -58.375980025247699, -34.616219075699902 ], [ -58.375915292257702, -34.617352494071902 ] ] } },
{ "type": "Feature", "properties": { "sentido": "DECRECIENTE", "alt_izqfin": 500.0, "com_par": 6.0, "long": "106.587.665.496.959.000", "nomanter": "CABALLITO", "tipo_c": "CALLE", "alt_derfin": 507.0, "alt_derini": 401.0, "alt_izqini": 402.0, "codigo": 7003.0, "barrio_imp": "CABALLITO", "nomoficial": "GAINZA, MARTIN DE, GRAL.", "id_street": 13747.0, "nom_mapa": "GRAL. MARTIN DE GAINZA", "tipo_ffcc": "Sin Iteracción", "id": 13747.0, "barrio_par": "CABALLITO", "observa": null, "bicisenda": null, "red_jerarq": "VÍA LOCAL", "cuadra": "GAINZA, MARTIN DE, GRAL. 401-500", "comuna": 6.0, "EMPRESA": "METROTEL", "com_impar": 6.0, "barrio": "CABALLITO", "hasta": 500.0, "desde": 401.0, "longitud_m": 106.58417755567113 }, "geometry": { "type": "LineString", "coordinates": [ [ -58.4465921951059, -34.617553635209902 ], [ -58.446682509215101, -34.616595748035998 ] ] } },
{ "type": "Feature", "properties": { "sentido": "DECRECIENTE", "alt_izqfin": 900.0, "com_par": 1.0, "long": "140.431.593.145.876.000", "nomanter": null, "tipo_c": "CALLE", "alt_derfin": 899.0, "alt_derini": 801.0, "alt_izqini": 802.0, "codigo": 17071.0, "barrio_imp": "SAN TELMO", "nomoficial": "PERU", "id_street": 14040.0, "nom_mapa": "PERU", "tipo_ffcc": "Sin Iteracción", "id": 14040.0, "barrio_par": "SAN TELMO", "observa": null, "bicisenda": null, "red_jerarq": "VÍA DISTRIBUIDORA COMPLEMENTARIA", "cuadra": "PERU 801-900", "comuna": 1.0, "EMPRESA": "METROTEL", "com_impar": 1.0, "barrio": "SAN TELMO", "hasta": 900.0, "desde": 801.0, "longitud_m": 140.42792071148776 }, "geometry": { "type": "LineString", "coordinates": [ [ -58.374442681324197, -34.6172519220775 ], [ -58.374365265084201, -34.6185161768285 ] ] } },
{ "type": "Feature", "properties": { "sentido": "DECRECIENTE", "alt_izqfin": 700.0, "com_par": 1.0, "long": "136.557.713.468.147.000", "nomanter": null, "tipo_c": "CALLE", "alt_derfin": 699.0, "alt_derini": 601.0, "alt_izqini": 602.0, "codigo": 5087.0, "barrio_imp": "SAN TELMO", "nomoficial": "ESTADOS UNIDOS", "id_street": 14053.0, "nom_mapa": "ESTADOS UNIDOS", "tipo_ffcc": "Sin Iteracción", "id": 14053.0, "barrio_par": "SAN TELMO", "observa": null, "bicisenda": null, "red_jerarq": "VÍA DISTRIBUIDORA COMPLEMENTARIA", "cuadra": "ESTADOS UNIDOS 601-700", "comuna": 1.0, "EMPRESA": "METROTEL", "com_impar": 1.0, "barrio": "SAN TELMO", "hasta": 700.0, "desde": 601.0, "longitud_m": 136.53225340393084 }, "geometry": { "type": "LineString", "coordinates": [ [ -58.374365265084201, -34.6185161768285 ], [ -58.375853738164899, -34.618539577095298 ] ] } },
{ "type": "Feature", "properties": { "sentido": "DECRECIENTE", "alt_izqfin": 3300.0, "com_par": 3.0, "long": "156.306.892.945.078.000", "nomanter": null, "tipo_c": "CALLE", "alt_derfin": 3299.0, "alt_derini": 3201.0, "alt_izqini": 3202.0, "codigo": 13076.0, "barrio_imp": "BALVANERA", "nomoficial": "MEXICO", "id_street": 14260.0, "nom_mapa": "MEXICO", "tipo_ffcc": "Sin Iteracción", "id": 14260.0, "barrio_par": "BALVANERA", "observa": null, "bicisenda": null, "red_jerarq": "VÍA LOCAL", "cuadra": "MEXICO 3201-3300", "comuna": 3.0, "EMPRESA": "METROTEL", "com_impar": 3.0, "barrio": "BALVANERA", "hasta": 3300.0, "desde": 3201.0, "longitud_m": 156.30047763330259 }, "geometry": { "type": "LineString", "coordinates": [ [ -58.410991995522899, -34.619048583691701 ], [ -58.412644443328603, -34.619393510615097 ] ] } },
{ "type": "Feature", "properties": { "sentido": "DECRECIENTE", "alt_izqfin": 3400.0, "com_par": 5.0, "long": "122.630.218.660.510.000", "nomanter": null, "tipo_c": "CALLE", "alt_derfin": 3399.0, "alt_derini": 3301.0, "alt_izqini": 3302.0, "codigo": 13076.0, "barrio_imp": "ALMAGRO", "nomoficial": "MEXICO", "id_street": 14326.0, "nom_mapa": "MEXICO", "tipo_ffcc": "Sin Iteracción", "id": 14326.0, "barrio_par": "ALMAGRO", "observa": null, "bicisenda": null, "red_jerarq": "VÍA LOCAL", "cuadra": "MEXICO 3301-3400", "comuna": 5.0, "EMPRESA": "METROTEL", "com_impar": 5.0, "barrio": "ALMAGRO", "hasta": 3400.0, "desde": 3301.0, "longitud_m": 122.62518623696459 }, "geometry": { "type": "LineString", "coordinates": [ [ -58.412644443328603, -34.619393510615097 ], [ -58.413941217598499, -34.619662989142597 ] ] } },
{ "type": "Feature", "properties": { "sentido": "DECRECIENTE", "alt_izqfin": 700.0, "com_par": 5.0, "long": "158.802.370.654.610.000", "nomanter": "LINIERS", "tipo_c": "CALLE", "alt_derfin": 699.0, "alt_derini": 601.0, "alt_izqini": 602.0, "codigo": 12114.0, "barrio_imp": "ALMAGRO", "nomoficial": "LINIERS VIRREY", "id_street": 14327.0, "nom_mapa": "VIRREY LINIERS", "tipo_ffcc": "Sin Iteracción", "id": 14327.0, "barrio_par": "ALMAGRO", "observa": "corrección numeración 17-1", "bicisenda": null, "red_jerarq": "VÍA LOCAL", "cuadra": "LINIERS VIRREY 601-700", "comuna": 5.0, "EMPRESA": "METROTEL", "com_impar": 5.0, "barrio": "ALMAGRO", "hasta": 700.0, "desde": 601.0, "longitud_m": 158.7987182544575 }, "geometry": { "type": "LineString", "coordinates": [ [ -58.414094284270099, -34.6182371179546 ], [ -58.413941217598499, -34.619662989142597 ] ] } },
{ "type": "Feature", "properties": { "sentido": "DECRECIENTE", "alt_izqfin": 1000.0, "com_par": 1.0, "long": "127.455.166.927.741.000", "nomanter": null, "tipo_c": "CALLE", "alt_derfin": 999.0, "alt_derini": 901.0, "alt_izqini": 902.0, "codigo": 17071.0, "barrio_imp": "SAN TELMO", "nomoficial": "PERU", "id_street": 14331.0, "nom_mapa": "PERU", "tipo_ffcc": "Sin Iteracción", "id": 14331.0, "barrio_par": "SAN TELMO", "observa": null, "bicisenda": null, "red_jerarq": "VÍA DISTRIBUIDORA COMPLEMENTARIA", "cuadra": "PERU 901-1000", "comuna": 1.0, "EMPRESA": "METROTEL", "com_impar": 1.0, "barrio": "SAN TELMO", "hasta": 1000.0, "desde": 901.0, "longitud_m": 127.45217780861154 }, "geometry": { "type": "LineString", "coordinates": [ [ -58.374365265084201, -34.6185161768285 ], [ -58.374305944700701, -34.619664034635399 ] ] } },
{ "type": "Feature", "properties": { "sentido": "CRECIENTE", "alt_izqfin": 700.0, "com_par": 1.0, "long": "137.502.344.416.726.000", "nomanter": "EUROPA", "tipo_c": "CALLE", "alt_derfin": 699.0, "alt_derini": 601.0, "alt_izqini": 602.0, "codigo": 3028.0, "barrio_imp": "SAN TELMO", "nomoficial": "CALVO, CARLOS", "id_street": 14338.0, "nom_mapa": "CARLOS CALVO", "tipo_ffcc": "Sin Iteracción", "id": 14338.0, "barrio_par": "SAN TELMO", "observa": null, "bicisenda": null, "red_jerarq": "VÍA DISTRIBUIDORA COMPLEMENTARIA", "cuadra": "CALVO, CARLOS 601-700", "comuna": 1.0, "EMPRESA": "METROTEL", "com_impar": 1.0, "barrio": "SAN TELMO", "hasta": 700.0, "desde": 601.0, "longitud_m": 137.48899999042285 }, "geometry": { "type": "LineString", "coordinates": [ [ -58.374305944700701, -34.619664034635399 ], [ -58.375804740134399, -34.619692654371498 ] ] } },
{ "type": "Feature", "properties": { "sentido": "DOBLE", "alt_izqfin": 400.0, "com_par": 6.0, "long": "280.201.661.606.459.000", "nomanter": "CABALLITO", "tipo_c": "CALLE", "alt_derfin": 399.0, "alt_derini": 201.0, "alt_izqini": 202.0, "codigo": 7003.0, "barrio_imp": "CABALLITO", "nomoficial": "GAINZA, MARTIN DE, GRAL.", "id_street": 14447.0, "nom_mapa": "GRAL. MARTIN DE GAINZA", "tipo_ffcc": "Sin Iteracción", "id": 14447.0, "barrio_par": "CABALLITO", "observa": null, "bicisenda": null, "red_jerarq": "VÍA LOCAL", "cuadra": "GAINZA, MARTIN DE, GRAL. 201-400", "comuna": 6.0, "EMPRESA": "METROTEL", "com_impar": 6.0, "barrio": "CABALLITO", "hasta": 400.0, "desde": 201.0, "longitud_m": 280.07211405526181 }, "geometry": { "type": "LineString", "coordinates": [ [ -58.446077774908602, -34.620039510080503 ], [ -58.4464080355243, -34.618789188723298 ], [ -58.4465921951059, -34.617553635209902 ] ] } },
{ "type": "Feature", "properties": { "sentido": "DECRECIENTE", "alt_izqfin": 800.0, "com_par": 3.0, "long": "143.657.584.406.827.000", "nomanter": null, "tipo_c": "CALLE", "alt_derfin": 799.0, "alt_derini": 701.0, "alt_izqini": 702.0, "codigo": 23025.0, "barrio_imp": "BALVANERA", "nomoficial": "24 DE NOVIEMBRE", "id_street": 14516.0, "nom_mapa": "24 DE NOVIEMBRE", "tipo_ffcc": "Sin Iteracción", "id": 14516.0, "barrio_par": "BALVANERA", "observa": null, "bicisenda": null, "red_jerarq": "VÍA LOCAL", "cuadra": "24 DE NOVIEMBRE 701-800", "comuna": 3.0, "EMPRESA": "METROTEL", "com_impar": 3.0, "barrio": "BALVANERA", "hasta": 800.0, "desde": 701.0, "longitud_m": 143.65043845709431 }, "geometry": { "type": "LineString", "coordinates": [ [ -58.410991995522899, -34.619048583691701 ], [ -58.410814258171797, -34.620335142707603 ] ] } },
{ "type": "Feature", "properties": { "sentido": "DECRECIENTE", "alt_izqfin": 1100.0, "com_par": 1.0, "long": "121.672.901.059.333.000", "nomanter": null, "tipo_c": "CALLE", "alt_derfin": 1099.0, "alt_derini": 1001.0, "alt_izqini": 1002.0, "codigo": 17071.0, "barrio_imp": "SAN TELMO", "nomoficial": "PERU", "id_street": 14626.0, "nom_mapa": "PERU", "tipo_ffcc": "Sin Iteracción", "id": 14626.0, "barrio_par": "SAN TELMO", "observa": null, "bicisenda": null, "red_jerarq": "VÍA DISTRIBUIDORA COMPLEMENTARIA", "cuadra": "PERU 1001-1100", "comuna": 1.0, "EMPRESA": "METROTEL", "com_impar": 1.0, "barrio": "SAN TELMO", "hasta": 1100.0, "desde": 1001.0, "longitud_m": 121.66278252146415 }, "geometry": { "type": "LineString", "coordinates": [ [ -58.374305944700701, -34.619664034635399 ], [ -58.374227853231901, -34.620758849701097 ] ] } },
{ "type": "Feature", "properties": { "sentido": "CRECIENTE", "alt_izqfin": 600.0, "com_par": 1.0, "long": "126.069.226.957.071.000", "nomanter": "DE COMERCIO", "tipo_c": "CALLE", "alt_derfin": 599.0, "alt_derini": 501.0, "alt_izqini": 502.0, "codigo": 8035.0, "barrio_imp": "SAN TELMO", "nomoficial": "HUMBERTO 1°", "id_street": 14627.0, "nom_mapa": "HUMBERTO 1°", "tipo_ffcc": "Sin Iteracción", "id": 14627.0, "barrio_par": "SAN TELMO", "observa": null, "bicisenda": null, "red_jerarq": "VÍA DISTRIBUIDORA COMPLEMENTARIA", "cuadra": "HUMBERTO 1° 501-600", "comuna": 1.0, "EMPRESA": "METROTEL", "com_impar": 1.0, "barrio": "SAN TELMO", "hasta": 600.0, "desde": 501.0, "longitud_m": 126.04447030099712 }, "geometry": { "type": "LineString", "coordinates": [ [ -58.372854186949802, -34.620721218806501 ], [ -58.374227853231901, -34.620758849701097 ] ] } },
{ "type": "Feature", "properties": { "sentido": "DECRECIENTE", "alt_izqfin": 900.0, "com_par": 3.0, "long": "137.263.266.783.863.000", "nomanter": null, "tipo_c": "CALLE", "alt_derfin": 899.0, "alt_derini": 801.0, "alt_izqini": 802.0, "codigo": 23025.0, "barrio_imp": "SAN CRISTOBAL", "nomoficial": "24 DE NOVIEMBRE", "id_street": 14846.0, "nom_mapa": "24 DE NOVIEMBRE", "tipo_ffcc": "Sin Iteracción", "id": 14846.0, "barrio_par": "SAN CRISTOBAL", "observa": null, "bicisenda": null, "red_jerarq": "VÍA LOCAL", "cuadra": "24 DE NOVIEMBRE 801-900", "comuna": 3.0, "EMPRESA": "METROTEL", "com_impar": 3.0, "barrio": "SAN CRISTOBAL", "hasta": 900.0, "desde": 801.0, "longitud_m": 137.24432782457694 }, "geometry": { "type": "LineString", "coordinates": [ [ -58.410814258171797, -34.620335142707603 ], [ -58.410763815894001, -34.621571614639102 ] ] } },
{ "type": "Feature", "properties": { "sentido": "DECRECIENTE", "alt_izqfin": 600.0, "com_par": 1.0, "long": "125.361.979.388.153.000", "nomanter": null, "tipo_c": "AVENIDA", "alt_derfin": 599.0, "alt_derini": 501.0, "alt_izqini": 502.0, "codigo": 20040.0, "barrio_imp": "SAN TELMO", "nomoficial": "SAN JUAN AV.", "id_street": 14946.0, "nom_mapa": "AV. SAN JUAN", "tipo_ffcc": "Sin Iteracción", "id": 14946.0, "barrio_par": "SAN TELMO", "observa": null, "bicisenda": null, "red_jerarq": "VÍA DISTRIBUIDORA PRINCIPAL", "cuadra": "SAN JUAN AV. 501-600", "comuna": 1.0, "EMPRESA": "METROTEL", "com_impar": 1.0, "barrio": "SAN TELMO", "hasta": 600.0, "desde": 501.0, "longitud_m": 125.35639304065808 }, "geometry": { "type": "LineString", "coordinates": [ [ -58.372801808047903, -34.621888799129501 ], [ -58.3741672134637, -34.621942269839103 ] ] } },
{ "type": "Feature", "properties": { "sentido": "DECRECIENTE", "alt_izqfin": 1000.0, "com_par": 3.0, "long": "125.366.417.283.410.000", "nomanter": null, "tipo_c": "CALLE", "alt_derfin": 999.0, "alt_derini": 901.0, "alt_izqini": 902.0, "codigo": 23025.0, "barrio_imp": "SAN CRISTOBAL", "nomoficial": "24 DE NOVIEMBRE", "id_street": 15131.0, "nom_mapa": "24 DE NOVIEMBRE", "tipo_ffcc": "Sin Iteracción", "id": 15131.0, "barrio_par": "SAN CRISTOBAL", "observa": null, "bicisenda": null, "red_jerarq": "VÍA LOCAL", "cuadra": "24 DE NOVIEMBRE 901-1000", "comuna": 3.0, "EMPRESA": "METROTEL", "com_impar": 3.0, "barrio": "SAN CRISTOBAL", "hasta": 1000.0, "desde": 901.0, "longitud_m": 125.36350934927528 }, "geometry": { "type": "LineString", "coordinates": [ [ -58.410763815894001, -34.621571614639102 ], [ -58.410590859613798, -34.622692609540699 ] ] } },
{ "type": "Feature", "properties": { "sentido": "CRECIENTE", "alt_izqfin": 500.0, "com_par": 1.0, "long": "134.506.081.125.485.000", "nomanter": null, "tipo_c": "CALLE", "alt_derfin": 499.0, "alt_derini": 401.0, "alt_izqini": 402.0, "codigo": 3134.0, "barrio_imp": "SAN TELMO", "nomoficial": "COCHABAMBA", "id_street": 15271.0, "nom_mapa": "COCHABAMBA", "tipo_ffcc": "Sin Iteracción", "id": 15271.0, "barrio_par": "SAN TELMO", "observa": null, "bicisenda": null, "red_jerarq": "VÍA LOCAL", "cuadra": "COCHABAMBA 401-500", "comuna": 1.0, "EMPRESA": "METROTEL", "com_impar": 1.0, "barrio": "SAN TELMO", "hasta": 500.0, "desde": 401.0, "longitud_m": 134.500338965233 }, "geometry": { "type": "LineString", "coordinates": [ [ -58.371272868287498, -34.623049358634603 ], [ -58.372735710093501, -34.623136862886398 ] ] } },
{ "type": "Feature", "properties": { "sentido": "CRECIENTE", "alt_izqfin": 1300.0, "com_par": 1.0, "long": "138.589.177.855.582.000", "nomanter": null, "tipo_c": "CALLE", "alt_derfin": 1299.0, "alt_derini": 1201.0, "alt_izqini": 1202.0, "codigo": 2092.0, "barrio_imp": "SAN TELMO", "nomoficial": "BOLIVAR", "id_street": 15272.0, "nom_mapa": "BOLIVAR", "tipo_ffcc": "Sin Iteracción", "id": 15272.0, "barrio_par": "SAN TELMO", "observa": null, "bicisenda": null, "red_jerarq": "VÍA LOCAL", "cuadra": "BOLIVAR 1201-1300", "comuna": 1.0, "EMPRESA": "METROTEL", "com_impar": 1.0, "barrio": "SAN TELMO", "hasta": 1300.0, "desde": 1201.0, "longitud_m": 138.58493051591563 }, "geometry": { "type": "LineString", "coordinates": [ [ -58.372801808047903, -34.621888799129501 ], [ -58.372735710093501, -34.623136862886398 ] ] } },
{ "type": "Feature", "properties": { "sentido": "CRECIENTE", "alt_izqfin": 1300.0, "com_par": 1.0, "long": "36.504.828.979.491.900", "nomanter": null, "tipo_c": "CALLE", "alt_derfin": 1273.0, "alt_derini": 1263.0, "alt_izqini": 1274.0, "codigo": 20038.0, "barrio_imp": "CONSTITUCION", "nomoficial": "SAN JOSE", "id_street": 15393.0, "nom_mapa": "SAN JOSE", "tipo_ffcc": "Sin Iteracción", "id": 15393.0, "barrio_par": "CONSTITUCION", "observa": null, "bicisenda": null, "red_jerarq": "VÍA LOCAL", "cuadra": "SAN JOSE 1263-1300", "comuna": 1.0, "EMPRESA": "METROTEL", "com_impar": 1.0, "barrio": "CONSTITUCION", "hasta": 1300.0, "desde": 1263.0, "longitud_m": 36.503981053257831 }, "geometry": { "type": "LineString", "coordinates": [ [ -58.385817198350097, -34.623256015625003 ], [ -58.385810418197202, -34.623585029141204 ] ] } },
{ "type": "Feature", "properties": { "sentido": "CRECIENTE", "alt_izqfin": 100.0, "com_par": 6.0, "long": "102.032.296.233.557.000", "nomanter": null, "tipo_c": "CALLE", "alt_derfin": 99.0, "alt_derini": 1.0, "alt_izqini": 2.0, "codigo": 8022.0, "barrio_imp": "CABALLITO", "nomoficial": "HORTIGUERA", "id_street": 15466.0, "nom_mapa": "HORTIGUERA", "tipo_ffcc": "Sin Iteracción", "id": 15466.0, "barrio_par": "CABALLITO", "observa": null, "bicisenda": null, "red_jerarq": "VÍA DISTRIBUIDORA COMPLEMENTARIA", "cuadra": "HORTIGUERA 1-100", "comuna": 6.0, "EMPRESA": "METROTEL", "com_impar": 6.0, "barrio": "CABALLITO", "hasta": 100.0, "desde": 1.0, "longitud_m": 102.02977384060709 }, "geometry": { "type": "LineString", "coordinates": [ [ -58.4472646894625, -34.622984988879097 ], [ -58.446898465039197, -34.623853471454801 ] ] } },
{ "type": "Feature", "properties": { "sentido": "DECRECIENTE", "alt_izqfin": 1360.0, "com_par": 6.0, "long": "92.319.044.448.288.200", "nomanter": "UNION", "tipo_c": "CALLE", "alt_derfin": 1359.0, "alt_derini": 1301.0, "alt_izqini": 1302.0, "codigo": 6006.0, "barrio_imp": "CABALLITO", "nomoficial": "FALCON, RAMON L.,CNEL.", "id_street": 15599.0, "nom_mapa": "CORONEL RAMON L. FALCON", "tipo_ffcc": "Sin Iteracción", "id": 15599.0, "barrio_par": "CABALLITO", "observa": null, "bicisenda": null, "red_jerarq": "VÍA DISTRIBUIDORA COMPLEMENTARIA", "cuadra": "FALCON, RAMON L.,CNEL. 1301-1360", "comuna": 6.0, "EMPRESA": "METROTEL", "com_impar": 6.0, "barrio": "CABALLITO", "hasta": 1360.0, "desde": 1301.0, "longitud_m": 92.315568932859307 }, "geometry": { "type": "LineString", "coordinates": [ [ -58.446898465039197, -34.623853471454801 ], [ -58.447785891487797, -34.624246338572199 ] ] } },
{ "type": "Feature", "properties": { "sentido": "CRECIENTE", "alt_izqfin": 1400.0, "com_par": 1.0, "long": "131.673.226.194.626.000", "nomanter": null, "tipo_c": "CALLE", "alt_derfin": 1399.0, "alt_derini": 1301.0, "alt_izqini": 1302.0, "codigo": 2092.0, "barrio_imp": "SAN TELMO", "nomoficial": "BOLIVAR", "id_street": 15629.0, "nom_mapa": "BOLIVAR", "tipo_ffcc": "Sin Iteracción", "id": 15629.0, "barrio_par": "SAN TELMO", "observa": null, "bicisenda": null, "red_jerarq": "VÍA LOCAL", "cuadra": "BOLIVAR 1301-1400", "comuna": 1.0, "EMPRESA": "METROTEL", "com_impar": 1.0, "barrio": "SAN TELMO", "hasta": 1400.0, "desde": 1301.0, "longitud_m": 131.67013360320379 }, "geometry": { "type": "LineString", "coordinates": [ [ -58.372735710093501, -34.623136862886398 ], [ -58.372673511325502, -34.624322675034499 ] ] } },
{ "type": "Feature", "properties": { "sentido": "DECRECIENTE", "alt_izqfin": 1400.0, "com_par": 6.0, "long": "50.124.553.346.889.500", "nomanter": "UNION", "tipo_c": "CALLE", "alt_derfin": 1399.0, "alt_derini": 1361.0, "alt_izqini": 1362.0, "codigo": 6006.0, "barrio_imp": "CABALLITO", "nomoficial": "FALCON, RAMON L.,CNEL.", "id_street": 15649.0, "nom_mapa": "CORONEL RAMON L. FALCON", "tipo_ffcc": "Sin Iteracción", "id": 15649.0, "barrio_par": "CABALLITO", "observa": null, "bicisenda": null, "red_jerarq": "VÍA DISTRIBUIDORA COMPLEMENTARIA", "cuadra": "FALCON, RAMON L.,CNEL. 1361-1400", "comuna": 6.0, "EMPRESA": "METROTEL", "com_impar": 6.0, "barrio": "CABALLITO", "hasta": 1400.0, "desde": 1361.0, "longitud_m": 50.122532741850975 }, "geometry": { "type": "LineString", "coordinates": [ [ -58.447785891487797, -34.624246338572199 ], [ -58.448267173293097, -34.624460485807901 ] ] } },
{ "type": "Feature", "properties": { "sentido": "DOBLE", "alt_izqfin": 0.0, "com_par": 7.0, "long": "64.908.762.965.441.400", "nomanter": null, "tipo_c": "CALLE", "alt_derfin": 0.0, "alt_derini": 0.0, "alt_izqini": 0.0, "codigo": 21022.0, "barrio_imp": "FLORES", "nomoficial": "TERRERO", "id_street": 15783.0, "nom_mapa": "TERRERO", "tipo_ffcc": "Sin Iteracción", "id": 15783.0, "barrio_par": "FLORES", "observa": "No existe como calle oficial (04/05/2011)", "bicisenda": null, "red_jerarq": "VÍA LOCAL", "cuadra": "TERRERO 0-0", "comuna": 7.0, "EMPRESA": "METROTEL", "com_impar": 7.0, "barrio": "FLORES", "hasta": 0.0, "desde": 0.0, "longitud_m": 64.883119873084098 }, "geometry": { "type": "LineString", "coordinates": [ [ -58.457077458068703, -34.6248811878041 ], [ -58.4564465619167, -34.6246164326433 ] ] } },
{ "type": "Feature", "properties": { "sentido": "DECRECIENTE", "alt_izqfin": 1500.0, "com_par": 6.0, "long": "128.562.961.922.936.000", "nomanter": "UNION", "tipo_c": "CALLE", "alt_derfin": 1499.0, "alt_derini": 1401.0, "alt_izqini": 1402.0, "codigo": 6006.0, "barrio_imp": "CABALLITO", "nomoficial": "FALCON, RAMON L.,CNEL.", "id_street": 15807.0, "nom_mapa": "CORONEL RAMON L. FALCON", "tipo_ffcc": "Sin Iteracción", "id": 15807.0, "barrio_par": "CABALLITO", "observa": null, "bicisenda": null, "red_jerarq": "VÍA DISTRIBUIDORA COMPLEMENTARIA", "cuadra": "FALCON, RAMON L.,CNEL. 1401-1500", "comuna": 6.0, "EMPRESA": "METROTEL", "com_impar": 6.0, "barrio": "CABALLITO", "hasta": 1500.0, "desde": 1401.0, "longitud_m": 128.55813288706199 }, "geometry": { "type": "LineString", "coordinates": [ [ -58.448267173293097, -34.624460485807901 ], [ -58.449499691276202, -34.625012680055796 ] ] } },
{ "type": "Feature", "properties": { "sentido": "CRECIENTE", "alt_izqfin": 800.0, "com_par": 1.0, "long": "132.185.052.096.044.000", "nomanter": "GARAY - BRASIL", "tipo_c": "AVENIDA", "alt_derfin": 799.0, "alt_derini": 701.0, "alt_izqini": 702.0, "codigo": 7026.0, "barrio_imp": "SAN TELMO", "nomoficial": "GARAY, JUAN DE AV.", "id_street": 15839.0, "nom_mapa": "AV. JUAN DE GARAY", "tipo_ffcc": "Sin Iteracción", "id": 15839.0, "barrio_par": "SAN TELMO", "observa": null, "bicisenda": null, "red_jerarq": "VÍA DISTRIBUIDORA PRINCIPAL", "cuadra": "GARAY, JUAN DE AV. 701-800", "comuna": 1.0, "EMPRESA": "METROTEL", "com_impar": 1.0, "barrio": "SAN TELMO", "hasta": 800.0, "desde": 701.0, "longitud_m": 132.17995061500642 }, "geometry": { "type": "LineString", "coordinates": [ [ -58.375475907894597, -34.624562544424201 ], [ -58.376754375393098, -34.625112830459699 ] ] } },
{ "type": "Feature", "properties": { "sentido": "DECRECIENTE", "alt_izqfin": 1400.0, "com_par": 1.0, "long": "183.031.760.633.739.000", "nomanter": null, "tipo_c": "CALLE", "alt_derfin": 1399.0, "alt_derini": 1301.0, "alt_izqini": 1302.0, "codigo": 17078.0, "barrio_imp": "CONSTITUCION", "nomoficial": "PIEDRAS", "id_street": 15840.0, "nom_mapa": "PIEDRAS", "tipo_ffcc": "Sin Iteracción", "id": 15840.0, "barrio_par": "SAN TELMO", "observa": null, "bicisenda": null, "red_jerarq": "VÍA LOCAL", "cuadra": "PIEDRAS 1301-1400", "comuna": null, "EMPRESA": "METROTEL", "com_impar": 1.0, "barrio": null, "hasta": 1400.0, "desde": 1301.0, "longitud_m": 183.01680066570046 }, "geometry": { "type": "LineString", "coordinates": [ [ -58.377086681431798, -34.623486075823003 ], [ -58.376754375393098, -34.625112830459699 ] ] } },
{ "type": "Feature", "properties": { "sentido": "DECRECIENTE", "alt_izqfin": 100.0, "com_par": 4.0, "long": "293.106.066.350.922.000", "nomanter": null, "tipo_c": "AVENIDA", "alt_derfin": 99.0, "alt_derini": 41.0, "alt_izqini": 42.0, "codigo": 2111.0, "barrio_imp": "SAN TELMO", "nomoficial": "BRASIL AV.", "id_street": 15880.0, "nom_mapa": "AV.BRASIL", "tipo_ffcc": "Sin Iteracción", "id": 15880.0, "barrio_par": "LA BOCA", "observa": "Redigitalización según adaptación de empalmes de la Av Brasil, Av Don Pedro de Mendoza y bajada de AU La Plata Bs As (Enero 2024)", "bicisenda": null, "red_jerarq": "VÍA DISTRIBUIDORA COMPLEMENTARIA", "cuadra": "BRASIL AV. 41-100", "comuna": null, "EMPRESA": "METROTEL", "com_impar": 1.0, "barrio": null, "hasta": 100.0, "desde": 41.0, "longitud_m": 293.09348834239898 }, "geometry": { "type": "LineString", "coordinates": [ [ -58.363297589891403, -34.625111612696003 ], [ -58.366492172111201, -34.625193921509897 ] ] } },
{ "type": "Feature", "properties": { "sentido": "DECRECIENTE", "alt_izqfin": 1600.0, "com_par": 6.0, "long": "205.760.973.962.233.000", "nomanter": "UNION", "tipo_c": "CALLE", "alt_derfin": 1599.0, "alt_derini": 1501.0, "alt_izqini": 1502.0, "codigo": 6006.0, "barrio_imp": "CABALLITO", "nomoficial": "FALCON, RAMON L.,CNEL.", "id_street": 16045.0, "nom_mapa": "CORONEL RAMON L. FALCON", "tipo_ffcc": "Sin Iteracción", "id": 16045.0, "barrio_par": "CABALLITO", "observa": null, "bicisenda": null, "red_jerarq": "VÍA DISTRIBUIDORA COMPLEMENTARIA", "cuadra": "FALCON, RAMON L.,CNEL. 1501-1600", "comuna": 6.0, "EMPRESA": "METROTEL", "com_impar": 6.0, "barrio": "CABALLITO", "hasta": 1600.0, "desde": 1501.0, "longitud_m": 205.75324675137614 }, "geometry": { "type": "LineString", "coordinates": [ [ -58.449499691276202, -34.625012680055796 ], [ -58.451471549355702, -34.625897615552397 ] ] } },
{ "type": "Feature", "properties": { "sentido": "CRECIENTE", "alt_izqfin": 200.0, "com_par": 7.0, "long": "140.061.937.785.631.000", "nomanter": null, "tipo_c": "CALLE", "alt_derfin": 199.0, "alt_derini": 101.0, "alt_izqini": 102.0, "codigo": 7077.0, "barrio_imp": "FLORES", "nomoficial": "GRANADEROS", "id_street": 16059.0, "nom_mapa": "GRANADEROS", "tipo_ffcc": "Paso a Nivel", "id": 16059.0, "barrio_par": "FLORES", "observa": null, "bicisenda": null, "red_jerarq": "VÍA LOCAL", "cuadra": "GRANADEROS 101-200", "comuna": 7.0, "EMPRESA": "METROTEL", "com_impar": 7.0, "barrio": "FLORES", "hasta": 200.0, "desde": 101.0, "longitud_m": 140.0583337527903 }, "geometry": { "type": "LineString", "coordinates": [ [ -58.459450443290699, -34.626404542457401 ], [ -58.460052793540299, -34.625244335610297 ] ] } },
{ "type": "Feature", "properties": { "sentido": "DECRECIENTE", "alt_izqfin": 2500.0, "com_par": 3.0, "long": "118.275.026.913.077.000", "nomanter": null, "tipo_c": "CALLE", "alt_derfin": 2499.0, "alt_derini": 2401.0, "alt_izqini": 2402.0, "codigo": 3159.0, "barrio_imp": "SAN CRISTOBAL", "nomoficial": "CONSTITUCION", "id_street": 16134.0, "nom_mapa": "CONSTITUCION", "tipo_ffcc": "Sin Iteracción", "id": 16134.0, "barrio_par": "SAN CRISTOBAL", "observa": null, "bicisenda": null, "red_jerarq": "VÍA LOCAL", "cuadra": "CONSTITUCION 2401-2500", "comuna": 3.0, "EMPRESA": "METROTEL", "com_impar": 3.0, "barrio": "SAN CRISTOBAL", "hasta": 2500.0, "desde": 2401.0, "longitud_m": 118.27009763993988 }, "geometry": { "type": "LineString", "coordinates": [ [ -58.398916909979903, -34.625971339604803 ], [ -58.400183978427201, -34.626170313854601 ] ] } },
{ "type": "Feature", "properties": { "sentido": "DECRECIENTE", "alt_izqfin": 2500.0, "com_par": 3.0, "long": "123.361.024.188.861.000", "nomanter": null, "tipo_c": "CALLE", "alt_derfin": 2499.0, "alt_derini": 2401.0, "alt_izqini": 2402.0, "codigo": 17038.0, "barrio_imp": "SAN CRISTOBAL", "nomoficial": "PAVON", "id_street": 16459.0, "nom_mapa": "PAVON", "tipo_ffcc": "Sin Iteracción", "id": 16459.0, "barrio_par": "SAN CRISTOBAL", "observa": null, "bicisenda": null, "red_jerarq": "VÍA DISTRIBUIDORA PRINCIPAL", "cuadra": "PAVON 2401-2500", "comuna": 3.0, "EMPRESA": "METROTEL", "com_impar": 3.0, "barrio": "SAN CRISTOBAL", "hasta": 2500.0, "desde": 2401.0, "longitud_m": 123.34403924811477 }, "geometry": { "type": "LineString", "coordinates": [ [ -58.398759317254303, -34.627167396173199 ], [ -58.400091867513403, -34.627318799831997 ] ] } },
{ "type": "Feature", "properties": { "sentido": "DECRECIENTE", "alt_izqfin": 1500.0, "com_par": 3.0, "long": "127.696.694.133.276.000", "nomanter": null, "tipo_c": "CALLE", "alt_derfin": 1499.0, "alt_derini": 1401.0, "alt_izqini": 1402.0, "codigo": 1034.0, "barrio_imp": "SAN CRISTOBAL", "nomoficial": "ALBERTI", "id_street": 16460.0, "nom_mapa": "ALBERTI", "tipo_ffcc": "Sin Iteracción", "id": 16460.0, "barrio_par": "SAN CRISTOBAL", "observa": null, "bicisenda": null, "red_jerarq": "VÍA LOCAL", "cuadra": "ALBERTI 1401-1500", "comuna": 3.0, "EMPRESA": "METROTEL", "com_impar": 3.0, "barrio": "SAN CRISTOBAL", "hasta": 1500.0, "desde": 1401.0, "longitud_m": 127.68555081455857 }, "geometry": { "type": "LineString", "coordinates": [ [ -58.400183978427201, -34.626170313854601 ], [ -58.400091867513403, -34.627318799831997 ] ] } },
{ "type": "Feature", "properties": { "sentido": "CRECIENTE", "alt_izqfin": 2900.0, "com_par": 7.0, "long": "128.833.635.293.582.000", "nomanter": null, "tipo_c": "CALLE", "alt_derfin": 2899.0, "alt_derini": 2801.0, "alt_izqini": 2802.0, "codigo": 2002.0, "barrio_imp": "FLORES", "nomoficial": "BACACAY", "id_street": 16774.0, "nom_mapa": "BACACAY", "tipo_ffcc": "Sin Iteracción", "id": 16774.0, "barrio_par": "FLORES", "observa": null, "bicisenda": null, "red_jerarq": "VÍA LOCAL", "cuadra": "BACACAY 2801-2900", "comuna": 7.0, "EMPRESA": "METROTEL", "com_impar": 7.0, "barrio": "FLORES", "hasta": 2900.0, "desde": 2801.0, "longitud_m": 128.82784951392463 }, "geometry": { "type": "LineString", "coordinates": [ [ -58.469333390788897, -34.628039331226702 ], [ -58.470659373706397, -34.628423065429402 ] ] } },
{ "type": "Feature", "properties": { "sentido": "CRECIENTE", "alt_izqfin": 1900.0, "com_par": 4.0, "long": "60.773.554.495.821.100", "nomanter": "ARMONIA", "tipo_c": "CALLE", "alt_derfin": 1899.0, "alt_derini": 1801.0, "alt_izqini": 1802.0, "codigo": 18009.0, "barrio_imp": "PARQUE PATRICIOS", "nomoficial": "15 DE NOVIEMBRE DE 1889", "id_street": 17691.0, "nom_mapa": "15 DE NOVIEMBRE DE 1889", "tipo_ffcc": "Sin Iteracción", "id": 17691.0, "barrio_par": "PARQUE PATRICIOS", "observa": null, "bicisenda": null, "red_jerarq": "VÍA LOCAL", "cuadra": "15 DE NOVIEMBRE DE 1889 1801-1900", "comuna": 4.0, "EMPRESA": "METROTEL", "com_impar": 4.0, "barrio": "PARQUE PATRICIOS", "hasta": 1900.0, "desde": 1801.0, "longitud_m": 60.771069023367978 }, "geometry": { "type": "LineString", "coordinates": [ [ -58.390665644477302, -34.631528454023503 ], [ -58.391300822488198, -34.631684818107097 ] ] } },
{ "type": "Feature", "properties": { "sentido": "CRECIENTE", "alt_izqfin": 2100.0, "com_par": 4.0, "long": "130.411.631.614.439.000", "nomanter": "POZOS", "tipo_c": "CALLE", "alt_derfin": 2099.0, "alt_derini": 2001.0, "alt_izqini": 2002.0, "codigo": 3150.0, "barrio_imp": "PARQUE PATRICIOS", "nomoficial": "COMBATE DE LOS POZOS", "id_street": 18032.0, "nom_mapa": "COMBATE DE LOS POZOS", "tipo_ffcc": "Sin Iteracción", "id": 18032.0, "barrio_par": "PARQUE PATRICIOS", "observa": null, "bicisenda": null, "red_jerarq": "VÍA LOCAL", "cuadra": "COMBATE DE LOS POZOS 2001-2100", "comuna": 4.0, "EMPRESA": "METROTEL", "com_impar": 4.0, "barrio": "PARQUE PATRICIOS", "hasta": 2100.0, "desde": 2001.0, "longitud_m": 130.40854936557511 }, "geometry": { "type": "LineString", "coordinates": [ [ -58.391396393219303, -34.6317083958482 ], [ -58.391169616540097, -34.632868907292803 ] ] } },
{ "type": "Feature", "properties": { "sentido": "CRECIENTE", "alt_izqfin": 500.0, "com_par": 4.0, "long": "152.885.438.627.702.000", "nomanter": null, "tipo_c": "CALLE", "alt_derfin": 499.0, "alt_derini": 401.0, "alt_izqini": 402.0, "codigo": 2110.0, "barrio_imp": "LA BOCA", "nomoficial": "BRANDSEN", "id_street": 18705.0, "nom_mapa": "BRANDSEN", "tipo_ffcc": "Sin Iteracción", "id": 18705.0, "barrio_par": "LA BOCA", "observa": null, "bicisenda": null, "red_jerarq": "VÍA LOCAL", "cuadra": "BRANDSEN 401-500", "comuna": 4.0, "EMPRESA": "METROTEL", "com_impar": 4.0, "barrio": "LA BOCA", "hasta": 500.0, "desde": 401.0, "longitud_m": 152.87930441671534 }, "geometry": { "type": "LineString", "coordinates": [ [ -58.3593753594823, -34.634492525405904 ], [ -58.360871659268199, -34.635100486943799 ] ] } },
{ "type": "Feature", "properties": { "sentido": "DOBLE", "alt_izqfin": 1200.0, "com_par": 4.0, "long": "102.042.789.920.039.000", "nomanter": null, "tipo_c": "AVENIDA", "alt_derfin": 1199.0, "alt_derini": 1101.0, "alt_izqini": 1102.0, "codigo": 2115.0, "barrio_imp": "LA BOCA", "nomoficial": "BROWN, ALTE. AV.", "id_street": 18766.0, "nom_mapa": "AV.ALTE.BROWN", "tipo_ffcc": "Sin Iteracción", "id": 18766.0, "barrio_par": "LA BOCA", "observa": "Resolución Nº 44/SSTYTRA/17 aparecida en el Boletín Oficial 5065 del 08/02/2017 (Confirma resolución previa: Asignación de doble sentido de circulación asimétrico según Res. 555/SSTYTRA/16 en BO 4996", "bicisenda": null, "red_jerarq": "VÍA DISTRIBUIDORA PRINCIPAL", "cuadra": "BROWN, ALTE. AV. 1101-1200", "comuna": 4.0, "EMPRESA": "METROTEL", "com_impar": 4.0, "barrio": "LA BOCA", "hasta": 1200.0, "desde": 1101.0, "longitud_m": 102.03983542498322 }, "geometry": { "type": "LineString", "coordinates": [ [ -58.3593753594823, -34.634492525405904 ], [ -58.358889194603201, -34.635319934704597 ] ] } },
{ "type": "Feature", "properties": { "sentido": "CRECIENTE", "alt_izqfin": 600.0, "com_par": 4.0, "long": "143.693.718.260.770.000", "nomanter": null, "tipo_c": "CALLE", "alt_derfin": 599.0, "alt_derini": 501.0, "alt_izqini": 502.0, "codigo": 2110.0, "barrio_imp": "LA BOCA", "nomoficial": "BRANDSEN", "id_street": 18856.0, "nom_mapa": "BRANDSEN", "tipo_ffcc": "Sin Iteracción", "id": 18856.0, "barrio_par": "LA BOCA", "observa": null, "bicisenda": null, "red_jerarq": "VÍA LOCAL", "cuadra": "BRANDSEN 501-600", "comuna": 4.0, "EMPRESA": "METROTEL", "com_impar": 4.0, "barrio": "LA BOCA", "hasta": 600.0, "desde": 501.0, "longitud_m": 143.68808261208846 }, "geometry": { "type": "LineString", "coordinates": [ [ -58.360871659268199, -34.635100486943799 ], [ -58.362276174673703, -34.635674973506802 ] ] } },
{ "type": "Feature", "properties": { "sentido": "DECRECIENTE", "alt_izqfin": 500.0, "com_par": 4.0, "long": "151.197.093.920.942.000", "nomanter": null, "tipo_c": "CALLE", "alt_derfin": 499.0, "alt_derini": 401.0, "alt_izqini": 402.0, "codigo": 20118.0, "barrio_imp": "LA BOCA", "nomoficial": "SUAREZ", "id_street": 18922.0, "nom_mapa": "SUAREZ", "tipo_ffcc": "Sin Iteracción", "id": 18922.0, "barrio_par": "LA BOCA", "observa": null, "bicisenda": null, "red_jerarq": "VÍA LOCAL", "cuadra": "SUAREZ 401-500", "comuna": 4.0, "EMPRESA": "METROTEL", "com_impar": 4.0, "barrio": "LA BOCA", "hasta": 500.0, "desde": 401.0, "longitud_m": 151.1902857743037 }, "geometry": { "type": "LineString", "coordinates": [ [ -58.358889194603201, -34.635319934704597 ], [ -58.360370094853899, -34.635919297512302 ] ] } },
{ "type": "Feature", "properties": { "sentido": "CRECIENTE", "alt_izqfin": 900.0, "com_par": 4.0, "long": "101.815.284.558.506.000", "nomanter": null, "tipo_c": "CALLE", "alt_derfin": 899.0, "alt_derini": 801.0, "alt_izqini": 802.0, "codigo": 19069.0, "barrio_imp": "LA BOCA", "nomoficial": "RODRIGUEZ, MARTIN", "id_street": 18923.0, "nom_mapa": "MARTIN RODRIGUEZ", "tipo_ffcc": "Sin Iteracción", "id": 18923.0, "barrio_par": "LA BOCA", "observa": null, "bicisenda": null, "red_jerarq": "VÍA LOCAL", "cuadra": "RODRIGUEZ, MARTIN 801-900", "comuna": 4.0, "EMPRESA": "METROTEL", "com_impar": 4.0, "barrio": "LA BOCA", "hasta": 900.0, "desde": 801.0, "longitud_m": 101.81247008660834 }, "geometry": { "type": "LineString", "coordinates": [ [ -58.360871659268199, -34.635100486943799 ], [ -58.360370094853899, -34.635919297512302 ] ] } },
{ "type": "Feature", "properties": { "sentido": "CRECIENTE", "alt_izqfin": 650.0, "com_par": 4.0, "long": "71.684.232.647.126.700", "nomanter": null, "tipo_c": "CALLE", "alt_derfin": 649.0, "alt_derini": 601.0, "alt_izqini": 602.0, "codigo": 2110.0, "barrio_imp": "LA BOCA", "nomoficial": "BRANDSEN", "id_street": 18931.0, "nom_mapa": "BRANDSEN", "tipo_ffcc": "Sin Iteracción", "id": 18931.0, "barrio_par": "LA BOCA", "observa": null, "bicisenda": null, "red_jerarq": "VÍA LOCAL", "cuadra": "BRANDSEN 601-650", "comuna": 4.0, "EMPRESA": "METROTEL", "com_impar": 4.0, "barrio": "LA BOCA", "hasta": 650.0, "desde": 601.0, "longitud_m": 71.681424577640655 }, "geometry": { "type": "LineString", "coordinates": [ [ -58.362276174673703, -34.635674973506802 ], [ -58.362976693490403, -34.635961821951398 ] ] } },
{ "type": "Feature", "properties": { "sentido": "CRECIENTE", "alt_izqfin": 700.0, "com_par": 4.0, "long": "72.690.717.638.495.800", "nomanter": null, "tipo_c": "CALLE", "alt_derfin": 699.0, "alt_derini": 651.0, "alt_izqini": 652.0, "codigo": 2110.0, "barrio_imp": "LA BOCA", "nomoficial": "BRANDSEN", "id_street": 19011.0, "nom_mapa": "BRANDSEN", "tipo_ffcc": "Sin Iteracción", "id": 19011.0, "barrio_par": "LA BOCA", "observa": null, "bicisenda": null, "red_jerarq": "VÍA LOCAL", "cuadra": "BRANDSEN 651-700", "comuna": 4.0, "EMPRESA": "METROTEL", "com_impar": 4.0, "barrio": "LA BOCA", "hasta": 700.0, "desde": 651.0, "longitud_m": 72.679106529604866 }, "geometry": { "type": "LineString", "coordinates": [ [ -58.362976693490403, -34.635961821951398 ], [ -58.363689913354499, -34.636247690812802 ] ] } },
{ "type": "Feature", "properties": { "sentido": "CRECIENTE", "alt_izqfin": 800.0, "com_par": 4.0, "long": "102.508.479.900.156.000", "nomanter": null, "tipo_c": "CALLE", "alt_derfin": 799.0, "alt_derini": 701.0, "alt_izqini": 702.0, "codigo": 2110.0, "barrio_imp": "LA BOCA", "nomoficial": "BRANDSEN", "id_street": 19119.0, "nom_mapa": "BRANDSEN", "tipo_ffcc": "Sin Iteracción", "id": 19119.0, "barrio_par": "LA BOCA", "observa": null, "bicisenda": null, "red_jerarq": "VÍA LOCAL", "cuadra": "BRANDSEN 701-800", "comuna": 4.0, "EMPRESA": "METROTEL", "com_impar": 4.0, "barrio": "LA BOCA", "hasta": 800.0, "desde": 701.0, "longitud_m": 102.49380171355256 }, "geometry": { "type": "LineString", "coordinates": [ [ -58.363689913354499, -34.636247690812802 ], [ -58.3646969486337, -34.636648723999699 ] ] } },
{ "type": "Feature", "properties": { "sentido": "CRECIENTE", "alt_izqfin": 900.0, "com_par": 4.0, "long": "84.373.493.001.346.500", "nomanter": null, "tipo_c": "CALLE", "alt_derfin": 899.0, "alt_derini": 801.0, "alt_izqini": 802.0, "codigo": 2110.0, "barrio_imp": "LA BOCA", "nomoficial": "BRANDSEN", "id_street": 19149.0, "nom_mapa": "BRANDSEN", "tipo_ffcc": "Paso a Nivel", "id": 19149.0, "barrio_par": "LA BOCA", "observa": null, "bicisenda": null, "red_jerarq": "VÍA LOCAL", "cuadra": "BRANDSEN 801-900", "comuna": 4.0, "EMPRESA": "METROTEL", "com_impar": 4.0, "barrio": "LA BOCA", "hasta": 900.0, "desde": 801.0, "longitud_m": 83.646540115440928 }, "geometry": { "type": "LineString", "coordinates": [ [ -58.3646969486337, -34.636648723999699 ], [ -58.365562920073003, -34.636885902032802 ] ] } },
{ "type": "Feature", "properties": { "sentido": "CRECIENTE", "alt_izqfin": 1100.0, "com_par": 4.0, "long": "131.531.820.050.133.000", "nomanter": null, "tipo_c": "CALLE", "alt_derfin": 1099.0, "alt_derini": 1001.0, "alt_izqini": 1002.0, "codigo": 2110.0, "barrio_imp": "LA BOCA", "nomoficial": "BRANDSEN", "id_street": 19271.0, "nom_mapa": "BRANDSEN", "tipo_ffcc": "Sin Iteracción", "id": 19271.0, "barrio_par": "LA BOCA", "observa": null, "bicisenda": null, "red_jerarq": "VÍA LOCAL", "cuadra": "BRANDSEN 1001-1100", "comuna": 4.0, "EMPRESA": "METROTEL", "com_impar": 4.0, "barrio": "LA BOCA", "hasta": 1100.0, "desde": 1001.0, "longitud_m": 131.52623048871371 }, "geometry": { "type": "LineString", "coordinates": [ [ -58.366623881631497, -34.637013720612202 ], [ -58.3680438439971, -34.637181952086102 ] ] } },
{ "type": "Feature", "properties": { "sentido": "CRECIENTE", "alt_izqfin": 1200.0, "com_par": 4.0, "long": "151.017.958.854.289.000", "nomanter": null, "tipo_c": "CALLE", "alt_derfin": 1199.0, "alt_derini": 1101.0, "alt_izqini": 1102.0, "codigo": 2110.0, "barrio_imp": "LA BOCA", "nomoficial": "BRANDSEN", "id_street": 19324.0, "nom_mapa": "BRANDSEN", "tipo_ffcc": "Sin Iteracción", "id": 19324.0, "barrio_par": "LA BOCA", "observa": null, "bicisenda": null, "red_jerarq": "VÍA LOCAL", "cuadra": "BRANDSEN 1101-1200", "comuna": 4.0, "EMPRESA": "METROTEL", "com_impar": 4.0, "barrio": "LA BOCA", "hasta": 1200.0, "desde": 1101.0, "longitud_m": 150.9953934132169 }, "geometry": { "type": "LineString", "coordinates": [ [ -58.3680438439971, -34.637181952086102 ], [ -58.369674322382501, -34.637373216344102 ] ] } },
{ "type": "Feature", "properties": { "sentido": "DOBLE", "alt_izqfin": 800.0, "com_par": 4.0, "long": "96.756.012.160.481.800", "nomanter": "PATRICIOS", "tipo_c": "AVENIDA", "alt_derfin": 799.0, "alt_derini": 701.0, "alt_izqini": 702.0, "codigo": 17034.0, "barrio_imp": "BARRACAS", "nomoficial": "REGIMIENTO DE PATRICIOS AV.", "id_street": 19325.0, "nom_mapa": "AV.REGIMIENTO DE PATRICIOS", "tipo_ffcc": "Sin Iteracción", "id": 19325.0, "barrio_par": "LA BOCA", "observa": "corrección numeración 7-2", "bicisenda": null, "red_jerarq": "VÍA DISTRIBUIDORA COMPLEMENTARIA", "cuadra": "REGIMIENTO DE PATRICIOS AV. 701-800", "comuna": null, "EMPRESA": "METROTEL", "com_impar": 4.0, "barrio": null, "hasta": 800.0, "desde": 701.0, "longitud_m": 96.753706706742975 }, "geometry": { "type": "LineString", "coordinates": [ [ -58.3698082947381, -34.636508100075801 ], [ -58.369674322382501, -34.637373216344102 ] ] } },
{ "type": "Feature", "properties": { "sentido": "DOBLE", "alt_izqfin": 2400.0, "com_par": 4.0, "long": "198.571.230.832.170.000", "nomanter": null, "tipo_c": "CALLE", "alt_derfin": 2399.0, "alt_derini": 2201.0, "alt_izqini": 2202.0, "codigo": 22018.0, "barrio_imp": "PARQUE PATRICIOS", "nomoficial": "USPALLATA", "id_street": 19401.0, "nom_mapa": "USPALLATA", "tipo_ffcc": "Sin Iteracción", "id": 19401.0, "barrio_par": "PARQUE PATRICIOS", "observa": null, "bicisenda": null, "red_jerarq": "VÍA LOCAL", "cuadra": "USPALLATA 2201-2400", "comuna": 4.0, "EMPRESA": "METROTEL", "com_impar": 4.0, "barrio": "PARQUE PATRICIOS", "hasta": 2400.0, "desde": 2201.0, "longitud_m": 198.55600008906038 }, "geometry": { "type": "LineString", "coordinates": [ [ -58.393038639580098, -34.637179264607298 ], [ -58.395124689052999, -34.637659748678601 ] ] } },
{ "type": "Feature", "properties": { "sentido": "CRECIENTE", "alt_izqfin": 2500.0, "com_par": 4.0, "long": "136.512.098.108.406.000", "nomanter": null, "tipo_c": "CALLE", "alt_derfin": 2499.0, "alt_derini": 2401.0, "alt_izqini": 2402.0, "codigo": 22018.0, "barrio_imp": "PARQUE PATRICIOS", "nomoficial": "USPALLATA", "id_street": 19463.0, "nom_mapa": "USPALLATA", "tipo_ffcc": "Sin Iteracción", "id": 19463.0, "barrio_par": "PARQUE PATRICIOS", "observa": null, "bicisenda": null, "red_jerarq": "VÍA LOCAL", "cuadra": "USPALLATA 2401-2500", "comuna": 4.0, "EMPRESA": "METROTEL", "com_impar": 4.0, "barrio": "PARQUE PATRICIOS", "hasta": 2500.0, "desde": 2401.0, "longitud_m": 136.49324022528708 }, "geometry": { "type": "LineString", "coordinates": [ [ -58.395124689052999, -34.637659748678601 ], [ -58.396578554186704, -34.637924217079799 ] ] } },
{ "type": "Feature", "properties": { "sentido": "CRECIENTE", "alt_izqfin": 2600.0, "com_par": 4.0, "long": "133.963.795.698.878.000", "nomanter": null, "tipo_c": "CALLE", "alt_derfin": 2599.0, "alt_derini": 2501.0, "alt_izqini": 2502.0, "codigo": 22018.0, "barrio_imp": "PARQUE PATRICIOS", "nomoficial": "USPALLATA", "id_street": 19547.0, "nom_mapa": "USPALLATA", "tipo_ffcc": "Sin Iteracción", "id": 19547.0, "barrio_par": "PARQUE PATRICIOS", "observa": null, "bicisenda": null, "red_jerarq": "VÍA LOCAL", "cuadra": "USPALLATA 2501-2600", "comuna": 4.0, "EMPRESA": "METROTEL", "com_impar": 4.0, "barrio": "PARQUE PATRICIOS", "hasta": 2600.0, "desde": 2501.0, "longitud_m": 133.95735157021386 }, "geometry": { "type": "LineString", "coordinates": [ [ -58.396578554186704, -34.637924217079799 ], [ -58.398006448361897, -34.638179851346202 ] ] } },
{ "type": "Feature", "properties": { "sentido": "CRECIENTE", "alt_izqfin": 2700.0, "com_par": 4.0, "long": "156.000.116.574.115.000", "nomanter": null, "tipo_c": "CALLE", "alt_derfin": 2699.0, "alt_derini": 2601.0, "alt_izqini": 2602.0, "codigo": 22018.0, "barrio_imp": "PARQUE PATRICIOS", "nomoficial": "USPALLATA", "id_street": 19643.0, "nom_mapa": "USPALLATA", "tipo_ffcc": "Sin Iteracción", "id": 19643.0, "barrio_par": "PARQUE PATRICIOS", "observa": null, "bicisenda": null, "red_jerarq": "VÍA LOCAL", "cuadra": "USPALLATA 2601-2700", "comuna": 4.0, "EMPRESA": "METROTEL", "com_impar": 4.0, "barrio": "PARQUE PATRICIOS", "hasta": 2700.0, "desde": 2601.0, "longitud_m": 155.99365095115189 }, "geometry": { "type": "LineString", "coordinates": [ [ -58.398006448361897, -34.638179851346202 ], [ -58.3996670047447, -34.638485943069298 ] ] } },
{ "type": "Feature", "properties": { "sentido": "CRECIENTE", "alt_izqfin": 200.0, "com_par": 9.0, "long": "92.353.746.403.682.900", "nomanter": "EL LAZO", "tipo_c": "CALLE", "alt_derfin": 199.0, "alt_derini": 1.0, "alt_izqini": 2.0, "codigo": 2027.0, "barrio_imp": "LINIERS", "nomoficial": "BARRAGAN", "id_street": 19732.0, "nom_mapa": "BARRAGAN", "tipo_ffcc": "Paso a Nivel", "id": 19732.0, "barrio_par": "LINIERS", "observa": null, "bicisenda": null, "red_jerarq": "VÍA DISTRIBUIDORA COMPLEMENTARIA", "cuadra": "BARRAGAN 1-200", "comuna": 9.0, "EMPRESA": "METROTEL", "com_impar": 9.0, "barrio": "LINIERS", "hasta": 200.0, "desde": 1.0, "longitud_m": 92.351610834969051 }, "geometry": { "type": "LineString", "coordinates": [ [ -58.522561095544503, -34.638851881439997 ], [ -58.522649543380098, -34.638022605597499 ] ] } },
{ "type": "Feature", "properties": { "sentido": "CRECIENTE", "alt_izqfin": 2800.0, "com_par": 4.0, "long": "179.444.236.290.120.000", "nomanter": null, "tipo_c": "CALLE", "alt_derfin": 2799.0, "alt_derini": 2701.0, "alt_izqini": 2702.0, "codigo": 22018.0, "barrio_imp": "PARQUE PATRICIOS", "nomoficial": "USPALLATA", "id_street": 19737.0, "nom_mapa": "USPALLATA", "tipo_ffcc": "Sin Iteracción", "id": 19737.0, "barrio_par": "PARQUE PATRICIOS", "observa": null, "bicisenda": null, "red_jerarq": "VÍA LOCAL", "cuadra": "USPALLATA 2701-2800", "comuna": 4.0, "EMPRESA": "METROTEL", "com_impar": 4.0, "barrio": "PARQUE PATRICIOS", "hasta": 2800.0, "desde": 2701.0, "longitud_m": 179.4337664558106 }, "geometry": { "type": "LineString", "coordinates": [ [ -58.3996670047447, -34.638485943069298 ], [ -58.401568645269897, -34.638867980189502 ] ] } },
{ "type": "Feature", "properties": { "sentido": "DOBLE", "alt_izqfin": 0.0, "com_par": 9.0, "long": "46.456.816.999.050.200", "nomanter": "PRIMERA JUNTA (parcial)", "tipo_c": "AVENIDA", "alt_derfin": 0.0, "alt_derini": 0.0, "alt_izqini": 0.0, "codigo": 19046.0, "barrio_imp": "LINIERS", "nomoficial": "RIVADAVIA AV.", "id_street": 19894.0, "nom_mapa": "AV. RIVADAVIA", "tipo_ffcc": "Sin Iteracción", "id": 19894.0, "barrio_par": "LINIERS", "observa": null, "bicisenda": null, "red_jerarq": "VÍA DISTRIBUIDORA PRINCIPAL", "cuadra": "RIVADAVIA AV. 0-0", "comuna": 9.0, "EMPRESA": "METROTEL", "com_impar": 9.0, "barrio": "LINIERS", "hasta": 0.0, "desde": 0.0, "longitud_m": 44.540123860718985 }, "geometry": { "type": "LineString", "coordinates": [ [ -58.528795033441298, -34.639343133986102 ], [ -58.529279828869399, -34.639317520336803 ] ] } },
{ "type": "Feature", "properties": { "sentido": "DECRECIENTE", "alt_izqfin": 0.0, "com_par": 9.0, "long": "33.227.135.904.312.700", "nomanter": "ZUFRIATEGUI(PARCIAL)", "tipo_c": "AVENIDA", "alt_derfin": 0.0, "alt_derini": 0.0, "alt_izqini": 0.0, "codigo": 17041.0, "barrio_imp": "LINIERS", "nomoficial": "PAZ, GRAL. AV.", "id_street": 19932.0, "nom_mapa": "AV.GRAL PAZ", "tipo_ffcc": "Sin Iteracción", "id": 19932.0, "barrio_par": "LINIERS", "observa": null, "bicisenda": null, "red_jerarq": "VÍA TRONCAL", "cuadra": "PAZ, GRAL. AV. 0-0", "comuna": 9.0, "EMPRESA": "METROTEL", "com_impar": 9.0, "barrio": "LINIERS", "hasta": 0.0, "desde": 0.0, "longitud_m": 33.018465497564996 }, "geometry": { "type": "LineString", "coordinates": [ [ -58.528795033441298, -34.639343133986102 ], [ -58.5290915945303, -34.639511989937802 ] ] } },
{ "type": "Feature", "properties": { "sentido": "DECRECIENTE", "alt_izqfin": 0.0, "com_par": 9.0, "long": "28.217.886.222.116.500", "nomanter": "ZUFRIATEGUI(PARCIAL)", "tipo_c": "AVENIDA", "alt_derfin": 0.0, "alt_derini": 0.0, "alt_izqini": 0.0, "codigo": 17041.0, "barrio_imp": "LINIERS", "nomoficial": "PAZ, GRAL. AV.", "id_street": 19933.0, "nom_mapa": "AV.GRAL PAZ", "tipo_ffcc": "Sin Iteracción", "id": 19933.0, "barrio_par": "LINIERS", "observa": null, "bicisenda": null, "red_jerarq": "VÍA TRONCAL", "cuadra": "PAZ, GRAL. AV. 0-0", "comuna": 9.0, "EMPRESA": "METROTEL", "com_impar": 9.0, "barrio": "LINIERS", "hasta": 0.0, "desde": 0.0, "longitud_m": 27.627275181891573 }, "geometry": { "type": "LineString", "coordinates": [ [ -58.529279828869399, -34.639317520336803 ], [ -58.5290915945303, -34.639511989937802 ] ] } },
{ "type": "Feature", "properties": { "sentido": "DECRECIENTE", "alt_izqfin": 50.0, "com_par": 9.0, "long": "79.786.051.569.038.100", "nomanter": "JACHAL", "tipo_c": "CALLE", "alt_derfin": 39.0, "alt_derini": 1.0, "alt_izqini": 2.0, "codigo": 7070.0, "barrio_imp": "LINIERS", "nomoficial": "GORDILLO, TIMOTEO", "id_street": 19958.0, "nom_mapa": "TIMOTEO GORDILLO", "tipo_ffcc": "Sin Iteracción", "id": 19958.0, "barrio_par": "LINIERS", "observa": null, "bicisenda": null, "red_jerarq": "VÍA LOCAL", "cuadra": "GORDILLO, TIMOTEO 1-50", "comuna": 9.0, "EMPRESA": "METROTEL", "com_impar": 9.0, "barrio": "LINIERS", "hasta": 50.0, "desde": 1.0, "longitud_m": 79.784196627390401 }, "geometry": { "type": "LineString", "coordinates": [ [ -58.522561095544503, -34.638851881439997 ], [ -58.522457312422603, -34.639565952261002 ] ] } },
{ "type": "Feature", "properties": { "sentido": "DECRECIENTE", "alt_izqfin": 100.0, "com_par": 9.0, "long": "74.168.897.721.944.200", "nomanter": "JACHAL", "tipo_c": "CALLE", "alt_derfin": 99.0, "alt_derini": 41.0, "alt_izqini": 52.0, "codigo": 7070.0, "barrio_imp": "LINIERS", "nomoficial": "GORDILLO, TIMOTEO", "id_street": 20127.0, "nom_mapa": "TIMOTEO GORDILLO", "tipo_ffcc": "Sin Iteracción", "id": 20127.0, "barrio_par": "LINIERS", "observa": null, "bicisenda": null, "red_jerarq": "VÍA LOCAL", "cuadra": "GORDILLO, TIMOTEO 41-100", "comuna": 9.0, "EMPRESA": "METROTEL", "com_impar": 9.0, "barrio": "LINIERS", "hasta": 100.0, "desde": 41.0, "longitud_m": 74.167171885384334 }, "geometry": { "type": "LineString", "coordinates": [ [ -58.522457312422603, -34.639565952261002 ], [ -58.522357240692202, -34.640229386868803 ] ] } },
{ "type": "Feature", "properties": { "sentido": "DECRECIENTE", "alt_izqfin": 6800.0, "com_par": 9.0, "long": "31.397.119.508.637.900", "nomanter": "UNION", "tipo_c": "CALLE", "alt_derfin": 6799.0, "alt_derini": 6775.0, "alt_izqini": 6772.0, "codigo": 6006.0, "barrio_imp": "LINIERS", "nomoficial": "FALCON, RAMON L.,CNEL.", "id_street": 20133.0, "nom_mapa": "CORONEL RAMON L. FALCON", "tipo_ffcc": "Sin Iteracción", "id": 20133.0, "barrio_par": "LINIERS", "observa": null, "bicisenda": null, "red_jerarq": "VÍA LOCAL", "cuadra": "FALCON, RAMON L.,CNEL. 6775-6800", "comuna": 9.0, "EMPRESA": "METROTEL", "com_impar": 9.0, "barrio": "LINIERS", "hasta": 6800.0, "desde": 6775.0, "longitud_m": 31.395793183864406 }, "geometry": { "type": "LineString", "coordinates": [ [ -58.522015234582099, -34.640243425365398 ], [ -58.522357240692202, -34.640229386868803 ] ] } },
{ "type": "Feature", "properties": { "sentido": "DECRECIENTE", "alt_izqfin": 6770.0, "com_par": 9.0, "long": "27.650.622.877.162.600", "nomanter": "UNION", "tipo_c": "CALLE", "alt_derfin": 6773.0, "alt_derini": 6747.0, "alt_izqini": 6752.0, "codigo": 6006.0, "barrio_imp": "LINIERS", "nomoficial": "FALCON, RAMON L.,CNEL.", "id_street": 20138.0, "nom_mapa": "CORONEL RAMON L. FALCON", "tipo_ffcc": "Sin Iteracción", "id": 20138.0, "barrio_par": "LINIERS", "observa": null, "bicisenda": null, "red_jerarq": "VÍA LOCAL", "cuadra": "FALCON, RAMON L.,CNEL. 6747-6770", "comuna": 9.0, "EMPRESA": "METROTEL", "com_impar": 9.0, "barrio": "LINIERS", "hasta": 6770.0, "desde": 6747.0, "longitud_m": 27.649454945369538 }, "geometry": { "type": "LineString", "coordinates": [ [ -58.521714040788702, -34.640255823629403 ], [ -58.522015234582099, -34.640243425365398 ] ] } },
{ "type": "Feature", "properties": { "sentido": "DECRECIENTE", "alt_izqfin": 6750.0, "com_par": 9.0, "long": "51.100.636.237.147.300", "nomanter": "UNION", "tipo_c": "CALLE", "alt_derfin": 6745.0, "alt_derini": 6701.0, "alt_izqini": 6702.0, "codigo": 6006.0, "barrio_imp": "LINIERS", "nomoficial": "FALCON, RAMON L.,CNEL.", "id_street": 20141.0, "nom_mapa": "CORONEL RAMON L. FALCON", "tipo_ffcc": "Sin Iteracción", "id": 20141.0, "barrio_par": "LINIERS", "observa": null, "bicisenda": null, "red_jerarq": "VÍA LOCAL", "cuadra": "FALCON, RAMON L.,CNEL. 6701-6750", "comuna": 9.0, "EMPRESA": "METROTEL", "com_impar": 9.0, "barrio": "LINIERS", "hasta": 6750.0, "desde": 6701.0, "longitud_m": 51.098478039694157 }, "geometry": { "type": "LineString", "coordinates": [ [ -58.521157407126999, -34.6402786948032 ], [ -58.521714040788702, -34.640255823629403 ] ] } },
{ "type": "Feature", "properties": { "sentido": "DOBLE", "alt_izqfin": 6000.0, "com_par": 9.0, "long": "128.084.010.673.043.000", "nomanter": "UNION", "tipo_c": "AVENIDA", "alt_derfin": 5999.0, "alt_derini": 5901.0, "alt_izqini": 5902.0, "codigo": 6006.0, "barrio_imp": "LINIERS", "nomoficial": "FALCON, RAMON L.,CNEL. AV.", "id_street": 20150.0, "nom_mapa": "AV.CORONEL RAMON L. FALCON", "tipo_ffcc": "Sin Iteracción", "id": 20150.0, "barrio_par": "LINIERS", "observa": null, "bicisenda": null, "red_jerarq": "VÍA LOCAL", "cuadra": "FALCON, RAMON L.,CNEL. AV. 5901-6000", "comuna": 9.0, "EMPRESA": "METROTEL", "com_impar": 9.0, "barrio": "LINIERS", "hasta": 6000.0, "desde": 5901.0, "longitud_m": 128.07871967170752 }, "geometry": { "type": "LineString", "coordinates": [ [ -58.509786660962497, -34.640076655884002 ], [ -58.511152390971198, -34.640319298811399 ] ] } },
{ "type": "Feature", "properties": { "sentido": "DECRECIENTE", "alt_izqfin": 6700.0, "com_par": 9.0, "long": "145.190.554.487.455.000", "nomanter": "UNION", "tipo_c": "CALLE", "alt_derfin": 6699.0, "alt_derini": 6601.0, "alt_izqini": 6602.0, "codigo": 6006.0, "barrio_imp": "LINIERS", "nomoficial": "FALCON, RAMON L.,CNEL.", "id_street": 20159.0, "nom_mapa": "CORONEL RAMON L. FALCON", "tipo_ffcc": "Sin Iteracción", "id": 20159.0, "barrio_par": "LINIERS", "observa": null, "bicisenda": null, "red_jerarq": "VÍA LOCAL", "cuadra": "FALCON, RAMON L.,CNEL. 6601-6700", "comuna": 9.0, "EMPRESA": "METROTEL", "com_impar": 9.0, "barrio": "LINIERS", "hasta": 6700.0, "desde": 6601.0, "longitud_m": 145.18442433166342 }, "geometry": { "type": "LineString", "coordinates": [ [ -58.519575860353797, -34.640343660762497 ], [ -58.521157407126999, -34.6402786948032 ] ] } },
{ "type": "Feature", "properties": { "sentido": "DECRECIENTE", "alt_izqfin": 6600.0, "com_par": 9.0, "long": "86.393.277.859.967.300", "nomanter": "UNION", "tipo_c": "CALLE", "alt_derfin": 6599.0, "alt_derini": 6501.0, "alt_izqini": 6502.0, "codigo": 6006.0, "barrio_imp": "LINIERS", "nomoficial": "FALCON, RAMON L.,CNEL.", "id_street": 20171.0, "nom_mapa": "CORONEL RAMON L. FALCON", "tipo_ffcc": "Sin Iteracción", "id": 20171.0, "barrio_par": "LINIERS", "observa": null, "bicisenda": null, "red_jerarq": "VÍA LOCAL", "cuadra": "FALCON, RAMON L.,CNEL. 6501-6600", "comuna": 9.0, "EMPRESA": "METROTEL", "com_impar": 9.0, "barrio": "LINIERS", "hasta": 6600.0, "desde": 6501.0, "longitud_m": 86.389631487450231 }, "geometry": { "type": "LineString", "coordinates": [ [ -58.518634786880803, -34.6403823311529 ], [ -58.519575860353797, -34.640343660762497 ] ] } },
{ "type": "Feature", "properties": { "sentido": "DECRECIENTE", "alt_izqfin": 6500.0, "com_par": 9.0, "long": "82.546.885.708.776.300", "nomanter": "UNION", "tipo_c": "CALLE", "alt_derfin": 6499.0, "alt_derini": 6447.0, "alt_izqini": 6452.0, "codigo": 6006.0, "barrio_imp": "LINIERS", "nomoficial": "FALCON, RAMON L.,CNEL.", "id_street": 20182.0, "nom_mapa": "CORONEL RAMON L. FALCON", "tipo_ffcc": "Sin Iteracción", "id": 20182.0, "barrio_par": "LINIERS", "observa": null, "bicisenda": null, "red_jerarq": "VÍA LOCAL", "cuadra": "FALCON, RAMON L.,CNEL. 6447-6500", "comuna": 9.0, "EMPRESA": "METROTEL", "com_impar": 9.0, "barrio": "LINIERS", "hasta": 6500.0, "desde": 6447.0, "longitud_m": 82.543402629715601 }, "geometry": { "type": "LineString", "coordinates": [ [ -58.517735632979303, -34.640419637538102 ], [ -58.518634786880803, -34.6403823311529 ] ] } },
{ "type": "Feature", "properties": { "sentido": "DECRECIENTE", "alt_izqfin": 6100.0, "com_par": 9.0, "long": "136.957.374.772.062.000", "nomanter": "UNION", "tipo_c": "CALLE", "alt_derfin": 6099.0, "alt_derini": 6001.0, "alt_izqini": 6002.0, "codigo": 6006.0, "barrio_imp": "LINIERS", "nomoficial": "FALCON, RAMON L.,CNEL.", "id_street": 20184.0, "nom_mapa": "CORONEL RAMON L. FALCON", "tipo_ffcc": "Sin Iteracción", "id": 20184.0, "barrio_par": "LINIERS", "observa": null, "bicisenda": null, "red_jerarq": "VÍA LOCAL", "cuadra": "FALCON, RAMON L.,CNEL. 6001-6100", "comuna": 9.0, "EMPRESA": "METROTEL", "com_impar": 9.0, "barrio": "LINIERS", "hasta": 6100.0, "desde": 6001.0, "longitud_m": 136.95161823071103 }, "geometry": { "type": "LineString", "coordinates": [ [ -58.511152390971198, -34.640319298811399 ], [ -58.5126404897184, -34.6404261715739 ] ] } },
{ "type": "Feature", "properties": { "sentido": "DECRECIENTE", "alt_izqfin": 0.0, "com_par": 9.0, "long": "5.327.420.454.435.050", "nomanter": "UNION", "tipo_c": "CALLE", "alt_derfin": 0.0, "alt_derini": 0.0, "alt_izqini": 0.0, "codigo": 6006.0, "barrio_imp": "LINIERS", "nomoficial": "FALCON, RAMON L.,CNEL.", "id_street": 20185.0, "nom_mapa": "CORONEL RAMON L. FALCON", "tipo_ffcc": "Sin Iteracción", "id": 20185.0, "barrio_par": "LINIERS", "observa": null, "bicisenda": null, "red_jerarq": "VÍA LOCAL", "cuadra": "FALCON, RAMON L.,CNEL. 0-0", "comuna": 9.0, "EMPRESA": "METROTEL", "com_impar": 9.0, "barrio": "LINIERS", "hasta": 0.0, "desde": 0.0, "longitud_m": 5.3271962896554435 }, "geometry": { "type": "LineString", "coordinates": [ [ -58.5126404897184, -34.6404261715739 ], [ -58.5126984319052, -34.640429739698902 ] ] } },
{ "type": "Feature", "properties": { "sentido": "DECRECIENTE", "alt_izqfin": 6450.0, "com_par": 9.0, "long": "60.089.533.815.584.500", "nomanter": "UNION", "tipo_c": "CALLE", "alt_derfin": 6445.0, "alt_derini": 6401.0, "alt_izqini": 6402.0, "codigo": 6006.0, "barrio_imp": "LINIERS", "nomoficial": "FALCON, RAMON L.,CNEL.", "id_street": 20196.0, "nom_mapa": "CORONEL RAMON L. FALCON", "tipo_ffcc": "Sin Iteracción", "id": 20196.0, "barrio_par": "LINIERS", "observa": null, "bicisenda": null, "red_jerarq": "VÍA LOCAL", "cuadra": "FALCON, RAMON L.,CNEL. 6401-6450", "comuna": 9.0, "EMPRESA": "METROTEL", "com_impar": 9.0, "barrio": "LINIERS", "hasta": 6450.0, "desde": 6401.0, "longitud_m": 60.086999151941129 }, "geometry": { "type": "LineString", "coordinates": [ [ -58.517081184280897, -34.640448167580502 ], [ -58.517735632979303, -34.640419637538102 ] ] } },
{ "type": "Feature", "properties": { "sentido": "DECRECIENTE", "alt_izqfin": 6200.0, "com_par": 9.0, "long": "67.106.078.923.687.000", "nomanter": "UNION", "tipo_c": "CALLE", "alt_derfin": 6207.0, "alt_derini": 6101.0, "alt_izqini": 6102.0, "codigo": 6006.0, "barrio_imp": "LINIERS", "nomoficial": "FALCON, RAMON L.,CNEL.", "id_street": 20207.0, "nom_mapa": "CORONEL RAMON L. FALCON", "tipo_ffcc": "Sin Iteracción", "id": 20207.0, "barrio_par": "LINIERS", "observa": null, "bicisenda": null, "red_jerarq": "VÍA LOCAL", "cuadra": "FALCON, RAMON L.,CNEL. 6101-6200", "comuna": 9.0, "EMPRESA": "METROTEL", "com_impar": 9.0, "barrio": "LINIERS", "hasta": 6200.0, "desde": 6101.0, "longitud_m": 67.103254851725652 }, "geometry": { "type": "LineString", "coordinates": [ [ -58.5126984319052, -34.640429739698902 ], [ -58.513428333189196, -34.640474230992197 ] ] } },
{ "type": "Feature", "properties": { "sentido": "DECRECIENTE", "alt_izqfin": 6400.0, "com_par": 9.0, "long": "99.866.166.737.837.600", "nomanter": "UNION", "tipo_c": "CALLE", "alt_derfin": 6399.0, "alt_derini": 6365.0, "alt_izqini": 6352.0, "codigo": 6006.0, "barrio_imp": "LINIERS", "nomoficial": "FALCON, RAMON L.,CNEL.", "id_street": 20212.0, "nom_mapa": "CORONEL RAMON L. FALCON", "tipo_ffcc": "Sin Iteracción", "id": 20212.0, "barrio_par": "LINIERS", "observa": null, "bicisenda": null, "red_jerarq": "VÍA LOCAL", "cuadra": "FALCON, RAMON L.,CNEL. 6365-6400", "comuna": 9.0, "EMPRESA": "METROTEL", "com_impar": 9.0, "barrio": "LINIERS", "hasta": 6400.0, "desde": 6365.0, "longitud_m": 99.861479960243543 }, "geometry": { "type": "LineString", "coordinates": [ [ -58.515993215529797, -34.640490473858897 ], [ -58.517081184280897, -34.640448167580502 ] ] } },
{ "type": "Feature", "properties": { "sentido": "DECRECIENTE", "alt_izqfin": 6248.0, "com_par": 9.0, "long": "50.404.152.733.441.700", "nomanter": "UNION", "tipo_c": "CALLE", "alt_derfin": 6249.0, "alt_derini": 6209.0, "alt_izqini": 6202.0, "codigo": 6006.0, "barrio_imp": "LINIERS", "nomoficial": "FALCON, RAMON L.,CNEL.", "id_street": 20219.0, "nom_mapa": "CORONEL RAMON L. FALCON", "tipo_ffcc": "Sin Iteracción", "id": 20219.0, "barrio_par": "LINIERS", "observa": null, "bicisenda": null, "red_jerarq": "VÍA LOCAL", "cuadra": "FALCON, RAMON L.,CNEL. 6209-6248", "comuna": 9.0, "EMPRESA": "METROTEL", "com_impar": 9.0, "barrio": "LINIERS", "hasta": 6248.0, "desde": 6209.0, "longitud_m": 50.402031207572428 }, "geometry": { "type": "LineString", "coordinates": [ [ -58.513428333189196, -34.640474230992197 ], [ -58.513976569160498, -34.640507666681501 ] ] } },
{ "type": "Feature", "properties": { "sentido": "DECRECIENTE", "alt_izqfin": 6300.0, "com_par": 9.0, "long": "55.519.477.785.357.700", "nomanter": "UNION", "tipo_c": "CALLE", "alt_derfin": 6299.0, "alt_derini": 6251.0, "alt_izqini": 6250.0, "codigo": 6006.0, "barrio_imp": "LINIERS", "nomoficial": "FALCON, RAMON L.,CNEL.", "id_street": 20237.0, "nom_mapa": "CORONEL RAMON L. FALCON", "tipo_ffcc": "Sin Iteracción", "id": 20237.0, "barrio_par": "LINIERS", "observa": null, "bicisenda": null, "red_jerarq": "VÍA LOCAL", "cuadra": "FALCON, RAMON L.,CNEL. 6251-6300", "comuna": 9.0, "EMPRESA": "METROTEL", "com_impar": 9.0, "barrio": "LINIERS", "hasta": 6300.0, "desde": 6251.0, "longitud_m": 55.517140606158577 }, "geometry": { "type": "LineString", "coordinates": [ [ -58.513976569160498, -34.640507666681501 ], [ -58.514580447220602, -34.640544456833297 ] ] } },
{ "type": "Feature", "properties": { "sentido": "DECRECIENTE", "alt_izqfin": 6350.0, "com_par": 9.0, "long": "129.674.351.018.420.000", "nomanter": "UNION", "tipo_c": "CALLE", "alt_derfin": 6363.0, "alt_derini": 6301.0, "alt_izqini": 6302.0, "codigo": 6006.0, "barrio_imp": "LINIERS", "nomoficial": "FALCON, RAMON L.,CNEL.", "id_street": 20239.0, "nom_mapa": "CORONEL RAMON L. FALCON", "tipo_ffcc": "Sin Iteracción", "id": 20239.0, "barrio_par": "LINIERS", "observa": null, "bicisenda": null, "red_jerarq": "VÍA LOCAL", "cuadra": "FALCON, RAMON L.,CNEL. 6301-6350", "comuna": 9.0, "EMPRESA": "METROTEL", "com_impar": 9.0, "barrio": "LINIERS", "hasta": 6350.0, "desde": 6301.0, "longitud_m": 129.66888258070406 }, "geometry": { "type": "LineString", "coordinates": [ [ -58.514580447220602, -34.640544456833297 ], [ -58.515993215529797, -34.640490473858897 ] ] } },
{ "type": "Feature", "properties": { "sentido": "DECRECIENTE", "alt_izqfin": 200.0, "com_par": 10.0, "long": "147.369.722.174.483.000", "nomanter": null, "tipo_c": "CALLE", "alt_derfin": 199.0, "alt_derini": 101.0, "alt_izqini": 102.0, "codigo": 3179.0, "barrio_imp": "VILLA LURO", "nomoficial": "CORVALAN", "id_street": 20277.0, "nom_mapa": "CORVALAN", "tipo_ffcc": "Sin Iteracción", "id": 20277.0, "barrio_par": "VILLA LURO", "observa": null, "bicisenda": null, "red_jerarq": "VÍA LOCAL", "cuadra": "CORVALAN 101-200", "comuna": 10.0, "EMPRESA": "METROTEL", "com_impar": 10.0, "barrio": "VILLA LURO", "hasta": 200.0, "desde": 101.0, "longitud_m": 147.36484583868651 }, "geometry": { "type": "LineString", "coordinates": [ [ -58.508439505267802, -34.6398184976808 ], [ -58.507267559192798, -34.640727595789201 ] ] } },
{ "type": "Feature", "properties": { "sentido": "DECRECIENTE", "alt_izqfin": 300.0, "com_par": 10.0, "long": "147.545.917.476.205.000", "nomanter": null, "tipo_c": "CALLE", "alt_derfin": 299.0, "alt_derini": 201.0, "alt_izqini": 202.0, "codigo": 3179.0, "barrio_imp": "VILLA LURO", "nomoficial": "CORVALAN", "id_street": 20547.0, "nom_mapa": "CORVALAN", "tipo_ffcc": "Sin Iteracción", "id": 20547.0, "barrio_par": "VILLA LURO", "observa": null, "bicisenda": null, "red_jerarq": "VÍA LOCAL", "cuadra": "CORVALAN 201-300", "comuna": 10.0, "EMPRESA": "METROTEL", "com_impar": 10.0, "barrio": "VILLA LURO", "hasta": 300.0, "desde": 201.0, "longitud_m": 147.54099681975995 }, "geometry": { "type": "LineString", "coordinates": [ [ -58.507267559192798, -34.640727595789201 ], [ -58.506084251000999, -34.641628939950799 ] ] } },
{ "type": "Feature", "properties": { "sentido": "DOBLE", "alt_izqfin": 1200.0, "com_par": 7.0, "long": "157.250.214.999.462.000", "nomanter": null, "tipo_c": "AVENIDA", "alt_derfin": 1199.0, "alt_derini": 1121.0, "alt_izqini": 1122.0, "codigo": 23011.0, "barrio_imp": "FLORES", "nomoficial": "VARELA AV.", "id_street": 20796.0, "nom_mapa": "AV. VARELA", "tipo_ffcc": "Sin Iteracción", "id": 20796.0, "barrio_par": "FLORES", "observa": null, "bicisenda": null, "red_jerarq": "VÍA LOCAL", "cuadra": "VARELA AV. 1121-1200", "comuna": 7.0, "EMPRESA": "METROTEL", "com_impar": 7.0, "barrio": "FLORES", "hasta": 1200.0, "desde": 1121.0, "longitud_m": 157.24530634667283 }, "geometry": { "type": "LineString", "coordinates": [ [ -58.456503120242999, -34.641424281686199 ], [ -58.455359030148102, -34.642480278007604 ] ] } },
{ "type": "Feature", "properties": { "sentido": "DECRECIENTE", "alt_izqfin": 400.0, "com_par": 10.0, "long": "147.755.195.311.993.000", "nomanter": null, "tipo_c": "CALLE", "alt_derfin": 399.0, "alt_derini": 301.0, "alt_izqini": 302.0, "codigo": 3179.0, "barrio_imp": "VILLA LURO", "nomoficial": "CORVALAN", "id_street": 20815.0, "nom_mapa": "CORVALAN", "tipo_ffcc": "Sin Iteracción", "id": 20815.0, "barrio_par": "VILLA LURO", "observa": null, "bicisenda": null, "red_jerarq": "VÍA LOCAL", "cuadra": "CORVALAN 301-400", "comuna": 10.0, "EMPRESA": "METROTEL", "com_impar": 10.0, "barrio": "VILLA LURO", "hasta": 400.0, "desde": 301.0, "longitud_m": 147.74990627930924 }, "geometry": { "type": "LineString", "coordinates": [ [ -58.506084251000999, -34.641628939950799 ], [ -58.504893843133203, -34.642526683348798 ] ] } },
{ "type": "Feature", "properties": { "sentido": "DOBLE", "alt_izqfin": 1884.0, "com_par": 7.0, "long": "119.973.728.598.064.000", "nomanter": null, "tipo_c": "CALLE", "alt_derfin": 1891.0, "alt_derini": 1801.0, "alt_izqini": 1802.0, "codigo": 27016.0, "barrio_imp": "PARQUE CHACABUCO", "nomoficial": "ZELARRAYAN", "id_street": 20836.0, "nom_mapa": "ZELARRAYAN", "tipo_ffcc": "Sin Iteracción", "id": 20836.0, "barrio_par": "PARQUE CHACABUCO", "observa": null, "bicisenda": null, "red_jerarq": "VÍA LOCAL", "cuadra": "ZELARRAYAN 1801-1884", "comuna": 7.0, "EMPRESA": "METROTEL", "com_impar": 7.0, "barrio": "PARQUE CHACABUCO", "hasta": 1884.0, "desde": 1801.0, "longitud_m": 119.968812683707 }, "geometry": { "type": "LineString", "coordinates": [ [ -58.440882549506902, -34.642352559587202 ], [ -58.442156516365003, -34.642599408933698 ] ] } },
{ "type": "Feature", "properties": { "sentido": "DOBLE", "alt_izqfin": 1900.0, "com_par": 7.0, "long": "26.734.991.405.222.500", "nomanter": null, "tipo_c": "CALLE", "alt_derfin": 1899.0, "alt_derini": 1893.0, "alt_izqini": 1886.0, "codigo": 27016.0, "barrio_imp": "PARQUE CHACABUCO", "nomoficial": "ZELARRAYAN", "id_street": 20851.0, "nom_mapa": "ZELARRAYAN", "tipo_ffcc": "Sin Iteracción", "id": 20851.0, "barrio_par": "PARQUE CHACABUCO", "observa": null, "bicisenda": null, "red_jerarq": "VÍA LOCAL", "cuadra": "ZELARRAYAN 1893-1900", "comuna": 7.0, "EMPRESA": "METROTEL", "com_impar": 7.0, "barrio": "PARQUE CHACABUCO", "hasta": 1900.0, "desde": 1893.0, "longitud_m": 26.733896008203185 }, "geometry": { "type": "LineString", "coordinates": [ [ -58.442440416383398, -34.642654387868397 ], [ -58.442156516365003, -34.642599408933698 ] ] } },
{ "type": "Feature", "properties": { "sentido": "DOBLE", "alt_izqfin": 1900.0, "com_par": 7.0, "long": "113.778.565.139.541.000", "nomanter": null, "tipo_c": "CALLE", "alt_derfin": 1891.0, "alt_derini": 1801.0, "alt_izqini": 1802.0, "codigo": 3207.0, "barrio_imp": "FLORES", "nomoficial": "CURAPALIGUE", "id_street": 20852.0, "nom_mapa": "CURAPALIGUE", "tipo_ffcc": "Sin Iteracción", "id": 20852.0, "barrio_par": "PARQUE CHACABUCO", "observa": null, "bicisenda": null, "red_jerarq": "VÍA LOCAL", "cuadra": "CURAPALIGUE 1801-1900", "comuna": null, "EMPRESA": "METROTEL", "com_impar": 7.0, "barrio": null, "hasta": 1900.0, "desde": 1801.0, "longitud_m": 113.64548725786263 }, "geometry": { "type": "LineString", "coordinates": [ [ -58.443078924715202, -34.641776318873902 ], [ -58.442440416383398, -34.642654387868397 ] ] } },
{ "type": "Feature", "properties": { "sentido": "DECRECIENTE", "alt_izqfin": 3030.0, "com_par": 4.0, "long": "77.343.660.623.080.900", "nomanter": "ACONQUIJA", "tipo_c": "CALLE", "alt_derfin": 3029.0, "alt_derini": 3001.0, "alt_izqini": 3002.0, "codigo": 13089.0, "barrio_imp": "PARQUE PATRICIOS", "nomoficial": "MIRAVE", "id_street": 20954.0, "nom_mapa": "MIRAVE", "tipo_ffcc": "Sin Iteracción", "id": 20954.0, "barrio_par": "BARRACAS", "observa": "Confirmación de No circulación de Tránsito Pesado según informe de Transporte en Enero 2023", "bicisenda": null, "red_jerarq": "VÍA LOCAL", "cuadra": "MIRAVE 3001-3030", "comuna": null, "EMPRESA": "METROTEL", "com_impar": 4.0, "barrio": null, "hasta": 3030.0, "desde": 3001.0, "longitud_m": 77.340689015248742 }, "geometry": { "type": "LineString", "coordinates": [ [ -58.391403286925502, -34.642084551563102 ], [ -58.392153447586203, -34.642403415056897 ] ] } },
{ "type": "Feature", "properties": { "sentido": "DOBLE", "alt_izqfin": 600.0, "com_par": 4.0, "long": "159.705.126.819.844.000", "nomanter": null, "tipo_c": "CALLE", "alt_derfin": 599.0, "alt_derini": 501.0, "alt_izqini": 502.0, "codigo": 13106.0, "barrio_imp": "PARQUE PATRICIOS", "nomoficial": "MONASTERIO", "id_street": 20955.0, "nom_mapa": "MONASTERIO", "tipo_ffcc": "Sin Iteracción", "id": 20955.0, "barrio_par": "PARQUE PATRICIOS", "observa": null, "bicisenda": null, "red_jerarq": "VÍA LOCAL", "cuadra": "MONASTERIO 501-600", "comuna": 4.0, "EMPRESA": "METROTEL", "com_impar": 4.0, "barrio": "PARQUE PATRICIOS", "hasta": 600.0, "desde": 501.0, "longitud_m": 159.70134627606859 }, "geometry": { "type": "LineString", "coordinates": [ [ -58.3938059831911, -34.641561432939099 ], [ -58.393510318775, -34.6429801491389 ] ] } },
{ "type": "Feature", "properties": { "sentido": "DECRECIENTE", "alt_izqfin": 2700.0, "com_par": 7.0, "long": "116.693.700.500.893.000", "nomanter": "COCHABAMBA", "tipo_c": "CALLE", "alt_derfin": 2699.0, "alt_derini": 2601.0, "alt_izqini": 2602.0, "codigo": 27026.0, "barrio_imp": "FLORES", "nomoficial": "ZUVIRIA", "id_street": 21006.0, "nom_mapa": "ZUVIRIA", "tipo_ffcc": "Sin Iteracción", "id": 21006.0, "barrio_par": "FLORES", "observa": "Corrección de sentido según solicitud de usuario en Diciembre de 2012", "bicisenda": null, "red_jerarq": "VÍA LOCAL", "cuadra": "ZUVIRIA 2601-2700", "comuna": 7.0, "EMPRESA": "METROTEL", "com_impar": 7.0, "barrio": "FLORES", "hasta": 2700.0, "desde": 2601.0, "longitud_m": 116.68980852461351 }, "geometry": { "type": "LineString", "coordinates": [ [ -58.455359030148102, -34.642480278007604 ], [ -58.456307678257602, -34.643181539221999 ] ] } },
{ "type": "Feature", "properties": { "sentido": "CRECIENTE", "alt_izqfin": 2000.0, "com_par": 7.0, "long": "119.207.334.012.316.000", "nomanter": null, "tipo_c": "CALLE", "alt_derfin": 1999.0, "alt_derini": 1901.0, "alt_izqini": 1902.0, "codigo": 17128.0, "barrio_imp": "PARQUE CHACABUCO", "nomoficial": "PUAN", "id_street": 21046.0, "nom_mapa": "PUAN", "tipo_ffcc": "Sin Iteracción", "id": 21046.0, "barrio_par": "PARQUE CHACABUCO", "observa": null, "bicisenda": null, "red_jerarq": "VÍA LOCAL", "cuadra": "PUAN 1901-2000", "comuna": 7.0, "EMPRESA": "METROTEL", "com_impar": 7.0, "barrio": "PARQUE CHACABUCO", "hasta": 2000.0, "desde": 1901.0, "longitud_m": 119.20412369761559 }, "geometry": { "type": "LineString", "coordinates": [ [ -58.440882549506902, -34.642352559587202 ], [ -58.4405005367013, -34.6433796805496 ] ] } },
{ "type": "Feature", "properties": { "sentido": "DECRECIENTE", "alt_izqfin": 500.0, "com_par": 10.0, "long": "147.795.454.280.961.000", "nomanter": null, "tipo_c": "CALLE", "alt_derfin": 499.0, "alt_derini": 401.0, "alt_izqini": 402.0, "codigo": 3179.0, "barrio_imp": "VILLA LURO", "nomoficial": "CORVALAN", "id_street": 21059.0, "nom_mapa": "CORVALAN", "tipo_ffcc": "Sin Iteracción", "id": 21059.0, "barrio_par": "VILLA LURO", "observa": null, "bicisenda": null, "red_jerarq": "VÍA LOCAL", "cuadra": "CORVALAN 401-500", "comuna": 10.0, "EMPRESA": "METROTEL", "com_impar": 10.0, "barrio": "VILLA LURO", "hasta": 500.0, "desde": 401.0, "longitud_m": 147.790323070873 }, "geometry": { "type": "LineString", "coordinates": [ [ -58.504893843133203, -34.642526683348798 ], [ -58.503702813142297, -34.6434244152098 ] ] } },
{ "type": "Feature", "properties": { "sentido": "DOBLE", "alt_izqfin": 3000.0, "com_par": 4.0, "long": "155.636.656.745.645.000", "nomanter": null, "tipo_c": "CALLE", "alt_derfin": 2999.0, "alt_derini": 2901.0, "alt_izqini": 2902.0, "codigo": 20118.0, "barrio_imp": "BARRACAS", "nomoficial": "SUAREZ", "id_street": 21071.0, "nom_mapa": "SUAREZ", "tipo_ffcc": "Sin Iteracción", "id": 21071.0, "barrio_par": "BARRACAS", "observa": "Asignación Nombre Oficial según Exp. 2641-D-21 (ley de Aprob. Inicial) en BO 6285 del 29/12/2021 - Asig. Sentido Circulación según info de Transporte en Ley 6347 en Marzo 2021(Antes Decreciente). Quit", "bicisenda": null, "red_jerarq": "VÍA LOCAL", "cuadra": "SUAREZ 2901-3000", "comuna": 4.0, "EMPRESA": "METROTEL", "com_impar": 4.0, "barrio": "BARRACAS", "hasta": 3000.0, "desde": 2901.0, "longitud_m": 155.50414567065633 }, "geometry": { "type": "LineString", "coordinates": [ [ -58.389668144734799, -34.642921833054601 ], [ -58.3912201094438, -34.643487343156004 ] ] } },
{ "type": "Feature", "properties": { "sentido": "DECRECIENTE", "alt_izqfin": 650.0, "com_par": 4.0, "long": "82.023.545.216.091.400", "nomanter": null, "tipo_c": "CALLE", "alt_derfin": 649.0, "alt_derini": 601.0, "alt_izqini": 602.0, "codigo": 12017.0, "barrio_imp": "BARRACAS", "nomoficial": "LAFAYETTE", "id_street": 21072.0, "nom_mapa": "LAFAYETTE", "tipo_ffcc": "Sin Iteracción", "id": 21072.0, "barrio_par": "BARRACAS", "observa": "Modificación de sentido de circulación según Resolución 821/SECTOP/2022 en BO 6523 del 21/12/2022 (antes CRECIENTE). Confirmación de No circulación de Tránsito Pesado según informe de Transporte en En", "bicisenda": null, "red_jerarq": "VÍA LOCAL", "cuadra": "LAFAYETTE 601-650", "comuna": 4.0, "EMPRESA": "METROTEL", "com_impar": 4.0, "barrio": "BARRACAS", "hasta": 650.0, "desde": 601.0, "longitud_m": 82.021642827322779 }, "geometry": { "type": "LineString", "coordinates": [ [ -58.391403286925502, -34.642084551563102 ], [ -58.3913604567162, -34.642823076795104 ] ] } },
{ "type": "Feature", "properties": { "sentido": "DECRECIENTE", "alt_izqfin": 558.0, "com_par": 10.0, "long": "80.108.986.482.521.700", "nomanter": null, "tipo_c": "CALLE", "alt_derfin": 549.0, "alt_derini": 501.0, "alt_izqini": 502.0, "codigo": 3179.0, "barrio_imp": "VILLA LURO", "nomoficial": "CORVALAN", "id_street": 21233.0, "nom_mapa": "CORVALAN", "tipo_ffcc": "Sin Iteracción", "id": 21233.0, "barrio_par": "VILLA LURO", "observa": null, "bicisenda": null, "red_jerarq": "VÍA LOCAL", "cuadra": "CORVALAN 501-558", "comuna": 10.0, "EMPRESA": "METROTEL", "com_impar": 10.0, "barrio": "VILLA LURO", "hasta": 558.0, "desde": 501.0, "longitud_m": 80.106248529076311 }, "geometry": { "type": "LineString", "coordinates": [ [ -58.503702813142297, -34.6434244152098 ], [ -58.503058439389797, -34.643912095806797 ] ] } },
{ "type": "Feature", "properties": { "sentido": "DECRECIENTE", "alt_izqfin": 2800.0, "com_par": 7.0, "long": "149.200.879.975.608.000", "nomanter": "COCHABAMBA", "tipo_c": "CALLE", "alt_derfin": 2799.0, "alt_derini": 2701.0, "alt_izqini": 2702.0, "codigo": 27026.0, "barrio_imp": "FLORES", "nomoficial": "ZUVIRIA", "id_street": 21263.0, "nom_mapa": "ZUVIRIA", "tipo_ffcc": "Sin Iteracción", "id": 21263.0, "barrio_par": "FLORES", "observa": "Corrección de sentido según solicitud de usuario en Diciembre de 2012", "bicisenda": null, "red_jerarq": "VÍA LOCAL", "cuadra": "ZUVIRIA 2701-2800", "comuna": 7.0, "EMPRESA": "METROTEL", "com_impar": 7.0, "barrio": "FLORES", "hasta": 2800.0, "desde": 2701.0, "longitud_m": 149.19590343347005 }, "geometry": { "type": "LineString", "coordinates": [ [ -58.456307678257602, -34.643181539221999 ], [ -58.457520819192197, -34.644077948262101 ] ] } },
{ "type": "Feature", "properties": { "sentido": "DECRECIENTE", "alt_izqfin": 600.0, "com_par": 10.0, "long": "63.830.684.882.192.300", "nomanter": null, "tipo_c": "CALLE", "alt_derfin": 599.0, "alt_derini": 551.0, "alt_izqini": 560.0, "codigo": 3179.0, "barrio_imp": "VILLA LURO", "nomoficial": "CORVALAN", "id_street": 21336.0, "nom_mapa": "CORVALAN", "tipo_ffcc": "Sin Iteracción", "id": 21336.0, "barrio_par": "VILLA LURO", "observa": null, "bicisenda": null, "red_jerarq": "VÍA LOCAL", "cuadra": "CORVALAN 551-600", "comuna": 10.0, "EMPRESA": "METROTEL", "com_impar": 10.0, "barrio": "VILLA LURO", "hasta": 600.0, "desde": 551.0, "longitud_m": 63.824676309857622 }, "geometry": { "type": "LineString", "coordinates": [ [ -58.503058439389797, -34.643912095806797 ], [ -58.502547451360599, -34.644302827909101 ] ] } },
{ "type": "Feature", "properties": { "sentido": "DOBLE", "alt_izqfin": 1200.0, "com_par": 7.0, "long": "31.864.093.182.501.000", "nomanter": "PORVENIR", "tipo_c": "AVENIDA", "alt_derfin": 1199.0, "alt_derini": 1151.0, "alt_izqini": 1152.0, "codigo": 12023.0, "barrio_imp": "FLORES", "nomoficial": "LAFUENTE AV.", "id_street": 21392.0, "nom_mapa": "AV. LAFUENTE", "tipo_ffcc": "Sin Iteracción", "id": 21392.0, "barrio_par": "FLORES", "observa": null, "bicisenda": null, "red_jerarq": "VÍA LOCAL", "cuadra": "LAFUENTE AV. 1151-1200", "comuna": 7.0, "EMPRESA": "METROTEL", "com_impar": 7.0, "barrio": "FLORES", "hasta": 1200.0, "desde": 1151.0, "longitud_m": 31.863066270419875 }, "geometry": { "type": "LineString", "coordinates": [ [ -58.460904662183999, -34.644284401407603 ], [ -58.4606595067199, -34.644487989570898 ] ] } },
{ "type": "Feature", "properties": { "sentido": "DECRECIENTE", "alt_izqfin": 3200.0, "com_par": 4.0, "long": "130.698.065.934.684.000", "nomanter": "ACONQUIJA", "tipo_c": "CALLE", "alt_derfin": 3199.0, "alt_derini": 3101.0, "alt_izqini": 3102.0, "codigo": 13089.0, "barrio_imp": "PARQUE PATRICIOS", "nomoficial": "MIRAVE", "id_street": 21429.0, "nom_mapa": "MIRAVE", "tipo_ffcc": "Sin Iteracción", "id": 21429.0, "barrio_par": "BARRACAS", "observa": "Confirmación de No circulación de Tránsito Pesado según informe de Transporte en Enero 2023", "bicisenda": null, "red_jerarq": "VÍA LOCAL", "cuadra": "MIRAVE 3101-3200", "comuna": null, "EMPRESA": "METROTEL", "com_impar": 4.0, "barrio": null, "hasta": 3200.0, "desde": 3101.0, "longitud_m": 130.69304784343569 }, "geometry": { "type": "LineString", "coordinates": [ [ -58.393510318775, -34.6429801491389 ], [ -58.394778306722301, -34.643518454194599 ] ] } },
{ "type": "Feature", "properties": { "sentido": "DECRECIENTE", "alt_izqfin": 650.0, "com_par": 10.0, "long": "63.642.571.709.902.500", "nomanter": null, "tipo_c": "CALLE", "alt_derfin": 649.0, "alt_derini": 601.0, "alt_izqini": 602.0, "codigo": 3179.0, "barrio_imp": "VILLA LURO", "nomoficial": "CORVALAN", "id_street": 21471.0, "nom_mapa": "CORVALAN", "tipo_ffcc": "Sin Iteracción", "id": 21471.0, "barrio_par": "VILLA LURO", "observa": null, "bicisenda": null, "red_jerarq": "VÍA LOCAL", "cuadra": "CORVALAN 601-650", "comuna": 10.0, "EMPRESA": "METROTEL", "com_impar": 10.0, "barrio": "VILLA LURO", "hasta": 650.0, "desde": 601.0, "longitud_m": 63.638522078877799 }, "geometry": { "type": "LineString", "coordinates": [ [ -58.502547451360599, -34.644302827909101 ], [ -58.502054103041502, -34.644706369247501 ] ] } },
{ "type": "Feature", "properties": { "sentido": "DECRECIENTE", "alt_izqfin": 2900.0, "com_par": 7.0, "long": "127.810.737.393.497.000", "nomanter": "COCHABAMBA", "tipo_c": "CALLE", "alt_derfin": 2899.0, "alt_derini": 2801.0, "alt_izqini": 2802.0, "codigo": 27026.0, "barrio_imp": "FLORES", "nomoficial": "ZUVIRIA", "id_street": 21522.0, "nom_mapa": "ZUVIRIA", "tipo_ffcc": "Sin Iteracción", "id": 21522.0, "barrio_par": "FLORES", "observa": "Corrección de sentido según solicitud de usuario en Diciembre de 2012", "bicisenda": null, "red_jerarq": "VÍA LOCAL", "cuadra": "ZUVIRIA 2801-2900", "comuna": 7.0, "EMPRESA": "METROTEL", "com_impar": 7.0, "barrio": "FLORES", "hasta": 2900.0, "desde": 2801.0, "longitud_m": 127.80647435645884 }, "geometry": { "type": "LineString", "coordinates": [ [ -58.457520819192197, -34.644077948262101 ], [ -58.458560078614298, -34.644845816294897 ] ] } },
{ "type": "Feature", "properties": { "sentido": "DECRECIENTE", "alt_izqfin": 700.0, "com_par": 10.0, "long": "66.180.790.046.146.000", "nomanter": null, "tipo_c": "CALLE", "alt_derfin": 699.0, "alt_derini": 651.0, "alt_izqini": 652.0, "codigo": 3179.0, "barrio_imp": "VILLA LURO", "nomoficial": "CORVALAN", "id_street": 21629.0, "nom_mapa": "CORVALAN", "tipo_ffcc": "Sin Iteracción", "id": 21629.0, "barrio_par": "VILLA LURO", "observa": null, "bicisenda": null, "red_jerarq": "VÍA LOCAL", "cuadra": "CORVALAN 651-700", "comuna": 10.0, "EMPRESA": "METROTEL", "com_impar": 10.0, "barrio": "VILLA LURO", "hasta": 700.0, "desde": 651.0, "longitud_m": 66.178643614371978 }, "geometry": { "type": "LineString", "coordinates": [ [ -58.502054103041502, -34.644706369247501 ], [ -58.501543545708699, -34.645128083122998 ] ] } },
{ "type": "Feature", "properties": { "sentido": "DECRECIENTE", "alt_izqfin": 720.0, "com_par": 10.0, "long": "34.869.619.814.444.300", "nomanter": null, "tipo_c": "CALLE", "alt_derfin": 719.0, "alt_derini": 701.0, "alt_izqini": 702.0, "codigo": 3179.0, "barrio_imp": "VILLA LURO", "nomoficial": "CORVALAN", "id_street": 21683.0, "nom_mapa": "CORVALAN", "tipo_ffcc": "Sin Iteracción", "id": 21683.0, "barrio_par": "VILLA LURO", "observa": null, "bicisenda": null, "red_jerarq": "VÍA LOCAL", "cuadra": "CORVALAN 701-720", "comuna": 10.0, "EMPRESA": "METROTEL", "com_impar": 10.0, "barrio": "VILLA LURO", "hasta": 720.0, "desde": 701.0, "longitud_m": 34.868365815430614 }, "geometry": { "type": "LineString", "coordinates": [ [ -58.501543545708699, -34.645128083122998 ], [ -58.501273613626701, -34.645349507277402 ] ] } },
{ "type": "Feature", "properties": { "sentido": "DOBLE", "alt_izqfin": 3200.0, "com_par": 4.0, "long": "335.459.897.749.358.000", "nomanter": null, "tipo_c": "CALLE", "alt_derfin": 3199.0, "alt_derini": 2901.0, "alt_izqini": 2902.0, "codigo": 16012.0, "barrio_imp": "BARRACAS", "nomoficial": "OLAVARRIA", "id_street": 21718.0, "nom_mapa": "OLAVARRIA", "tipo_ffcc": "Sin Iteracción", "id": 21718.0, "barrio_par": "BARRACAS", "observa": "corrección numeración 5-2", "bicisenda": null, "red_jerarq": "VÍA LOCAL", "cuadra": "OLAVARRIA 2901-3200", "comuna": 4.0, "EMPRESA": "METROTEL", "com_impar": 4.0, "barrio": "BARRACAS", "hasta": 3200.0, "desde": 2901.0, "longitud_m": 335.44696147080788 }, "geometry": { "type": "LineString", "coordinates": [ [ -58.3895766933244, -34.644102773262198 ], [ -58.3928445291534, -34.645462884738201 ] ] } },
{ "type": "Feature", "properties": { "sentido": "DECRECIENTE", "alt_izqfin": 3000.0, "com_par": 7.0, "long": "120.772.617.022.348.000", "nomanter": "COCHABAMBA", "tipo_c": "CALLE", "alt_derfin": 2999.0, "alt_derini": 2901.0, "alt_izqini": 2902.0, "codigo": 27026.0, "barrio_imp": "FLORES", "nomoficial": "ZUVIRIA", "id_street": 21733.0, "nom_mapa": "ZUVIRIA", "tipo_ffcc": "Sin Iteracción", "id": 21733.0, "barrio_par": "FLORES", "observa": "Corrección de sentido según solicitud de usuario en Diciembre de 2012", "bicisenda": null, "red_jerarq": "VÍA LOCAL", "cuadra": "ZUVIRIA 2901-3000", "comuna": 7.0, "EMPRESA": "METROTEL", "com_impar": 7.0, "barrio": "FLORES", "hasta": 3000.0, "desde": 2901.0, "longitud_m": 120.76858887693953 }, "geometry": { "type": "LineString", "coordinates": [ [ -58.458560078614298, -34.644845816294897 ], [ -58.459542097107501, -34.645571419763698 ] ] } },
{ "type": "Feature", "properties": { "sentido": "DOBLE", "alt_izqfin": 1300.0, "com_par": 7.0, "long": "157.930.222.537.733.000", "nomanter": "PORVENIR", "tipo_c": "AVENIDA", "alt_derfin": 1299.0, "alt_derini": 1201.0, "alt_izqini": 1202.0, "codigo": 12023.0, "barrio_imp": "FLORES", "nomoficial": "LAFUENTE AV.", "id_street": 21734.0, "nom_mapa": "AV. LAFUENTE", "tipo_ffcc": "Sin Iteracción", "id": 21734.0, "barrio_par": "FLORES", "observa": null, "bicisenda": null, "red_jerarq": "VÍA LOCAL", "cuadra": "LAFUENTE AV. 1201-1300", "comuna": 7.0, "EMPRESA": "METROTEL", "com_impar": 7.0, "barrio": "FLORES", "hasta": 1300.0, "desde": 1201.0, "longitud_m": 157.92536694019773 }, "geometry": { "type": "LineString", "coordinates": [ [ -58.4606595067199, -34.644487989570898 ], [ -58.459542097107501, -34.645571419763698 ] ] } },
{ "type": "Feature", "properties": { "sentido": "DECRECIENTE", "alt_izqfin": 800.0, "com_par": 9.0, "long": "80.324.449.638.312.400", "nomanter": null, "tipo_c": "CALLE", "alt_derfin": 799.0, "alt_derini": 721.0, "alt_izqini": 722.0, "codigo": 3179.0, "barrio_imp": "MATADEROS", "nomoficial": "CORVALAN", "id_street": 21845.0, "nom_mapa": "CORVALAN", "tipo_ffcc": "Sin Iteracción", "id": 21845.0, "barrio_par": "MATADEROS", "observa": null, "bicisenda": null, "red_jerarq": "VÍA LOCAL", "cuadra": "CORVALAN 721-800", "comuna": 9.0, "EMPRESA": "METROTEL", "com_impar": 9.0, "barrio": "MATADEROS", "hasta": 800.0, "desde": 721.0, "longitud_m": 80.321836409150407 }, "geometry": { "type": "LineString", "coordinates": [ [ -58.501273613626701, -34.645349507277402 ], [ -58.500650523205003, -34.6458585065742 ] ] } },
{ "type": "Feature", "properties": { "sentido": "DECRECIENTE", "alt_izqfin": 3500.0, "com_par": 4.0, "long": "130.315.015.788.604.000", "nomanter": "ACONQUIJA", "tipo_c": "CALLE", "alt_derfin": 3499.0, "alt_derini": 3401.0, "alt_izqini": 3402.0, "codigo": 13089.0, "barrio_imp": "PARQUE PATRICIOS", "nomoficial": "MIRAVE", "id_street": 21877.0, "nom_mapa": "MIRAVE", "tipo_ffcc": "Sin Iteracción", "id": 21877.0, "barrio_par": "BARRACAS", "observa": "Modificación y readecuación de alturas en Abril de 2018 según solicitud y confirm. de Catastro - Eliminación Red Tránsito Pesado según R 1053/SSTYTRA/19 en BO 5707 del 25/09/2019 ? Modif alturas según", "bicisenda": null, "red_jerarq": "VÍA LOCAL", "cuadra": "MIRAVE 3401-3500", "comuna": null, "EMPRESA": "METROTEL", "com_impar": 4.0, "barrio": null, "hasta": 3500.0, "desde": 3401.0, "longitud_m": 130.31002356254461 }, "geometry": { "type": "LineString", "coordinates": [ [ -58.397262713433499, -34.644573112896602 ], [ -58.398525606838, -34.645112090850297 ] ] } },
{ "type": "Feature", "properties": { "sentido": "DOBLE", "alt_izqfin": 1400.0, "com_par": 7.0, "long": "128.863.110.418.222.000", "nomanter": "PORVENIR", "tipo_c": "AVENIDA", "alt_derfin": 1399.0, "alt_derini": 1301.0, "alt_izqini": 1302.0, "codigo": 12023.0, "barrio_imp": "FLORES", "nomoficial": "LAFUENTE AV.", "id_street": 22012.0, "nom_mapa": "AV. LAFUENTE", "tipo_ffcc": "Sin Iteracción", "id": 22012.0, "barrio_par": "FLORES", "observa": null, "bicisenda": null, "red_jerarq": "VÍA LOCAL", "cuadra": "LAFUENTE AV. 1301-1400", "comuna": 7.0, "EMPRESA": "METROTEL", "com_impar": 7.0, "barrio": "FLORES", "hasta": 1400.0, "desde": 1301.0, "longitud_m": 128.85914821726075 }, "geometry": { "type": "LineString", "coordinates": [ [ -58.459542097107501, -34.645571419763698 ], [ -58.4586302870539, -34.646455409379598 ] ] } },
{ "type": "Feature", "properties": { "sentido": "DOBLE", "alt_izqfin": 5600.0, "com_par": 9.0, "long": "103.160.012.103.601.000", "nomanter": "ZEQUEIRA", "tipo_c": "CALLE", "alt_derfin": 5599.0, "alt_derini": 5501.0, "alt_izqini": 5502.0, "codigo": 27019.0, "barrio_imp": "MATADEROS", "nomoficial": "GARCIA GRANDE DE ZEQUEIRA, SEVERO", "id_street": 22050.0, "nom_mapa": "SEVERO GARCIA GRANDE DE ZEQUEIRA", "tipo_ffcc": "Sin Iteracción", "id": 22050.0, "barrio_par": "MATADEROS", "observa": null, "bicisenda": null, "red_jerarq": "VÍA LOCAL", "cuadra": "GARCIA GRANDE DE ZEQUEIRA, SEVERO 5501-5600", "comuna": 9.0, "EMPRESA": "METROTEL", "com_impar": 9.0, "barrio": "MATADEROS", "hasta": 5600.0, "desde": 5501.0, "longitud_m": 103.15680459281202 }, "geometry": { "type": "LineString", "coordinates": [ [ -58.500650523205003, -34.6458585065742 ], [ -58.501389372410301, -34.646559832843103 ] ] } },
{ "type": "Feature", "properties": { "sentido": "DOBLE", "alt_izqfin": 3400.0, "com_par": 4.0, "long": "355.566.579.999.340.000", "nomanter": null, "tipo_c": "CALLE", "alt_derfin": 3399.0, "alt_derini": 3201.0, "alt_izqini": 3202.0, "codigo": 16012.0, "barrio_imp": "BARRACAS", "nomoficial": "OLAVARRIA", "id_street": 22169.0, "nom_mapa": "OLAVARRIA", "tipo_ffcc": "Sin Iteracción", "id": 22169.0, "barrio_par": "BARRACAS", "observa": "corrección numeración 5-2", "bicisenda": null, "red_jerarq": "VÍA LOCAL", "cuadra": "OLAVARRIA 3201-3400", "comuna": 4.0, "EMPRESA": "METROTEL", "com_impar": 4.0, "barrio": "BARRACAS", "hasta": 3400.0, "desde": 3201.0, "longitud_m": 355.5528809989529 }, "geometry": { "type": "LineString", "coordinates": [ [ -58.3928445291534, -34.645462884738201 ], [ -58.396309760320598, -34.646902102113003 ] ] } },
{ "type": "Feature", "properties": { "sentido": "DOBLE", "alt_izqfin": 5700.0, "com_par": 9.0, "long": "105.092.918.909.581.000", "nomanter": "ZEQUEIRA", "tipo_c": "CALLE", "alt_derfin": 5699.0, "alt_derini": 5601.0, "alt_izqini": 5602.0, "codigo": 27019.0, "barrio_imp": "MATADEROS", "nomoficial": "GARCIA GRANDE DE ZEQUEIRA, SEVERO", "id_street": 22254.0, "nom_mapa": "SEVERO GARCIA GRANDE DE ZEQUEIRA", "tipo_ffcc": "Sin Iteracción", "id": 22254.0, "barrio_par": "MATADEROS", "observa": null, "bicisenda": null, "red_jerarq": "VÍA LOCAL", "cuadra": "GARCIA GRANDE DE ZEQUEIRA, SEVERO 5601-5700", "comuna": 9.0, "EMPRESA": "METROTEL", "com_impar": 9.0, "barrio": "MATADEROS", "hasta": 5700.0, "desde": 5601.0, "longitud_m": 105.08965070787376 }, "geometry": { "type": "LineString", "coordinates": [ [ -58.501389372410301, -34.646559832843103 ], [ -58.502142044702197, -34.647274319263097 ] ] } },
{ "type": "Feature", "properties": { "sentido": "DOBLE", "alt_izqfin": 5800.0, "com_par": 9.0, "long": "102.833.362.896.578.000", "nomanter": "ZEQUEIRA", "tipo_c": "CALLE", "alt_derfin": 5799.0, "alt_derini": 5701.0, "alt_izqini": 5702.0, "codigo": 27019.0, "barrio_imp": "MATADEROS", "nomoficial": "GARCIA GRANDE DE ZEQUEIRA, SEVERO", "id_street": 22456.0, "nom_mapa": "SEVERO GARCIA GRANDE DE ZEQUEIRA", "tipo_ffcc": "Sin Iteracción", "id": 22456.0, "barrio_par": "MATADEROS", "observa": null, "bicisenda": null, "red_jerarq": "VÍA LOCAL", "cuadra": "GARCIA GRANDE DE ZEQUEIRA, SEVERO 5701-5800", "comuna": 9.0, "EMPRESA": "METROTEL", "com_impar": 9.0, "barrio": "MATADEROS", "hasta": 5800.0, "desde": 5701.0, "longitud_m": 102.82691340968498 }, "geometry": { "type": "LineString", "coordinates": [ [ -58.502142044702197, -34.647274319263097 ], [ -58.502875720893002, -34.647975426732302 ] ] } },
{ "type": "Feature", "properties": { "sentido": "DOBLE", "alt_izqfin": 1300.0, "com_par": 4.0, "long": "142.805.927.155.040.000", "nomanter": null, "tipo_c": "CALLE", "alt_derfin": 1299.0, "alt_derini": 1201.0, "alt_izqini": 1202.0, "codigo": 12154.0, "barrio_imp": "BARRACAS", "nomoficial": "LUNA", "id_street": 22482.0, "nom_mapa": "LUNA", "tipo_ffcc": "Sin Iteracción", "id": 22482.0, "barrio_par": "BARRACAS", "observa": null, "bicisenda": null, "red_jerarq": "VÍA LOCAL", "cuadra": "LUNA 1201-1300", "comuna": 4.0, "EMPRESA": "METROTEL", "com_impar": 4.0, "barrio": "BARRACAS", "hasta": 1300.0, "desde": 1201.0, "longitud_m": 142.8022794218449 }, "geometry": { "type": "LineString", "coordinates": [ [ -58.396309760320598, -34.646902102113003 ], [ -58.395754136208403, -34.648104691927202 ] ] } },
{ "type": "Feature", "properties": { "sentido": "DOBLE", "alt_izqfin": 1500.0, "com_par": 7.0, "long": "138.331.203.523.779.000", "nomanter": "PORVENIR", "tipo_c": "AVENIDA", "alt_derfin": 1499.0, "alt_derini": 1401.0, "alt_izqini": 1402.0, "codigo": 12023.0, "barrio_imp": "FLORES", "nomoficial": "LAFUENTE AV.", "id_street": 22538.0, "nom_mapa": "AV. LAFUENTE", "tipo_ffcc": "Sin Iteracción", "id": 22538.0, "barrio_par": "FLORES", "observa": null, "bicisenda": null, "red_jerarq": "VÍA LOCAL", "cuadra": "LAFUENTE AV. 1401-1500", "comuna": 7.0, "EMPRESA": "METROTEL", "com_impar": 7.0, "barrio": "FLORES", "hasta": 1500.0, "desde": 1401.0, "longitud_m": 138.32695024356093 }, "geometry": { "type": "LineString", "coordinates": [ [ -58.4586302870539, -34.646455409379598 ], [ -58.457651573453298, -34.647404420701697 ] ] } },
{ "type": "Feature", "properties": { "sentido": "DECRECIENTE", "alt_izqfin": 1500.0, "com_par": 4.0, "long": "95.448.215.353.337.000", "nomanter": "SANTA ROSALIA", "tipo_c": "CALLE", "alt_derfin": 1499.0, "alt_derini": 1401.0, "alt_izqini": 1402.0, "codigo": 19038.0, "barrio_imp": "BARRACAS", "nomoficial": "RIO CUARTO", "id_street": 22557.0, "nom_mapa": "RIO CUARTO", "tipo_ffcc": "Sin Iteracción", "id": 22557.0, "barrio_par": "BARRACAS", "observa": null, "bicisenda": null, "red_jerarq": "VÍA LOCAL", "cuadra": "RIO CUARTO 1401-1500", "comuna": 4.0, "EMPRESA": "METROTEL", "com_impar": 4.0, "barrio": "BARRACAS", "hasta": 1500.0, "desde": 1401.0, "longitud_m": 95.444221333947496 }, "geometry": { "type": "LineString", "coordinates": [ [ -58.369379518884998, -34.648181949574401 ], [ -58.370393517091998, -34.648376953068997 ] ] } },
{ "type": "Feature", "properties": { "sentido": "DOBLE", "alt_izqfin": 5900.0, "com_par": 9.0, "long": "103.876.787.017.594.000", "nomanter": "ZEQUEIRA", "tipo_c": "CALLE", "alt_derfin": 5899.0, "alt_derini": 5801.0, "alt_izqini": 5802.0, "codigo": 27019.0, "barrio_imp": "MATADEROS", "nomoficial": "GARCIA GRANDE DE ZEQUEIRA, SEVERO", "id_street": 22613.0, "nom_mapa": "SEVERO GARCIA GRANDE DE ZEQUEIRA", "tipo_ffcc": "Sin Iteracción", "id": 22613.0, "barrio_par": "MATADEROS", "observa": null, "bicisenda": null, "red_jerarq": "VÍA LOCAL", "cuadra": "GARCIA GRANDE DE ZEQUEIRA, SEVERO 5801-5900", "comuna": 9.0, "EMPRESA": "METROTEL", "com_impar": 9.0, "barrio": "MATADEROS", "hasta": 5900.0, "desde": 5801.0, "longitud_m": 103.87130943219461 }, "geometry": { "type": "LineString", "coordinates": [ [ -58.502875720893002, -34.647975426732302 ], [ -58.503615889517199, -34.648684344515097 ] ] } },
{ "type": "Feature", "properties": { "sentido": "DOBLE", "alt_izqfin": 1650.0, "com_par": 7.0, "long": "71.670.206.221.591.000", "nomanter": "PORVENIR", "tipo_c": "AVENIDA", "alt_derfin": 1661.0, "alt_derini": 1601.0, "alt_izqini": 1602.0, "codigo": 12023.0, "barrio_imp": "FLORES", "nomoficial": "LAFUENTE AV.", "id_street": 22663.0, "nom_mapa": "AV. LAFUENTE", "tipo_ffcc": "Sin Iteracción", "id": 22663.0, "barrio_par": "FLORES", "observa": null, "bicisenda": null, "red_jerarq": "VÍA LOCAL", "cuadra": "LAFUENTE AV. 1601-1650", "comuna": 7.0, "EMPRESA": "METROTEL", "com_impar": 7.0, "barrio": "FLORES", "hasta": 1650.0, "desde": 1601.0, "longitud_m": 71.66763964350227 }, "geometry": { "type": "LineString", "coordinates": [ [ -58.456678692830003, -34.648347587181703 ], [ -58.456176824623299, -34.648842914743199 ] ] } },
{ "type": "Feature", "properties": { "sentido": "DOBLE", "alt_izqfin": 1700.0, "com_par": 7.0, "long": "47.636.815.481.005.200", "nomanter": "PORVENIR", "tipo_c": "AVENIDA", "alt_derfin": 1699.0, "alt_derini": 1663.0, "alt_izqini": 1652.0, "codigo": 12023.0, "barrio_imp": "FLORES", "nomoficial": "LAFUENTE AV.", "id_street": 22727.0, "nom_mapa": "AV. LAFUENTE", "tipo_ffcc": "Sin Iteracción", "id": 22727.0, "barrio_par": "FLORES", "observa": null, "bicisenda": null, "red_jerarq": "VÍA LOCAL", "cuadra": "LAFUENTE AV. 1663-1700", "comuna": 7.0, "EMPRESA": "METROTEL", "com_impar": 7.0, "barrio": "FLORES", "hasta": 1700.0, "desde": 1663.0, "longitud_m": 47.582338861468173 }, "geometry": { "type": "LineString", "coordinates": [ [ -58.456176824623299, -34.648842914743199 ], [ -58.4558244339525, -34.649157825578499 ] ] } },
{ "type": "Feature", "properties": { "sentido": "DOBLE", "alt_izqfin": 6000.0, "com_par": 9.0, "long": "118.466.071.948.757.000", "nomanter": "ZEQUEIRA", "tipo_c": "CALLE", "alt_derfin": 5999.0, "alt_derini": 5901.0, "alt_izqini": 5902.0, "codigo": 27019.0, "barrio_imp": "MATADEROS", "nomoficial": "GARCIA GRANDE DE ZEQUEIRA, SEVERO", "id_street": 22802.0, "nom_mapa": "SEVERO GARCIA GRANDE DE ZEQUEIRA", "tipo_ffcc": "Sin Iteracción", "id": 22802.0, "barrio_par": "MATADEROS", "observa": null, "bicisenda": null, "red_jerarq": "VÍA LOCAL", "cuadra": "GARCIA GRANDE DE ZEQUEIRA, SEVERO 5901-6000", "comuna": 9.0, "EMPRESA": "METROTEL", "com_impar": 9.0, "barrio": "MATADEROS", "hasta": 6000.0, "desde": 5901.0, "longitud_m": 118.46238994017146 }, "geometry": { "type": "LineString", "coordinates": [ [ -58.503615889517199, -34.648684344515097 ], [ -58.504462467632102, -34.649491109883897 ] ] } },
{ "type": "Feature", "properties": { "sentido": "DOBLE", "alt_izqfin": 1600.0, "com_par": 4.0, "long": "142.114.308.938.203.000", "nomanter": "ITAQUI", "tipo_c": "CALLE", "alt_derfin": 1599.0, "alt_derini": 1501.0, "alt_izqini": 1502.0, "codigo": 9027.0, "barrio_imp": "NUEVA POMPEYA", "nomoficial": "ARBELETCHE, ANIBAL P.", "id_street": 22880.0, "nom_mapa": "ANIBAL P. ARBELETCHE", "tipo_ffcc": "Sin Iteracción", "id": 22880.0, "barrio_par": "NUEVA POMPEYA", "observa": null, "bicisenda": null, "red_jerarq": "VÍA LOCAL", "cuadra": "ARBELETCHE, ANIBAL P. 1501-1600", "comuna": 4.0, "EMPRESA": "METROTEL", "com_impar": 4.0, "barrio": "NUEVA POMPEYA", "hasta": 1600.0, "desde": 1501.0, "longitud_m": 142.10987740691479 }, "geometry": { "type": "LineString", "coordinates": [ [ -58.427057553937999, -34.648822807323903 ], [ -58.428081767441498, -34.649784382100798 ] ] } },
{ "type": "Feature", "properties": { "sentido": "DOBLE", "alt_izqfin": 2700.0, "com_par": 4.0, "long": "58.934.353.333.661.700", "nomanter": "CACHIMAYO", "tipo_c": "CALLE", "alt_derfin": 2699.0, "alt_derini": 2649.0, "alt_izqini": 2628.0, "codigo": 13103.0, "barrio_imp": "NUEVA POMPEYA", "nomoficial": "MOM", "id_street": 22881.0, "nom_mapa": "MOM", "tipo_ffcc": "Sin Iteracción", "id": 22881.0, "barrio_par": "NUEVA POMPEYA", "observa": null, "bicisenda": null, "red_jerarq": "VÍA LOCAL", "cuadra": "MOM 2649-2700", "comuna": 4.0, "EMPRESA": "METROTEL", "com_impar": 4.0, "barrio": "NUEVA POMPEYA", "hasta": 2700.0, "desde": 2649.0, "longitud_m": 58.932360078346676 }, "geometry": { "type": "LineString", "coordinates": [ [ -58.428568565112997, -34.649437427545898 ], [ -58.428081767441498, -34.649784382100798 ] ] } },
{ "type": "Feature", "properties": { "sentido": "DOBLE", "alt_izqfin": 1750.0, "com_par": 7.0, "long": "141.822.833.388.667.000", "nomanter": "PORVENIR", "tipo_c": "AVENIDA", "alt_derfin": 1749.0, "alt_derini": 1701.0, "alt_izqini": 1702.0, "codigo": 12023.0, "barrio_imp": "FLORES", "nomoficial": "LAFUENTE AV.", "id_street": 22916.0, "nom_mapa": "AV. LAFUENTE", "tipo_ffcc": "Sin Iteracción", "id": 22916.0, "barrio_par": "FLORES", "observa": null, "bicisenda": null, "red_jerarq": "VÍA LOCAL", "cuadra": "LAFUENTE AV. 1701-1750", "comuna": 7.0, "EMPRESA": "METROTEL", "com_impar": 7.0, "barrio": "FLORES", "hasta": 1750.0, "desde": 1701.0, "longitud_m": 141.76124494541668 }, "geometry": { "type": "LineString", "coordinates": [ [ -58.4558244339525, -34.649157825578499 ], [ -58.454693717566101, -34.650029520517599 ] ] } },
{ "type": "Feature", "properties": { "sentido": "DOBLE", "alt_izqfin": 1400.0, "com_par": 4.0, "long": "156.130.295.728.611.000", "nomanter": null, "tipo_c": "CALLE", "alt_derfin": 1399.0, "alt_derini": 1301.0, "alt_izqini": 1302.0, "codigo": 12154.0, "barrio_imp": "BARRACAS", "nomoficial": "LUNA", "id_street": 22949.0, "nom_mapa": "LUNA", "tipo_ffcc": "Sin Iteracción", "id": 22949.0, "barrio_par": "BARRACAS", "observa": null, "bicisenda": null, "red_jerarq": "VÍA LOCAL", "cuadra": "LUNA 1301-1400", "comuna": 4.0, "EMPRESA": "METROTEL", "com_impar": 4.0, "barrio": "BARRACAS", "hasta": 1400.0, "desde": 1301.0, "longitud_m": 156.12667743385074 }, "geometry": { "type": "LineString", "coordinates": [ [ -58.395651625651503, -34.648627174142099 ], [ -58.395540556498602, -34.650031559159999 ] ] } },
{ "type": "Feature", "properties": { "sentido": "DOBLE", "alt_izqfin": 1472.0, "com_par": 4.0, "long": "134.789.742.485.308.000", "nomanter": null, "tipo_c": "CALLE", "alt_derfin": 1481.0, "alt_derini": 1401.0, "alt_izqini": 1402.0, "codigo": 23059.0, "barrio_imp": "BARRACAS", "nomoficial": "VIEYTES", "id_street": 23011.0, "nom_mapa": "VIEYTES", "tipo_ffcc": "Sin Iteracción", "id": 23011.0, "barrio_par": "BARRACAS", "observa": null, "bicisenda": null, "red_jerarq": "VÍA DISTRIBUIDORA COMPLEMENTARIA", "cuadra": "VIEYTES 1401-1472", "comuna": 4.0, "EMPRESA": "METROTEL", "com_impar": 4.0, "barrio": "BARRACAS", "hasta": 1472.0, "desde": 1401.0, "longitud_m": 134.78625623787974 }, "geometry": { "type": "LineString", "coordinates": [ [ -58.377102766814303, -34.649032518580498 ], [ -58.376673609478701, -34.650194616925901 ] ] } },
{ "type": "Feature", "properties": { "sentido": "CRECIENTE", "alt_izqfin": 0.0, "com_par": 7.0, "long": "37.463.000.824.495.200", "nomanter": "PORVENIR", "tipo_c": "AVENIDA", "alt_derfin": 0.0, "alt_derini": 0.0, "alt_izqini": 0.0, "codigo": 12023.0, "barrio_imp": "FLORES", "nomoficial": "LAFUENTE AV.", "id_street": 23039.0, "nom_mapa": "AV. LAFUENTE", "tipo_ffcc": "Sin Iteracción", "id": 23039.0, "barrio_par": "FLORES", "observa": null, "bicisenda": null, "red_jerarq": "VÍA LOCAL", "cuadra": "LAFUENTE AV. 0-0", "comuna": 7.0, "EMPRESA": "METROTEL", "com_impar": 7.0, "barrio": "FLORES", "hasta": 0.0, "desde": 0.0, "longitud_m": 36.502216817224109 }, "geometry": { "type": "LineString", "coordinates": [ [ -58.454693717566101, -34.650029520517599 ], [ -58.454556652702003, -34.6503384541627 ] ] } },
{ "type": "Feature", "properties": { "sentido": "DOBLE", "alt_izqfin": 6100.0, "com_par": 9.0, "long": "124.153.812.865.255.000", "nomanter": "ZEQUEIRA", "tipo_c": "CALLE", "alt_derfin": 6099.0, "alt_derini": 6001.0, "alt_izqini": 6002.0, "codigo": 27019.0, "barrio_imp": "MATADEROS", "nomoficial": "GARCIA GRANDE DE ZEQUEIRA, SEVERO", "id_street": 23041.0, "nom_mapa": "SEVERO GARCIA GRANDE DE ZEQUEIRA", "tipo_ffcc": "Sin Iteracción", "id": 23041.0, "barrio_par": "MATADEROS", "observa": null, "bicisenda": null, "red_jerarq": "VÍA LOCAL", "cuadra": "GARCIA GRANDE DE ZEQUEIRA, SEVERO 6001-6100", "comuna": 9.0, "EMPRESA": "METROTEL", "com_impar": 9.0, "barrio": "MATADEROS", "hasta": 6100.0, "desde": 6001.0, "longitud_m": 124.14995302217326 }, "geometry": { "type": "LineString", "coordinates": [ [ -58.504462467632102, -34.649491109883897 ], [ -58.505349729775503, -34.650336587910701 ] ] } },
{ "type": "Feature", "properties": { "sentido": "CRECIENTE", "alt_izqfin": 700.0, "com_par": 4.0, "long": "134.478.805.271.639.000", "nomanter": "DONATO ALVAREZ, Tte.Gral. - SAN ANTONIO", "tipo_c": "CALLE", "alt_derfin": 699.0, "alt_derini": 601.0, "alt_izqini": 602.0, "codigo": 20023.0, "barrio_imp": "BARRACAS", "nomoficial": "SAN ANTONIO", "id_street": 23063.0, "nom_mapa": "SAN ANTONIO", "tipo_ffcc": "Sin Iteracción", "id": 23063.0, "barrio_par": "BARRACAS", "observa": null, "bicisenda": null, "red_jerarq": "VÍA LOCAL", "cuadra": "SAN ANTONIO 601-700", "comuna": 4.0, "EMPRESA": "METROTEL", "com_impar": 4.0, "barrio": "BARRACAS", "hasta": 700.0, "desde": 601.0, "longitud_m": 134.47543683344909 }, "geometry": { "type": "LineString", "coordinates": [ [ -58.378176630730501, -34.649211584048999 ], [ -58.3777445938589, -34.650370022133202 ] ] } },
{ "type": "Feature", "properties": { "sentido": "CRECIENTE", "alt_izqfin": 0.0, "com_par": 7.0, "long": "54.085.752.988.861.500", "nomanter": "PORVENIR", "tipo_c": "AVENIDA", "alt_derfin": 0.0, "alt_derini": 0.0, "alt_izqini": 0.0, "codigo": 12023.0, "barrio_imp": "FLORES", "nomoficial": "LAFUENTE AV.", "id_street": 23147.0, "nom_mapa": "AV. LAFUENTE", "tipo_ffcc": "Sin Iteracción", "id": 23147.0, "barrio_par": "FLORES", "observa": "VER NOMBRE", "bicisenda": null, "red_jerarq": "VÍA DISTRIBUIDORA COMPLEMENTARIA", "cuadra": "LAFUENTE AV. 0-0", "comuna": 7.0, "EMPRESA": "METROTEL", "com_impar": 7.0, "barrio": "FLORES", "hasta": 0.0, "desde": 0.0, "longitud_m": 54.084510007133119 }, "geometry": { "type": "LineString", "coordinates": [ [ -58.454556652702003, -34.6503384541627 ], [ -58.4546366204058, -34.6508214915197 ] ] } },
{ "type": "Feature", "properties": { "sentido": "DOBLE", "alt_izqfin": 1470.0, "com_par": 4.0, "long": "103.097.404.561.461.000", "nomanter": null, "tipo_c": "CALLE", "alt_derfin": 1469.0, "alt_derini": 1401.0, "alt_izqini": 1402.0, "codigo": 12154.0, "barrio_imp": "BARRACAS", "nomoficial": "LUNA", "id_street": 23195.0, "nom_mapa": "LUNA", "tipo_ffcc": "Sin Iteracción", "id": 23195.0, "barrio_par": "BARRACAS", "observa": null, "bicisenda": null, "red_jerarq": "VÍA LOCAL", "cuadra": "LUNA 1401-1470", "comuna": 4.0, "EMPRESA": "METROTEL", "com_impar": 4.0, "barrio": "BARRACAS", "hasta": 1470.0, "desde": 1401.0, "longitud_m": 103.09501508970524 }, "geometry": { "type": "LineString", "coordinates": [ [ -58.395540556498602, -34.650031559159999 ], [ -58.3954672824905, -34.650958919254897 ] ] } },
{ "type": "Feature", "properties": { "sentido": "CRECIENTE", "alt_izqfin": 0.0, "com_par": 8.0, "long": "37.195.059.790.909.100", "nomanter": null, "tipo_c": "AVENIDA", "alt_derfin": 0.0, "alt_derini": 0.0, "alt_izqini": 0.0, "codigo": 3086.0, "barrio_imp": "FLORES", "nomoficial": "CASTAÑARES AV.", "id_street": 23223.0, "nom_mapa": "AV. CASTAÑARES", "tipo_ffcc": "Sin Iteracción", "id": 23223.0, "barrio_par": "VILLA SOLDATI", "observa": null, "bicisenda": null, "red_jerarq": "VÍA DISTRIBUIDORA COMPLEMENTARIA", "cuadra": "CASTAÑARES AV. 0-0", "comuna": null, "EMPRESA": "METROTEL", "com_impar": 7.0, "barrio": null, "hasta": 0.0, "desde": 0.0, "longitud_m": 37.194200517762333 }, "geometry": { "type": "LineString", "coordinates": [ [ -58.4546366204058, -34.6508214915197 ], [ -58.454700243035099, -34.651152625147503 ] ] } },
{ "type": "Feature", "properties": { "sentido": "DOBLE", "alt_izqfin": 6200.0, "com_par": 9.0, "long": "128.800.119.657.082.000", "nomanter": "ZEQUEIRA", "tipo_c": "CALLE", "alt_derfin": 6199.0, "alt_derini": 6101.0, "alt_izqini": 6102.0, "codigo": 27019.0, "barrio_imp": "MATADEROS", "nomoficial": "GARCIA GRANDE DE ZEQUEIRA, SEVERO", "id_street": 23245.0, "nom_mapa": "SEVERO GARCIA GRANDE DE ZEQUEIRA", "tipo_ffcc": "Sin Iteracción", "id": 23245.0, "barrio_par": "MATADEROS", "observa": null, "bicisenda": null, "red_jerarq": "VÍA LOCAL", "cuadra": "GARCIA GRANDE DE ZEQUEIRA, SEVERO 6101-6200", "comuna": 9.0, "EMPRESA": "METROTEL", "com_impar": 9.0, "barrio": "MATADEROS", "hasta": 6200.0, "desde": 6101.0, "longitud_m": 128.79611418411221 }, "geometry": { "type": "LineString", "coordinates": [ [ -58.505349729775503, -34.650336587910701 ], [ -58.506270260874103, -34.6512136675777 ] ] } },
{ "type": "Feature", "properties": { "sentido": "CRECIENTE", "alt_izqfin": 0.0, "com_par": 8.0, "long": "55.455.335.733.286.100", "nomanter": null, "tipo_c": "AVENIDA", "alt_derfin": 0.0, "alt_derini": 0.0, "alt_izqini": 0.0, "codigo": 3086.0, "barrio_imp": "VILLA SOLDATI", "nomoficial": "CASTAÑARES AV.", "id_street": 23304.0, "nom_mapa": "AV. CASTAÑARES", "tipo_ffcc": "Sin Iteracción", "id": 23304.0, "barrio_par": "VILLA SOLDATI", "observa": null, "bicisenda": null, "red_jerarq": "VÍA LOCAL", "cuadra": "CASTAÑARES AV. 0-0", "comuna": 8.0, "EMPRESA": "METROTEL", "com_impar": 8.0, "barrio": "VILLA SOLDATI", "hasta": 0.0, "desde": 0.0, "longitud_m": 51.155247380618 }, "geometry": { "type": "LineString", "coordinates": [ [ -58.454700243035099, -34.651152625147503 ], [ -58.454274040700803, -34.651450272510402 ] ] } },
{ "type": "Feature", "properties": { "sentido": "DOBLE", "alt_izqfin": 1500.0, "com_par": 4.0, "long": "61.197.243.387.892.100", "nomanter": null, "tipo_c": "CALLE", "alt_derfin": 1499.0, "alt_derini": 1471.0, "alt_izqini": 1472.0, "codigo": 12154.0, "barrio_imp": "BARRACAS", "nomoficial": "LUNA", "id_street": 23332.0, "nom_mapa": "LUNA", "tipo_ffcc": "Sin Iteracción", "id": 23332.0, "barrio_par": "BARRACAS", "observa": null, "bicisenda": null, "red_jerarq": "VÍA LOCAL", "cuadra": "LUNA 1471-1500", "comuna": 4.0, "EMPRESA": "METROTEL", "com_impar": 4.0, "barrio": "BARRACAS", "hasta": 1500.0, "desde": 1471.0, "longitud_m": 61.192953637534856 }, "geometry": { "type": "LineString", "coordinates": [ [ -58.3954672824905, -34.650958919254897 ], [ -58.3954285713505, -34.651509605712903 ] ] } },
{ "type": "Feature", "properties": { "sentido": "CRECIENTE", "alt_izqfin": 2200.0, "com_par": 4.0, "long": "219.486.299.453.751.000", "nomanter": null, "tipo_c": "CALLE", "alt_derfin": 2199.0, "alt_derini": 2001.0, "alt_izqini": 2002.0, "codigo": 8013.0, "barrio_imp": "BARRACAS", "nomoficial": "HERRERA", "id_street": 23366.0, "nom_mapa": "HERRERA", "tipo_ffcc": "Sin Iteracción", "id": 23366.0, "barrio_par": "BARRACAS", "observa": null, "bicisenda": null, "red_jerarq": "VÍA LOCAL", "cuadra": "HERRERA 2001-2200", "comuna": 4.0, "EMPRESA": "METROTEL", "com_impar": 4.0, "barrio": "BARRACAS", "hasta": 2200.0, "desde": 2001.0, "longitud_m": 219.47962760230664 }, "geometry": { "type": "LineString", "coordinates": [ [ -58.374548141136898, -34.649806043559003 ], [ -58.373878011665099, -34.651705425952898 ] ] } },
{ "type": "Feature", "properties": { "sentido": "CRECIENTE", "alt_izqfin": 2300.0, "com_par": 4.0, "long": "144.475.473.896.830.000", "nomanter": null, "tipo_c": "CALLE", "alt_derfin": 2299.0, "alt_derini": 2201.0, "alt_izqini": 2202.0, "codigo": 8013.0, "barrio_imp": "BARRACAS", "nomoficial": "HERRERA", "id_street": 23390.0, "nom_mapa": "HERRERA", "tipo_ffcc": "Sin Iteracción", "id": 23390.0, "barrio_par": "BARRACAS", "observa": null, "bicisenda": null, "red_jerarq": "VÍA LOCAL", "cuadra": "HERRERA 2201-2300", "comuna": 4.0, "EMPRESA": "METROTEL", "com_impar": 4.0, "barrio": "BARRACAS", "hasta": 2300.0, "desde": 2201.0, "longitud_m": 144.4720424132251 }, "geometry": { "type": "LineString", "coordinates": [ [ -58.373878011665099, -34.651705425952898 ], [ -58.373832281652597, -34.651834477765 ], [ -58.373962013532498, -34.6529973973105 ] ] } },
{ "type": "Feature", "properties": { "sentido": "DECRECIENTE", "alt_izqfin": 1400.0, "com_par": 9.0, "long": "137.847.199.457.723.000", "nomanter": null, "tipo_c": "CALLE", "alt_derfin": 1399.0, "alt_derini": 1301.0, "alt_izqini": 1302.0, "codigo": 16016.0, "barrio_imp": "MATADEROS", "nomoficial": "OLIDEN", "id_street": 23433.0, "nom_mapa": "OLIDEN", "tipo_ffcc": "Sin Iteracción", "id": 23433.0, "barrio_par": "MATADEROS", "observa": null, "bicisenda": null, "red_jerarq": "VÍA LOCAL", "cuadra": "OLIDEN 1301-1400", "comuna": 9.0, "EMPRESA": "METROTEL", "com_impar": 9.0, "barrio": "MATADEROS", "hasta": 1400.0, "desde": 1301.0, "longitud_m": 137.84272050989387 }, "geometry": { "type": "LineString", "coordinates": [ [ -58.506270260874103, -34.6512136675777 ], [ -58.505208302909601, -34.652093339052001 ] ] } },
{ "type": "Feature", "properties": { "sentido": "CRECIENTE", "alt_izqfin": 0.0, "com_par": 8.0, "long": "168.648.761.801.396.000", "nomanter": null, "tipo_c": "AVENIDA", "alt_derfin": 3199.0, "alt_derini": 3101.0, "alt_izqini": 0.0, "codigo": 3086.0, "barrio_imp": "FLORES", "nomoficial": "CASTAÑARES AV.", "id_street": 23528.0, "nom_mapa": "AV. CASTAÑARES", "tipo_ffcc": "Sin Iteracción", "id": 23528.0, "barrio_par": "VILLA SOLDATI", "observa": null, "bicisenda": null, "red_jerarq": "VÍA DISTRIBUIDORA COMPLEMENTARIA", "cuadra": "CASTAÑARES AV. 3101-3199", "comuna": null, "EMPRESA": "METROTEL", "com_impar": 7.0, "barrio": null, "hasta": 3199.0, "desde": 3101.0, "longitud_m": 168.06094070189218 }, "geometry": { "type": "LineString", "coordinates": [ [ -58.454700243035099, -34.651152625147503 ], [ -58.454942328257097, -34.6521630716164 ], [ -58.455324751442497, -34.652530846249903 ] ] } },
{ "type": "Feature", "properties": { "sentido": "DECRECIENTE", "alt_izqfin": 3200.0, "com_par": 8.0, "long": "159.235.515.552.875.000", "nomanter": null, "tipo_c": "AVENIDA", "alt_derfin": 0.0, "alt_derini": 0.0, "alt_izqini": 3102.0, "codigo": 3086.0, "barrio_imp": "VILLA SOLDATI", "nomoficial": "CASTAÑARES AV.", "id_street": 23545.0, "nom_mapa": "AV. CASTAÑARES", "tipo_ffcc": "Sin Iteracción", "id": 23545.0, "barrio_par": "VILLA SOLDATI", "observa": null, "bicisenda": null, "red_jerarq": "VÍA DISTRIBUIDORA COMPLEMENTARIA", "cuadra": "CASTAÑARES AV. 3102-3200", "comuna": 8.0, "EMPRESA": "METROTEL", "com_impar": 8.0, "barrio": "VILLA SOLDATI", "hasta": 3200.0, "desde": 3102.0, "longitud_m": 157.83833490894693 }, "geometry": { "type": "LineString", "coordinates": [ [ -58.454274040700803, -34.651450272510402 ], [ -58.454553199816203, -34.651570997930897 ], [ -58.454800942624402, -34.652250879354398 ], [ -58.455149323224902, -34.6525998596573 ] ] } },
{ "type": "Feature", "properties": { "sentido": "DECRECIENTE", "alt_izqfin": 3400.0, "com_par": 8.0, "long": "223.500.185.400.744.000", "nomanter": null, "tipo_c": "AVENIDA", "alt_derfin": 0.0, "alt_derini": 0.0, "alt_izqini": 3202.0, "codigo": 3086.0, "barrio_imp": "VILLA SOLDATI", "nomoficial": "CASTAÑARES AV.", "id_street": 23570.0, "nom_mapa": "AV. CASTAÑARES", "tipo_ffcc": "Sin Iteracción", "id": 23570.0, "barrio_par": "VILLA SOLDATI", "observa": null, "bicisenda": null, "red_jerarq": "VÍA DISTRIBUIDORA COMPLEMENTARIA", "cuadra": "CASTAÑARES AV. 3202-3400", "comuna": 8.0, "EMPRESA": "METROTEL", "com_impar": 8.0, "barrio": "VILLA SOLDATI", "hasta": 3400.0, "desde": 3202.0, "longitud_m": 223.4923352867778 }, "geometry": { "type": "LineString", "coordinates": [ [ -58.455149323224902, -34.6525998596573 ], [ -58.456850639899798, -34.654042848132498 ] ] } },
{ "type": "Feature", "properties": { "sentido": "DOBLE", "alt_izqfin": 1400.0, "com_par": 4.0, "long": "195.401.688.531.747.000", "nomanter": "GARIBALDI (parcial)", "tipo_c": "CALLE", "alt_derfin": 1399.0, "alt_derini": 1301.0, "alt_izqini": 1302.0, "codigo": 20054.0, "barrio_imp": "NUEVA POMPEYA", "nomoficial": "SANTA CATALINA", "id_street": 23623.0, "nom_mapa": "SANTA CATALINA", "tipo_ffcc": "Sin Iteracción", "id": 23623.0, "barrio_par": "NUEVA POMPEYA", "observa": "corrección numeración 6-2", "bicisenda": null, "red_jerarq": "VÍA LOCAL", "cuadra": "SANTA CATALINA 1301-1400", "comuna": 4.0, "EMPRESA": "METROTEL", "com_impar": 4.0, "barrio": "NUEVA POMPEYA", "hasta": 1400.0, "desde": 1301.0, "longitud_m": 195.39559710491065 }, "geometry": { "type": "LineString", "coordinates": [ [ -58.420016199212398, -34.651588418449698 ], [ -58.421418977768099, -34.6529145511848 ] ] } },
{ "type": "Feature", "properties": { "sentido": "DECRECIENTE", "alt_izqfin": 1500.0, "com_par": 9.0, "long": "147.493.151.835.624.000", "nomanter": null, "tipo_c": "CALLE", "alt_derfin": 1499.0, "alt_derini": 1401.0, "alt_izqini": 1402.0, "codigo": 16016.0, "barrio_imp": "MATADEROS", "nomoficial": "OLIDEN", "id_street": 23656.0, "nom_mapa": "OLIDEN", "tipo_ffcc": "Sin Iteracción", "id": 23656.0, "barrio_par": "MATADEROS", "observa": null, "bicisenda": null, "red_jerarq": "VÍA LOCAL", "cuadra": "OLIDEN 1401-1500", "comuna": 9.0, "EMPRESA": "METROTEL", "com_impar": 9.0, "barrio": "MATADEROS", "hasta": 1500.0, "desde": 1401.0, "longitud_m": 147.48836584618269 }, "geometry": { "type": "LineString", "coordinates": [ [ -58.505208302909601, -34.652093339052001 ], [ -58.504070996121001, -34.653033720172601 ] ] } },
{ "type": "Feature", "properties": { "sentido": "DECRECIENTE", "alt_izqfin": 1600.0, "com_par": 9.0, "long": "98.466.456.642.857.700", "nomanter": null, "tipo_c": "CALLE", "alt_derfin": 1599.0, "alt_derini": 1501.0, "alt_izqini": 1502.0, "codigo": 16016.0, "barrio_imp": "MATADEROS", "nomoficial": "OLIDEN", "id_street": 23806.0, "nom_mapa": "OLIDEN", "tipo_ffcc": "Sin Iteracción", "id": 23806.0, "barrio_par": "MATADEROS", "observa": null, "bicisenda": null, "red_jerarq": "VÍA DISTRIBUIDORA COMPLEMENTARIA", "cuadra": "OLIDEN 1501-1600", "comuna": 9.0, "EMPRESA": "METROTEL", "com_impar": 9.0, "barrio": "MATADEROS", "hasta": 1600.0, "desde": 1501.0, "longitud_m": 98.463250476665351 }, "geometry": { "type": "LineString", "coordinates": [ [ -58.503963324715102, -34.653133043984603 ], [ -58.503199320425601, -34.653756911486703 ] ] } },
{ "type": "Feature", "properties": { "sentido": "DECRECIENTE", "alt_izqfin": 1500.0, "com_par": 4.0, "long": "138.454.372.810.110.000", "nomanter": "GARIBALDI (parcial)", "tipo_c": "CALLE", "alt_derfin": 1499.0, "alt_derini": 1401.0, "alt_izqini": 1402.0, "codigo": 20054.0, "barrio_imp": "NUEVA POMPEYA", "nomoficial": "SANTA CATALINA", "id_street": 23834.0, "nom_mapa": "SANTA CATALINA", "tipo_ffcc": "Sin Iteracción", "id": 23834.0, "barrio_par": "NUEVA POMPEYA", "observa": null, "bicisenda": null, "red_jerarq": "VÍA LOCAL", "cuadra": "SANTA CATALINA 1401-1500", "comuna": 4.0, "EMPRESA": "METROTEL", "com_impar": 4.0, "barrio": "NUEVA POMPEYA", "hasta": 1500.0, "desde": 1401.0, "longitud_m": 138.44991516721876 }, "geometry": { "type": "LineString", "coordinates": [ [ -58.421418977768099, -34.6529145511848 ], [ -58.422409438923303, -34.653856724606399 ] ] } },
{ "type": "Feature", "properties": { "sentido": "CRECIENTE", "alt_izqfin": 0.0, "com_par": 8.0, "long": "218.025.423.289.367.000", "nomanter": null, "tipo_c": "AVENIDA", "alt_derfin": 3399.0, "alt_derini": 3201.0, "alt_izqini": 0.0, "codigo": 3086.0, "barrio_imp": "FLORES", "nomoficial": "CASTAÑARES AV.", "id_street": 23854.0, "nom_mapa": "AV. CASTAÑARES", "tipo_ffcc": "Sin Iteracción", "id": 23854.0, "barrio_par": "VILLA SOLDATI", "observa": null, "bicisenda": null, "red_jerarq": "VÍA DISTRIBUIDORA COMPLEMENTARIA", "cuadra": "CASTAÑARES AV. 3201-3399", "comuna": null, "EMPRESA": "METROTEL", "com_impar": 7.0, "barrio": null, "hasta": 3399.0, "desde": 3201.0, "longitud_m": 218.01841215973207 }, "geometry": { "type": "LineString", "coordinates": [ [ -58.455324751442497, -34.652530846249903 ], [ -58.456995437138303, -34.653929545093 ] ] } },
{ "type": "Feature", "properties": { "sentido": "DECRECIENTE", "alt_izqfin": 0.0, "com_par": 8.0, "long": "18.281.053.010.477.600", "nomanter": "CAMINO DE LA FLORESTA", "tipo_c": "CALLE", "alt_derfin": 0.0, "alt_derini": 0.0, "alt_izqini": 0.0, "codigo": 1006.0, "barrio_imp": "VILLA SOLDATI", "nomoficial": "ACOSTA, MARIANO", "id_street": 23890.0, "nom_mapa": "MARIANO ACOSTA", "tipo_ffcc": "Sin Iteracción", "id": 23890.0, "barrio_par": "VILLA SOLDATI", "observa": null, "bicisenda": null, "red_jerarq": "VÍA DISTRIBUIDORA COMPLEMENTARIA", "cuadra": "ACOSTA, MARIANO 0-0", "comuna": 8.0, "EMPRESA": "METROTEL", "com_impar": 8.0, "barrio": "VILLA SOLDATI", "hasta": 0.0, "desde": 0.0, "longitud_m": 18.280453237441243 }, "geometry": { "type": "LineString", "coordinates": [ [ -58.456995437138303, -34.653929545093 ], [ -58.456850639899798, -34.654042848132498 ] ] } },
{ "type": "Feature", "properties": { "sentido": "CRECIENTE", "alt_izqfin": 2400.0, "com_par": 4.0, "long": "123.523.574.111.753.000", "nomanter": null, "tipo_c": "CALLE", "alt_derfin": 2399.0, "alt_derini": 2301.0, "alt_izqini": 2302.0, "codigo": 8013.0, "barrio_imp": "BARRACAS", "nomoficial": "HERRERA", "id_street": 23921.0, "nom_mapa": "HERRERA", "tipo_ffcc": "Sin Iteracción", "id": 23921.0, "barrio_par": "BARRACAS", "observa": null, "bicisenda": null, "red_jerarq": "VÍA LOCAL", "cuadra": "HERRERA 2301-2400", "comuna": 4.0, "EMPRESA": "METROTEL", "com_impar": 4.0, "barrio": "BARRACAS", "hasta": 2400.0, "desde": 2301.0, "longitud_m": 123.5206578603236 }, "geometry": { "type": "LineString", "coordinates": [ [ -58.373962013532498, -34.6529973973105 ], [ -58.374085671186897, -34.654106156788899 ] ] } },
{ "type": "Feature", "properties": { "sentido": "DECRECIENTE", "alt_izqfin": 0.0, "com_par": 8.0, "long": "17.407.822.595.510.100", "nomanter": null, "tipo_c": "AVENIDA", "alt_derfin": 0.0, "alt_derini": 0.0, "alt_izqini": 0.0, "codigo": 3086.0, "barrio_imp": "VILLA SOLDATI", "nomoficial": "CASTAÑARES AV.", "id_street": 23928.0, "nom_mapa": "AV. CASTAÑARES", "tipo_ffcc": "Sin Iteracción", "id": 23928.0, "barrio_par": "VILLA SOLDATI", "observa": null, "bicisenda": null, "red_jerarq": "VÍA DISTRIBUIDORA COMPLEMENTARIA", "cuadra": "CASTAÑARES AV. 0-0", "comuna": 8.0, "EMPRESA": "METROTEL", "com_impar": 8.0, "barrio": "VILLA SOLDATI", "hasta": 0.0, "desde": 0.0, "longitud_m": 17.407263964686663 }, "geometry": { "type": "LineString", "coordinates": [ [ -58.456850639899798, -34.654042848132498 ], [ -58.456983574489698, -34.654154898087199 ] ] } },
{ "type": "Feature", "properties": { "sentido": "CRECIENTE", "alt_izqfin": 1700.0, "com_par": 4.0, "long": "137.004.699.609.160.000", "nomanter": null, "tipo_c": "CALLE", "alt_derfin": 1699.0, "alt_derini": 1601.0, "alt_izqini": 1602.0, "codigo": 17057.0, "barrio_imp": "BARRACAS", "nomoficial": "PERDRIEL", "id_street": 24021.0, "nom_mapa": "PERDRIEL", "tipo_ffcc": "Sin Iteracción", "id": 24021.0, "barrio_par": "BARRACAS", "observa": null, "bicisenda": null, "red_jerarq": "VÍA LOCAL", "cuadra": "PERDRIEL 1601-1700", "comuna": 4.0, "EMPRESA": "METROTEL", "com_impar": 4.0, "barrio": "BARRACAS", "hasta": 1700.0, "desde": 1601.0, "longitud_m": 137.00127509421421 }, "geometry": { "type": "LineString", "coordinates": [ [ -58.384614824202998, -34.653325091057901 ], [ -58.384167582015799, -34.654503471052301 ] ] } },
{ "type": "Feature", "properties": { "sentido": "DECRECIENTE", "alt_izqfin": 1600.0, "com_par": 4.0, "long": "177.115.495.308.036.000", "nomanter": "GARIBALDI (parcial)", "tipo_c": "CALLE", "alt_derfin": 1599.0, "alt_derini": 1501.0, "alt_izqini": 1502.0, "codigo": 20054.0, "barrio_imp": "NUEVA POMPEYA", "nomoficial": "SANTA CATALINA", "id_street": 24130.0, "nom_mapa": "SANTA CATALINA", "tipo_ffcc": "Sin Iteracción", "id": 24130.0, "barrio_par": "NUEVA POMPEYA", "observa": null, "bicisenda": null, "red_jerarq": "VÍA LOCAL", "cuadra": "SANTA CATALINA 1501-1600", "comuna": 4.0, "EMPRESA": "METROTEL", "com_impar": 4.0, "barrio": "NUEVA POMPEYA", "hasta": 1600.0, "desde": 1501.0, "longitud_m": 177.10998984179395 }, "geometry": { "type": "LineString", "coordinates": [ [ -58.422409438923303, -34.653856724606399 ], [ -58.423675571145502, -34.655062643401102 ] ] } },
{ "type": "Feature", "properties": { "sentido": "CRECIENTE", "alt_izqfin": 2500.0, "com_par": 4.0, "long": "123.917.802.211.557.000", "nomanter": null, "tipo_c": "CALLE", "alt_derfin": 2499.0, "alt_derini": 2401.0, "alt_izqini": 2402.0, "codigo": 8013.0, "barrio_imp": "BARRACAS", "nomoficial": "HERRERA", "id_street": 24166.0, "nom_mapa": "HERRERA", "tipo_ffcc": "Sin Iteracción", "id": 24166.0, "barrio_par": "BARRACAS", "observa": null, "bicisenda": null, "red_jerarq": "VÍA LOCAL", "cuadra": "HERRERA 2401-2500", "comuna": 4.0, "EMPRESA": "METROTEL", "com_impar": 4.0, "barrio": "BARRACAS", "hasta": 2500.0, "desde": 2401.0, "longitud_m": 121.97447957745908 }, "geometry": { "type": "LineString", "coordinates": [ [ -58.374085671186897, -34.654106156788899 ], [ -58.374156847485402, -34.655204102872098 ] ] } },
{ "type": "Feature", "properties": { "sentido": "CRECIENTE", "alt_izqfin": 1800.0, "com_par": 4.0, "long": "106.589.563.565.103.000", "nomanter": null, "tipo_c": "CALLE", "alt_derfin": 1799.0, "alt_derini": 1701.0, "alt_izqini": 1702.0, "codigo": 17057.0, "barrio_imp": "BARRACAS", "nomoficial": "PERDRIEL", "id_street": 24212.0, "nom_mapa": "PERDRIEL", "tipo_ffcc": "Sin Iteracción", "id": 24212.0, "barrio_par": "BARRACAS", "observa": null, "bicisenda": null, "red_jerarq": "VÍA LOCAL", "cuadra": "PERDRIEL 1701-1800", "comuna": 4.0, "EMPRESA": "METROTEL", "com_impar": 4.0, "barrio": "BARRACAS", "hasta": 1800.0, "desde": 1701.0, "longitud_m": 106.58517433045775 }, "geometry": { "type": "LineString", "coordinates": [ [ -58.384167582015799, -34.654503471052301 ], [ -58.383805461191201, -34.655416480553299 ] ] } },
{ "type": "Feature", "properties": { "sentido": "DECRECIENTE", "alt_izqfin": 2100.0, "com_par": 4.0, "long": "62.183.183.214.388.600", "nomanter": "PUENTECITO - LUJAN, PEDRO DE", "tipo_c": "CALLE", "alt_derfin": 2099.0, "alt_derini": 2001.0, "alt_izqini": 2002.0, "codigo": 12153.0, "barrio_imp": "BARRACAS", "nomoficial": "LUJAN", "id_street": 24253.0, "nom_mapa": "LUJAN", "tipo_ffcc": "Sin Iteracción", "id": 24253.0, "barrio_par": "BARRACAS", "observa": null, "bicisenda": null, "red_jerarq": "VÍA LOCAL", "cuadra": "LUJAN 2001-2100", "comuna": 4.0, "EMPRESA": "METROTEL", "com_impar": 4.0, "barrio": "BARRACAS", "hasta": 2100.0, "desde": 2001.0, "longitud_m": 59.701790956162739 }, "geometry": { "type": "LineString", "coordinates": [ [ -58.374156847485402, -34.655204102872098 ], [ -58.3746091293932, -34.655591336414702 ] ] } },
{ "type": "Feature", "properties": { "sentido": "DECRECIENTE", "alt_izqfin": 1700.0, "com_par": 4.0, "long": "98.423.672.165.454.500", "nomanter": "GARIBALDI (parcial)", "tipo_c": "CALLE", "alt_derfin": 1699.0, "alt_derini": 1601.0, "alt_izqini": 1602.0, "codigo": 20054.0, "barrio_imp": "NUEVA POMPEYA", "nomoficial": "SANTA CATALINA", "id_street": 24274.0, "nom_mapa": "SANTA CATALINA", "tipo_ffcc": "Sin Iteracción", "id": 24274.0, "barrio_par": "NUEVA POMPEYA", "observa": null, "bicisenda": null, "red_jerarq": "VÍA LOCAL", "cuadra": "SANTA CATALINA 1601-1700", "comuna": 4.0, "EMPRESA": "METROTEL", "com_impar": 4.0, "barrio": "NUEVA POMPEYA", "hasta": 1700.0, "desde": 1601.0, "longitud_m": 98.420331931225917 }, "geometry": { "type": "LineString", "coordinates": [ [ -58.423675571145502, -34.655062643401102 ], [ -58.424378245329301, -34.655733437350001 ] ] } },
{ "type": "Feature", "properties": { "sentido": "DECRECIENTE", "alt_izqfin": 2200.0, "com_par": 4.0, "long": "104.714.566.510.080.000", "nomanter": "PUENTECITO - LUJAN, PEDRO DE", "tipo_c": "CALLE", "alt_derfin": 2199.0, "alt_derini": 2101.0, "alt_izqini": 2102.0, "codigo": 12153.0, "barrio_imp": "BARRACAS", "nomoficial": "LUJAN", "id_street": 24310.0, "nom_mapa": "LUJAN", "tipo_ffcc": "Sin Iteracción", "id": 24310.0, "barrio_par": "BARRACAS", "observa": null, "bicisenda": null, "red_jerarq": "VÍA LOCAL", "cuadra": "LUJAN 2101-2200", "comuna": 4.0, "EMPRESA": "METROTEL", "com_impar": 4.0, "barrio": "BARRACAS", "hasta": 2200.0, "desde": 2101.0, "longitud_m": 104.71023230137978 }, "geometry": { "type": "LineString", "coordinates": [ [ -58.3746091293932, -34.655591336414702 ], [ -58.375710780684301, -34.655840796206498 ] ] } },
{ "type": "Feature", "properties": { "sentido": "DECRECIENTE", "alt_izqfin": 2300.0, "com_par": 4.0, "long": "89.482.536.435.987.600", "nomanter": "PUENTECITO - LUJAN, PEDRO DE", "tipo_c": "CALLE", "alt_derfin": 2299.0, "alt_derini": 2201.0, "alt_izqini": 2202.0, "codigo": 12153.0, "barrio_imp": "BARRACAS", "nomoficial": "LUJAN", "id_street": 24349.0, "nom_mapa": "LUJAN", "tipo_ffcc": "Sin Iteracción", "id": 24349.0, "barrio_par": "BARRACAS", "observa": null, "bicisenda": null, "red_jerarq": "VÍA LOCAL", "cuadra": "LUJAN 2201-2300", "comuna": 4.0, "EMPRESA": "METROTEL", "com_impar": 4.0, "barrio": "BARRACAS", "hasta": 2300.0, "desde": 2201.0, "longitud_m": 89.47883438861632 }, "geometry": { "type": "LineString", "coordinates": [ [ -58.375710780684301, -34.655840796206498 ], [ -58.376652173748298, -34.656054005287501 ] ] } },
{ "type": "Feature", "properties": { "sentido": "DECRECIENTE", "alt_izqfin": 2390.0, "com_par": 4.0, "long": "154.212.841.092.303.000", "nomanter": "PUENTECITO - LUJAN, PEDRO DE", "tipo_c": "CALLE", "alt_derfin": 2389.0, "alt_derini": 2301.0, "alt_izqini": 2302.0, "codigo": 12153.0, "barrio_imp": "BARRACAS", "nomoficial": "LUJAN", "id_street": 24412.0, "nom_mapa": "LUJAN", "tipo_ffcc": "Tren Elevado - Paso a Nivel Sin Vías", "id": 24412.0, "barrio_par": "BARRACAS", "observa": "corrección numeración 4-2", "bicisenda": null, "red_jerarq": "VÍA LOCAL", "cuadra": "LUJAN 2301-2390", "comuna": 4.0, "EMPRESA": "METROTEL", "com_impar": 4.0, "barrio": "BARRACAS", "hasta": 2390.0, "desde": 2301.0, "longitud_m": 153.9836419629406 }, "geometry": { "type": "LineString", "coordinates": [ [ -58.376652173748298, -34.656054005287501 ], [ -58.378283681577003, -34.6563844138457 ] ] } },
{ "type": "Feature", "properties": { "sentido": "DECRECIENTE", "alt_izqfin": 1800.0, "com_par": 4.0, "long": "100.209.171.185.243.000", "nomanter": "GARIBALDI (parcial)", "tipo_c": "CALLE", "alt_derfin": 1799.0, "alt_derini": 1701.0, "alt_izqini": 1702.0, "codigo": 20054.0, "barrio_imp": "NUEVA POMPEYA", "nomoficial": "SANTA CATALINA", "id_street": 24427.0, "nom_mapa": "SANTA CATALINA", "tipo_ffcc": "Sin Iteracción", "id": 24427.0, "barrio_par": "NUEVA POMPEYA", "observa": null, "bicisenda": null, "red_jerarq": "VÍA LOCAL", "cuadra": "SANTA CATALINA 1701-1800", "comuna": 4.0, "EMPRESA": "METROTEL", "com_impar": 4.0, "barrio": "NUEVA POMPEYA", "hasta": 1800.0, "desde": 1701.0, "longitud_m": 100.20606895263101 }, "geometry": { "type": "LineString", "coordinates": [ [ -58.424378245329301, -34.655733437350001 ], [ -58.4250897018497, -34.656419230024298 ] ] } },
{ "type": "Feature", "properties": { "sentido": "DECRECIENTE", "alt_izqfin": 2600.0, "com_par": 4.0, "long": "134.050.991.301.948.000", "nomanter": "PUENTECITO - LUJAN, PEDRO DE", "tipo_c": "CALLE", "alt_derfin": 2599.0, "alt_derini": 2501.0, "alt_izqini": 2502.0, "codigo": 12153.0, "barrio_imp": "BARRACAS", "nomoficial": "LUJAN", "id_street": 24452.0, "nom_mapa": "LUJAN", "tipo_ffcc": "Sin Iteracción", "id": 24452.0, "barrio_par": "BARRACAS", "observa": "corrección numeración 4-2", "bicisenda": null, "red_jerarq": "VÍA LOCAL", "cuadra": "LUJAN 2501-2600", "comuna": 4.0, "EMPRESA": "METROTEL", "com_impar": 4.0, "barrio": "BARRACAS", "hasta": 2600.0, "desde": 2501.0, "longitud_m": 134.04528647245314 }, "geometry": { "type": "LineString", "coordinates": [ [ -58.3799977642554, -34.6564476771945 ], [ -58.381456863057203, -34.656527468589999 ] ] } },
{ "type": "Feature", "properties": { "sentido": "DECRECIENTE", "alt_izqfin": 2700.0, "com_par": 4.0, "long": "171.182.733.465.190.000", "nomanter": "PUENTECITO - LUJAN, PEDRO DE", "tipo_c": "CALLE", "alt_derfin": 2699.0, "alt_derini": 2601.0, "alt_izqini": 2602.0, "codigo": 12153.0, "barrio_imp": "BARRACAS", "nomoficial": "LUJAN", "id_street": 24474.0, "nom_mapa": "LUJAN", "tipo_ffcc": "Sin Iteracción", "id": 24474.0, "barrio_par": "BARRACAS", "observa": "corrección numeración 4-2", "bicisenda": null, "red_jerarq": "VÍA LOCAL", "cuadra": "LUJAN 2601-2700", "comuna": 4.0, "EMPRESA": "METROTEL", "com_impar": 4.0, "barrio": "BARRACAS", "hasta": 2700.0, "desde": 2601.0, "longitud_m": 171.17542518196367 }, "geometry": { "type": "LineString", "coordinates": [ [ -58.381456863057203, -34.656527468589999 ], [ -58.383320154168501, -34.6566290577465 ] ] } },
{ "type": "Feature", "properties": { "sentido": "CRECIENTE", "alt_izqfin": 0.0, "com_par": 8.0, "long": "190.278.228.653.034.000", "nomanter": "CAMINO DE LA FLORESTA", "tipo_c": "CALLE", "alt_derfin": 2469.0, "alt_derini": 2431.0, "alt_izqini": 0.0, "codigo": 1006.0, "barrio_imp": "VILLA SOLDATI", "nomoficial": "ACOSTA, MARIANO", "id_street": 24485.0, "nom_mapa": "MARIANO ACOSTA", "tipo_ffcc": "Sin Iteracción", "id": 24485.0, "barrio_par": "VILLA SOLDATI", "observa": null, "bicisenda": null, "red_jerarq": "VÍA DISTRIBUIDORA COMPLEMENTARIA", "cuadra": "ACOSTA, MARIANO 2431-2469", "comuna": 8.0, "EMPRESA": "METROTEL", "com_impar": 8.0, "barrio": "VILLA SOLDATI", "hasta": 2469.0, "desde": 2431.0, "longitud_m": 190.27198250242697 }, "geometry": { "type": "LineString", "coordinates": [ [ -58.456197672695502, -34.654769153494499 ], [ -58.454689465242197, -34.6559475402155 ] ] } },
{ "type": "Feature", "properties": { "sentido": "DECRECIENTE", "alt_izqfin": 2800.0, "com_par": 4.0, "long": "184.457.075.521.565.000", "nomanter": "PUENTECITO - LUJAN, PEDRO DE", "tipo_c": "CALLE", "alt_derfin": 2799.0, "alt_derini": 2701.0, "alt_izqini": 2702.0, "codigo": 12153.0, "barrio_imp": "BARRACAS", "nomoficial": "LUJAN", "id_street": 24499.0, "nom_mapa": "LUJAN", "tipo_ffcc": "Sin Iteracción", "id": 24499.0, "barrio_par": "BARRACAS", "observa": "corrección numeración 4-2", "bicisenda": null, "red_jerarq": "VÍA LOCAL", "cuadra": "LUJAN 2701-2800", "comuna": 4.0, "EMPRESA": "METROTEL", "com_impar": 4.0, "barrio": "BARRACAS", "hasta": 2800.0, "desde": 2701.0, "longitud_m": 184.44923577531597 }, "geometry": { "type": "LineString", "coordinates": [ [ -58.383320154168501, -34.6566290577465 ], [ -58.3853281531118, -34.6567357815062 ] ] } },
{ "type": "Feature", "properties": { "sentido": "DECRECIENTE", "alt_izqfin": 2900.0, "com_par": 4.0, "long": "145.918.481.074.004.000", "nomanter": "PUENTECITO - LUJAN, PEDRO DE", "tipo_c": "CALLE", "alt_derfin": 2899.0, "alt_derini": 2801.0, "alt_izqini": 2802.0, "codigo": 12153.0, "barrio_imp": "BARRACAS", "nomoficial": "LUJAN", "id_street": 24522.0, "nom_mapa": "LUJAN", "tipo_ffcc": "Sin Iteracción", "id": 24522.0, "barrio_par": "BARRACAS", "observa": null, "bicisenda": null, "red_jerarq": "VÍA LOCAL", "cuadra": "LUJAN 2801-2900", "comuna": 4.0, "EMPRESA": "METROTEL", "com_impar": 4.0, "barrio": "BARRACAS", "hasta": 2900.0, "desde": 2801.0, "longitud_m": 145.91228351331574 }, "geometry": { "type": "LineString", "coordinates": [ [ -58.3853281531118, -34.6567357815062 ], [ -58.3869166260423, -34.656820167725201 ] ] } },
{ "type": "Feature", "properties": { "sentido": "DECRECIENTE", "alt_izqfin": 3000.0, "com_par": 4.0, "long": "150.446.328.706.532.000", "nomanter": "PUENTECITO - LUJAN, PEDRO DE", "tipo_c": "CALLE", "alt_derfin": 2999.0, "alt_derini": 2901.0, "alt_izqini": 2902.0, "codigo": 12153.0, "barrio_imp": "BARRACAS", "nomoficial": "LUJAN", "id_street": 24543.0, "nom_mapa": "LUJAN", "tipo_ffcc": "Sin Iteracción", "id": 24543.0, "barrio_par": "BARRACAS", "observa": null, "bicisenda": null, "red_jerarq": "VÍA LOCAL", "cuadra": "LUJAN 2901-3000", "comuna": 4.0, "EMPRESA": "METROTEL", "com_impar": 4.0, "barrio": "BARRACAS", "hasta": 3000.0, "desde": 2901.0, "longitud_m": 150.43982548225225 }, "geometry": { "type": "LineString", "coordinates": [ [ -58.3869166260423, -34.656820167725201 ], [ -58.3885544445181, -34.656906464930302 ] ] } },
{ "type": "Feature", "properties": { "sentido": "DOBLE", "alt_izqfin": 6650.0, "com_par": 9.0, "long": "56.155.981.534.387.500", "nomanter": "PROVINCIAS UNIDAS", "tipo_c": "AVENIDA", "alt_derfin": 6649.0, "alt_derini": 6601.0, "alt_izqini": 6602.0, "codigo": 1033.0, "barrio_imp": "MATADEROS", "nomoficial": "ALBERDI, JUAN BAUTISTA AV.", "id_street": 24571.0, "nom_mapa": "AV.JUAN BAUTISTA ALBERDI", "tipo_ffcc": "Sin Iteracción", "id": 24571.0, "barrio_par": "MATADEROS", "observa": null, "bicisenda": null, "red_jerarq": "VÍA DISTRIBUIDORA PRINCIPAL", "cuadra": "ALBERDI, JUAN BAUTISTA AV. 6601-6650", "comuna": 9.0, "EMPRESA": "METROTEL", "com_impar": 9.0, "barrio": "MATADEROS", "hasta": 6650.0, "desde": 6601.0, "longitud_m": 56.154086170315459 }, "geometry": { "type": "LineString", "coordinates": [ [ -58.508775232972901, -34.656707442937702 ], [ -58.509235704679099, -34.657041286437803 ] ] } },
{ "type": "Feature", "properties": { "sentido": "DECRECIENTE", "alt_izqfin": 1900.0, "com_par": 4.0, "long": "100.338.901.958.470.000", "nomanter": "GARIBALDI (parcial)", "tipo_c": "CALLE", "alt_derfin": 1899.0, "alt_derini": 1801.0, "alt_izqini": 1802.0, "codigo": 20054.0, "barrio_imp": "NUEVA POMPEYA", "nomoficial": "SANTA CATALINA", "id_street": 24583.0, "nom_mapa": "SANTA CATALINA", "tipo_ffcc": "Sin Iteracción", "id": 24583.0, "barrio_par": "NUEVA POMPEYA", "observa": null, "bicisenda": null, "red_jerarq": "VÍA LOCAL", "cuadra": "SANTA CATALINA 1801-1900", "comuna": 4.0, "EMPRESA": "METROTEL", "com_impar": 4.0, "barrio": "NUEVA POMPEYA", "hasta": 1900.0, "desde": 1801.0, "longitud_m": 100.33574347842517 }, "geometry": { "type": "LineString", "coordinates": [ [ -58.4250897018497, -34.656419230024298 ], [ -58.425802448149099, -34.657105652677103 ] ] } },
{ "type": "Feature", "properties": { "sentido": "DECRECIENTE", "alt_izqfin": 2500.0, "com_par": 8.0, "long": "271.996.350.537.810.000", "nomanter": "CAMINO DE LA FLORESTA", "tipo_c": "CALLE", "alt_derfin": 0.0, "alt_derini": 0.0, "alt_izqini": 2402.0, "codigo": 1006.0, "barrio_imp": "VILLA SOLDATI", "nomoficial": "ACOSTA, MARIANO", "id_street": 24667.0, "nom_mapa": "MARIANO ACOSTA", "tipo_ffcc": "Sin Iteracción", "id": 24667.0, "barrio_par": "VILLA SOLDATI", "observa": null, "bicisenda": null, "red_jerarq": "VÍA DISTRIBUIDORA COMPLEMENTARIA", "cuadra": "ACOSTA, MARIANO 2402-2500", "comuna": 8.0, "EMPRESA": "METROTEL", "com_impar": 8.0, "barrio": "VILLA SOLDATI", "hasta": 2500.0, "desde": 2402.0, "longitud_m": 271.98742587071587 }, "geometry": { "type": "LineString", "coordinates": [ [ -58.456850639899798, -34.654042848132498 ], [ -58.454696129802798, -34.655728543782402 ] ] } },
{ "type": "Feature", "properties": { "sentido": "CRECIENTE", "alt_izqfin": 0.0, "com_par": 8.0, "long": "136.872.139.799.643.000", "nomanter": "CAMINO DE LA FLORESTA", "tipo_c": "CALLE", "alt_derfin": 2599.0, "alt_derini": 2501.0, "alt_izqini": 0.0, "codigo": 1006.0, "barrio_imp": "VILLA SOLDATI", "nomoficial": "ACOSTA, MARIANO", "id_street": 24682.0, "nom_mapa": "MARIANO ACOSTA", "tipo_ffcc": "Sin Iteracción", "id": 24682.0, "barrio_par": "VILLA SOLDATI", "observa": null, "bicisenda": null, "red_jerarq": "VÍA DISTRIBUIDORA COMPLEMENTARIA", "cuadra": "ACOSTA, MARIANO 2501-2599", "comuna": 8.0, "EMPRESA": "METROTEL", "com_impar": 8.0, "barrio": "VILLA SOLDATI", "hasta": 2599.0, "desde": 2501.0, "longitud_m": 136.86646300687818 }, "geometry": { "type": "LineString", "coordinates": [ [ -58.453716455503397, -34.656707729593201 ], [ -58.452630610340897, -34.657554546005798 ] ] } },
{ "type": "Feature", "properties": { "sentido": "DECRECIENTE", "alt_izqfin": 2000.0, "com_par": 9.0, "long": "133.239.060.162.794.000", "nomanter": "JACHAL", "tipo_c": "CALLE", "alt_derfin": 1999.0, "alt_derini": 1901.0, "alt_izqini": 1902.0, "codigo": 7070.0, "barrio_imp": "MATADEROS", "nomoficial": "GORDILLO, TIMOTEO", "id_street": 24686.0, "nom_mapa": "TIMOTEO GORDILLO", "tipo_ffcc": "Sin Iteracción", "id": 24686.0, "barrio_par": "MATADEROS", "observa": null, "bicisenda": null, "red_jerarq": "VÍA LOCAL", "cuadra": "GORDILLO, TIMOTEO 1901-2000", "comuna": 9.0, "EMPRESA": "METROTEL", "com_impar": 9.0, "barrio": "MATADEROS", "hasta": 2000.0, "desde": 1901.0, "longitud_m": 133.23425922986797 }, "geometry": { "type": "LineString", "coordinates": [ [ -58.508775232972901, -34.656707442937702 ], [ -58.5077398015749, -34.657550294578002 ] ] } },
{ "type": "Feature", "properties": { "sentido": "DECRECIENTE", "alt_izqfin": 2000.0, "com_par": 4.0, "long": "86.580.202.523.897.300", "nomanter": "GARIBALDI (parcial)", "tipo_c": "CALLE", "alt_derfin": 1999.0, "alt_derini": 1901.0, "alt_izqini": 1902.0, "codigo": 20054.0, "barrio_imp": "NUEVA POMPEYA", "nomoficial": "SANTA CATALINA", "id_street": 24713.0, "nom_mapa": "SANTA CATALINA", "tipo_ffcc": "Sin Iteracción", "id": 24713.0, "barrio_par": "NUEVA POMPEYA", "observa": null, "bicisenda": null, "red_jerarq": "VÍA LOCAL", "cuadra": "SANTA CATALINA 1901-2000", "comuna": 4.0, "EMPRESA": "METROTEL", "com_impar": 4.0, "barrio": "NUEVA POMPEYA", "hasta": 2000.0, "desde": 1901.0, "longitud_m": 86.577518945940497 }, "geometry": { "type": "LineString", "coordinates": [ [ -58.425802448149099, -34.657105652677103 ], [ -58.426418945509397, -34.657696900602701 ] ] } },
{ "type": "Feature", "properties": { "sentido": "DOBLE", "alt_izqfin": 1900.0, "com_par": 4.0, "long": "142.637.200.287.969.000", "nomanter": null, "tipo_c": "AVENIDA", "alt_derfin": 1899.0, "alt_derini": 1801.0, "alt_izqini": 1802.0, "codigo": 23031.0, "barrio_imp": "BARRACAS", "nomoficial": "VELEZ SARSFIELD AV.", "id_street": 24815.0, "nom_mapa": "AV. VELEZ SARSFIELD", "tipo_ffcc": "Sin Iteracción", "id": 24815.0, "barrio_par": "BARRACAS", "observa": null, "bicisenda": null, "red_jerarq": "VÍA DISTRIBUIDORA PRINCIPAL", "cuadra": "VELEZ SARSFIELD AV. 1801-1900", "comuna": 4.0, "EMPRESA": "METROTEL", "com_impar": 4.0, "barrio": "BARRACAS", "hasta": 1900.0, "desde": 1801.0, "longitud_m": 142.63387878973327 }, "geometry": { "type": "LineString", "coordinates": [ [ -58.3885544445181, -34.656906464930302 ], [ -58.388452216845998, -34.658189437773402 ] ] } },
{ "type": "Feature", "properties": { "sentido": "DECRECIENTE", "alt_izqfin": 2100.0, "com_par": 4.0, "long": "101.081.584.946.750.000", "nomanter": "GARIBALDI (parcial)", "tipo_c": "CALLE", "alt_derfin": 2099.0, "alt_derini": 2001.0, "alt_izqini": 2002.0, "codigo": 20054.0, "barrio_imp": "NUEVA POMPEYA", "nomoficial": "SANTA CATALINA", "id_street": 24849.0, "nom_mapa": "SANTA CATALINA", "tipo_ffcc": "Sin Iteracción", "id": 24849.0, "barrio_par": "NUEVA POMPEYA", "observa": null, "bicisenda": null, "red_jerarq": "VÍA LOCAL", "cuadra": "SANTA CATALINA 2001-2100", "comuna": 4.0, "EMPRESA": "METROTEL", "com_impar": 4.0, "barrio": "NUEVA POMPEYA", "hasta": 2100.0, "desde": 2001.0, "longitud_m": 101.0784522022185 }, "geometry": { "type": "LineString", "coordinates": [ [ -58.426418945509397, -34.657696900602701 ], [ -58.427138785673201, -34.658387120291202 ] ] } },
{ "type": "Feature", "properties": { "sentido": "DECRECIENTE", "alt_izqfin": 2100.0, "com_par": 9.0, "long": "157.248.418.860.716.000", "nomanter": "JACHAL", "tipo_c": "CALLE", "alt_derfin": 2099.0, "alt_derini": 2001.0, "alt_izqini": 2002.0, "codigo": 7070.0, "barrio_imp": "MATADEROS", "nomoficial": "GORDILLO, TIMOTEO", "id_street": 24885.0, "nom_mapa": "TIMOTEO GORDILLO", "tipo_ffcc": "Sin Iteracción", "id": 24885.0, "barrio_par": "MATADEROS", "observa": null, "bicisenda": null, "red_jerarq": "VÍA LOCAL", "cuadra": "GORDILLO, TIMOTEO 2001-2100", "comuna": 9.0, "EMPRESA": "METROTEL", "com_impar": 9.0, "barrio": "MATADEROS", "hasta": 2100.0, "desde": 2001.0, "longitud_m": 157.24329567306538 }, "geometry": { "type": "LineString", "coordinates": [ [ -58.5077398015749, -34.657550294578002 ], [ -58.5065269949189, -34.6585527082986 ] ] } },
{ "type": "Feature", "properties": { "sentido": "CRECIENTE", "alt_izqfin": 0.0, "com_par": 8.0, "long": "60.344.788.274.820.000", "nomanter": "CAMINO DE LA FLORESTA", "tipo_c": "CALLE", "alt_derfin": 2629.0, "alt_derini": 2601.0, "alt_izqini": 0.0, "codigo": 1006.0, "barrio_imp": "VILLA SOLDATI", "nomoficial": "ACOSTA, MARIANO", "id_street": 24926.0, "nom_mapa": "MARIANO ACOSTA", "tipo_ffcc": "Sin Iteracción", "id": 24926.0, "barrio_par": "VILLA SOLDATI", "observa": null, "bicisenda": null, "red_jerarq": "VÍA DISTRIBUIDORA COMPLEMENTARIA", "cuadra": "ACOSTA, MARIANO 2601-2629", "comuna": 8.0, "EMPRESA": "METROTEL", "com_impar": 8.0, "barrio": "VILLA SOLDATI", "hasta": 2629.0, "desde": 2601.0, "longitud_m": 60.342809817384165 }, "geometry": { "type": "LineString", "coordinates": [ [ -58.452630610340897, -34.657554546005798 ], [ -58.452153384303699, -34.6579292182941 ] ] } },
{ "type": "Feature", "properties": { "sentido": "DECRECIENTE", "alt_izqfin": 2200.0, "com_par": 8.0, "long": "97.159.865.941.752.400", "nomanter": "GARIBALDI (parcial)", "tipo_c": "CALLE", "alt_derfin": 2199.0, "alt_derini": 2101.0, "alt_izqini": 2102.0, "codigo": 20054.0, "barrio_imp": "VILLA SOLDATI", "nomoficial": "SANTA CATALINA", "id_street": 24964.0, "nom_mapa": "SANTA CATALINA", "tipo_ffcc": "Sin Iteracción", "id": 24964.0, "barrio_par": "VILLA SOLDATI", "observa": null, "bicisenda": null, "red_jerarq": "VÍA LOCAL", "cuadra": "SANTA CATALINA 2101-2200", "comuna": 8.0, "EMPRESA": "METROTEL", "com_impar": 8.0, "barrio": "VILLA SOLDATI", "hasta": 2200.0, "desde": 2101.0, "longitud_m": 97.156855229381762 }, "geometry": { "type": "LineString", "coordinates": [ [ -58.427138785673201, -34.658387120291202 ], [ -58.427830695351098, -34.659050566816099 ] ] } },
{ "type": "Feature", "properties": { "sentido": "DECRECIENTE", "alt_izqfin": 2200.0, "com_par": 9.0, "long": "157.215.263.228.023.000", "nomanter": "JACHAL", "tipo_c": "CALLE", "alt_derfin": 2199.0, "alt_derini": 2101.0, "alt_izqini": 2102.0, "codigo": 7070.0, "barrio_imp": "MATADEROS", "nomoficial": "GORDILLO, TIMOTEO", "id_street": 25033.0, "nom_mapa": "TIMOTEO GORDILLO", "tipo_ffcc": "Sin Iteracción", "id": 25033.0, "barrio_par": "MATADEROS", "observa": null, "bicisenda": null, "red_jerarq": "VÍA LOCAL", "cuadra": "GORDILLO, TIMOTEO 2101-2200", "comuna": 9.0, "EMPRESA": "METROTEL", "com_impar": 9.0, "barrio": "MATADEROS", "hasta": 2200.0, "desde": 2101.0, "longitud_m": 157.21014602380279 }, "geometry": { "type": "LineString", "coordinates": [ [ -58.5065269949189, -34.6585527082986 ], [ -58.505314840932499, -34.659555250422102 ] ] } },
{ "type": "Feature", "properties": { "sentido": "CRECIENTE", "alt_izqfin": 0.0, "com_par": 8.0, "long": "140.768.349.927.452.000", "nomanter": "CAMINO DE LA FLORESTA", "tipo_c": "CALLE", "alt_derfin": 2799.0, "alt_derini": 2701.0, "alt_izqini": 0.0, "codigo": 1006.0, "barrio_imp": "VILLA SOLDATI", "nomoficial": "ACOSTA, MARIANO", "id_street": 25062.0, "nom_mapa": "MARIANO ACOSTA", "tipo_ffcc": "Sin Iteracción", "id": 25062.0, "barrio_par": "VILLA SOLDATI", "observa": null, "bicisenda": null, "red_jerarq": "VÍA DISTRIBUIDORA COMPLEMENTARIA", "cuadra": "ACOSTA, MARIANO 2701-2799", "comuna": 8.0, "EMPRESA": "METROTEL", "com_impar": 8.0, "barrio": "VILLA SOLDATI", "hasta": 2799.0, "desde": 2701.0, "longitud_m": 140.73654088410194 }, "geometry": { "type": "LineString", "coordinates": [ [ -58.451003505625401, -34.658825104549798 ], [ -58.449896719732003, -34.659704359173801 ] ] } },
{ "type": "Feature", "properties": { "sentido": "CRECIENTE", "alt_izqfin": 0.0, "com_par": 8.0, "long": "99.222.468.538.461.700", "nomanter": "CAMINO DE LA FLORESTA", "tipo_c": "CALLE", "alt_derfin": 2899.0, "alt_derini": 2801.0, "alt_izqini": 0.0, "codigo": 1006.0, "barrio_imp": "VILLA SOLDATI", "nomoficial": "ACOSTA, MARIANO", "id_street": 25161.0, "nom_mapa": "MARIANO ACOSTA", "tipo_ffcc": "Sin Iteracción", "id": 25161.0, "barrio_par": "VILLA SOLDATI", "observa": null, "bicisenda": null, "red_jerarq": "VÍA DISTRIBUIDORA COMPLEMENTARIA", "cuadra": "ACOSTA, MARIANO 2801-2899", "comuna": 8.0, "EMPRESA": "METROTEL", "com_impar": 8.0, "barrio": "VILLA SOLDATI", "hasta": 2899.0, "desde": 2801.0, "longitud_m": 99.219209162319729 }, "geometry": { "type": "LineString", "coordinates": [ [ -58.449896719732003, -34.659704359173801 ], [ -58.449109896382303, -34.660318569380102 ] ] } },
{ "type": "Feature", "properties": { "sentido": "DECRECIENTE", "alt_izqfin": 2300.0, "com_par": 9.0, "long": "188.681.650.364.004.000", "nomanter": "JACHAL", "tipo_c": "CALLE", "alt_derfin": 2299.0, "alt_derini": 2201.0, "alt_izqini": 2202.0, "codigo": 7070.0, "barrio_imp": "MATADEROS", "nomoficial": "GORDILLO, TIMOTEO", "id_street": 25224.0, "nom_mapa": "TIMOTEO GORDILLO", "tipo_ffcc": "Sin Iteracción", "id": 25224.0, "barrio_par": "MATADEROS", "observa": "Asignación de sentido  de circulación de SE a NO según Resolución 653/SSTYTR/16 aparecida en el Boletín Oficial 5013 del 23/11/2016 (antes Sentido Doble)", "bicisenda": null, "red_jerarq": "VÍA LOCAL", "cuadra": "GORDILLO, TIMOTEO 2201-2300", "comuna": 9.0, "EMPRESA": "METROTEL", "com_impar": 9.0, "barrio": "MATADEROS", "hasta": 2300.0, "desde": 2201.0, "longitud_m": 188.67553232304223 }, "geometry": { "type": "LineString", "coordinates": [ [ -58.505314840932499, -34.659555250422102 ], [ -58.5038618206639, -34.660759904065301 ] ] } },
{ "type": "Feature", "properties": { "sentido": "CRECIENTE", "alt_izqfin": 0.0, "com_par": 8.0, "long": "98.461.102.157.605.600", "nomanter": "CAMINO DE LA FLORESTA", "tipo_c": "CALLE", "alt_derfin": 2999.0, "alt_derini": 2901.0, "alt_izqini": 0.0, "codigo": 1006.0, "barrio_imp": "VILLA SOLDATI", "nomoficial": "ACOSTA, MARIANO", "id_street": 25255.0, "nom_mapa": "MARIANO ACOSTA", "tipo_ffcc": "Sin Iteracción", "id": 25255.0, "barrio_par": "VILLA SOLDATI", "observa": null, "bicisenda": null, "red_jerarq": "VÍA DISTRIBUIDORA COMPLEMENTARIA", "cuadra": "ACOSTA, MARIANO 2901-2999", "comuna": 8.0, "EMPRESA": "METROTEL", "com_impar": 8.0, "barrio": "VILLA SOLDATI", "hasta": 2999.0, "desde": 2901.0, "longitud_m": 98.388439598309887 }, "geometry": { "type": "LineString", "coordinates": [ [ -58.449109896382303, -34.660318569380102 ], [ -58.448314201226701, -34.6609138295889 ] ] } },
{ "type": "Feature", "properties": { "sentido": "CRECIENTE", "alt_izqfin": 0.0, "com_par": 8.0, "long": "112.746.527.012.677.000", "nomanter": "CAMINO DE LA FLORESTA", "tipo_c": "CALLE", "alt_derfin": 3099.0, "alt_derini": 3001.0, "alt_izqini": 0.0, "codigo": 1006.0, "barrio_imp": "VILLA SOLDATI", "nomoficial": "ACOSTA, MARIANO", "id_street": 25338.0, "nom_mapa": "MARIANO ACOSTA", "tipo_ffcc": "Sin Iteracción", "id": 25338.0, "barrio_par": "VILLA SOLDATI", "observa": null, "bicisenda": null, "red_jerarq": "VÍA DISTRIBUIDORA COMPLEMENTARIA", "cuadra": "ACOSTA, MARIANO 3001-3099", "comuna": 8.0, "EMPRESA": "METROTEL", "com_impar": 8.0, "barrio": "VILLA SOLDATI", "hasta": 3099.0, "desde": 3001.0, "longitud_m": 112.74283959677092 }, "geometry": { "type": "LineString", "coordinates": [ [ -58.448314201226701, -34.6609138295889 ], [ -58.4474266839336, -34.661617453490202 ] ] } },
{ "type": "Feature", "properties": { "sentido": "DECRECIENTE", "alt_izqfin": 2400.0, "com_par": 9.0, "long": "187.957.964.442.858.000", "nomanter": "JACHAL", "tipo_c": "CALLE", "alt_derfin": 2399.0, "alt_derini": 2301.0, "alt_izqini": 2302.0, "codigo": 7070.0, "barrio_imp": "MATADEROS", "nomoficial": "GORDILLO, TIMOTEO", "id_street": 25387.0, "nom_mapa": "TIMOTEO GORDILLO", "tipo_ffcc": "Sin Iteracción", "id": 25387.0, "barrio_par": "MATADEROS", "observa": "Asignación de sentido  de circulación de SE a NO según Resolución 653/SSTYTR/16 aparecida en el Boletín Oficial 5013 del 23/11/2016 (antes Sentido Doble)", "bicisenda": null, "red_jerarq": "VÍA LOCAL", "cuadra": "GORDILLO, TIMOTEO 2301-2400", "comuna": 9.0, "EMPRESA": "METROTEL", "com_impar": 9.0, "barrio": "MATADEROS", "hasta": 2400.0, "desde": 2301.0, "longitud_m": 187.95187191272728 }, "geometry": { "type": "LineString", "coordinates": [ [ -58.5038618206639, -34.660759904065301 ], [ -58.5024142959792, -34.661959890493598 ] ] } },
{ "type": "Feature", "properties": { "sentido": "CRECIENTE", "alt_izqfin": 0.0, "com_par": 8.0, "long": "131.989.089.883.607.000", "nomanter": "CAMINO DE LA FLORESTA", "tipo_c": "CALLE", "alt_derfin": 3199.0, "alt_derini": 3101.0, "alt_izqini": 0.0, "codigo": 1006.0, "barrio_imp": "VILLA SOLDATI", "nomoficial": "ACOSTA, MARIANO", "id_street": 25434.0, "nom_mapa": "MARIANO ACOSTA", "tipo_ffcc": "Sin Iteracción", "id": 25434.0, "barrio_par": "VILLA SOLDATI", "observa": null, "bicisenda": null, "red_jerarq": "VÍA DISTRIBUIDORA COMPLEMENTARIA", "cuadra": "ACOSTA, MARIANO 3101-3199", "comuna": 8.0, "EMPRESA": "METROTEL", "com_impar": 8.0, "barrio": "VILLA SOLDATI", "hasta": 3199.0, "desde": 3101.0, "longitud_m": 131.69161809403832 }, "geometry": { "type": "LineString", "coordinates": [ [ -58.4474266839336, -34.661617453490202 ], [ -58.446365272740202, -34.662417505264401 ] ] } },
{ "type": "Feature", "properties": { "sentido": "DOBLE", "alt_izqfin": 3250.0, "com_par": 8.0, "long": "68.739.887.254.542.500", "nomanter": "CAMINO DE LA FLORESTA", "tipo_c": "CALLE", "alt_derfin": 3249.0, "alt_derini": 3201.0, "alt_izqini": 3202.0, "codigo": 1006.0, "barrio_imp": "VILLA SOLDATI", "nomoficial": "ACOSTA, MARIANO", "id_street": 25502.0, "nom_mapa": "MARIANO ACOSTA", "tipo_ffcc": "Sin Iteracción", "id": 25502.0, "barrio_par": "VILLA SOLDATI", "observa": null, "bicisenda": null, "red_jerarq": "VÍA DISTRIBUIDORA COMPLEMENTARIA", "cuadra": "ACOSTA, MARIANO 3201-3250", "comuna": 8.0, "EMPRESA": "METROTEL", "com_impar": 8.0, "barrio": "VILLA SOLDATI", "hasta": 3250.0, "desde": 3201.0, "longitud_m": 68.737702988419088 }, "geometry": { "type": "LineString", "coordinates": [ [ -58.446365272740202, -34.662417505264401 ], [ -58.445849965420699, -34.662867667142201 ] ] } },
{ "type": "Feature", "properties": { "sentido": "DECRECIENTE", "alt_izqfin": 2500.0, "com_par": 9.0, "long": "186.821.174.893.114.000", "nomanter": "JACHAL", "tipo_c": "CALLE", "alt_derfin": 2499.0, "alt_derini": 2401.0, "alt_izqini": 2402.0, "codigo": 7070.0, "barrio_imp": "MATADEROS", "nomoficial": "GORDILLO, TIMOTEO", "id_street": 25523.0, "nom_mapa": "TIMOTEO GORDILLO", "tipo_ffcc": "Sin Iteracción", "id": 25523.0, "barrio_par": "MATADEROS", "observa": "Asignación de sentido  de circulación de SE a NO según Resolución 653/SSTYTR/16 aparecida en el Boletín Oficial 5013 del 23/11/2016 (antes Sentido Doble)", "bicisenda": null, "red_jerarq": "VÍA LOCAL", "cuadra": "GORDILLO, TIMOTEO 2401-2500", "comuna": 9.0, "EMPRESA": "METROTEL", "com_impar": 9.0, "barrio": "MATADEROS", "hasta": 2500.0, "desde": 2401.0, "longitud_m": 186.8150945830767 }, "geometry": { "type": "LineString", "coordinates": [ [ -58.5024142959792, -34.661959890493598 ], [ -58.5009757666014, -34.663152833809697 ] ] } },
{ "type": "Feature", "properties": { "sentido": "DOBLE", "alt_izqfin": 3300.0, "com_par": 8.0, "long": "60.901.321.380.068.400", "nomanter": "CAMINO DE LA FLORESTA", "tipo_c": "CALLE", "alt_derfin": 3299.0, "alt_derini": 3251.0, "alt_izqini": 3252.0, "codigo": 1006.0, "barrio_imp": "VILLA SOLDATI", "nomoficial": "ACOSTA, MARIANO", "id_street": 25530.0, "nom_mapa": "MARIANO ACOSTA", "tipo_ffcc": "Sin Iteracción", "id": 25530.0, "barrio_par": "VILLA SOLDATI", "observa": null, "bicisenda": null, "red_jerarq": "VÍA DISTRIBUIDORA COMPLEMENTARIA", "cuadra": "ACOSTA, MARIANO 3251-3300", "comuna": 8.0, "EMPRESA": "METROTEL", "com_impar": 8.0, "barrio": "VILLA SOLDATI", "hasta": 3300.0, "desde": 3251.0, "longitud_m": 60.899329068210271 }, "geometry": { "type": "LineString", "coordinates": [ [ -58.445849965420699, -34.662867667142201 ], [ -58.445370555873403, -34.663247740379902 ] ] } },
{ "type": "Feature", "properties": { "sentido": "DOBLE", "alt_izqfin": 2500.0, "com_par": 9.0, "long": "104.506.385.800.195.000", "nomanter": "SAN FERNANDO - TELLIER", "tipo_c": "AVENIDA", "alt_derfin": 2499.0, "alt_derini": 2411.0, "alt_izqini": 2412.0, "codigo": 21019.0, "barrio_imp": "MATADEROS", "nomoficial": "DE LA TORRE, LISANDRO AV.", "id_street": 25549.0, "nom_mapa": "AV.LISANDRO DE LA TORRE", "tipo_ffcc": "Sin Iteracción", "id": 25549.0, "barrio_par": "MATADEROS", "observa": null, "bicisenda": null, "red_jerarq": "VÍA DISTRIBUIDORA PRINCIPAL", "cuadra": "DE LA TORRE, LISANDRO AV. 2411-2500", "comuna": 9.0, "EMPRESA": "METROTEL", "com_impar": 9.0, "barrio": "MATADEROS", "hasta": 2500.0, "desde": 2411.0, "longitud_m": 104.50299450163746 }, "geometry": { "type": "LineString", "coordinates": [ [ -58.499999675927, -34.662696649243998 ], [ -58.499192173006797, -34.663361663475101 ] ] } },
{ "type": "Feature", "properties": { "sentido": "DECRECIENTE", "alt_izqfin": 0.0, "com_par": 8.0, "long": "12.427.065.051.631.200", "nomanter": null, "tipo_c": "CALLE", "alt_derfin": 0.0, "alt_derini": 0.0, "alt_izqini": 0.0, "codigo": 19065.0, "barrio_imp": "VILLA SOLDATI", "nomoficial": "TRIANA, RODRIGO DE", "id_street": 25567.0, "nom_mapa": "RODRIGO DE TRIANA", "tipo_ffcc": "Sin Iteracción", "id": 25567.0, "barrio_par": "VILLA SOLDATI", "observa": null, "bicisenda": null, "red_jerarq": "VÍA LOCAL", "cuadra": "TRIANA, RODRIGO DE 0-0", "comuna": 8.0, "EMPRESA": "METROTEL", "com_impar": 8.0, "barrio": "VILLA SOLDATI", "hasta": 0.0, "desde": 0.0, "longitud_m": 12.426595642654476 }, "geometry": { "type": "LineString", "coordinates": [ [ -58.443442881417603, -34.663424766503503 ], [ -58.443562786973899, -34.6634770397594 ] ] } },
{ "type": "Feature", "properties": { "sentido": "CRECIENTE", "alt_izqfin": 0.0, "com_par": 8.0, "long": "161.150.351.493.864.000", "nomanter": "CAMINO AL PUENTE ALSINA O DE LA TABLADA-ROCA AV. T", "tipo_c": "AVENIDA", "alt_derfin": 2999.0, "alt_derini": 2901.0, "alt_izqini": 0.0, "codigo": 19057.0, "barrio_imp": "VILLA SOLDATI", "nomoficial": "RABANAL, FRANCISCO, INTENDENTE AV.", "id_street": 25582.0, "nom_mapa": "AV.INTENDENTE FRANCISCO RABANAL", "tipo_ffcc": "Sin Iteracción", "id": 25582.0, "barrio_par": "VILLA SOLDATI", "observa": null, "bicisenda": null, "red_jerarq": "VÍA DISTRIBUIDORA COMPLEMENTARIA", "cuadra": "RABANAL, FRANCISCO, INTENDENTE AV. 2901-2999", "comuna": 8.0, "EMPRESA": "METROTEL", "com_impar": 8.0, "barrio": "VILLA SOLDATI", "hasta": 2999.0, "desde": 2901.0, "longitud_m": 161.14432193983265 }, "geometry": { "type": "LineString", "coordinates": [ [ -58.4361362314771, -34.662925326817401 ], [ -58.437670987962697, -34.663633831710101 ] ] } },
{ "type": "Feature", "properties": { "sentido": "DOBLE", "alt_izqfin": 3400.0, "com_par": 8.0, "long": "74.227.251.779.046.000", "nomanter": "CAMINO DE LA FLORESTA", "tipo_c": "CALLE", "alt_derfin": 3399.0, "alt_derini": 3301.0, "alt_izqini": 3302.0, "codigo": 1006.0, "barrio_imp": "VILLA SOLDATI", "nomoficial": "ACOSTA, MARIANO", "id_street": 25592.0, "nom_mapa": "MARIANO ACOSTA", "tipo_ffcc": "Sin Iteracción", "id": 25592.0, "barrio_par": "VILLA SOLDATI", "observa": null, "bicisenda": null, "red_jerarq": "VÍA DISTRIBUIDORA COMPLEMENTARIA", "cuadra": "ACOSTA, MARIANO 3301-3400", "comuna": 8.0, "EMPRESA": "METROTEL", "com_impar": 8.0, "barrio": "VILLA SOLDATI", "hasta": 3400.0, "desde": 3301.0, "longitud_m": 74.224751792931556 }, "geometry": { "type": "LineString", "coordinates": [ [ -58.445370555873403, -34.663247740379902 ], [ -58.444786802142197, -34.663711458300803 ] ] } },
{ "type": "Feature", "properties": { "sentido": "DOBLE", "alt_izqfin": 0.0, "com_par": 8.0, "long": "28.908.514.473.623.100", "nomanter": "CAMINO DE LA FLORESTA", "tipo_c": "CALLE", "alt_derfin": 0.0, "alt_derini": 0.0, "alt_izqini": 0.0, "codigo": 1006.0, "barrio_imp": "VILLA SOLDATI", "nomoficial": "ACOSTA, MARIANO", "id_street": 25607.0, "nom_mapa": "MARIANO ACOSTA", "tipo_ffcc": "Paso a Nivel", "id": 25607.0, "barrio_par": "VILLA SOLDATI", "observa": null, "bicisenda": null, "red_jerarq": "VÍA DISTRIBUIDORA COMPLEMENTARIA", "cuadra": "ACOSTA, MARIANO 0-0", "comuna": 8.0, "EMPRESA": "METROTEL", "com_impar": 8.0, "barrio": "VILLA SOLDATI", "hasta": 0.0, "desde": 0.0, "longitud_m": 28.907580194949027 }, "geometry": { "type": "LineString", "coordinates": [ [ -58.444786802142197, -34.663711458300803 ], [ -58.444563799442001, -34.663895720931997 ] ] } },
{ "type": "Feature", "properties": { "sentido": "CRECIENTE", "alt_izqfin": 0.0, "com_par": 8.0, "long": "61.104.643.566.404.800", "nomanter": "CAMINO AL PUENTE ALSINA O DE LA TABLADA-ROCA AV. T", "tipo_c": "AVENIDA", "alt_derfin": 3049.0, "alt_derini": 3001.0, "alt_izqini": 0.0, "codigo": 19057.0, "barrio_imp": "VILLA SOLDATI", "nomoficial": "RABANAL, FRANCISCO, INTENDENTE AV.", "id_street": 25608.0, "nom_mapa": "AV.INTENDENTE FRANCISCO RABANAL", "tipo_ffcc": "Sin Iteracción", "id": 25608.0, "barrio_par": "VILLA SOLDATI", "observa": null, "bicisenda": null, "red_jerarq": "VÍA DISTRIBUIDORA COMPLEMENTARIA", "cuadra": "RABANAL, FRANCISCO, INTENDENTE AV. 3001-3049", "comuna": 8.0, "EMPRESA": "METROTEL", "com_impar": 8.0, "barrio": "VILLA SOLDATI", "hasta": 3049.0, "desde": 3001.0, "longitud_m": 61.102357624591882 }, "geometry": { "type": "LineString", "coordinates": [ [ -58.437670987962697, -34.663633831710101 ], [ -58.438252941051303, -34.663902475124402 ] ] } },
{ "type": "Feature", "properties": { "sentido": "DECRECIENTE", "alt_izqfin": 3400.0, "com_par": 8.0, "long": "97.243.986.355.274.800", "nomanter": "NORQUIN", "tipo_c": "CALLE", "alt_derfin": 3399.0, "alt_derini": 3301.0, "alt_izqini": 3302.0, "codigo": 19052.0, "barrio_imp": "VILLA SOLDATI", "nomoficial": "RIVERA, FRUCTUOSO, GENERAL", "id_street": 25623.0, "nom_mapa": "GENERAL FRUCTUOSO RIVERA", "tipo_ffcc": "Sin Iteracción", "id": 25623.0, "barrio_par": "VILLA SOLDATI", "observa": null, "bicisenda": null, "red_jerarq": "VÍA LOCAL", "cuadra": "RIVERA, FRUCTUOSO, GENERAL 3301-3400", "comuna": 8.0, "EMPRESA": "METROTEL", "com_impar": 8.0, "barrio": "VILLA SOLDATI", "hasta": 3400.0, "desde": 3301.0, "longitud_m": 97.240774263113465 }, "geometry": { "type": "LineString", "coordinates": [ [ -58.443562786973899, -34.6634770397594 ], [ -58.444340030126298, -34.664073644970699 ] ] } },
{ "type": "Feature", "properties": { "sentido": "DECRECIENTE", "alt_izqfin": 3400.0, "com_par": 8.0, "long": "144.675.181.681.772.000", "nomanter": null, "tipo_c": "CALLE", "alt_derfin": 3399.0, "alt_derini": 3301.0, "alt_izqini": 3302.0, "codigo": 17067.0, "barrio_imp": "VILLA SOLDATI", "nomoficial": "PERGAMINO", "id_street": 25652.0, "nom_mapa": "PERGAMINO", "tipo_ffcc": "Sin Iteracción", "id": 25652.0, "barrio_par": "VILLA SOLDATI", "observa": null, "bicisenda": null, "red_jerarq": "VÍA LOCAL", "cuadra": "PERGAMINO 3301-3400", "comuna": 8.0, "EMPRESA": "METROTEL", "com_impar": 8.0, "barrio": "VILLA SOLDATI", "hasta": 3400.0, "desde": 3301.0, "longitud_m": 144.67044976307858 }, "geometry": { "type": "LineString", "coordinates": [ [ -58.443442881417603, -34.663424766503503 ], [ -58.442305009672602, -34.6643285240418 ] ] } },
{ "type": "Feature", "properties": { "sentido": "DECRECIENTE", "alt_izqfin": 3300.0, "com_par": 8.0, "long": "126.221.528.779.478.000", "nomanter": "OESTE", "tipo_c": "CALLE", "alt_derfin": 3299.0, "alt_derini": 3201.0, "alt_izqini": 3202.0, "codigo": 21001.0, "barrio_imp": "VILLA SOLDATI", "nomoficial": "TABARE", "id_street": 25732.0, "nom_mapa": "TABARE", "tipo_ffcc": "Sin Iteracción", "id": 25732.0, "barrio_par": "VILLA SOLDATI", "observa": null, "bicisenda": null, "red_jerarq": "VÍA LOCAL", "cuadra": "TABARE 3201-3300", "comuna": 8.0, "EMPRESA": "METROTEL", "com_impar": 8.0, "barrio": "VILLA SOLDATI", "hasta": 3300.0, "desde": 3201.0, "longitud_m": 126.21750156946115 }, "geometry": { "type": "LineString", "coordinates": [ [ -58.4403850378472, -34.664275220287401 ], [ -58.441336844478499, -34.665097441712298 ] ] } },
{ "type": "Feature", "properties": { "sentido": "DECRECIENTE", "alt_izqfin": 3500.0, "com_par": 8.0, "long": "123.093.292.312.216.000", "nomanter": null, "tipo_c": "CALLE", "alt_derfin": 3499.0, "alt_derini": 3401.0, "alt_izqini": 3402.0, "codigo": 17067.0, "barrio_imp": "VILLA SOLDATI", "nomoficial": "PERGAMINO", "id_street": 25733.0, "nom_mapa": "PERGAMINO", "tipo_ffcc": "Sin Iteracción", "id": 25733.0, "barrio_par": "VILLA SOLDATI", "observa": null, "bicisenda": null, "red_jerarq": "VÍA LOCAL", "cuadra": "PERGAMINO 3401-3500", "comuna": 8.0, "EMPRESA": "METROTEL", "com_impar": 8.0, "barrio": "VILLA SOLDATI", "hasta": 3500.0, "desde": 3401.0, "longitud_m": 123.08926560385757 }, "geometry": { "type": "LineString", "coordinates": [ [ -58.442305009672602, -34.6643285240418 ], [ -58.441336844478499, -34.665097441712298 ] ] } },
{ "type": "Feature", "properties": { "sentido": "CRECIENTE", "alt_izqfin": 3500.0, "com_par": 8.0, "long": "134.928.149.470.231.000", "nomanter": null, "tipo_c": "CALLE", "alt_derfin": 3499.0, "alt_derini": 3401.0, "alt_izqini": 3402.0, "codigo": 17111.0, "barrio_imp": "VILLA SOLDATI", "nomoficial": "PORTELA", "id_street": 25737.0, "nom_mapa": "PORTELA", "tipo_ffcc": "Sin Iteracción", "id": 25737.0, "barrio_par": "VILLA SOLDATI", "observa": null, "bicisenda": null, "red_jerarq": "VÍA LOCAL", "cuadra": "PORTELA 3401-3500", "comuna": 8.0, "EMPRESA": "METROTEL", "com_impar": 8.0, "barrio": "VILLA SOLDATI", "hasta": 3500.0, "desde": 3401.0, "longitud_m": 134.92184588432067 }, "geometry": { "type": "LineString", "coordinates": [ [ -58.4403850378472, -34.664275220287401 ], [ -58.439322568858302, -34.6651169918769 ] ] } },
{ "type": "Feature", "properties": { "sentido": "DECRECIENTE", "alt_izqfin": 3200.0, "com_par": 8.0, "long": "234.668.572.023.741.000", "nomanter": "CAMINO AL PUENTE ALSINA O DE LA TABLADA-ROCA AV. T", "tipo_c": "AVENIDA", "alt_derfin": 0.0, "alt_derini": 0.0, "alt_izqini": 3002.0, "codigo": 19057.0, "barrio_imp": "VILLA SOLDATI", "nomoficial": "RABANAL, FRANCISCO, INTENDENTE AV.", "id_street": 25782.0, "nom_mapa": "AV.INTENDENTE FRANCISCO RABANAL", "tipo_ffcc": "Sin Iteracción", "id": 25782.0, "barrio_par": "VILLA SOLDATI", "observa": null, "bicisenda": null, "red_jerarq": "VÍA DISTRIBUIDORA COMPLEMENTARIA", "cuadra": "RABANAL, FRANCISCO, INTENDENTE AV. 3002-3200", "comuna": 8.0, "EMPRESA": "METROTEL", "com_impar": 8.0, "barrio": "VILLA SOLDATI", "hasta": 3200.0, "desde": 3002.0, "longitud_m": 234.65875483249869 }, "geometry": { "type": "LineString", "coordinates": [ [ -58.4365748240809, -34.664505361228599 ], [ -58.4388415848723, -34.665488588238297 ] ] } },
{ "type": "Feature", "properties": { "sentido": "CRECIENTE", "alt_izqfin": 3600.0, "com_par": 8.0, "long": "60.358.551.867.236.700", "nomanter": null, "tipo_c": "CALLE", "alt_derfin": 3599.0, "alt_derini": 3501.0, "alt_izqini": 3502.0, "codigo": 17111.0, "barrio_imp": "VILLA SOLDATI", "nomoficial": "PORTELA", "id_street": 25783.0, "nom_mapa": "PORTELA", "tipo_ffcc": "Sin Iteracción", "id": 25783.0, "barrio_par": "VILLA SOLDATI", "observa": null, "bicisenda": null, "red_jerarq": "VÍA LOCAL", "cuadra": "PORTELA 3501-3600", "comuna": 8.0, "EMPRESA": "METROTEL", "com_impar": 8.0, "barrio": "VILLA SOLDATI", "hasta": 3600.0, "desde": 3501.0, "longitud_m": 60.35656054040696 }, "geometry": { "type": "LineString", "coordinates": [ [ -58.439322568858302, -34.6651169918769 ], [ -58.4388415848723, -34.665488588238297 ] ] } },
{ "type": "Feature", "properties": { "sentido": "CRECIENTE", "alt_izqfin": 4600.0, "com_par": 8.0, "long": "92.938.181.026.827.600", "nomanter": null, "tipo_c": "CALLE", "alt_derfin": 4599.0, "alt_derini": 4501.0, "alt_izqini": 4502.0, "codigo": 1093.0, "barrio_imp": "VILLA LUGANO", "nomoficial": "AQUINO", "id_street": 25919.0, "nom_mapa": "AQUINO", "tipo_ffcc": "Sin Iteracción", "id": 25919.0, "barrio_par": "VILLA LUGANO", "observa": null, "bicisenda": null, "red_jerarq": "VÍA LOCAL", "cuadra": "AQUINO 4501-4600", "comuna": 8.0, "EMPRESA": "METROTEL", "com_impar": 8.0, "barrio": "VILLA LUGANO", "hasta": 4600.0, "desde": 4501.0, "longitud_m": 92.935296726245895 }, "geometry": { "type": "LineString", "coordinates": [ [ -58.467940229768701, -34.666376661677901 ], [ -58.468609089801099, -34.667006285137298 ] ] } },
{ "type": "Feature", "properties": { "sentido": "CRECIENTE", "alt_izqfin": 4700.0, "com_par": 8.0, "long": "103.206.047.986.400.000", "nomanter": null, "tipo_c": "CALLE", "alt_derfin": 4699.0, "alt_derini": 4601.0, "alt_izqini": 4602.0, "codigo": 1093.0, "barrio_imp": "VILLA LUGANO", "nomoficial": "AQUINO", "id_street": 25967.0, "nom_mapa": "AQUINO", "tipo_ffcc": "Sin Iteracción", "id": 25967.0, "barrio_par": "VILLA LUGANO", "observa": null, "bicisenda": null, "red_jerarq": "VÍA LOCAL", "cuadra": "AQUINO 4601-4700", "comuna": 8.0, "EMPRESA": "METROTEL", "com_impar": 8.0, "barrio": "VILLA LUGANO", "hasta": 4700.0, "desde": 4601.0, "longitud_m": 103.20284448916161 }, "geometry": { "type": "LineString", "coordinates": [ [ -58.468609089801099, -34.667006285137298 ], [ -58.469352033214797, -34.667705338130403 ] ] } },
{ "type": "Feature", "properties": { "sentido": "CRECIENTE", "alt_izqfin": 4800.0, "com_par": 8.0, "long": "103.539.714.466.862.000", "nomanter": null, "tipo_c": "CALLE", "alt_derfin": 4799.0, "alt_derini": 4701.0, "alt_izqini": 4702.0, "codigo": 1093.0, "barrio_imp": "VILLA LUGANO", "nomoficial": "AQUINO", "id_street": 26024.0, "nom_mapa": "AQUINO", "tipo_ffcc": "Sin Iteracción", "id": 26024.0, "barrio_par": "VILLA LUGANO", "observa": null, "bicisenda": null, "red_jerarq": "VÍA LOCAL", "cuadra": "AQUINO 4701-4800", "comuna": 8.0, "EMPRESA": "METROTEL", "com_impar": 8.0, "barrio": "VILLA LUGANO", "hasta": 4800.0, "desde": 4701.0, "longitud_m": 103.53650725800512 }, "geometry": { "type": "LineString", "coordinates": [ [ -58.469352033214797, -34.667705338130403 ], [ -58.4700944780584, -34.668408752758197 ] ] } },
{ "type": "Feature", "properties": { "sentido": "CRECIENTE", "alt_izqfin": 0.0, "com_par": 8.0, "long": "504.021.373.711.078.000", "nomanter": null, "tipo_c": "AVENIDA", "alt_derfin": 3599.0, "alt_derini": 3101.0, "alt_izqini": 0.0, "codigo": 5067.0, "barrio_imp": "VILLA LUGANO", "nomoficial": "ESCALADA AV.", "id_street": 26030.0, "nom_mapa": "AV. ESCALADA", "tipo_ffcc": "Sin Iteracción", "id": 26030.0, "barrio_par": "VILLA SOLDATI", "observa": null, "bicisenda": null, "red_jerarq": "VÍA DISTRIBUIDORA PRINCIPAL", "cuadra": "ESCALADA AV. 3101-3599", "comuna": null, "EMPRESA": "METROTEL", "com_impar": 8.0, "barrio": null, "hasta": 3599.0, "desde": 3101.0, "longitud_m": 504.00530337733414 }, "geometry": { "type": "LineString", "coordinates": [ [ -58.467940229768701, -34.666376661677901 ], [ -58.465336407524703, -34.6684047828034 ], [ -58.464733509923903, -34.6689114417197 ], [ -58.464152954621497, -34.669644648483903 ] ] } },
{ "type": "Feature", "properties": { "sentido": "DOBLE", "alt_izqfin": 3500.0, "com_par": 8.0, "long": "143.832.581.973.977.000", "nomanter": null, "tipo_c": "CALLE", "alt_derfin": 3499.0, "alt_derini": 3401.0, "alt_izqini": 3402.0, "codigo": 1097.0, "barrio_imp": "VILLA LUGANO", "nomoficial": "ARAUJO", "id_street": 26091.0, "nom_mapa": "ARAUJO", "tipo_ffcc": "Sin Iteracción", "id": 26091.0, "barrio_par": "VILLA LUGANO", "observa": null, "bicisenda": null, "red_jerarq": "VÍA LOCAL", "cuadra": "ARAUJO 3401-3500", "comuna": 8.0, "EMPRESA": "METROTEL", "com_impar": 8.0, "barrio": "VILLA LUGANO", "hasta": 3500.0, "desde": 3401.0, "longitud_m": 143.82785201835847 }, "geometry": { "type": "LineString", "coordinates": [ [ -58.4700944780584, -34.668408752758197 ], [ -58.468951115699603, -34.669296772588403 ] ] } },
{ "type": "Feature", "properties": { "sentido": "DOBLE", "alt_izqfin": 3600.0, "com_par": 8.0, "long": "81.560.759.740.419.900", "nomanter": null, "tipo_c": "CALLE", "alt_derfin": 3599.0, "alt_derini": 3501.0, "alt_izqini": 3502.0, "codigo": 1097.0, "barrio_imp": "VILLA LUGANO", "nomoficial": "ARAUJO", "id_street": 26131.0, "nom_mapa": "ARAUJO", "tipo_ffcc": "Sin Iteracción", "id": 26131.0, "barrio_par": "VILLA LUGANO", "observa": null, "bicisenda": null, "red_jerarq": "VÍA LOCAL", "cuadra": "ARAUJO 3501-3600", "comuna": 8.0, "EMPRESA": "METROTEL", "com_impar": 8.0, "barrio": "VILLA LUGANO", "hasta": 3600.0, "desde": 3501.0, "longitud_m": 81.558077651984036 }, "geometry": { "type": "LineString", "coordinates": [ [ -58.468951115699603, -34.669296772588403 ], [ -58.468302759165901, -34.669800324098702 ] ] } },
{ "type": "Feature", "properties": { "sentido": "CRECIENTE", "alt_izqfin": 0.0, "com_par": 8.0, "long": "83.741.814.029.269.900", "nomanter": null, "tipo_c": "AVENIDA", "alt_derfin": 0.0, "alt_derini": 0.0, "alt_izqini": 0.0, "codigo": 5067.0, "barrio_imp": "VILLA LUGANO", "nomoficial": "ESCALADA AV.", "id_street": 26158.0, "nom_mapa": "AV. ESCALADA", "tipo_ffcc": "Sin Iteracción", "id": 26158.0, "barrio_par": "VILLA LUGANO", "observa": null, "bicisenda": null, "red_jerarq": "VÍA DISTRIBUIDORA PRINCIPAL", "cuadra": "ESCALADA AV. 0-0", "comuna": 8.0, "EMPRESA": "METROTEL", "com_impar": 8.0, "barrio": "VILLA LUGANO", "hasta": 0.0, "desde": 0.0, "longitud_m": 81.616800116421473 }, "geometry": { "type": "LineString", "coordinates": [ [ -58.463500816018502, -34.670180498526399 ], [ -58.463192738297401, -34.670175946973799 ], [ -58.462892778645802, -34.669763530158697 ] ] } },
{ "type": "Feature", "properties": { "sentido": "CRECIENTE", "alt_izqfin": 0.0, "com_par": 8.0, "long": "326.357.401.510.357.000", "nomanter": "CRUZ", "tipo_c": "AVENIDA", "alt_derfin": 4529.0, "alt_derini": 4201.0, "alt_izqini": 0.0, "codigo": 3195.0, "barrio_imp": "VILLA SOLDATI", "nomoficial": "FERNANDEZ DE LA CRUZ, F., GRAL. AV.", "id_street": 26301.0, "nom_mapa": "AV.GRAL.F. FERNANDEZ DE LA CRUZ", "tipo_ffcc": "Sin Iteracción", "id": 26301.0, "barrio_par": "VILLA SOLDATI", "observa": "Modificación de rango de alturas (mínimamente) luego del chequeo y revisión con alturas oficiales, planos índices y entrada oficial del Hospital Cecilia Grierson (Octubre de 2018)", "bicisenda": null, "red_jerarq": "VÍA DISTRIBUIDORA PRINCIPAL", "cuadra": "FERNANDEZ DE LA CRUZ, F., GRAL. AV. 4201-4529", "comuna": 8.0, "EMPRESA": "METROTEL", "com_impar": 8.0, "barrio": "VILLA SOLDATI", "hasta": 4529.0, "desde": 4201.0, "longitud_m": 326.34615148148782 }, "geometry": { "type": "LineString", "coordinates": [ [ -58.4559215920196, -34.670165627460797 ], [ -58.458273131866903, -34.672374628724803 ] ] } },
{ "type": "Feature", "properties": { "sentido": "CRECIENTE", "alt_izqfin": 0.0, "com_par": 8.0, "long": "207.217.090.117.487.000", "nomanter": null, "tipo_c": "AVENIDA", "alt_derfin": 3849.0, "alt_derini": 3601.0, "alt_izqini": 0.0, "codigo": 5067.0, "barrio_imp": "VILLA LUGANO", "nomoficial": "ESCALADA AV.", "id_street": 26320.0, "nom_mapa": "AV. ESCALADA", "tipo_ffcc": "Puente Vehicular", "id": 26320.0, "barrio_par": "VILLA LUGANO", "observa": null, "bicisenda": null, "red_jerarq": "VÍA DISTRIBUIDORA PRINCIPAL", "cuadra": "ESCALADA AV. 3601-3849", "comuna": 8.0, "EMPRESA": "METROTEL", "com_impar": 8.0, "barrio": "VILLA LUGANO", "hasta": 3849.0, "desde": 3601.0, "longitud_m": 206.84323513718476 }, "geometry": { "type": "LineString", "coordinates": [ [ -58.463500816018502, -34.670180498526399 ], [ -58.462450678906201, -34.670669821557397 ], [ -58.461687576812999, -34.671267111671298 ] ] } },
{ "type": "Feature", "properties": { "sentido": "CRECIENTE", "alt_izqfin": 0.0, "com_par": 8.0, "long": "80.572.943.063.894.100", "nomanter": "CRUZ", "tipo_c": "AVENIDA", "alt_derfin": 4599.0, "alt_derini": 4531.0, "alt_izqini": 0.0, "codigo": 3195.0, "barrio_imp": "VILLA SOLDATI", "nomoficial": "FERNANDEZ DE LA CRUZ, F., GRAL. AV.", "id_street": 26372.0, "nom_mapa": "AV.GRAL.F. FERNANDEZ DE LA CRUZ", "tipo_ffcc": "Sin Iteracción", "id": 26372.0, "barrio_par": "VILLA SOLDATI", "observa": "Modificación de rango de alturas (mínimamente) luego del chequeo y revisión con alturas oficiales, planos índices y entrada oficial del Hospital Cecilia Grierson (Octubre de 2018)", "bicisenda": null, "red_jerarq": "VÍA DISTRIBUIDORA PRINCIPAL", "cuadra": "FERNANDEZ DE LA CRUZ, F., GRAL. AV. 4531-4599", "comuna": 8.0, "EMPRESA": "METROTEL", "com_impar": 8.0, "barrio": "VILLA SOLDATI", "hasta": 4599.0, "desde": 4531.0, "longitud_m": 78.766532639261101 }, "geometry": { "type": "LineString", "coordinates": [ [ -58.458273131866903, -34.672374628724803 ], [ -58.459058474640997, -34.6726630142918 ] ] } },
{ "type": "Feature", "properties": { "sentido": "DECRECIENTE", "alt_izqfin": 4400.0, "com_par": 8.0, "long": "39.029.009.775.933.600", "nomanter": null, "tipo_c": "CALLE", "alt_derfin": 4399.0, "alt_derini": 4361.0, "alt_izqini": 4362.0, "codigo": 17105.0, "barrio_imp": "VILLA LUGANO", "nomoficial": "POLA", "id_street": 26617.0, "nom_mapa": "POLA", "tipo_ffcc": "Sin Iteracción", "id": 26617.0, "barrio_par": "VILLA LUGANO", "observa": "Modificación de sentido de circulación según Información de IVC en Junio de 2021 (Urbanización Barrio 20 y Papa Francisco). Antes Doble", "bicisenda": null, "red_jerarq": "VÍA LOCAL", "cuadra": "POLA 4361-4400", "comuna": 8.0, "EMPRESA": "METROTEL", "com_impar": 8.0, "barrio": "VILLA LUGANO", "hasta": 4400.0, "desde": 4361.0, "longitud_m": 39.027737191676316 }, "geometry": { "type": "LineString", "coordinates": [ [ -58.465043843602899, -34.677613963897002 ], [ -58.464737814850899, -34.6778586144586 ] ] } },
{ "type": "Feature", "properties": { "sentido": "DECRECIENTE", "alt_izqfin": 4550.0, "com_par": 8.0, "long": "62.734.168.660.007.200", "nomanter": null, "tipo_c": "AVENIDA", "alt_derfin": 0.0, "alt_derini": 0.0, "alt_izqini": 4502.0, "codigo": 12064.0, "barrio_imp": "VILLA LUGANO", "nomoficial": "LARRAZABAL AV.", "id_street": 26789.0, "nom_mapa": "AV. LARRAZABAL", "tipo_ffcc": "Sin Iteracción", "id": 26789.0, "barrio_par": "VILLA LUGANO", "observa": null, "bicisenda": null, "red_jerarq": "VÍA LOCAL", "cuadra": "LARRAZABAL AV. 4502-4550", "comuna": 8.0, "EMPRESA": "METROTEL", "com_impar": 8.0, "barrio": "VILLA LUGANO", "hasta": 4550.0, "desde": 4502.0, "longitud_m": 62.043279131126184 }, "geometry": { "type": "LineString", "coordinates": [ [ -58.466159929460602, -34.679862678989799 ], [ -58.466031813215899, -34.680138316380003 ], [ -58.465765386124502, -34.680284143976301 ] ] } },
{ "type": "Feature", "properties": { "sentido": "DECRECIENTE", "alt_izqfin": 4700.0, "com_par": 8.0, "long": "203.465.113.352.483.000", "nomanter": null, "tipo_c": "AVENIDA", "alt_derfin": 0.0, "alt_derini": 0.0, "alt_izqini": 4602.0, "codigo": 12064.0, "barrio_imp": "VILLA LUGANO", "nomoficial": "LARRAZABAL AV.", "id_street": 26892.0, "nom_mapa": "AV. LARRAZABAL", "tipo_ffcc": "Sin Iteracción", "id": 26892.0, "barrio_par": "VILLA LUGANO", "observa": null, "bicisenda": null, "red_jerarq": "VÍA LOCAL", "cuadra": "LARRAZABAL AV. 4602-4700", "comuna": 8.0, "EMPRESA": "METROTEL", "com_impar": 8.0, "barrio": "VILLA LUGANO", "hasta": 4700.0, "desde": 4602.0, "longitud_m": 203.45832126196765 }, "geometry": { "type": "LineString", "coordinates": [ [ -58.4650681974911, -34.680724180574998 ], [ -58.463411930226698, -34.681945533982798 ] ] } },
{ "type": "Feature", "properties": { "sentido": "DECRECIENTE", "alt_izqfin": 4900.0, "com_par": 8.0, "long": "137.181.130.636.406.000", "nomanter": null, "tipo_c": "AVENIDA", "alt_derfin": 0.0, "alt_derini": 0.0, "alt_izqini": 4802.0, "codigo": 12064.0, "barrio_imp": "VILLA LUGANO", "nomoficial": "LARRAZABAL AV.", "id_street": 26947.0, "nom_mapa": "AV. LARRAZABAL", "tipo_ffcc": "Sin Iteracción", "id": 26947.0, "barrio_par": "VILLA LUGANO", "observa": null, "bicisenda": null, "red_jerarq": "VÍA LOCAL", "cuadra": "LARRAZABAL AV. 4802-4900", "comuna": 8.0, "EMPRESA": "METROTEL", "com_impar": 8.0, "barrio": "VILLA LUGANO", "hasta": 4900.0, "desde": 4802.0, "longitud_m": 137.17655261302662 }, "geometry": { "type": "LineString", "coordinates": [ [ -58.462649951232201, -34.682513796616703 ], [ -58.461533790824099, -34.683337777429202 ] ] } },
{ "type": "Feature", "properties": { "sentido": "DECRECIENTE", "alt_izqfin": 5000.0, "com_par": 8.0, "long": "93.735.800.727.775.200", "nomanter": null, "tipo_c": "AVENIDA", "alt_derfin": 0.0, "alt_derini": 0.0, "alt_izqini": 4952.0, "codigo": 12064.0, "barrio_imp": "VILLA LUGANO", "nomoficial": "LARRAZABAL AV.", "id_street": 26971.0, "nom_mapa": "AV. LARRAZABAL", "tipo_ffcc": "Sin Iteracción", "id": 26971.0, "barrio_par": "VILLA LUGANO", "observa": null, "bicisenda": null, "red_jerarq": "VÍA LOCAL", "cuadra": "LARRAZABAL AV. 4952-5000", "comuna": 8.0, "EMPRESA": "METROTEL", "com_impar": 8.0, "barrio": "VILLA LUGANO", "hasta": 5000.0, "desde": 4952.0, "longitud_m": 93.732673412401994 }, "geometry": { "type": "LineString", "coordinates": [ [ -58.461533790824099, -34.683337777429202 ], [ -58.460773088510898, -34.683902624179503 ] ] } },
{ "type": "Feature", "properties": { "sentido": "DECRECIENTE", "alt_izqfin": 5050.0, "com_par": 8.0, "long": "114.111.563.209.108.000", "nomanter": null, "tipo_c": "AVENIDA", "alt_derfin": 0.0, "alt_derini": 0.0, "alt_izqini": 5002.0, "codigo": 12064.0, "barrio_imp": "VILLA LUGANO", "nomoficial": "LARRAZABAL AV.", "id_street": 27040.0, "nom_mapa": "AV. LARRAZABAL", "tipo_ffcc": "Sin Iteracción", "id": 27040.0, "barrio_par": "VILLA LUGANO", "observa": null, "bicisenda": null, "red_jerarq": "VÍA LOCAL", "cuadra": "LARRAZABAL AV. 5002-5050", "comuna": 8.0, "EMPRESA": "METROTEL", "com_impar": 8.0, "barrio": "VILLA LUGANO", "hasta": 5050.0, "desde": 5002.0, "longitud_m": 114.10777364597375 }, "geometry": { "type": "LineString", "coordinates": [ [ -58.460773088510898, -34.683902624179503 ], [ -58.459851748350196, -34.6845945730051 ] ] } },
{ "type": "Feature", "properties": { "sentido": "CRECIENTE", "alt_izqfin": 0.0, "com_par": 8.0, "long": "39.511.427.935.438.800", "nomanter": null, "tipo_c": "AVENIDA", "alt_derfin": 5049.0, "alt_derini": 5041.0, "alt_izqini": 0.0, "codigo": 12064.0, "barrio_imp": "VILLA LUGANO", "nomoficial": "LARRAZABAL AV.", "id_street": 27049.0, "nom_mapa": "AV. LARRAZABAL", "tipo_ffcc": "Sin Iteracción", "id": 27049.0, "barrio_par": "VILLA LUGANO", "observa": "Figuró con Sentido Doble algunos meses por Resoluciones temporarias (Res. 527/SSTYTRA/16 en BO 4986 del 14/10/2016 - Res 208/SSTYTRA/16 en BO 4922 del 14/07/2016)", "bicisenda": null, "red_jerarq": "VÍA LOCAL", "cuadra": "LARRAZABAL AV. 5041-5049", "comuna": 8.0, "EMPRESA": "METROTEL", "com_impar": 8.0, "barrio": "VILLA LUGANO", "hasta": 5049.0, "desde": 5041.0, "longitud_m": 39.510110460860318 }, "geometry": { "type": "LineString", "coordinates": [ [ -58.4602873959128, -34.684466698587698 ], [ -58.459966354089403, -34.684704435598903 ] ] } },
{ "type": "Feature", "properties": { "sentido": "DECRECIENTE", "alt_izqfin": 5690.0, "com_par": 8.0, "long": "311.906.220.411.298.000", "nomanter": "EX CALLE 6 BARRIO", "tipo_c": "CALLE", "alt_derfin": 5689.0, "alt_derini": 5401.0, "alt_izqini": 5402.0, "codigo": 19105.0, "barrio_imp": "VILLA LUGANO", "nomoficial": "RAMIREZ, CEFERINO, COMODORO", "id_street": 27079.0, "nom_mapa": "COMODORO CEFERINO RAMIREZ", "tipo_ffcc": "Sin Iteracción", "id": 27079.0, "barrio_par": "VILLA LUGANO", "observa": null, "bicisenda": null, "red_jerarq": "VÍA LOCAL", "cuadra": "RAMIREZ, CEFERINO, COMODORO 5401-5690", "comuna": 8.0, "EMPRESA": "METROTEL", "com_impar": 8.0, "barrio": "VILLA LUGANO", "hasta": 5690.0, "desde": 5401.0, "longitud_m": 311.63926149469796 }, "geometry": { "type": "LineString", "coordinates": [ [ -58.4602873959128, -34.684466698587698 ], [ -58.4620590801727, -34.684727856678599 ], [ -58.462188491091197, -34.6847759565945 ], [ -58.462711756270302, -34.685901173168098 ] ] } },
{ "type": "Feature", "properties": { "sentido": "DECRECIENTE", "alt_izqfin": 5350.0, "com_par": 8.0, "long": "103.721.121.199.256.000", "nomanter": null, "tipo_c": "AVENIDA", "alt_derfin": 0.0, "alt_derini": 0.0, "alt_izqini": 5102.0, "codigo": 12064.0, "barrio_imp": "VILLA LUGANO", "nomoficial": "LARRAZABAL AV.", "id_street": 27097.0, "nom_mapa": "AV. LARRAZABAL", "tipo_ffcc": "Sin Iteracción", "id": 27097.0, "barrio_par": "VILLA LUGANO", "observa": "Se estiró la altura del eje (llegaba hasta 5300) ya que una escuela figuraba con altura 5430 (Septiembre 2017)", "bicisenda": null, "red_jerarq": "VÍA LOCAL", "cuadra": "LARRAZABAL AV. 5102-5350", "comuna": 8.0, "EMPRESA": "METROTEL", "com_impar": 8.0, "barrio": "VILLA LUGANO", "hasta": 5350.0, "desde": 5102.0, "longitud_m": 103.71760089300156 }, "geometry": { "type": "LineString", "coordinates": [ [ -58.4591409914173, -34.6851283560352 ], [ -58.458293154181, -34.685747738335998 ] ] } },
{ "type": "Feature", "properties": { "sentido": "DECRECIENTE", "alt_izqfin": 5694.0, "com_par": 8.0, "long": "18.144.277.632.817.400", "nomanter": "EX CALLE 6 BARRIO", "tipo_c": "CALLE", "alt_derfin": 5693.0, "alt_derini": 5691.0, "alt_izqini": 5692.0, "codigo": 19105.0, "barrio_imp": "VILLA LUGANO", "nomoficial": "RAMIREZ, CEFERINO, COMODORO", "id_street": 27102.0, "nom_mapa": "COMODORO CEFERINO RAMIREZ", "tipo_ffcc": "Sin Iteracción", "id": 27102.0, "barrio_par": "VILLA LUGANO", "observa": null, "bicisenda": null, "red_jerarq": "VÍA DISTRIBUIDORA COMPLEMENTARIA", "cuadra": "RAMIREZ, CEFERINO, COMODORO 5691-5694", "comuna": 8.0, "EMPRESA": "METROTEL", "com_impar": 8.0, "barrio": "VILLA LUGANO", "hasta": 5694.0, "desde": 5691.0, "longitud_m": 18.143823236763417 }, "geometry": { "type": "LineString", "coordinates": [ [ -58.462711756270302, -34.685901173168098 ], [ -58.462781583618103, -34.686054218738001 ] ] } },
{ "type": "Feature", "properties": { "sentido": "DOBLE", "alt_izqfin": 1600.0, "com_par": 4.0, "long": "155.959.671.947.356.000", "nomanter": null, "tipo_c": "CALLE", "alt_derfin": 1599.0, "alt_derini": 1501.0, "alt_izqini": 1502.0, "codigo": 13116.0, "barrio_imp": "BARRACAS", "nomoficial": "MONTESQUIEU", "id_street": 27534.0, "nom_mapa": "MONTESQUIEU", "tipo_ffcc": "Sin Iteracción", "id": 27534.0, "barrio_par": "BARRACAS", "observa": "Alturas asignadas según calles paralelas y usos cotidianos de alturas. Se verificó el cartel y alturas en Street View", "bicisenda": null, "red_jerarq": "VÍA LOCAL", "cuadra": "MONTESQUIEU 1501-1600", "comuna": 4.0, "EMPRESA": "METROTEL", "com_impar": 4.0, "barrio": "BARRACAS", "hasta": 1600.0, "desde": 1501.0, "longitud_m": 155.90688732729063 }, "geometry": { "type": "LineString", "coordinates": [ [ -58.396640907708701, -34.651431957920401 ], [ -58.396694446101499, -34.651605076547398 ], [ -58.396647106994699, -34.652831169390304 ] ] } },
{ "type": "Feature", "properties": { "sentido": "DOBLE", "alt_izqfin": 1600.0, "com_par": 7.0, "long": "137.490.179.742.701.000", "nomanter": "PORVENIR", "tipo_c": "AVENIDA", "alt_derfin": 1599.0, "alt_derini": 1501.0, "alt_izqini": 1502.0, "codigo": 12023.0, "barrio_imp": "FLORES", "nomoficial": "LAFUENTE AV.", "id_street": 27581.0, "nom_mapa": "AV. LAFUENTE", "tipo_ffcc": "Sin Iteracción", "id": 27581.0, "barrio_par": "FLORES", "observa": null, "bicisenda": null, "red_jerarq": "VÍA LOCAL", "cuadra": "LAFUENTE AV. 1501-1600", "comuna": 7.0, "EMPRESA": "METROTEL", "com_impar": 7.0, "barrio": "FLORES", "hasta": 1600.0, "desde": 1501.0, "longitud_m": 137.48595185819804 }, "geometry": { "type": "LineString", "coordinates": [ [ -58.457651573453298, -34.647404420701697 ], [ -58.456678692830003, -34.648347587181703 ] ] } },
{ "type": "Feature", "properties": { "sentido": "DOBLE", "alt_izqfin": 3000.0, "com_par": 14.0, "long": "126.536.184.833.888.000", "nomanter": null, "tipo_c": "AVENIDA", "alt_derfin": 2999.0, "alt_derini": 2901.0, "alt_izqini": 2902.0, "codigo": 4089.0, "barrio_imp": "PALERMO", "nomoficial": "DORREGO AV.", "id_street": 27584.0, "nom_mapa": "AV.DORREGO", "tipo_ffcc": "Sin Iteracción", "id": 27584.0, "barrio_par": "PALERMO", "observa": null, "bicisenda": null, "red_jerarq": "VÍA LOCAL", "cuadra": "DORREGO AV. 2901-3000", "comuna": 14.0, "EMPRESA": "METROTEL", "com_impar": 14.0, "barrio": "PALERMO", "hasta": 3000.0, "desde": 2901.0, "longitud_m": 126.11779569665346 }, "geometry": { "type": "LineString", "coordinates": [ [ -58.429929339134297, -34.573990556798101 ], [ -58.4286949496407, -34.573490564811799 ] ] } },
{ "type": "Feature", "properties": { "sentido": "DOBLE", "alt_izqfin": 1982.0, "com_par": 13.0, "long": "52.237.625.317.682.900", "nomanter": null, "tipo_c": "CALLE", "alt_derfin": 1981.0, "alt_derini": 1901.0, "alt_izqini": 1902.0, "codigo": 19047.0, "barrio_imp": "NUÑEZ", "nomoficial": "RIVADAVIA MARTIN, COMODORO", "id_street": 27630.0, "nom_mapa": "COMODORO MARTIN RIVADAVIA", "tipo_ffcc": "Sin Iteracción", "id": 27630.0, "barrio_par": "NUÑEZ", "observa": null, "bicisenda": null, "red_jerarq": "VÍA LOCAL", "cuadra": "RIVADAVIA MARTIN, COMODORO 1901-1982", "comuna": 13.0, "EMPRESA": "METROTEL", "com_impar": 13.0, "barrio": "NUÑEZ", "hasta": 1982.0, "desde": 1901.0, "longitud_m": 52.236413803468714 }, "geometry": { "type": "LineString", "coordinates": [ [ -58.4649071445833, -34.5447413521645 ], [ -58.465011127911502, -34.545204310361797 ] ] } },
{ "type": "Feature", "properties": { "sentido": "CRECIENTE", "alt_izqfin": 3250.0, "com_par": 13.0, "long": "80.851.482.400.540.100", "nomanter": "PROGRESO, Av.", "tipo_c": "AVENIDA", "alt_derfin": 0.0, "alt_derini": 0.0, "alt_izqini": 3202.0, "codigo": 4045.0, "barrio_imp": "COLEGIALES", "nomoficial": "DE LOS INCAS AV.", "id_street": 27729.0, "nom_mapa": "AV. DE LOS INCAS", "tipo_ffcc": "Sin Iteracción", "id": 27729.0, "barrio_par": "COLEGIALES", "observa": null, "bicisenda": null, "red_jerarq": "VÍA DISTRIBUIDORA PRINCIPAL", "cuadra": "DE LOS INCAS AV. 3202-3250", "comuna": 13.0, "EMPRESA": "METROTEL", "com_impar": 13.0, "barrio": "COLEGIALES", "hasta": 3250.0, "desde": 3202.0, "longitud_m": 80.848989234645998 }, "geometry": { "type": "LineString", "coordinates": [ [ -58.459524382674502, -34.571541716885598 ], [ -58.460100392409501, -34.5720932134763 ] ] } },
{ "type": "Feature", "properties": { "sentido": "CRECIENTE", "alt_izqfin": 3300.0, "com_par": 13.0, "long": "87.057.400.665.117.500", "nomanter": "PROGRESO, Av.", "tipo_c": "AVENIDA", "alt_derfin": 0.0, "alt_derini": 0.0, "alt_izqini": 3252.0, "codigo": 4045.0, "barrio_imp": "COLEGIALES", "nomoficial": "DE LOS INCAS AV.", "id_street": 27730.0, "nom_mapa": "AV. DE LOS INCAS", "tipo_ffcc": "Sin Iteracción", "id": 27730.0, "barrio_par": "COLEGIALES", "observa": null, "bicisenda": null, "red_jerarq": "VÍA DISTRIBUIDORA PRINCIPAL", "cuadra": "DE LOS INCAS AV. 3252-3300", "comuna": 13.0, "EMPRESA": "METROTEL", "com_impar": 13.0, "barrio": "COLEGIALES", "hasta": 3300.0, "desde": 3252.0, "longitud_m": 87.05469340029461 }, "geometry": { "type": "LineString", "coordinates": [ [ -58.460100392409501, -34.5720932134763 ], [ -58.460730341883298, -34.572679996560197 ] ] } },
{ "type": "Feature", "properties": { "sentido": "CRECIENTE", "alt_izqfin": 0.0, "com_par": 11.0, "long": "15.576.795.906.581.700", "nomanter": "TIMBO", "tipo_c": "CALLE", "alt_derfin": 0.0, "alt_derini": 0.0, "alt_izqini": 0.0, "codigo": 12129.0, "barrio_imp": "VILLA DEVOTO", "nomoficial": "LOPEZ, CARLOS ANTONIO", "id_street": 27778.0, "nom_mapa": "CARLOS ANTONIO LOPEZ", "tipo_ffcc": "Sin Iteracción", "id": 27778.0, "barrio_par": "VILLA DEVOTO", "observa": null, "bicisenda": null, "red_jerarq": "VÍA LOCAL", "cuadra": "LOPEZ, CARLOS ANTONIO 0-0", "comuna": 11.0, "EMPRESA": "METROTEL", "com_impar": 11.0, "barrio": "VILLA DEVOTO", "hasta": 0.0, "desde": 0.0, "longitud_m": 15.576240139316967 }, "geometry": { "type": "LineString", "coordinates": [ [ -58.516982026911499, -34.594042206288599 ], [ -58.5171201548307, -34.594123862834401 ] ] } },
{ "type": "Feature", "properties": { "sentido": "DECRECIENTE", "alt_izqfin": 4200.0, "com_par": 8.0, "long": "488.193.205.927.827.000", "nomanter": null, "tipo_c": "AVENIDA", "alt_derfin": 0.0, "alt_derini": 0.0, "alt_izqini": 3602.0, "codigo": 5067.0, "barrio_imp": "VILLA SOLDATI", "nomoficial": "ESCALADA AV.", "id_street": 27797.0, "nom_mapa": "AV. ESCALADA", "tipo_ffcc": "Puente Vehicular", "id": 27797.0, "barrio_par": "VILLA SOLDATI", "observa": null, "bicisenda": null, "red_jerarq": "VÍA DISTRIBUIDORA PRINCIPAL", "cuadra": "ESCALADA AV. 3602-4200", "comuna": 8.0, "EMPRESA": "METROTEL", "com_impar": 8.0, "barrio": "VILLA SOLDATI", "hasta": 4200.0, "desde": 3602.0, "longitud_m": 487.72523843846312 }, "geometry": { "type": "LineString", "coordinates": [ [ -58.462892778645802, -34.669763530158697 ], [ -58.462249706164698, -34.670550608186097 ], [ -58.4598810275522, -34.672418050279603 ], [ -58.459387443646897, -34.672651501960402 ], [ -58.459058474640997, -34.6726630142918 ] ] } },
{ "type": "Feature", "properties": { "sentido": "DECRECIENTE", "alt_izqfin": 4530.0, "com_par": 8.0, "long": "320.179.135.005.523.000", "nomanter": "CRUZ", "tipo_c": "AVENIDA", "alt_derfin": 0.0, "alt_derini": 0.0, "alt_izqini": 4202.0, "codigo": 3195.0, "barrio_imp": "VILLA SOLDATI", "nomoficial": "FERNANDEZ DE LA CRUZ, F., GRAL. AV.", "id_street": 27802.0, "nom_mapa": "AV.GRAL.F. FERNANDEZ DE LA CRUZ", "tipo_ffcc": "Sin Iteracción", "id": 27802.0, "barrio_par": "VILLA SOLDATI", "observa": "Modificación de rango de alturas (mínimamente) luego del chequeo y revisión con alturas oficiales, planos índices y entrada oficial del Hospital Cecilia Grierson (Octubre de 2018)", "bicisenda": null, "red_jerarq": "VÍA DISTRIBUIDORA PRINCIPAL", "cuadra": "FERNANDEZ DE LA CRUZ, F., GRAL. AV. 4202-4530", "comuna": 8.0, "EMPRESA": "METROTEL", "com_impar": 8.0, "barrio": "VILLA SOLDATI", "hasta": 4530.0, "desde": 4202.0, "longitud_m": 320.15175372609218 }, "geometry": { "type": "LineString", "coordinates": [ [ -58.455755940432901, -34.670308402665 ], [ -58.458057641618801, -34.672479250862999 ] ] } },
{ "type": "Feature", "properties": { "sentido": "DECRECIENTE", "alt_izqfin": 4600.0, "com_par": 8.0, "long": "81.234.499.331.257.800", "nomanter": "CRUZ", "tipo_c": "AVENIDA", "alt_derfin": 0.0, "alt_derini": 0.0, "alt_izqini": 4532.0, "codigo": 3195.0, "barrio_imp": "VILLA SOLDATI", "nomoficial": "FERNANDEZ DE LA CRUZ, F., GRAL. AV.", "id_street": 27803.0, "nom_mapa": "AV.GRAL.F. FERNANDEZ DE LA CRUZ", "tipo_ffcc": "Sin Iteracción", "id": 27803.0, "barrio_par": "VILLA SOLDATI", "observa": "Modificación de rango de alturas (mínimamente) luego del chequeo y revisión con alturas oficiales, planos índices y entrada oficial del Hospital Cecilia Grierson (Octubre de 2018)", "bicisenda": null, "red_jerarq": "VÍA DISTRIBUIDORA PRINCIPAL", "cuadra": "FERNANDEZ DE LA CRUZ, F., GRAL. AV. 4532-4600", "comuna": 8.0, "EMPRESA": "METROTEL", "com_impar": 8.0, "barrio": "VILLA SOLDATI", "hasta": 4600.0, "desde": 4532.0, "longitud_m": 79.746936008244404 }, "geometry": { "type": "LineString", "coordinates": [ [ -58.458057641618801, -34.672479250862999 ], [ -58.458363658586201, -34.673152190825199 ] ] } },
{ "type": "Feature", "properties": { "sentido": "DECRECIENTE", "alt_izqfin": 5900.0, "com_par": 10.0, "long": "128.971.148.777.731.000", "nomanter": "UNION", "tipo_c": "AVENIDA", "alt_derfin": 0.0, "alt_derini": 0.0, "alt_izqini": 5802.0, "codigo": 6006.0, "barrio_imp": "VILLA LURO", "nomoficial": "FALCON, RAMON L.,CNEL. AV.", "id_street": 27815.0, "nom_mapa": "AV.CORONEL RAMON L. FALCON", "tipo_ffcc": "Sin Iteracción", "id": 27815.0, "barrio_par": "VILLA LURO", "observa": null, "bicisenda": null, "red_jerarq": "VÍA LOCAL", "cuadra": "FALCON, RAMON L.,CNEL. AV. 5802-5900", "comuna": 10.0, "EMPRESA": "METROTEL", "com_impar": 10.0, "barrio": "VILLA LURO", "hasta": 5900.0, "desde": 5802.0, "longitud_m": 127.9696765754595 }, "geometry": { "type": "LineString", "coordinates": [ [ -58.508439505267802, -34.6398184976808 ], [ -58.5087472624421, -34.639946349413499 ], [ -58.509786660962497, -34.640076655884002 ] ] } },
{ "type": "Feature", "properties": { "sentido": "DECRECIENTE", "alt_izqfin": 4220.0, "com_par": 8.0, "long": "105.727.008.011.507.000", "nomanter": null, "tipo_c": "AVENIDA", "alt_derfin": 0.0, "alt_derini": 0.0, "alt_izqini": 4202.0, "codigo": 5067.0, "barrio_imp": "VILLA SOLDATI", "nomoficial": "ESCALADA AV.", "id_street": 27834.0, "nom_mapa": "AV. ESCALADA", "tipo_ffcc": "Sin Iteracción", "id": 27834.0, "barrio_par": "VILLA SOLDATI", "observa": "Redigitalización y reasignación de alturas con la Incorporación de calles de la Villa Olímpica (Octubre de 2018)", "bicisenda": null, "red_jerarq": "VÍA DISTRIBUIDORA PRINCIPAL", "cuadra": "ESCALADA AV. 4202-4220", "comuna": 8.0, "EMPRESA": "METROTEL", "com_impar": 8.0, "barrio": "VILLA SOLDATI", "hasta": 4220.0, "desde": 4202.0, "longitud_m": 105.43777811147289 }, "geometry": { "type": "LineString", "coordinates": [ [ -58.458363658586201, -34.673152190825199 ], [ -58.458217857019598, -34.6736196082405 ], [ -58.457879661536602, -34.673994755351899 ] ] } },
{ "type": "Feature", "properties": { "sentido": "DECRECIENTE", "alt_izqfin": 0.0, "com_par": 1.0, "long": "13.744.080.480.171.800", "nomanter": "DIAGONAL SUD", "tipo_c": "AVENIDA", "alt_derfin": 0.0, "alt_derini": 0.0, "alt_izqini": 0.0, "codigo": 19058.0, "barrio_imp": "MONSERRAT", "nomoficial": "ROCA, JULIO A., PRESIDENTE DIAGONAL SUR AV.", "id_street": 27841.0, "nom_mapa": "AV.PRESIDENTE JULIO A. ROCA", "tipo_ffcc": "Sin Iteracción", "id": 27841.0, "barrio_par": "MONSERRAT", "observa": "Inclusión en la Denominación de \"Diagonal Sur\" según Ley 1682 publicada en el Boletín Oficial 2204 del 03/06/2005", "bicisenda": null, "red_jerarq": "VÍA DISTRIBUIDORA COMPLEMENTARIA", "cuadra": "ROCA, JULIO A., PRESIDENTE DIAGONAL SUR AV. 0-0", "comuna": 1.0, "EMPRESA": "METROTEL", "com_impar": 1.0, "barrio": "MONSERRAT", "hasta": 0.0, "desde": 0.0, "longitud_m": 13.201583701168721 }, "geometry": { "type": "LineString", "coordinates": [ [ -58.374759488147902, -34.610339317113102 ], [ -58.374848396993897, -34.610432903984403 ] ] } },
{ "type": "Feature", "properties": { "sentido": "CRECIENTE", "alt_izqfin": 0.0, "com_par": 15.0, "long": "31.213.430.997.318.700", "nomanter": null, "tipo_c": "CALLE", "alt_derfin": 0.0, "alt_derini": 0.0, "alt_izqini": 0.0, "codigo": 1139.0, "barrio_imp": "PATERNAL", "nomoficial": "AVALOS", "id_street": 28005.0, "nom_mapa": "AVALOS", "tipo_ffcc": "Sin Iteracción", "id": 28005.0, "barrio_par": "PATERNAL", "observa": null, "bicisenda": null, "red_jerarq": "VÍA LOCAL", "cuadra": "AVALOS 0-0", "comuna": 15.0, "EMPRESA": "METROTEL", "com_impar": 15.0, "barrio": "PATERNAL", "hasta": 0.0, "desde": 0.0, "longitud_m": 31.163730561568677 }, "geometry": { "type": "LineString", "coordinates": [ [ -58.465197406021602, -34.595331783794499 ], [ -58.4653889831161, -34.595099792390101 ] ] } },
{ "type": "Feature", "properties": { "sentido": "CRECIENTE", "alt_izqfin": 0.0, "com_par": 1.0, "long": "84.382.812.518.742.700", "nomanter": null, "tipo_c": "AVENIDA", "alt_derfin": 749.0, "alt_derini": 701.0, "alt_izqini": 0.0, "codigo": 17028.0, "barrio_imp": "SAN TELMO", "nomoficial": "PASEO COLON AV.", "id_street": 28032.0, "nom_mapa": "AV. PASEO COLON", "tipo_ffcc": "Sin Iteracción", "id": 28032.0, "barrio_par": "SAN TELMO", "observa": null, "bicisenda": null, "red_jerarq": "VÍA DISTRIBUIDORA PRINCIPAL", "cuadra": "PASEO COLON AV. 701-749", "comuna": 1.0, "EMPRESA": "METROTEL", "com_impar": 1.0, "barrio": "SAN TELMO", "hasta": 749.0, "desde": 701.0, "longitud_m": 84.380826332421918 }, "geometry": { "type": "LineString", "coordinates": [ [ -58.369498539159999, -34.6158134968029 ], [ -58.369461900370602, -34.616573536331202 ] ] } },
{ "type": "Feature", "properties": { "sentido": "CRECIENTE", "alt_izqfin": 0.0, "com_par": 1.0, "long": "43.781.288.485.380.800", "nomanter": null, "tipo_c": "AVENIDA", "alt_derfin": 1199.0, "alt_derini": 1191.0, "alt_izqini": 0.0, "codigo": 1087.0, "barrio_imp": "RETIRO", "nomoficial": "ANTARTIDA ARGENTINA AV.", "id_street": 28066.0, "nom_mapa": "AV.ANTARTIDA ARGENTINA", "tipo_ffcc": "Sin Iteracción", "id": 28066.0, "barrio_par": "RETIRO", "observa": null, "bicisenda": null, "red_jerarq": "VÍA DISTRIBUIDORA PRINCIPAL", "cuadra": "ANTARTIDA ARGENTINA AV. 1191-1199", "comuna": 1.0, "EMPRESA": "METROTEL", "com_impar": 1.0, "barrio": "RETIRO", "hasta": 1199.0, "desde": 1191.0, "longitud_m": 43.780200862921163 }, "geometry": { "type": "LineString", "coordinates": [ [ -58.371415634444404, -34.587966450131397 ], [ -58.371543670753802, -34.587586266414398 ] ] } },
{ "type": "Feature", "properties": { "sentido": "DECRECIENTE", "alt_izqfin": 0.0, "com_par": 8.0, "long": "86.100.676.067.770.200", "nomanter": null, "tipo_c": "AVENIDA", "alt_derfin": 0.0, "alt_derini": 0.0, "alt_izqini": 0.0, "codigo": 5067.0, "barrio_imp": "VILLA LUGANO", "nomoficial": "ESCALADA AV.", "id_street": 28545.0, "nom_mapa": "AV. ESCALADA", "tipo_ffcc": "Sin Iteracción", "id": 28545.0, "barrio_par": "VILLA LUGANO", "observa": null, "bicisenda": null, "red_jerarq": "VÍA DISTRIBUIDORA PRINCIPAL", "cuadra": "ESCALADA AV. 0-0", "comuna": 8.0, "EMPRESA": "METROTEL", "com_impar": 8.0, "barrio": "VILLA LUGANO", "hasta": 0.0, "desde": 0.0, "longitud_m": 82.650378089396099 }, "geometry": { "type": "LineString", "coordinates": [ [ -58.464152954621497, -34.669644648483903 ], [ -58.464166844784302, -34.669389006552201 ], [ -58.4636483198802, -34.669152943924601 ] ] } },
{ "type": "Feature", "properties": { "sentido": "DECRECIENTE", "alt_izqfin": 0.0, "com_par": 8.0, "long": "90.345.037.638.742.800", "nomanter": null, "tipo_c": "AVENIDA", "alt_derfin": 0.0, "alt_derini": 0.0, "alt_izqini": 0.0, "codigo": 5067.0, "barrio_imp": "VILLA SOLDATI", "nomoficial": "ESCALADA AV.", "id_street": 28557.0, "nom_mapa": "AV. ESCALADA", "tipo_ffcc": "Sin Iteracción", "id": 28557.0, "barrio_par": "VILLA SOLDATI", "observa": null, "bicisenda": null, "red_jerarq": "VÍA DISTRIBUIDORA PRINCIPAL", "cuadra": "ESCALADA AV. 0-0", "comuna": 8.0, "EMPRESA": "METROTEL", "com_impar": 8.0, "barrio": "VILLA SOLDATI", "hasta": 0.0, "desde": 0.0, "longitud_m": 89.000851053246734 }, "geometry": { "type": "LineString", "coordinates": [ [ -58.459058474640997, -34.6726630142918 ], [ -58.458725806432803, -34.672726684947101 ], [ -58.458363658586201, -34.673152190825199 ] ] } },
{ "type": "Feature", "properties": { "sentido": "DOBLE", "alt_izqfin": 3500.0, "com_par": 4.0, "long": "111.535.082.743.732.000", "nomanter": "MORENO, PERITO", "tipo_c": "AVENIDA", "alt_derfin": 3499.0, "alt_derini": 3401.0, "alt_izqini": 3402.0, "codigo": 9017.0, "barrio_imp": "BARRACAS", "nomoficial": "IRIARTE, GRAL. AV.", "id_street": 28659.0, "nom_mapa": "AV.GRAL. IRIARTE", "tipo_ffcc": "Sin Iteracción", "id": 28659.0, "barrio_par": "BARRACAS", "observa": null, "bicisenda": null, "red_jerarq": "VÍA DISTRIBUIDORA PRINCIPAL", "cuadra": "IRIARTE, GRAL. AV. 3401-3500", "comuna": 4.0, "EMPRESA": "METROTEL", "com_impar": 4.0, "barrio": "BARRACAS", "hasta": 3500.0, "desde": 3401.0, "longitud_m": 111.47248556023497 }, "geometry": { "type": "LineString", "coordinates": [ [ -58.3954285713505, -34.651509605712903 ], [ -58.396640907708701, -34.651431957920401 ] ] } },
{ "type": "Feature", "properties": { "sentido": "DECRECIENTE", "alt_izqfin": 4760.0, "com_par": 8.0, "long": "64.206.982.388.571.400", "nomanter": null, "tipo_c": "AVENIDA", "alt_derfin": 0.0, "alt_derini": 0.0, "alt_izqini": 4702.0, "codigo": 12064.0, "barrio_imp": "VILLA LUGANO", "nomoficial": "LARRAZABAL AV.", "id_street": 28671.0, "nom_mapa": "AV. LARRAZABAL", "tipo_ffcc": "Sin Iteracción", "id": 28671.0, "barrio_par": "VILLA LUGANO", "observa": null, "bicisenda": null, "red_jerarq": "VÍA LOCAL", "cuadra": "LARRAZABAL AV. 4702-4760", "comuna": 8.0, "EMPRESA": "METROTEL", "com_impar": 8.0, "barrio": "VILLA LUGANO", "hasta": 4760.0, "desde": 4702.0, "longitud_m": 64.20484591254224 }, "geometry": { "type": "LineString", "coordinates": [ [ -58.463411930226698, -34.681945533982798 ], [ -58.462891886491803, -34.682333369426203 ] ] } },
{ "type": "Feature", "properties": { "sentido": "DECRECIENTE", "alt_izqfin": 5300.0, "com_par": 14.0, "long": "125.238.475.947.035.000", "nomanter": null, "tipo_c": "CALLE", "alt_derfin": 0.0, "alt_derini": 0.0, "alt_izqini": 5202.0, "codigo": 20057.0, "barrio_imp": "PALERMO", "nomoficial": "SANTA FE AV.", "id_street": 28942.0, "nom_mapa": "AV. SANTA FE", "tipo_ffcc": "Sin Iteracción", "id": 28942.0, "barrio_par": "PALERMO", "observa": "Forma parte de las calles paralelas al Viaducto Carranza que une las Avenidas Santa Fe y Cabildo", "bicisenda": null, "red_jerarq": "VÍA DISTRIBUIDORA PRINCIPAL", "cuadra": "SANTA FE AV. 5202-5300", "comuna": 14.0, "EMPRESA": "METROTEL", "com_impar": 14.0, "barrio": "PALERMO", "hasta": 5300.0, "desde": 5202.0, "longitud_m": 125.23375927166767 }, "geometry": { "type": "LineString", "coordinates": [ [ -58.4330220812856, -34.5761879923583 ], [ -58.434223891727001, -34.575652931039997 ] ] } },
{ "type": "Feature", "properties": { "sentido": "CRECIENTE", "alt_izqfin": 0.0, "com_par": 14.0, "long": "133.963.517.741.376.000", "nomanter": null, "tipo_c": "CALLE", "alt_derfin": 5199.0, "alt_derini": 5101.0, "alt_izqini": 0.0, "codigo": 20057.0, "barrio_imp": "PALERMO", "nomoficial": "SANTA FE AV.", "id_street": 28944.0, "nom_mapa": "AV. SANTA FE", "tipo_ffcc": "Sin Iteracción", "id": 28944.0, "barrio_par": "PALERMO", "observa": "Forma parte de las calles paralelas al Viaducto Carranza que une las Avenidas Santa Fe y Cabildo", "bicisenda": null, "red_jerarq": "VÍA DISTRIBUIDORA PRINCIPAL", "cuadra": "SANTA FE AV. 5101-5199", "comuna": 14.0, "EMPRESA": "METROTEL", "com_impar": 14.0, "barrio": "PALERMO", "hasta": 5199.0, "desde": 5101.0, "longitud_m": 133.94253834017005 }, "geometry": { "type": "LineString", "coordinates": [ [ -58.431561455891703, -34.576609010579602 ], [ -58.432843439569098, -34.576031536090703 ] ] } },
{ "type": "Feature", "properties": { "sentido": "DECRECIENTE", "alt_izqfin": 5200.0, "com_par": 14.0, "long": "142.296.958.138.906.000", "nomanter": null, "tipo_c": "CALLE", "alt_derfin": 0.0, "alt_derini": 0.0, "alt_izqini": 5102.0, "codigo": 20057.0, "barrio_imp": "PALERMO", "nomoficial": "SANTA FE AV.", "id_street": 28945.0, "nom_mapa": "AV. SANTA FE", "tipo_ffcc": "Sin Iteracción", "id": 28945.0, "barrio_par": "PALERMO", "observa": "Forma parte de las calles paralelas al Viaducto Carranza que une las Avenidas Santa Fe y Cabildo", "bicisenda": null, "red_jerarq": "VÍA DISTRIBUIDORA PRINCIPAL", "cuadra": "SANTA FE AV. 5102-5200", "comuna": 14.0, "EMPRESA": "METROTEL", "com_impar": 14.0, "barrio": "PALERMO", "hasta": 5200.0, "desde": 5102.0, "longitud_m": 142.29128849620361 }, "geometry": { "type": "LineString", "coordinates": [ [ -58.431561455891703, -34.576609010579602 ], [ -58.432336592459002, -34.576434172678198 ], [ -58.4330220812856, -34.5761879923583 ] ] } },
{ "type": "Feature", "properties": { "sentido": "CRECIENTE", "alt_izqfin": 1900.0, "com_par": 4.0, "long": "64.737.416.663.967.300", "nomanter": "SANTA ROSALIA", "tipo_c": "CALLE", "alt_derfin": 1899.0, "alt_derini": 1851.0, "alt_izqini": 1852.0, "codigo": 19038.0, "barrio_imp": "BARRACAS", "nomoficial": "RIO CUARTO", "id_street": 29106.0, "nom_mapa": "RIO CUARTO", "tipo_ffcc": "Sin Iteracción", "id": 29106.0, "barrio_par": "BARRACAS", "observa": null, "bicisenda": null, "red_jerarq": "VÍA LOCAL", "cuadra": "RIO CUARTO 1851-1900", "comuna": 4.0, "EMPRESA": "METROTEL", "com_impar": 4.0, "barrio": "BARRACAS", "hasta": 1900.0, "desde": 1851.0, "longitud_m": 64.734816940678428 }, "geometry": { "type": "LineString", "coordinates": [ [ -58.373891208293799, -34.649592042666299 ], [ -58.374548141136898, -34.649806043559003 ] ] } },
{ "type": "Feature", "properties": { "sentido": "DECRECIENTE", "alt_izqfin": 0.0, "com_par": 15.0, "long": "36.542.385.994.788.700", "nomanter": "BELLA VISTA", "tipo_c": "AVENIDA", "alt_derfin": 4899.0, "alt_derini": 4891.0, "alt_izqini": 0.0, "codigo": 7036.0, "barrio_imp": "PATERNAL", "nomoficial": "GARMENDIA AV.", "id_street": 29783.0, "nom_mapa": "AV. GARMENDIA", "tipo_ffcc": "Sin Iteracción", "id": 29783.0, "barrio_par": "PATERNAL", "observa": "Reasignación de Sentido de Circulación de SO a NE según Resolución 1320/SSTYTRA/19 en BO 5727 del 24/10/2019 (antes Creciente-NE a SO)", "bicisenda": null, "red_jerarq": "VÍA LOCAL", "cuadra": "GARMENDIA AV. 4891-4899", "comuna": 15.0, "EMPRESA": "METROTEL", "com_impar": 15.0, "barrio": "PATERNAL", "hasta": 4899.0, "desde": 4891.0, "longitud_m": 36.497386740806398 }, "geometry": { "type": "LineString", "coordinates": [ [ -58.465073295074497, -34.594899561096703 ], [ -58.4653889831161, -34.595099792390101 ] ] } },
{ "type": "Feature", "properties": { "sentido": "CRECIENTE", "alt_izqfin": 0.0, "com_par": 13.0, "long": "27.898.893.142.865.700", "nomanter": null, "tipo_c": "CALLE", "alt_derfin": 0.0, "alt_derini": 0.0, "alt_izqini": 0.0, "codigo": 19047.0, "barrio_imp": "NUÑEZ", "nomoficial": "RIVADAVIA MARTIN, COMODORO", "id_street": 29806.0, "nom_mapa": "COMODORO MARTIN RIVADAVIA", "tipo_ffcc": "Sin Iteracción", "id": 29806.0, "barrio_par": "NUÑEZ", "observa": null, "bicisenda": null, "red_jerarq": "VÍA LOCAL", "cuadra": "RIVADAVIA MARTIN, COMODORO 0-0", "comuna": 13.0, "EMPRESA": "METROTEL", "com_impar": 13.0, "barrio": "NUÑEZ", "hasta": 0.0, "desde": 0.0, "longitud_m": 25.578642845003127 }, "geometry": { "type": "LineString", "coordinates": [ [ -58.463089212024201, -34.541339368720003 ], [ -58.463365290400603, -34.5413706276033 ] ] } },
{ "type": "Feature", "properties": { "sentido": "PEATONAL", "alt_izqfin": 0.0, "com_par": 13.0, "long": "39.844.925.960.357.000", "nomanter": null, "tipo_c": "SENDERO", "alt_derfin": 0.0, "alt_derini": 0.0, "alt_izqini": 0.0, "codigo": 17024.0, "barrio_imp": "NUÑEZ", "nomoficial": "SENDERO PAROISSIEN (NO OFICIAL)", "id_street": 29838.0, "nom_mapa": null, "tipo_ffcc": "Paso Peatonal a Nivel", "id": 29838.0, "barrio_par": "NUÑEZ", "observa": "Sendero Peatonal, Sin Nombre Oficial, que cruza las Vías del FFCC uniendo los tramos de la calle Paroissien", "bicisenda": null, "red_jerarq": "VÍA LOCAL", "cuadra": "SENDERO PAROISSIEN (NO OFICIAL) 0-0", "comuna": 13.0, "EMPRESA": "METROTEL", "com_impar": 13.0, "barrio": "NUÑEZ", "hasta": 0.0, "desde": 0.0, "longitud_m": 29.660199704955673 }, "geometry": { "type": "LineString", "coordinates": [ [ -58.464859969977297, -34.544153099676201 ], [ -58.465136287165699, -34.544291705625 ] ] } },
{ "type": "Feature", "properties": { "sentido": "DECRECIENTE", "alt_izqfin": 1210.0, "com_par": 1.0, "long": "47.742.888.005.863.600", "nomanter": null, "tipo_c": "AVENIDA", "alt_derfin": 0.0, "alt_derini": 0.0, "alt_izqini": 1202.0, "codigo": 1087.0, "barrio_imp": "RETIRO", "nomoficial": "ANTARTIDA ARGENTINA AV.", "id_street": 29856.0, "nom_mapa": "AV.ANTARTIDA ARGENTINA", "tipo_ffcc": "Sin Iteracción", "id": 29856.0, "barrio_par": "RETIRO", "observa": null, "bicisenda": null, "red_jerarq": "VÍA DISTRIBUIDORA PRINCIPAL", "cuadra": "ANTARTIDA ARGENTINA AV. 1202-1210", "comuna": 1.0, "EMPRESA": "METROTEL", "com_impar": 1.0, "barrio": "RETIRO", "hasta": 1210.0, "desde": 1202.0, "longitud_m": 47.741696224921995 }, "geometry": { "type": "LineString", "coordinates": [ [ -58.371782820229903, -34.588149350001999 ], [ -58.371928680384897, -34.587736236577101 ] ] } },
{ "type": "Feature", "properties": { "sentido": "PEATONAL", "alt_izqfin": 0.0, "com_par": 6.0, "long": "39.494.499.493.260.200", "nomanter": "CABALLITO", "tipo_c": "SENDERO", "alt_derfin": 0.0, "alt_derini": 0.0, "alt_izqini": 0.0, "codigo": 7003.0, "barrio_imp": "CABALLITO", "nomoficial": "GAINZA, MARTIN DE, GRAL.", "id_street": 29936.0, "nom_mapa": "GRAL. MARTIN DE GAINZA", "tipo_ffcc": "Paso Peatonal a Nivel", "id": 29936.0, "barrio_par": "CABALLITO", "observa": "Sendero Peatonal que cruza las Vías del FFCC", "bicisenda": null, "red_jerarq": "VÍA LOCAL", "cuadra": "GAINZA, MARTIN DE, GRAL. 0-0", "comuna": 6.0, "EMPRESA": "METROTEL", "com_impar": 6.0, "barrio": "CABALLITO", "hasta": 0.0, "desde": 0.0, "longitud_m": 39.493553989679569 }, "geometry": { "type": "LineString", "coordinates": [ [ -58.445965599778198, -34.620383230781101 ], [ -58.446077774908602, -34.620039510080503 ] ] } },
{ "type": "Feature", "properties": { "sentido": "CRECIENTE", "alt_izqfin": 0.0, "com_par": 8.0, "long": "35.961.410.448.200.800", "nomanter": "CAMINO DE LA FLORESTA", "tipo_c": "CALLE", "alt_derfin": 2409.0, "alt_derini": 2401.0, "alt_izqini": 0.0, "codigo": 1006.0, "barrio_imp": "VILLA SOLDATI", "nomoficial": "ACOSTA, MARIANO", "id_street": 30150.0, "nom_mapa": "MARIANO ACOSTA", "tipo_ffcc": "Sin Iteracción", "id": 30150.0, "barrio_par": "VILLA SOLDATI", "observa": null, "bicisenda": null, "red_jerarq": "VÍA DISTRIBUIDORA COMPLEMENTARIA", "cuadra": "ACOSTA, MARIANO 2401-2409", "comuna": 8.0, "EMPRESA": "METROTEL", "com_impar": 8.0, "barrio": "VILLA SOLDATI", "hasta": 2409.0, "desde": 2401.0, "longitud_m": 35.960222113410772 }, "geometry": { "type": "LineString", "coordinates": [ [ -58.456983574489698, -34.654154898087199 ], [ -58.456695456788097, -34.654374883233501 ] ] } },
{ "type": "Feature", "properties": { "sentido": "CRECIENTE", "alt_izqfin": 0.0, "com_par": 8.0, "long": "35.229.295.581.521.600", "nomanter": "CAMINO DE LA FLORESTA", "tipo_c": "CALLE", "alt_derfin": 2419.0, "alt_derini": 2411.0, "alt_izqini": 0.0, "codigo": 1006.0, "barrio_imp": "VILLA SOLDATI", "nomoficial": "ACOSTA, MARIANO", "id_street": 30151.0, "nom_mapa": "MARIANO ACOSTA", "tipo_ffcc": "Sin Iteracción", "id": 30151.0, "barrio_par": "VILLA SOLDATI", "observa": null, "bicisenda": null, "red_jerarq": "VÍA DISTRIBUIDORA COMPLEMENTARIA", "cuadra": "ACOSTA, MARIANO 2411-2419", "comuna": 8.0, "EMPRESA": "METROTEL", "com_impar": 8.0, "barrio": "VILLA SOLDATI", "hasta": 2419.0, "desde": 2411.0, "longitud_m": 35.228147440284495 }, "geometry": { "type": "LineString", "coordinates": [ [ -58.456695456788097, -34.654374883233501 ], [ -58.456419432027097, -34.654595829966603 ] ] } },
{ "type": "Feature", "properties": { "sentido": "CRECIENTE", "alt_izqfin": 0.0, "com_par": 8.0, "long": "27.982.211.394.878.000", "nomanter": "CAMINO DE LA FLORESTA", "tipo_c": "CALLE", "alt_derfin": 2429.0, "alt_derini": 2421.0, "alt_izqini": 0.0, "codigo": 1006.0, "barrio_imp": "VILLA SOLDATI", "nomoficial": "ACOSTA, MARIANO", "id_street": 30152.0, "nom_mapa": "MARIANO ACOSTA", "tipo_ffcc": "Sin Iteracción", "id": 30152.0, "barrio_par": "VILLA SOLDATI", "observa": null, "bicisenda": null, "red_jerarq": "VÍA DISTRIBUIDORA COMPLEMENTARIA", "cuadra": "ACOSTA, MARIANO 2421-2429", "comuna": 8.0, "EMPRESA": "METROTEL", "com_impar": 8.0, "barrio": "VILLA SOLDATI", "hasta": 2429.0, "desde": 2421.0, "longitud_m": 27.981292999541619 }, "geometry": { "type": "LineString", "coordinates": [ [ -58.456419432027097, -34.654595829966603 ], [ -58.456197672695502, -34.654769153494499 ] ] } },
{ "type": "Feature", "properties": { "sentido": "DECRECIENTE", "alt_izqfin": 2600.0, "com_par": 8.0, "long": "277.834.016.763.274.000", "nomanter": "CAMINO DE LA FLORESTA", "tipo_c": "CALLE", "alt_derfin": 0.0, "alt_derini": 0.0, "alt_izqini": 2502.0, "codigo": 1006.0, "barrio_imp": "VILLA SOLDATI", "nomoficial": "ACOSTA, MARIANO", "id_street": 30499.0, "nom_mapa": "MARIANO ACOSTA", "tipo_ffcc": "Sin Iteracción", "id": 30499.0, "barrio_par": "VILLA SOLDATI", "observa": null, "bicisenda": null, "red_jerarq": "VÍA DISTRIBUIDORA COMPLEMENTARIA", "cuadra": "ACOSTA, MARIANO 2502-2600", "comuna": 8.0, "EMPRESA": "METROTEL", "com_impar": 8.0, "barrio": "VILLA SOLDATI", "hasta": 2600.0, "desde": 2502.0, "longitud_m": 277.82489914711863 }, "geometry": { "type": "LineString", "coordinates": [ [ -58.454696129802798, -34.655728543782402 ], [ -58.452495288904402, -34.657450378528502 ] ] } },
{ "type": "Feature", "properties": { "sentido": "CRECIENTE", "alt_izqfin": 0.0, "com_par": 8.0, "long": "122.752.999.962.056.000", "nomanter": "CAMINO DE LA FLORESTA", "tipo_c": "CALLE", "alt_derfin": 2499.0, "alt_derini": 2471.0, "alt_izqini": 0.0, "codigo": 1006.0, "barrio_imp": "VILLA SOLDATI", "nomoficial": "ACOSTA, MARIANO", "id_street": 30754.0, "nom_mapa": "MARIANO ACOSTA", "tipo_ffcc": "Sin Iteracción", "id": 30754.0, "barrio_par": "VILLA SOLDATI", "observa": null, "bicisenda": null, "red_jerarq": "VÍA DISTRIBUIDORA COMPLEMENTARIA", "cuadra": "ACOSTA, MARIANO 2471-2499", "comuna": 8.0, "EMPRESA": "METROTEL", "com_impar": 8.0, "barrio": "VILLA SOLDATI", "hasta": 2499.0, "desde": 2471.0, "longitud_m": 122.74897013318211 }, "geometry": { "type": "LineString", "coordinates": [ [ -58.454689465242197, -34.6559475402155 ], [ -58.453716455503397, -34.656707729593201 ] ] } },
{ "type": "Feature", "properties": { "sentido": "CRECIENTE", "alt_izqfin": 0.0, "com_par": 8.0, "long": "144.885.113.340.796.000", "nomanter": "CAMINO DE LA FLORESTA", "tipo_c": "CALLE", "alt_derfin": 2699.0, "alt_derini": 2631.0, "alt_izqini": 0.0, "codigo": 1006.0, "barrio_imp": "VILLA SOLDATI", "nomoficial": "ACOSTA, MARIANO", "id_street": 30800.0, "nom_mapa": "MARIANO ACOSTA", "tipo_ffcc": "Sin Iteracción", "id": 30800.0, "barrio_par": "VILLA SOLDATI", "observa": null, "bicisenda": null, "red_jerarq": "VÍA DISTRIBUIDORA COMPLEMENTARIA", "cuadra": "ACOSTA, MARIANO 2631-2699", "comuna": 8.0, "EMPRESA": "METROTEL", "com_impar": 8.0, "barrio": "VILLA SOLDATI", "hasta": 2699.0, "desde": 2631.0, "longitud_m": 144.87043413966464 }, "geometry": { "type": "LineString", "coordinates": [ [ -58.452153384303699, -34.6579292182941 ], [ -58.451003505625401, -34.658825104549798 ] ] } },
{ "type": "Feature", "properties": { "sentido": "DECRECIENTE", "alt_izqfin": 5450.0, "com_par": 8.0, "long": "90.252.011.577.359.100", "nomanter": null, "tipo_c": "AVENIDA", "alt_derfin": 0.0, "alt_derini": 0.0, "alt_izqini": 5352.0, "codigo": 12064.0, "barrio_imp": "VILLA LUGANO", "nomoficial": "LARRAZABAL AV.", "id_street": 31164.0, "nom_mapa": "AV. LARRAZABAL", "tipo_ffcc": "Sin Iteracción", "id": 31164.0, "barrio_par": "VILLA LUGANO", "observa": "Se estiró la altura del eje (llegaba hasta 5300) ya que una escuela figuraba con altura 5430 (Septiembre 2017)", "bicisenda": null, "red_jerarq": "VÍA LOCAL", "cuadra": "LARRAZABAL AV. 5352-5450", "comuna": 8.0, "EMPRESA": "METROTEL", "com_impar": 8.0, "barrio": "VILLA LUGANO", "hasta": 5450.0, "desde": 5352.0, "longitud_m": 89.899894713319782 }, "geometry": { "type": "LineString", "coordinates": [ [ -58.458293154181, -34.685747738335998 ], [ -58.457730090927498, -34.686158301189501 ], [ -58.457507662940898, -34.686206671168001 ] ] } },
{ "type": "Feature", "properties": { "sentido": "DECRECIENTE", "alt_izqfin": 5100.0, "com_par": 8.0, "long": "88.028.713.912.303.300", "nomanter": null, "tipo_c": "AVENIDA", "alt_derfin": 0.0, "alt_derini": 0.0, "alt_izqini": 5052.0, "codigo": 12064.0, "barrio_imp": "VILLA LUGANO", "nomoficial": "LARRAZABAL AV.", "id_street": 31167.0, "nom_mapa": "AV. LARRAZABAL", "tipo_ffcc": "Sin Iteracción", "id": 31167.0, "barrio_par": "VILLA LUGANO", "observa": null, "bicisenda": null, "red_jerarq": "VÍA LOCAL", "cuadra": "LARRAZABAL AV. 5052-5100", "comuna": 8.0, "EMPRESA": "METROTEL", "com_impar": 8.0, "barrio": "VILLA LUGANO", "hasta": 5100.0, "desde": 5052.0, "longitud_m": 88.025790458911715 }, "geometry": { "type": "LineString", "coordinates": [ [ -58.459851748350196, -34.6845945730051 ], [ -58.4591409914173, -34.6851283560352 ] ] } },
{ "type": "Feature", "properties": { "sentido": "CRECIENTE", "alt_izqfin": 0.0, "com_par": 8.0, "long": "16.088.751.305.461.800", "nomanter": null, "tipo_c": "AVENIDA", "alt_derfin": 0.0, "alt_derini": 0.0, "alt_izqini": 0.0, "codigo": 12064.0, "barrio_imp": "VILLA LUGANO", "nomoficial": "LARRAZABAL AV.", "id_street": 31168.0, "nom_mapa": "AV. LARRAZABAL", "tipo_ffcc": "Sin Iteracción", "id": 31168.0, "barrio_par": "VILLA LUGANO", "observa": "Retome de un lado de Larrazábal a otro (sólo en un sentido). Agregado en Septiembre de 2017", "bicisenda": null, "red_jerarq": "VÍA LOCAL", "cuadra": "LARRAZABAL AV. 0-0", "comuna": 8.0, "EMPRESA": "METROTEL", "com_impar": 8.0, "barrio": "VILLA LUGANO", "hasta": 0.0, "desde": 0.0, "longitud_m": 16.088254680729197 }, "geometry": { "type": "LineString", "coordinates": [ [ -58.459966354089403, -34.684704435598903 ], [ -58.459851748350196, -34.6845945730051 ] ] } },
{ "type": "Feature", "properties": { "sentido": "DECRECIENTE", "alt_izqfin": 4800.0, "com_par": 8.0, "long": "29.870.231.644.949.900", "nomanter": null, "tipo_c": "AVENIDA", "alt_derfin": 0.0, "alt_derini": 0.0, "alt_izqini": 4762.0, "codigo": 12064.0, "barrio_imp": "VILLA LUGANO", "nomoficial": "LARRAZABAL AV.", "id_street": 31169.0, "nom_mapa": "AV. LARRAZABAL", "tipo_ffcc": "Sin Iteracción", "id": 31169.0, "barrio_par": "VILLA LUGANO", "observa": null, "bicisenda": null, "red_jerarq": "VÍA LOCAL", "cuadra": "LARRAZABAL AV. 4762-4800", "comuna": 8.0, "EMPRESA": "METROTEL", "com_impar": 8.0, "barrio": "VILLA LUGANO", "hasta": 4800.0, "desde": 4762.0, "longitud_m": 29.869237720610442 }, "geometry": { "type": "LineString", "coordinates": [ [ -58.462891886491803, -34.682333369426203 ], [ -58.462649951232201, -34.682513796616703 ] ] } },
{ "type": "Feature", "properties": { "sentido": "DECRECIENTE", "alt_izqfin": 4600.0, "com_par": 8.0, "long": "81.037.402.394.483.400", "nomanter": null, "tipo_c": "AVENIDA", "alt_derfin": 0.0, "alt_derini": 0.0, "alt_izqini": 4552.0, "codigo": 12064.0, "barrio_imp": "VILLA LUGANO", "nomoficial": "LARRAZABAL AV.", "id_street": 31173.0, "nom_mapa": "AV. LARRAZABAL", "tipo_ffcc": "Sin Iteracción", "id": 31173.0, "barrio_par": "VILLA LUGANO", "observa": null, "bicisenda": null, "red_jerarq": "VÍA LOCAL", "cuadra": "LARRAZABAL AV. 4552-4600", "comuna": 8.0, "EMPRESA": "METROTEL", "com_impar": 8.0, "barrio": "VILLA LUGANO", "hasta": 4600.0, "desde": 4552.0, "longitud_m": 80.405580598721826 }, "geometry": { "type": "LineString", "coordinates": [ [ -58.465765386124502, -34.680284143976301 ], [ -58.4650681974911, -34.680724180574998 ] ] } },
{ "type": "Feature", "properties": { "sentido": "PEATONAL", "alt_izqfin": 0.0, "com_par": 8.0, "long": "51.051.368.440.270.800", "nomanter": null, "tipo_c": "PUENTE", "alt_derfin": 0.0, "alt_derini": 0.0, "alt_izqini": 0.0, "codigo": 99709.0, "barrio_imp": "VILLA LUGANO", "nomoficial": "PUENTE PEATONAL (SIN NOMBRE OFICIAL)", "id_street": 31198.0, "nom_mapa": "PUENTE PEATONAL", "tipo_ffcc": "Sin Iteracción", "id": 31198.0, "barrio_par": "VILLA LUGANO", "observa": "Puente Peatonal que cruza sobre la Av Soldado de la Frontera. Sirve para cruzar de edificio a edificio pero puede subirse sin ingresar a los complejos. Sirve para destacar la presencia de un Puente en", "bicisenda": null, "red_jerarq": "VÍA LOCAL", "cuadra": "PUENTE PEATONAL (SIN NOMBRE OFICIAL) 0-0", "comuna": 8.0, "EMPRESA": "METROTEL", "com_impar": 8.0, "barrio": "VILLA LUGANO", "hasta": 0.0, "desde": 0.0, "longitud_m": 45.612212594260377 }, "geometry": { "type": "LineString", "coordinates": [ [ -58.462781583618103, -34.686054218738001 ], [ -58.46324022372, -34.686213990672996 ] ] } },
{ "type": "Feature", "properties": { "sentido": "DECRECIENTE", "alt_izqfin": 1220.0, "com_par": 1.0, "long": "50.107.695.020.641.500", "nomanter": null, "tipo_c": "AVENIDA", "alt_derfin": 0.0, "alt_derini": 0.0, "alt_izqini": 1212.0, "codigo": 1087.0, "barrio_imp": "RETIRO", "nomoficial": "ANTARTIDA ARGENTINA AV.", "id_street": 31630.0, "nom_mapa": "AV.ANTARTIDA ARGENTINA", "tipo_ffcc": "Sin Iteracción", "id": 31630.0, "barrio_par": "RETIRO", "observa": null, "bicisenda": null, "red_jerarq": "VÍA DISTRIBUIDORA PRINCIPAL", "cuadra": "ANTARTIDA ARGENTINA AV. 1212-1220", "comuna": 1.0, "EMPRESA": "METROTEL", "com_impar": 1.0, "barrio": "RETIRO", "hasta": 1220.0, "desde": 1212.0, "longitud_m": 50.106454979023667 }, "geometry": { "type": "LineString", "coordinates": [ [ -58.371928680384897, -34.587736236577101 ], [ -58.372070697067301, -34.5873000921816 ] ] } },
{ "type": "Feature", "properties": { "sentido": "DECRECIENTE", "alt_izqfin": 1906.0, "com_par": 1.0, "long": "19.829.674.634.991.600", "nomanter": null, "tipo_c": "CALLE", "alt_derfin": 0.0, "alt_derini": 0.0, "alt_izqini": 1902.0, "codigo": 4113.0, "barrio_imp": "RETIRO", "nomoficial": "DE LOS INMIGRANTES AV.", "id_street": 31631.0, "nom_mapa": "AV.DE LOS INMIGRANTES", "tipo_ffcc": "Sin Iteracción", "id": 31631.0, "barrio_par": "RETIRO", "observa": "correción numeración 21-1", "bicisenda": null, "red_jerarq": "VÍA LOCAL", "cuadra": "DE LOS INMIGRANTES AV. 1902-1906", "comuna": 1.0, "EMPRESA": "METROTEL", "com_impar": 1.0, "barrio": "RETIRO", "hasta": 1906.0, "desde": 1902.0, "longitud_m": 19.829079400462586 }, "geometry": { "type": "LineString", "coordinates": [ [ -58.371676362313501, -34.5871916935995 ], [ -58.371550398358004, -34.587046440621101 ] ] } },
{ "type": "Feature", "properties": { "sentido": "PEATONAL", "alt_izqfin": 0.0, "com_par": 1.0, "long": "91.242.830.044.327.500", "nomanter": null, "tipo_c": "PUENTE", "alt_derfin": 0.0, "alt_derini": 0.0, "alt_izqini": 0.0, "codigo": 99695.0, "barrio_imp": "RETIRO", "nomoficial": "PUENTE PEATONAL RETIRO", "id_street": 31632.0, "nom_mapa": "PUENTE PEATONAL RETIRO", "tipo_ffcc": "Sin Iteracción", "id": 31632.0, "barrio_par": "RETIRO", "observa": "Puente agregado en Mayo 2019 luego de Inauguración Paseo del Bajo. Nombre no oficial", "bicisenda": null, "red_jerarq": "VÍA LOCAL", "cuadra": "PUENTE PEATONAL RETIRO 0-0", "comuna": 1.0, "EMPRESA": "METROTEL", "com_impar": 1.0, "barrio": "RETIRO", "hasta": 0.0, "desde": 0.0, "longitud_m": 91.240173849110676 }, "geometry": { "type": "LineString", "coordinates": [ [ -58.371928680384897, -34.587736236577101 ], [ -58.371476958246703, -34.587229824024902 ], [ -58.371550398358004, -34.587046440621101 ] ] } },
{ "type": "Feature", "properties": { "sentido": "CRECIENTE", "alt_izqfin": 2100.0, "com_par": 14.0, "long": "72.646.936.366.927.800", "nomanter": null, "tipo_c": "CALLE", "alt_derfin": 2099.0, "alt_derini": 2051.0, "alt_izqini": 2052.0, "codigo": 7054.0, "barrio_imp": "PALERMO", "nomoficial": "GODOY CRUZ", "id_street": 31866.0, "nom_mapa": "GODOY CRUZ", "tipo_ffcc": "Sin Iteracción", "id": 31866.0, "barrio_par": "PALERMO", "observa": null, "bicisenda": null, "red_jerarq": "VÍA DISTRIBUIDORA COMPLEMENTARIA", "cuadra": "GODOY CRUZ 2051-2100", "comuna": 14.0, "EMPRESA": "METROTEL", "com_impar": 14.0, "barrio": "PALERMO", "hasta": 2100.0, "desde": 2051.0, "longitud_m": 72.644803834119628 }, "geometry": { "type": "LineString", "coordinates": [ [ -58.430640202276301, -34.584803594388902 ], [ -58.430175302671501, -34.584273504040901 ] ] } },
{ "type": "Feature", "properties": { "sentido": "DECRECIENTE", "alt_izqfin": 700.0, "com_par": 4.0, "long": "76.345.622.699.573.600", "nomanter": null, "tipo_c": "CALLE", "alt_derfin": 699.0, "alt_derini": 651.0, "alt_izqini": 652.0, "codigo": 12017.0, "barrio_imp": "BARRACAS", "nomoficial": "LAFAYETTE", "id_street": 32402.0, "nom_mapa": "LAFAYETTE", "tipo_ffcc": "Sin Iteracción", "id": 32402.0, "barrio_par": "BARRACAS", "observa": "Asignación Nombre Oficial según Exp. 2641-D-21 (ley de Aprob. Inicial) en BO 6285 del 29/12/2021. Modificación sentido circulación según R 821/SECTOP/2022 en BO 6523 del 21/12/2022 (antes CRECIENTE).", "bicisenda": null, "red_jerarq": "VÍA LOCAL", "cuadra": "LAFAYETTE 651-700", "comuna": 4.0, "EMPRESA": "METROTEL", "com_impar": 4.0, "barrio": "BARRACAS", "hasta": 700.0, "desde": 651.0, "longitud_m": 74.804755042392983 }, "geometry": { "type": "LineString", "coordinates": [ [ -58.3913604567162, -34.642823076795104 ], [ -58.3912201094438, -34.643487343156004 ] ] } },
{ "type": "Feature", "properties": { "sentido": "CRECIENTE", "alt_izqfin": 200.0, "com_par": 7.0, "long": "57.310.176.239.615.700", "nomanter": "SUDAMERICA", "tipo_c": "CALLE", "alt_derfin": 199.0, "alt_derini": 101.0, "alt_izqini": 102.0, "codigo": 1125.0, "barrio_imp": "FLORES", "nomoficial": "ARTIGAS, JOSE GERVASIO, GRAL.", "id_street": 32420.0, "nom_mapa": "GRAL. JOSE GERVASIO ARTIGAS", "tipo_ffcc": "Sin Iteracción", "id": 32420.0, "barrio_par": "FLORES", "observa": null, "bicisenda": null, "red_jerarq": "VÍA LOCAL", "cuadra": "ARTIGAS, JOSE GERVASIO, GRAL. 101-200", "comuna": 7.0, "EMPRESA": "METROTEL", "com_impar": 7.0, "barrio": "FLORES", "hasta": 200.0, "desde": 101.0, "longitud_m": 57.308749599416721 }, "geometry": { "type": "LineString", "coordinates": [ [ -58.464644349545097, -34.628027712343098 ], [ -58.464859476992601, -34.627542680168297 ] ] } },
{ "type": "Feature", "properties": { "sentido": "DECRECIENTE", "alt_izqfin": 4360.0, "com_par": 8.0, "long": "15.762.592.581.212.600", "nomanter": null, "tipo_c": "CALLE", "alt_derfin": 4359.0, "alt_derini": 4351.0, "alt_izqini": 4352.0, "codigo": 17105.0, "barrio_imp": "VILLA LUGANO", "nomoficial": "POLA", "id_street": 32436.0, "nom_mapa": "POLA", "tipo_ffcc": "Sin Iteracción", "id": 32436.0, "barrio_par": "VILLA LUGANO", "observa": "Modificación de sentido de circulación según Información de IVC en Junio de 2021 (Urbanización Barrio 20 y Papa Francisco). Antes Doble", "bicisenda": null, "red_jerarq": "VÍA LOCAL", "cuadra": "POLA 4351-4360", "comuna": 8.0, "EMPRESA": "METROTEL", "com_impar": 8.0, "barrio": "VILLA LUGANO", "hasta": 4360.0, "desde": 4351.0, "longitud_m": 15.762078625304337 }, "geometry": { "type": "LineString", "coordinates": [ [ -58.465167438504501, -34.677515156990097 ], [ -58.465043843602899, -34.677613963897002 ] ] } },
{ "type": "Feature", "properties": { "sentido": "CRECIENTE", "alt_izqfin": 0.0, "com_par": 8.0, "long": "56.386.185.217.913.900", "nomanter": null, "tipo_c": "AVENIDA", "alt_derfin": 4099.0, "alt_derini": 4051.0, "alt_izqini": 0.0, "codigo": 5067.0, "barrio_imp": "VILLA LUGANO", "nomoficial": "ESCALADA AV.", "id_street": 32437.0, "nom_mapa": "AV. ESCALADA", "tipo_ffcc": "Puente Vehicular", "id": 32437.0, "barrio_par": "VILLA LUGANO", "observa": null, "bicisenda": null, "red_jerarq": "VÍA DISTRIBUIDORA PRINCIPAL", "cuadra": "ESCALADA AV. 4051-4099", "comuna": 8.0, "EMPRESA": "METROTEL", "com_impar": 8.0, "barrio": "VILLA LUGANO", "hasta": 4099.0, "desde": 4051.0, "longitud_m": 56.384335238471984 }, "geometry": { "type": "LineString", "coordinates": [ [ -58.460641546579197, -34.672085831598203 ], [ -58.460194930868496, -34.672435386650299 ] ] } },
{ "type": "Feature", "properties": { "sentido": "DOBLE", "alt_izqfin": 4630.0, "com_par": 8.0, "long": "29.571.348.339.486.000", "nomanter": "BARRIO PAPA FRANCISCO 4", "tipo_c": "CALLE", "alt_derfin": 4629.0, "alt_derini": 4601.0, "alt_izqini": 4602.0, "codigo": 99813.0, "barrio_imp": "VILLA LUGANO", "nomoficial": "LARA, JUANA MARIA DE", "id_street": 32478.0, "nom_mapa": "JUANA MARIA DE LARA", "tipo_ffcc": "Sin Iteracción", "id": 32478.0, "barrio_par": "VILLA LUGANO", "observa": "Barrio Papa Francisco - Sectores de calle agregados en Junio 2021 confirmados por IVC el trazado y la altura ? Asig. de Nom. Oficial según Ley Aprobación Inicial Exp. 2200-N-21 en BO 6458 del 12/09/20", "bicisenda": null, "red_jerarq": "VÍA LOCAL", "cuadra": "LARA, JUANA MARIA DE 4601-4630", "comuna": 8.0, "EMPRESA": "METROTEL", "com_impar": 8.0, "barrio": "VILLA LUGANO", "hasta": 4630.0, "desde": 4601.0, "longitud_m": 29.570436932431264 }, "geometry": { "type": "LineString", "coordinates": [ [ -58.460641546579197, -34.672085831598203 ], [ -58.460851637942902, -34.672288133254099 ] ] } },
{ "type": "Feature", "properties": { "sentido": "DECRECIENTE", "alt_izqfin": 3100.0, "com_par": 4.0, "long": "139.895.706.058.931.000", "nomanter": "ACONQUIJA", "tipo_c": "CALLE", "alt_derfin": 3099.0, "alt_derini": 3031.0, "alt_izqini": 3032.0, "codigo": 13089.0, "barrio_imp": "PARQUE PATRICIOS", "nomoficial": "MIRAVE", "id_street": 32584.0, "nom_mapa": "MIRAVE", "tipo_ffcc": "Sin Iteracción", "id": 32584.0, "barrio_par": "BARRACAS", "observa": "Confirmación de No circulación de Tránsito Pesado según informe de Transporte en Enero 2023", "bicisenda": null, "red_jerarq": "VÍA LOCAL", "cuadra": "MIRAVE 3031-3100", "comuna": null, "EMPRESA": "METROTEL", "com_impar": 4.0, "barrio": null, "hasta": 3100.0, "desde": 3031.0, "longitud_m": 139.89033325905766 }, "geometry": { "type": "LineString", "coordinates": [ [ -58.392153447586203, -34.642403415056897 ], [ -58.393510318775, -34.6429801491389 ] ] } },
{ "type": "Feature", "properties": { "sentido": "DECRECIENTE", "alt_izqfin": 3300.0, "com_par": 4.0, "long": "125.130.493.798.243.000", "nomanter": "ACONQUIJA", "tipo_c": "CALLE", "alt_derfin": 3299.0, "alt_derini": 3201.0, "alt_izqini": 3202.0, "codigo": 13089.0, "barrio_imp": "PARQUE PATRICIOS", "nomoficial": "MIRAVE", "id_street": 32588.0, "nom_mapa": "MIRAVE", "tipo_ffcc": "Sin Iteracción", "id": 32588.0, "barrio_par": "BARRACAS", "observa": "Confirmación de No circulación de Tránsito Pesado según informe de Transporte en Enero 2023", "bicisenda": null, "red_jerarq": "VÍA LOCAL", "cuadra": "MIRAVE 3201-3300", "comuna": null, "EMPRESA": "METROTEL", "com_impar": 4.0, "barrio": null, "hasta": 3300.0, "desde": 3201.0, "longitud_m": 125.12569162683654 }, "geometry": { "type": "LineString", "coordinates": [ [ -58.394778306722301, -34.643518454194599 ], [ -58.395992295359797, -34.644033815756302 ] ] } },
{ "type": "Feature", "properties": { "sentido": "DECRECIENTE", "alt_izqfin": 3400.0, "com_par": 4.0, "long": "130.945.233.944.145.000", "nomanter": "ACONQUIJA", "tipo_c": "CALLE", "alt_derfin": 3399.0, "alt_derini": 3301.0, "alt_izqini": 3302.0, "codigo": 13089.0, "barrio_imp": "PARQUE PATRICIOS", "nomoficial": "MIRAVE", "id_street": 32589.0, "nom_mapa": "MIRAVE", "tipo_ffcc": "Sin Iteracción", "id": 32589.0, "barrio_par": "BARRACAS", "observa": "Confirmación de No circulación de Tránsito Pesado según informe de Transporte en Enero 2023", "bicisenda": null, "red_jerarq": "VÍA LOCAL", "cuadra": "MIRAVE 3301-3400", "comuna": null, "EMPRESA": "METROTEL", "com_impar": 4.0, "barrio": null, "hasta": 3400.0, "desde": 3301.0, "longitud_m": 130.94021084164928 }, "geometry": { "type": "LineString", "coordinates": [ [ -58.395992295359797, -34.644033815756302 ], [ -58.397262713433499, -34.644573112896602 ] ] } },
{ "type": "Feature", "properties": { "sentido": "CRECIENTE", "alt_izqfin": 0.0, "com_par": 8.0, "long": "86.133.460.286.395.200", "nomanter": null, "tipo_c": "AVENIDA", "alt_derfin": 3999.0, "alt_derini": 3851.0, "alt_izqini": 0.0, "codigo": 5067.0, "barrio_imp": "VILLA LUGANO", "nomoficial": "ESCALADA AV.", "id_street": 32836.0, "nom_mapa": "AV. ESCALADA", "tipo_ffcc": "Puente Vehicular", "id": 32836.0, "barrio_par": "VILLA LUGANO", "observa": null, "bicisenda": null, "red_jerarq": "VÍA DISTRIBUIDORA PRINCIPAL", "cuadra": "ESCALADA AV. 3851-3999", "comuna": 8.0, "EMPRESA": "METROTEL", "com_impar": 8.0, "barrio": "VILLA LUGANO", "hasta": 3999.0, "desde": 3851.0, "longitud_m": 86.130634408762461 }, "geometry": { "type": "LineString", "coordinates": [ [ -58.461687576812999, -34.671267111671298 ], [ -58.461005355011402, -34.671801084356701 ] ] } },
{ "type": "Feature", "properties": { "sentido": "CRECIENTE", "alt_izqfin": 0.0, "com_par": 8.0, "long": "45.931.939.971.884.300", "nomanter": null, "tipo_c": "AVENIDA", "alt_derfin": 4049.0, "alt_derini": 4001.0, "alt_izqini": 0.0, "codigo": 5067.0, "barrio_imp": "VILLA LUGANO", "nomoficial": "ESCALADA AV.", "id_street": 32837.0, "nom_mapa": "AV. ESCALADA", "tipo_ffcc": "Puente Vehicular", "id": 32837.0, "barrio_par": "VILLA LUGANO", "observa": null, "bicisenda": null, "red_jerarq": "VÍA DISTRIBUIDORA PRINCIPAL", "cuadra": "ESCALADA AV. 4001-4049", "comuna": 8.0, "EMPRESA": "METROTEL", "com_impar": 8.0, "barrio": "VILLA LUGANO", "hasta": 4049.0, "desde": 4001.0, "longitud_m": 45.930433000494396 }, "geometry": { "type": "LineString", "coordinates": [ [ -58.461005355011402, -34.671801084356701 ], [ -58.460641546579197, -34.672085831598203 ] ] } },
{ "type": "Feature", "properties": { "sentido": "PEATONAL", "alt_izqfin": 0.0, "com_par": 8.0, "long": "36.163.328.363.442.900", "nomanter": null, "tipo_c": "SENDERO", "alt_derfin": 0.0, "alt_derini": 0.0, "alt_izqini": 0.0, "codigo": 3229.0, "barrio_imp": "VILLA LUGANO", "nomoficial": "CHILAVERT, MARTINIANO, CORONEL", "id_street": 32838.0, "nom_mapa": "CORONEL MARTINIANO CHILAVERT", "tipo_ffcc": "Sin Iteracción", "id": 32838.0, "barrio_par": "VILLA LUGANO", "observa": "Sendero agregado en Septiembre de 2022 al confirmar nombres de calles aledañas y comprobar existencia de ese sendero/escalera, que une el Barrio con la Av Escalada", "bicisenda": null, "red_jerarq": "VÍA LOCAL", "cuadra": "CHILAVERT, MARTINIANO, CORONEL 0-0", "comuna": 8.0, "EMPRESA": "METROTEL", "com_impar": 8.0, "barrio": "VILLA LUGANO", "hasta": 0.0, "desde": 0.0, "longitud_m": 32.75725198805376 }, "geometry": { "type": "LineString", "coordinates": [ [ -58.461687576812999, -34.671267111671298 ], [ -58.461834255159602, -34.671536384300303 ] ] } },
{ "type": "Feature", "properties": { "sentido": "PEATONAL", "alt_izqfin": 4630.0, "com_par": 8.0, "long": "29.556.380.907.753.900", "nomanter": null, "tipo_c": "SENDERO", "alt_derfin": 4629.0, "alt_derini": 4601.0, "alt_izqini": 4602.0, "codigo": 99840.0, "barrio_imp": "VILLA LUGANO", "nomoficial": "GANDARILLAS, MANUELA", "id_street": 32839.0, "nom_mapa": "MANUELA GANDARILLAS", "tipo_ffcc": "Sin Iteracción", "id": 32839.0, "barrio_par": "VILLA LUGANO", "observa": "Barrio Papa Francisco - Agregado y Asignación de Nombre Oficial según Ley de Aprobación Inicial Exp. 2200-N-21 en BO 6458 del 12/09/2022.Alturas según continuación de ejes aledaños - Confirmación de N", "bicisenda": null, "red_jerarq": "VÍA LOCAL", "cuadra": "GANDARILLAS, MANUELA 4601-4630", "comuna": 8.0, "EMPRESA": "METROTEL", "com_impar": 8.0, "barrio": "VILLA LUGANO", "hasta": 4630.0, "desde": 4601.0, "longitud_m": 29.555463340566433 }, "geometry": { "type": "LineString", "coordinates": [ [ -58.461005355011402, -34.671801084356701 ], [ -58.461218200066298, -34.672001231508503 ] ] } },
{ "type": "Feature", "properties": { "sentido": "CRECIENTE", "alt_izqfin": 0.0, "com_par": 8.0, "long": "53.250.291.214.976.600", "nomanter": null, "tipo_c": "AVENIDA", "alt_derfin": 4199.0, "alt_derini": 4101.0, "alt_izqini": 0.0, "codigo": 5067.0, "barrio_imp": "VILLA LUGANO", "nomoficial": "ESCALADA AV.", "id_street": 32844.0, "nom_mapa": "AV. ESCALADA", "tipo_ffcc": "Sin Iteracción", "id": 32844.0, "barrio_par": "VILLA LUGANO", "observa": null, "bicisenda": null, "red_jerarq": "VÍA DISTRIBUIDORA PRINCIPAL", "cuadra": "ESCALADA AV. 4101-4199", "comuna": 8.0, "EMPRESA": "METROTEL", "com_impar": 8.0, "barrio": "VILLA LUGANO", "hasta": 4199.0, "desde": 4101.0, "longitud_m": 52.818628053171338 }, "geometry": { "type": "LineString", "coordinates": [ [ -58.460194930868496, -34.672435386650299 ], [ -58.459833716523399, -34.672806382696699 ] ] } },
{ "type": "Feature", "properties": { "sentido": "PEATONAL", "alt_izqfin": 4630.0, "com_par": 8.0, "long": "31.004.482.736.708.800", "nomanter": null, "tipo_c": "SENDERO", "alt_derfin": 4629.0, "alt_derini": 4601.0, "alt_izqini": 4602.0, "codigo": 99797.0, "barrio_imp": "VILLA LUGANO", "nomoficial": "MORO, JUANA", "id_street": 32845.0, "nom_mapa": "JUANA MORO", "tipo_ffcc": "Sin Iteracción", "id": 32845.0, "barrio_par": "VILLA LUGANO", "observa": "Barrio Papa Francisco - Agregado y Asignación de Nombre Oficial según Ley de Aprobación Inicial Exp. 2200-N-21 en BO 6458 del 12/09/2022.Alturas según continuación de ejes aledaños - Confirmación Ley", "bicisenda": null, "red_jerarq": "VÍA LOCAL", "cuadra": "MORO, JUANA 4601-4630", "comuna": 8.0, "EMPRESA": "METROTEL", "com_impar": 8.0, "barrio": "VILLA LUGANO", "hasta": 4630.0, "desde": 4601.0, "longitud_m": 31.003494013665755 }, "geometry": { "type": "LineString", "coordinates": [ [ -58.460194930868496, -34.672435386650299 ], [ -58.460429146071803, -34.672637039946999 ] ] } },
{ "type": "Feature", "properties": { "sentido": "CRECIENTE", "alt_izqfin": 0.0, "com_par": 8.0, "long": "80.553.458.372.970.400", "nomanter": "CRUZ", "tipo_c": "AVENIDA", "alt_derfin": 5199.0, "alt_derini": 5141.0, "alt_izqini": 0.0, "codigo": 3195.0, "barrio_imp": "VILLA LUGANO", "nomoficial": "FERNANDEZ DE LA CRUZ, F., GRAL. AV.", "id_street": 32847.0, "nom_mapa": "AV.GRAL.F. FERNANDEZ DE LA CRUZ", "tipo_ffcc": "Sin Iteracción", "id": 32847.0, "barrio_par": "VILLA LUGANO", "observa": null, "bicisenda": null, "red_jerarq": "VÍA DISTRIBUIDORA PRINCIPAL", "cuadra": "FERNANDEZ DE LA CRUZ, F., GRAL. AV. 5141-5199", "comuna": 8.0, "EMPRESA": "METROTEL", "com_impar": 8.0, "barrio": "VILLA LUGANO", "hasta": 5199.0, "desde": 5141.0, "longitud_m": 80.448426622911029 }, "geometry": { "type": "LineString", "coordinates": [ [ -58.464133238799299, -34.677332832053203 ], [ -58.464737814850899, -34.6778586144586 ] ] } },
{ "type": "Feature", "properties": { "sentido": "DECRECIENTE", "alt_izqfin": 0.0, "com_par": 1.0, "long": "85.161.753.537.596.000", "nomanter": null, "tipo_c": "AVENIDA", "alt_derfin": 0.0, "alt_derini": 0.0, "alt_izqini": 0.0, "codigo": 4113.0, "barrio_imp": "RETIRO", "nomoficial": "DE LOS INMIGRANTES AV.", "id_street": 32933.0, "nom_mapa": "AV.DE LOS INMIGRANTES", "tipo_ffcc": "Sin Iteracción", "id": 32933.0, "barrio_par": "RETIRO", "observa": "Redigitalización de la zona: agregado, adaptación, corte de ejes y distribución de alturas. Eje agreagado para favorecer la circulación en la zon (Enero 2024)", "bicisenda": null, "red_jerarq": "VÍA LOCAL", "cuadra": "DE LOS INMIGRANTES AV. 0-0", "comuna": 1.0, "EMPRESA": "METROTEL", "com_impar": 1.0, "barrio": "RETIRO", "hasta": 0.0, "desde": 0.0, "longitud_m": 85.159446026148743 }, "geometry": { "type": "LineString", "coordinates": [ [ -58.371928680384897, -34.587736236577101 ], [ -58.371905625597201, -34.587600610614103 ], [ -58.371697075945903, -34.587345868104997 ], [ -58.3716276210275, -34.587205089935097 ], [ -58.371550398358004, -34.587046440621101 ] ] } },
{ "type": "Feature", "properties": { "sentido": "DECRECIENTE", "alt_izqfin": 2500.0, "com_par": 4.0, "long": "126.023.118.386.049.000", "nomanter": "PUENTECITO - LUJAN, PEDRO DE", "tipo_c": "CALLE", "alt_derfin": 2499.0, "alt_derini": 2401.0, "alt_izqini": 2402.0, "codigo": 12153.0, "barrio_imp": "BARRACAS", "nomoficial": "LUJAN", "id_street": 33116.0, "nom_mapa": "LUJAN", "tipo_ffcc": "Sin Iteracción", "id": 33116.0, "barrio_par": "BARRACAS", "observa": "Redigitalización para bordear la plazoleta intermedia: se generan nuevos ejes (Agosto 2025)", "bicisenda": null, "red_jerarq": "VÍA LOCAL", "cuadra": "LUJAN 2401-2500", "comuna": 4.0, "EMPRESA": "METROTEL", "com_impar": 4.0, "barrio": "BARRACAS", "hasta": 2500.0, "desde": 2401.0, "longitud_m": 126.01774926274496 }, "geometry": { "type": "LineString", "coordinates": [ [ -58.378625237730198, -34.656383568715398 ], [ -58.3799977642554, -34.6564476771945 ] ] } },
{ "type": "Feature", "properties": { "sentido": "DECRECIENTE", "alt_izqfin": 2100.0, "com_par": 1.0, "long": "89.154.283.935.347.100", "nomanter": null, "tipo_c": "CALLE", "alt_derfin": 0.0, "alt_derini": 0.0, "alt_izqini": 1908.0, "codigo": 4113.0, "barrio_imp": "RETIRO", "nomoficial": "DE LOS INMIGRANTES AV.", "id_street": 6241.0, "nom_mapa": "AV.DE LOS INMIGRANTES", "tipo_ffcc": "Sin Iteracción", "id": 6241.0, "barrio_par": "RETIRO", "observa": "correción numeración 21-1", "bicisenda": null, "red_jerarq": "VÍA LOCAL", "cuadra": "DE LOS INMIGRANTES AV. 1908-2100", "comuna": 1.0, "EMPRESA": "METROTEL", "com_impar": 1.0, "barrio": "RETIRO", "hasta": 2100.0, "desde": 1908.0, "longitud_m": 89.151579388203942 }, "geometry": { "type": "LineString", "coordinates": [ [ -58.371550398358004, -34.587046440621101 ], [ -58.370970785984902, -34.5864014019715 ] ] } },
{ "type": "Feature", "properties": { "sentido": "CRECIENTE", "alt_izqfin": 1078.0, "com_par": 6.0, "long": "86.228.578.507.341.300", "nomanter": null, "tipo_c": "CALLE", "alt_derfin": 1079.0, "alt_derini": 1051.0, "alt_izqini": 1038.0, "codigo": 14017.0, "barrio_imp": "CABALLITO", "nomoficial": "NEUQUEN", "id_street": 13282.0, "nom_mapa": "NEUQUEN", "tipo_ffcc": "Sin Iteracción", "id": 13282.0, "barrio_par": "CABALLITO", "observa": null, "bicisenda": null, "red_jerarq": "VÍA LOCAL", "cuadra": "NEUQUEN 1051-1078", "comuna": 6.0, "EMPRESA": "METROTEL", "com_impar": 6.0, "barrio": "CABALLITO", "hasta": 1078.0, "desde": 1051.0, "longitud_m": 86.224945207350899 }, "geometry": { "type": "LineString", "coordinates": [ [ -58.447697489165201, -34.6159228452468 ], [ -58.448634917219799, -34.615863594935597 ] ] } },
{ "type": "Feature", "properties": { "sentido": "DOBLE", "alt_izqfin": 300.0, "com_par": 7.0, "long": "58.851.708.203.299.100", "nomanter": null, "tipo_c": "AVENIDA", "alt_derfin": 299.0, "alt_derini": 225.0, "alt_izqini": 222.0, "codigo": 14012.0, "barrio_imp": "FLORES", "nomoficial": "NAZCA AV.", "id_street": 16900.0, "nom_mapa": "AV. NAZCA", "tipo_ffcc": "Sin Iteracción", "id": 16900.0, "barrio_par": "FLORES", "observa": null, "bicisenda": null, "red_jerarq": "VÍA DISTRIBUIDORA PRINCIPAL", "cuadra": "NAZCA AV. 225-300", "comuna": 7.0, "EMPRESA": "METROTEL", "com_impar": 7.0, "barrio": "FLORES", "hasta": 300.0, "desde": 225.0, "longitud_m": 58.850241864467087 }, "geometry": { "type": "LineString", "coordinates": [ [ -58.470437657073603, -34.628920900893299 ], [ -58.470659373706397, -34.628423065429402 ] ] } },
{ "type": "Feature", "properties": { "sentido": "DOBLE", "alt_izqfin": 220.0, "com_par": 7.0, "long": "60.631.166.115.396.600", "nomanter": null, "tipo_c": "AVENIDA", "alt_derfin": 223.0, "alt_derini": 101.0, "alt_izqini": 102.0, "codigo": 14012.0, "barrio_imp": "FLORES", "nomoficial": "NAZCA AV.", "id_street": 17055.0, "nom_mapa": "AV. NAZCA", "tipo_ffcc": "Paso a Nivel", "id": 17055.0, "barrio_par": "FLORES", "observa": null, "bicisenda": null, "red_jerarq": "VÍA DISTRIBUIDORA PRINCIPAL", "cuadra": "NAZCA AV. 101-220", "comuna": 7.0, "EMPRESA": "METROTEL", "com_impar": 7.0, "barrio": "FLORES", "hasta": 220.0, "desde": 101.0, "longitud_m": 60.629655517292029 }, "geometry": { "type": "LineString", "coordinates": [ [ -58.470209293851902, -34.629433806873898 ], [ -58.470437657073603, -34.628920900893299 ] ] } },
{ "type": "Feature", "properties": { "sentido": "DECRECIENTE", "alt_izqfin": 2500.0, "com_par": 1.0, "long": "115.602.590.968.062.000", "nomanter": null, "tipo_c": "CALLE", "alt_derfin": 0.0, "alt_derini": 0.0, "alt_izqini": 2302.0, "codigo": 4113.0, "barrio_imp": "RETIRO", "nomoficial": "DE LOS INMIGRANTES AV.", "id_street": 28063.0, "nom_mapa": "AV.DE LOS INMIGRANTES", "tipo_ffcc": "Sin Iteracción", "id": 28063.0, "barrio_par": "RETIRO", "observa": "correción numeración 21-1", "bicisenda": null, "red_jerarq": "VÍA LOCAL", "cuadra": "DE LOS INMIGRANTES AV. 2302-2500", "comuna": 1.0, "EMPRESA": "METROTEL", "com_impar": 1.0, "barrio": "RETIRO", "hasta": 2500.0, "desde": 2302.0, "longitud_m": 115.59916940427645 }, "geometry": { "type": "LineString", "coordinates": [ [ -58.370263544390099, -34.585553343515599 ], [ -58.369554886044497, -34.584691722156897 ] ] } },
{ "type": "Feature", "properties": { "sentido": "DECRECIENTE", "alt_izqfin": 0.0, "com_par": 1.0, "long": "27.704.772.885.107.300", "nomanter": null, "tipo_c": "CALLE", "alt_derfin": 0.0, "alt_derini": 0.0, "alt_izqini": 0.0, "codigo": 4113.0, "barrio_imp": "RETIRO", "nomoficial": "DE LOS INMIGRANTES AV.", "id_street": 28303.0, "nom_mapa": "AV.DE LOS INMIGRANTES", "tipo_ffcc": "Sin Iteracción", "id": 28303.0, "barrio_par": "RETIRO", "observa": "correción numeración 21-1", "bicisenda": null, "red_jerarq": "VÍA LOCAL", "cuadra": "DE LOS INMIGRANTES AV. 0-0", "comuna": 1.0, "EMPRESA": "METROTEL", "com_impar": 1.0, "barrio": "RETIRO", "hasta": 0.0, "desde": 0.0, "longitud_m": 27.703950961740286 }, "geometry": { "type": "LineString", "coordinates": [ [ -58.370434455608297, -34.585759227227499 ], [ -58.370263544390099, -34.585553343515599 ] ] } },
{ "type": "Feature", "properties": { "sentido": "DECRECIENTE", "alt_izqfin": 2200.0, "com_par": 1.0, "long": "55.366.251.818.312.100", "nomanter": null, "tipo_c": "CALLE", "alt_derfin": 0.0, "alt_derini": 0.0, "alt_izqini": 2102.0, "codigo": 4113.0, "barrio_imp": "RETIRO", "nomoficial": "DE LOS INMIGRANTES AV.", "id_street": 28304.0, "nom_mapa": "AV.DE LOS INMIGRANTES", "tipo_ffcc": "Sin Iteracción", "id": 28304.0, "barrio_par": "RETIRO", "observa": "correción numeración 21-1", "bicisenda": null, "red_jerarq": "VÍA LOCAL", "cuadra": "DE LOS INMIGRANTES AV. 2102-2200", "comuna": 1.0, "EMPRESA": "METROTEL", "com_impar": 1.0, "barrio": "RETIRO", "hasta": 2200.0, "desde": 2102.0, "longitud_m": 55.364607006874039 }, "geometry": { "type": "LineString", "coordinates": [ [ -58.370970785984902, -34.5864014019715 ], [ -58.370627878571597, -34.585990725022697 ] ] } },
{ "type": "Feature", "properties": { "sentido": "DECRECIENTE", "alt_izqfin": 2300.0, "com_par": 1.0, "long": "31.216.494.330.887.100", "nomanter": null, "tipo_c": "CALLE", "alt_derfin": 0.0, "alt_derini": 0.0, "alt_izqini": 2202.0, "codigo": 4113.0, "barrio_imp": "RETIRO", "nomoficial": "DE LOS INMIGRANTES AV.", "id_street": 28308.0, "nom_mapa": "AV.DE LOS INMIGRANTES", "tipo_ffcc": "Sin Iteracción", "id": 28308.0, "barrio_par": "RETIRO", "observa": "correción numeración 21-1", "bicisenda": null, "red_jerarq": "VÍA LOCAL", "cuadra": "DE LOS INMIGRANTES AV. 2202-2300", "comuna": 1.0, "EMPRESA": "METROTEL", "com_impar": 1.0, "barrio": "RETIRO", "hasta": 2300.0, "desde": 2202.0, "longitud_m": 31.215566616450609 }, "geometry": { "type": "LineString", "coordinates": [ [ -58.370627878571597, -34.585990725022697 ], [ -58.370434455608297, -34.585759227227499 ] ] } },
{ "type": "Feature", "properties": { "sentido": "DECRECIENTE", "alt_izqfin": 1210.0, "com_par": 1.0, "long": "47.742.888.005.863.600", "nomanter": null, "tipo_c": "AVENIDA", "alt_derfin": 0.0, "alt_derini": 0.0, "alt_izqini": 1202.0, "codigo": 1087.0, "barrio_imp": "RETIRO", "nomoficial": "ANTARTIDA ARGENTINA AV.", "id_street": 29856.0, "nom_mapa": "AV.ANTARTIDA ARGENTINA", "tipo_ffcc": "Sin Iteracción", "id": 29856.0, "barrio_par": "RETIRO", "observa": null, "bicisenda": null, "red_jerarq": "VÍA DISTRIBUIDORA PRINCIPAL", "cuadra": "ANTARTIDA ARGENTINA AV. 1202-1210", "comuna": 1.0, "EMPRESA": "METROTEL", "com_impar": 1.0, "barrio": "RETIRO", "hasta": 1210.0, "desde": 1202.0, "longitud_m": 47.741696224921995 }, "geometry": { "type": "LineString", "coordinates": [ [ -58.371782820229903, -34.588149350001999 ], [ -58.371928680384897, -34.587736236577101 ] ] } },
{ "type": "Feature", "properties": { "sentido": "PEATONAL", "alt_izqfin": 1100.0, "com_par": 6.0, "long": "33.135.388.048.759.000", "nomanter": null, "tipo_c": "CALLE", "alt_derfin": 1099.0, "alt_derini": 1081.0, "alt_izqini": 1080.0, "codigo": 14017.0, "barrio_imp": "CABALLITO", "nomoficial": "NEUQUEN", "id_street": 30111.0, "nom_mapa": "NEUQUEN", "tipo_ffcc": "Sin Iteracción", "id": 30111.0, "barrio_par": "CABALLITO", "observa": null, "bicisenda": null, "red_jerarq": "VÍA LOCAL", "cuadra": "NEUQUEN 1081-1100", "comuna": 6.0, "EMPRESA": "METROTEL", "com_impar": 6.0, "barrio": "CABALLITO", "hasta": 1100.0, "desde": 1081.0, "longitud_m": 33.134001503960789 }, "geometry": { "type": "LineString", "coordinates": [ [ -58.448634917219799, -34.615863594935597 ], [ -58.4489952348586, -34.615841806086003 ] ] } },
{ "type": "Feature", "properties": { "sentido": "DECRECIENTE", "alt_izqfin": 1906.0, "com_par": 1.0, "long": "19.829.674.634.991.600", "nomanter": null, "tipo_c": "CALLE", "alt_derfin": 0.0, "alt_derini": 0.0, "alt_izqini": 1902.0, "codigo": 4113.0, "barrio_imp": "RETIRO", "nomoficial": "DE LOS INMIGRANTES AV.", "id_street": 31631.0, "nom_mapa": "AV.DE LOS INMIGRANTES", "tipo_ffcc": "Sin Iteracción", "id": 31631.0, "barrio_par": "RETIRO", "observa": "correción numeración 21-1", "bicisenda": null, "red_jerarq": "VÍA LOCAL", "cuadra": "DE LOS INMIGRANTES AV. 1902-1906", "comuna": 1.0, "EMPRESA": "METROTEL", "com_impar": 1.0, "barrio": "RETIRO", "hasta": 1906.0, "desde": 1902.0, "longitud_m": 19.829079400462586 }, "geometry": { "type": "LineString", "coordinates": [ [ -58.371676362313501, -34.5871916935995 ], [ -58.371550398358004, -34.587046440621101 ] ] } },
{ "type": "Feature", "properties": { "sentido": "PEATONAL", "alt_izqfin": 0.0, "com_par": 1.0, "long": "91.242.830.044.327.500", "nomanter": null, "tipo_c": "PUENTE", "alt_derfin": 0.0, "alt_derini": 0.0, "alt_izqini": 0.0, "codigo": 99695.0, "barrio_imp": "RETIRO", "nomoficial": "PUENTE PEATONAL RETIRO", "id_street": 31632.0, "nom_mapa": "PUENTE PEATONAL RETIRO", "tipo_ffcc": "Sin Iteracción", "id": 31632.0, "barrio_par": "RETIRO", "observa": "Puente agregado en Mayo 2019 luego de Inauguración Paseo del Bajo. Nombre no oficial", "bicisenda": null, "red_jerarq": "VÍA LOCAL", "cuadra": "PUENTE PEATONAL RETIRO 0-0", "comuna": 1.0, "EMPRESA": "METROTEL", "com_impar": 1.0, "barrio": "RETIRO", "hasta": 0.0, "desde": 0.0, "longitud_m": 91.240173849110676 }, "geometry": { "type": "LineString", "coordinates": [ [ -58.371928680384897, -34.587736236577101 ], [ -58.371476958246703, -34.587229824024902 ], [ -58.371550398358004, -34.587046440621101 ] ] } },
{ "type": "Feature", "properties": { "sentido": "DECRECIENTE", "alt_izqfin": 0.0, "com_par": 1.0, "long": "85.161.753.537.596.000", "nomanter": null, "tipo_c": "AVENIDA", "alt_derfin": 0.0, "alt_derini": 0.0, "alt_izqini": 0.0, "codigo": 4113.0, "barrio_imp": "RETIRO", "nomoficial": "DE LOS INMIGRANTES AV.", "id_street": 32933.0, "nom_mapa": "AV.DE LOS INMIGRANTES", "tipo_ffcc": "Sin Iteracción", "id": 32933.0, "barrio_par": "RETIRO", "observa": "Redigitalización de la zona: agregado, adaptación, corte de ejes y distribución de alturas. Eje agreagado para favorecer la circulación en la zon (Enero 2024)", "bicisenda": null, "red_jerarq": "VÍA LOCAL", "cuadra": "DE LOS INMIGRANTES AV. 0-0", "comuna": 1.0, "EMPRESA": "METROTEL", "com_impar": 1.0, "barrio": "RETIRO", "hasta": 0.0, "desde": 0.0, "longitud_m": 85.159446026148743 }, "geometry": { "type": "LineString", "coordinates": [ [ -58.371928680384897, -34.587736236577101 ], [ -58.371905625597201, -34.587600610614103 ], [ -58.371697075945903, -34.587345868104997 ], [ -58.3716276210275, -34.587205089935097 ], [ -58.371550398358004, -34.587046440621101 ] ] } },
{ "type": "Feature", "properties": { "sentido": "CRECIENTE", "alt_izqfin": 1600.0, "com_par": 1.0, "long": "130.408.150.215.915.000", "nomanter": "ARTES", "tipo_c": "CALLE", "alt_derfin": 1599.0, "alt_derini": 1501.0, "alt_izqini": 1502.0, "codigo": 17052.0, "barrio_imp": "RETIRO", "nomoficial": "PELLEGRINI, CARLOS", "id_street": 6976.0, "nom_mapa": "CARLOS PELLEGRINI", "tipo_ffcc": "Sin Iteracción", "id": 6976.0, "barrio_par": "RETIRO", "observa": null, "bicisenda": null, "red_jerarq": "VÍA DISTRIBUIDORA PRINCIPAL", "cuadra": "PELLEGRINI, CARLOS 1501-1600", "comuna": 1.0, "EMPRESA": "METROTEL", "com_impar": 1.0, "barrio": "RETIRO", "hasta": 1600.0, "desde": 1501.0, "longitud_m": 130.40476260774196 }, "geometry": { "type": "LineString", "coordinates": [ [ -58.381440468335001, -34.590367694568101 ], [ -58.380909326948803, -34.5892773187567 ] ] } },
{ "type": "Feature", "properties": { "sentido": "CRECIENTE", "alt_izqfin": 1500.0, "com_par": 1.0, "long": "138.728.901.408.309.000", "nomanter": "ARTES", "tipo_c": "CALLE", "alt_derfin": 1499.0, "alt_derini": 1401.0, "alt_izqini": 1402.0, "codigo": 17052.0, "barrio_imp": "RETIRO", "nomoficial": "PELLEGRINI, CARLOS", "id_street": 7006.0, "nom_mapa": "CARLOS PELLEGRINI", "tipo_ffcc": "Sin Iteracción", "id": 7006.0, "barrio_par": "RETIRO", "observa": null, "bicisenda": null, "red_jerarq": "VÍA DISTRIBUIDORA PRINCIPAL", "cuadra": "PELLEGRINI, CARLOS 1401-1500", "comuna": 1.0, "EMPRESA": "METROTEL", "com_impar": 1.0, "barrio": "RETIRO", "hasta": 1500.0, "desde": 1401.0, "longitud_m": 138.71031505799868 }, "geometry": { "type": "LineString", "coordinates": [ [ -58.381560947299199, -34.591600471933297 ], [ -58.381550097687203, -34.5905927014025 ], [ -58.381440468335001, -34.590367694568101 ] ] } },
{ "type": "Feature", "properties": { "sentido": "CRECIENTE", "alt_izqfin": 200.0, "com_par": 1.0, "long": "128.077.447.546.015.000", "nomanter": null, "tipo_c": "CALLE", "alt_derfin": 199.0, "alt_derini": 101.0, "alt_izqini": 102.0, "codigo": 12112.0, "barrio_imp": "MONSERRAT", "nomoficial": "LIMA", "id_street": 11878.0, "nom_mapa": "LIMA", "tipo_ffcc": "Sin Iteracción", "id": 11878.0, "barrio_par": "MONSERRAT", "observa": null, "bicisenda": null, "red_jerarq": "VÍA DISTRIBUIDORA PRINCIPAL", "cuadra": "LIMA 101-200", "comuna": 1.0, "EMPRESA": "METROTEL", "com_impar": 1.0, "barrio": "MONSERRAT", "hasta": 200.0, "desde": 101.0, "longitud_m": 128.07443894770239 }, "geometry": { "type": "LineString", "coordinates": [ [ -58.381916896157101, -34.6096776022424 ], [ -58.381864835306303, -34.610831315473902 ] ] } },
{ "type": "Feature", "properties": { "sentido": "DOBLE", "alt_izqfin": 350.0, "com_par": 1.0, "long": "63.517.882.215.617.700", "nomanter": "MONSERRAT", "tipo_c": "AVENIDA", "alt_derfin": 349.0, "alt_derini": 301.0, "alt_izqini": 302.0, "codigo": 2051.0, "barrio_imp": "MONSERRAT", "nomoficial": "BELGRANO AV.", "id_street": 12324.0, "nom_mapa": "AV.BELGRANO", "tipo_ffcc": "Sin Iteracción", "id": 12324.0, "barrio_par": "MONSERRAT", "observa": "Reasignación de Doble Sentido de Circulación en forma asimétrica según RESOLUCIÓN N.º 7/SECTOP/22 publicada en BO 6301 del 20/01/2022 (antes Decreciente)", "bicisenda": null, "red_jerarq": "VÍA DISTRIBUIDORA PRINCIPAL", "cuadra": "BELGRANO AV. 301-350", "comuna": 1.0, "EMPRESA": "METROTEL", "com_impar": 1.0, "barrio": "MONSERRAT", "hasta": 350.0, "desde": 301.0, "longitud_m": 63.515158689626723 }, "geometry": { "type": "LineString", "coordinates": [ [ -58.370531158709603, -34.612385638969698 ], [ -58.371221901400297, -34.612426585312903 ] ] } },
{ "type": "Feature", "properties": { "sentido": "CRECIENTE", "alt_izqfin": 500.0, "com_par": 1.0, "long": "136.169.133.657.263.000", "nomanter": "GARAY - BRASIL", "tipo_c": "AVENIDA", "alt_derfin": 499.0, "alt_derini": 401.0, "alt_izqini": 402.0, "codigo": 7026.0, "barrio_imp": "SAN TELMO", "nomoficial": "GARAY, JUAN DE AV.", "id_street": 15628.0, "nom_mapa": "AV. JUAN DE GARAY", "tipo_ffcc": "Sin Iteracción", "id": 15628.0, "barrio_par": "SAN TELMO", "observa": null, "bicisenda": null, "red_jerarq": "VÍA DISTRIBUIDORA PRINCIPAL", "cuadra": "GARAY, JUAN DE AV. 401-500", "comuna": 1.0, "EMPRESA": "METROTEL", "com_impar": 1.0, "barrio": "SAN TELMO", "hasta": 500.0, "desde": 401.0, "longitud_m": 136.16246587694124 }, "geometry": { "type": "LineString", "coordinates": [ [ -58.3711924174846, -34.6242358604893 ], [ -58.372673511325502, -34.624322675034499 ] ] } },
{ "type": "Feature", "properties": { "sentido": "CRECIENTE", "alt_izqfin": 1770.0, "com_par": 4.0, "long": "113.563.893.069.804.000", "nomanter": null, "tipo_c": "AVENIDA", "alt_derfin": 1769.0, "alt_derini": 1701.0, "alt_izqini": 1702.0, "codigo": 10013.0, "barrio_imp": "PARQUE PATRICIOS", "nomoficial": "JUJUY AV.", "id_street": 17497.0, "nom_mapa": "AV. JUJUY", "tipo_ffcc": "Sin Iteracción", "id": 17497.0, "barrio_par": "PARQUE PATRICIOS", "observa": null, "bicisenda": null, "red_jerarq": "VÍA LOCAL", "cuadra": "JUJUY AV. 1701-1770", "comuna": 4.0, "EMPRESA": "METROTEL", "com_impar": 4.0, "barrio": "PARQUE PATRICIOS", "hasta": 1770.0, "desde": 1701.0, "longitud_m": 113.56123147009183 }, "geometry": { "type": "LineString", "coordinates": [ [ -58.400864081945301, -34.6300096486341 ], [ -58.400679980976598, -34.631021959057101 ] ] } },
{ "type": "Feature", "properties": { "sentido": "DOBLE", "alt_izqfin": 2500.0, "com_par": 4.0, "long": "139.804.395.856.918.000", "nomanter": null, "tipo_c": "CALLE", "alt_derfin": 2499.0, "alt_derini": 2401.0, "alt_izqini": 2402.0, "codigo": 2111.0, "barrio_imp": "PARQUE PATRICIOS", "nomoficial": "BRASIL", "id_street": 17537.0, "nom_mapa": "BRASIL", "tipo_ffcc": "Sin Iteracción", "id": 17537.0, "barrio_par": "PARQUE PATRICIOS", "observa": null, "bicisenda": null, "red_jerarq": "VÍA DISTRIBUIDORA COMPLEMENTARIA", "cuadra": "BRASIL 2401-2500", "comuna": 4.0, "EMPRESA": "METROTEL", "com_impar": 4.0, "barrio": "PARQUE PATRICIOS", "hasta": 2500.0, "desde": 2401.0, "longitud_m": 139.79885669350054 }, "geometry": { "type": "LineString", "coordinates": [ [ -58.397753013296999, -34.630647952634 ], [ -58.399165197177901, -34.631122863140298 ] ] } },
{ "type": "Feature", "properties": { "sentido": "DOBLE", "alt_izqfin": 2600.0, "com_par": 4.0, "long": "135.803.628.618.679.000", "nomanter": null, "tipo_c": "CALLE", "alt_derfin": 2599.0, "alt_derini": 2501.0, "alt_izqini": 2502.0, "codigo": 2111.0, "barrio_imp": "PARQUE PATRICIOS", "nomoficial": "BRASIL", "id_street": 17660.0, "nom_mapa": "BRASIL", "tipo_ffcc": "Sin Iteracción", "id": 17660.0, "barrio_par": "PARQUE PATRICIOS", "observa": null, "bicisenda": null, "red_jerarq": "VÍA DISTRIBUIDORA COMPLEMENTARIA", "cuadra": "BRASIL 2501-2600", "comuna": 4.0, "EMPRESA": "METROTEL", "com_impar": 4.0, "barrio": "PARQUE PATRICIOS", "hasta": 2600.0, "desde": 2501.0, "longitud_m": 135.79826987448891 }, "geometry": { "type": "LineString", "coordinates": [ [ -58.399165197177901, -34.631122863140298 ], [ -58.4005310513244, -34.631596043277 ] ] } },
{ "type": "Feature", "properties": { "sentido": "CRECIENTE", "alt_izqfin": 1800.0, "com_par": 4.0, "long": "65.238.547.170.951.200", "nomanter": null, "tipo_c": "AVENIDA", "alt_derfin": 1799.0, "alt_derini": 1771.0, "alt_izqini": 1772.0, "codigo": 10013.0, "barrio_imp": "PARQUE PATRICIOS", "nomoficial": "JUJUY AV.", "id_street": 17661.0, "nom_mapa": "AV. JUJUY", "tipo_ffcc": "Sin Iteracción", "id": 17661.0, "barrio_par": "PARQUE PATRICIOS", "observa": null, "bicisenda": null, "red_jerarq": "VÍA LOCAL", "cuadra": "JUJUY AV. 1771-1800", "comuna": 4.0, "EMPRESA": "METROTEL", "com_impar": 4.0, "barrio": "PARQUE PATRICIOS", "hasta": 1800.0, "desde": 1771.0, "longitud_m": 65.13308037567046 }, "geometry": { "type": "LineString", "coordinates": [ [ -58.400679980976598, -34.631021959057101 ], [ -58.4005310513244, -34.631596043277 ] ] } },
{ "type": "Feature", "properties": { "sentido": "DECRECIENTE", "alt_izqfin": 500.0, "com_par": 4.0, "long": "137.581.959.088.685.000", "nomanter": null, "tipo_c": "CALLE", "alt_derfin": 499.0, "alt_derini": 401.0, "alt_izqini": 402.0, "codigo": 13106.0, "barrio_imp": "PARQUE PATRICIOS", "nomoficial": "MONASTERIO", "id_street": 20528.0, "nom_mapa": "MONASTERIO", "tipo_ffcc": "Sin Iteracción", "id": 20528.0, "barrio_par": "PARQUE PATRICIOS", "observa": null, "bicisenda": null, "red_jerarq": "VÍA LOCAL", "cuadra": "MONASTERIO 401-500", "comuna": 4.0, "EMPRESA": "METROTEL", "com_impar": 4.0, "barrio": "PARQUE PATRICIOS", "hasta": 500.0, "desde": 401.0, "longitud_m": 137.57858944730438 }, "geometry": { "type": "LineString", "coordinates": [ [ -58.3942073626202, -34.6403664395284 ], [ -58.3938059831911, -34.641561432939099 ] ] } },
{ "type": "Feature", "properties": { "sentido": "DOBLE", "alt_izqfin": 2100.0, "com_par": 4.0, "long": "187.027.274.665.781.000", "nomanter": null, "tipo_c": "AVENIDA", "alt_derfin": 2099.0, "alt_derini": 1901.0, "alt_izqini": 1902.0, "codigo": 23031.0, "barrio_imp": "BARRACAS", "nomoficial": "VELEZ SARSFIELD AV.", "id_street": 25091.0, "nom_mapa": "AV. VELEZ SARSFIELD", "tipo_ffcc": "Sin Iteracción", "id": 25091.0, "barrio_par": "BARRACAS", "observa": null, "bicisenda": null, "red_jerarq": "VÍA DISTRIBUIDORA PRINCIPAL", "cuadra": "VELEZ SARSFIELD AV. 1901-2100", "comuna": 4.0, "EMPRESA": "METROTEL", "com_impar": 4.0, "barrio": "BARRACAS", "hasta": 2100.0, "desde": 1901.0, "longitud_m": 187.02291898295053 }, "geometry": { "type": "LineString", "coordinates": [ [ -58.388452216845998, -34.658189437773402 ], [ -58.388318263392797, -34.659871688683097 ] ] } },
{ "type": "Feature", "properties": { "sentido": "DOBLE", "alt_izqfin": 1400.0, "com_par": 4.0, "long": "141.009.596.268.859.000", "nomanter": null, "tipo_c": "AVENIDA", "alt_derfin": 1399.0, "alt_derini": 1231.0, "alt_izqini": 1232.0, "codigo": 13115.0, "barrio_imp": "BARRACAS", "nomoficial": "MONTES DE OCA, MANUEL AV.", "id_street": 21156.0, "nom_mapa": "AV MANUEL MONTES DE OCA", "tipo_ffcc": "Sin Iteracción", "id": 21156.0, "barrio_par": "BARRACAS", "observa": "Se identifica esta calle como Avenida por consulta realizada a Catastro (Abril 2015)", "bicisenda": null, "red_jerarq": "VÍA DISTRIBUIDORA PRINCIPAL", "cuadra": "MONTES DE OCA, MANUEL AV. 1231-1400", "comuna": 4.0, "EMPRESA": "METROTEL", "com_impar": 4.0, "barrio": "BARRACAS", "hasta": 1400.0, "desde": 1231.0, "longitud_m": 141.00536192171921 }, "geometry": { "type": "LineString", "coordinates": [ [ -58.373891169241404, -34.642386212098899 ], [ -58.373654728863897, -34.643642175361599 ] ] } },
{ "type": "Feature", "properties": { "sentido": "DOBLE", "alt_izqfin": 1900.0, "com_par": 4.0, "long": "72.655.042.404.999.100", "nomanter": null, "tipo_c": "AVENIDA", "alt_derfin": 1899.0, "alt_derini": 1801.0, "alt_izqini": 1802.0, "codigo": 13115.0, "barrio_imp": "BARRACAS", "nomoficial": "MONTES DE OCA, MANUEL AV.", "id_street": 22665.0, "nom_mapa": "AV MANUEL MONTES DE OCA", "tipo_ffcc": "Sin Iteracción", "id": 22665.0, "barrio_par": "BARRACAS", "observa": "Se identifica esta calle como Avenida por consulta realizada a Catastro (Abril 2015)", "bicisenda": null, "red_jerarq": "VÍA DISTRIBUIDORA PRINCIPAL", "cuadra": "MONTES DE OCA, MANUEL AV. 1801-1900", "comuna": 4.0, "EMPRESA": "METROTEL", "com_impar": 4.0, "barrio": "BARRACAS", "hasta": 1900.0, "desde": 1801.0, "longitud_m": 72.653290663947686 }, "geometry": { "type": "LineString", "coordinates": [ [ -58.372827538183699, -34.648173147939097 ], [ -58.372682826116502, -34.648817059150502 ] ] } },
{ "type": "Feature", "properties": { "sentido": "CRECIENTE", "alt_izqfin": 0.0, "com_par": 4.0, "long": "110.772.853.604.468.000", "nomanter": null, "tipo_c": "AVENIDA", "alt_derfin": 1699.0, "alt_derini": 1599.0, "alt_izqini": 0.0, "codigo": 13115.0, "barrio_imp": "BARRACAS", "nomoficial": "MONTES DE OCA, MANUEL AV.", "id_street": 31948.0, "nom_mapa": "AV MANUEL MONTES DE OCA", "tipo_ffcc": "Sin Iteracción", "id": 31948.0, "barrio_par": "BARRACAS", "observa": "Se identifica esta calle como Avenida por consulta realizada a Catastro (Abril 2015) - Redigitalización en Agosto 2020 por digitalización de cantero central. Redistribución de alturas y sentidos", "bicisenda": null, "red_jerarq": "VÍA DISTRIBUIDORA PRINCIPAL", "cuadra": "MONTES DE OCA, MANUEL AV. 1599-1699", "comuna": 4.0, "EMPRESA": "METROTEL", "com_impar": 4.0, "barrio": "BARRACAS", "hasta": 1699.0, "desde": 1599.0, "longitud_m": 110.77020702384046 }, "geometry": { "type": "LineString", "coordinates": [ [ -58.373338260685898, -34.645693339544998 ], [ -58.373156672180301, -34.646680520430102 ] ] } },
{ "type": "Feature", "properties": { "sentido": "CRECIENTE", "alt_izqfin": 0.0, "com_par": 4.0, "long": "230.354.330.297.940.000", "nomanter": null, "tipo_c": "AVENIDA", "alt_derfin": 1597.0, "alt_derini": 1401.0, "alt_izqini": 0.0, "codigo": 13115.0, "barrio_imp": "BARRACAS", "nomoficial": "MONTES DE OCA, MANUEL AV.", "id_street": 31949.0, "nom_mapa": "AV MANUEL MONTES DE OCA", "tipo_ffcc": "Sin Iteracción", "id": 31949.0, "barrio_par": "BARRACAS", "observa": "Se identifica esta calle como Avenida por consulta realizada a Catastro (Abril 2015) - Redigitalización en Agosto 2020 por digitalización de cantero central. Redistribución de alturas y sentidos", "bicisenda": null, "red_jerarq": "VÍA DISTRIBUIDORA PRINCIPAL", "cuadra": "MONTES DE OCA, MANUEL AV. 1401-1597", "comuna": 4.0, "EMPRESA": "METROTEL", "com_impar": 4.0, "barrio": "BARRACAS", "hasta": 1597.0, "desde": 1401.0, "longitud_m": 230.34882095348468 }, "geometry": { "type": "LineString", "coordinates": [ [ -58.373654728863897, -34.643642175361599 ], [ -58.373690805548499, -34.643776709518903 ], [ -58.373338260685898, -34.645693339544998 ] ] } },
{ "type": "Feature", "properties": { "sentido": "CRECIENTE", "alt_izqfin": 0.0, "com_par": 4.0, "long": "84.376.843.100.843.000", "nomanter": null, "tipo_c": "AVENIDA", "alt_derfin": 1759.0, "alt_derini": 1701.0, "alt_izqini": 0.0, "codigo": 13115.0, "barrio_imp": "BARRACAS", "nomoficial": "MONTES DE OCA, MANUEL AV.", "id_street": 31950.0, "nom_mapa": "AV MANUEL MONTES DE OCA", "tipo_ffcc": "Sin Iteracción", "id": 31950.0, "barrio_par": "BARRACAS", "observa": "Se identifica esta calle como Avenida por consulta realizada a Catastro (Abril 2015) - Redigitalización en Agosto 2020 por digitalización de cantero central. Redistribución de alturas y sentidos", "bicisenda": null, "red_jerarq": "VÍA DISTRIBUIDORA PRINCIPAL", "cuadra": "MONTES DE OCA, MANUEL AV. 1701-1759", "comuna": 4.0, "EMPRESA": "METROTEL", "com_impar": 4.0, "barrio": "BARRACAS", "hasta": 1759.0, "desde": 1701.0, "longitud_m": 84.374830689093812 }, "geometry": { "type": "LineString", "coordinates": [ [ -58.373156672180301, -34.646680520430102 ], [ -58.373025707140002, -34.647433365208997 ] ] } },
{ "type": "Feature", "properties": { "sentido": "CRECIENTE", "alt_izqfin": 0.0, "com_par": 4.0, "long": "85.030.899.929.959.400", "nomanter": null, "tipo_c": "AVENIDA", "alt_derfin": 1799.0, "alt_derini": 1761.0, "alt_izqini": 0.0, "codigo": 13115.0, "barrio_imp": "BARRACAS", "nomoficial": "MONTES DE OCA, MANUEL AV.", "id_street": 31951.0, "nom_mapa": "AV MANUEL MONTES DE OCA", "tipo_ffcc": "Sin Iteracción", "id": 31951.0, "barrio_par": "BARRACAS", "observa": "Se identifica esta calle como Avenida por consulta realizada a Catastro (Abril 2015) - Redigitalización en Agosto 2020 por digitalización de cantero central. Redistribución de alturas y sentidos", "bicisenda": null, "red_jerarq": "VÍA DISTRIBUIDORA PRINCIPAL", "cuadra": "MONTES DE OCA, MANUEL AV. 1761-1799", "comuna": 4.0, "EMPRESA": "METROTEL", "com_impar": 4.0, "barrio": "BARRACAS", "hasta": 1799.0, "desde": 1761.0, "longitud_m": 84.054045330128332 }, "geometry": { "type": "LineString", "coordinates": [ [ -58.373025707140002, -34.647433365208997 ], [ -58.372827538183699, -34.648173147939097 ] ] } },
{ "type": "Feature", "properties": { "sentido": "CRECIENTE", "alt_izqfin": 0.0, "com_par": 8.0, "long": "84.864.140.110.576.200", "nomanter": null, "tipo_c": "AVENIDA", "alt_derfin": 0.0, "alt_derini": 0.0, "alt_izqini": 0.0, "codigo": 5067.0, "barrio_imp": "VILLA LUGANO", "nomoficial": "ESCALADA AV.", "id_street": 26159.0, "nom_mapa": "AV. ESCALADA", "tipo_ffcc": "Sin Iteracción", "id": 26159.0, "barrio_par": "VILLA LUGANO", "observa": null, "bicisenda": null, "red_jerarq": "VÍA DISTRIBUIDORA PRINCIPAL", "cuadra": "ESCALADA AV. 0-0", "comuna": 8.0, "EMPRESA": "METROTEL", "com_impar": 8.0, "barrio": "VILLA LUGANO", "hasta": 0.0, "desde": 0.0, "longitud_m": 84.297979680539768 }, "geometry": { "type": "LineString", "coordinates": [ [ -58.464152954621497, -34.669644648483903 ], [ -58.463500816018502, -34.670180498526399 ] ] } },
{ "type": "Feature", "properties": { "sentido": "CRECIENTE", "alt_izqfin": 0.0, "com_par": 8.0, "long": "92.891.053.449.962.000", "nomanter": null, "tipo_c": "AVENIDA", "alt_derfin": 0.0, "alt_derini": 0.0, "alt_izqini": 0.0, "codigo": 5067.0, "barrio_imp": "VILLA LUGANO", "nomoficial": "ESCALADA AV.", "id_street": 26408.0, "nom_mapa": "AV. ESCALADA", "tipo_ffcc": "Sin Iteracción", "id": 26408.0, "barrio_par": "VILLA SOLDATI", "observa": null, "bicisenda": null, "red_jerarq": "VÍA DISTRIBUIDORA PRINCIPAL", "cuadra": "ESCALADA AV. 0-0", "comuna": null, "EMPRESA": "METROTEL", "com_impar": 8.0, "barrio": null, "hasta": 0.0, "desde": 0.0, "longitud_m": 90.464026187427351 }, "geometry": { "type": "LineString", "coordinates": [ [ -58.4596652128158, -34.673232920655998 ], [ -58.459546545798801, -34.673532706825299 ], [ -58.459003641548399, -34.673753816413097 ] ] } },
{ "type": "Feature", "properties": { "sentido": "DECRECIENTE", "alt_izqfin": 0.0, "com_par": 8.0, "long": "96.517.309.280.087.300", "nomanter": "CRUZ", "tipo_c": "AVENIDA", "alt_derfin": 0.0, "alt_derini": 0.0, "alt_izqini": 0.0, "codigo": 3195.0, "barrio_imp": "VILLA SOLDATI", "nomoficial": "FERNANDEZ DE LA CRUZ, F., GRAL. AV.", "id_street": 26419.0, "nom_mapa": "AV.GRAL.F. FERNANDEZ DE LA CRUZ", "tipo_ffcc": "Sin Iteracción", "id": 26419.0, "barrio_par": "VILLA SOLDATI", "observa": null, "bicisenda": null, "red_jerarq": "VÍA DISTRIBUIDORA PRINCIPAL", "cuadra": "FERNANDEZ DE LA CRUZ, F., GRAL. AV. 0-0", "comuna": 8.0, "EMPRESA": "METROTEL", "com_impar": 8.0, "barrio": "VILLA SOLDATI", "hasta": 0.0, "desde": 0.0, "longitud_m": 94.39955807710129 }, "geometry": { "type": "LineString", "coordinates": [ [ -58.458363658586201, -34.673152190825199 ], [ -58.458673015611097, -34.673648405937499 ], [ -58.459003641548399, -34.673753816413097 ] ] } },
{ "type": "Feature", "properties": { "sentido": "DECRECIENTE", "alt_izqfin": 0.0, "com_par": 8.0, "long": "98.290.076.284.961.900", "nomanter": null, "tipo_c": "AVENIDA", "alt_derfin": 0.0, "alt_derini": 0.0, "alt_izqini": 0.0, "codigo": 5067.0, "barrio_imp": "VILLA LUGANO", "nomoficial": "ESCALADA AV.", "id_street": 28547.0, "nom_mapa": "AV. ESCALADA", "tipo_ffcc": "Sin Iteracción", "id": 28547.0, "barrio_par": "VILLA SOLDATI", "observa": null, "bicisenda": null, "red_jerarq": "VÍA DISTRIBUIDORA PRINCIPAL", "cuadra": "ESCALADA AV. 0-0", "comuna": null, "EMPRESA": "METROTEL", "com_impar": 8.0, "barrio": null, "hasta": 0.0, "desde": 0.0, "longitud_m": 98.286883741507197 }, "geometry": { "type": "LineString", "coordinates": [ [ -58.4636483198802, -34.669152943924601 ], [ -58.4632300056875, -34.669386264830301 ], [ -58.462892778645802, -34.669763530158697 ] ] } },
{ "type": "Feature", "properties": { "sentido": "CRECIENTE", "alt_izqfin": 0.0, "com_par": 8.0, "long": "90.220.626.636.553.600", "nomanter": "CRUZ", "tipo_c": "AVENIDA", "alt_derfin": 0.0, "alt_derini": 0.0, "alt_izqini": 0.0, "codigo": 3195.0, "barrio_imp": "VILLA SOLDATI", "nomoficial": "FERNANDEZ DE LA CRUZ, F., GRAL. AV.", "id_street": 28550.0, "nom_mapa": "AV.GRAL.F. FERNANDEZ DE LA CRUZ", "tipo_ffcc": "Sin Iteracción", "id": 28550.0, "barrio_par": "VILLA SOLDATI", "observa": null, "bicisenda": null, "red_jerarq": "VÍA DISTRIBUIDORA PRINCIPAL", "cuadra": "FERNANDEZ DE LA CRUZ, F., GRAL. AV. 0-0", "comuna": 8.0, "EMPRESA": "METROTEL", "com_impar": 8.0, "barrio": "VILLA SOLDATI", "hasta": 0.0, "desde": 0.0, "longitud_m": 88.59373825933227 }, "geometry": { "type": "LineString", "coordinates": [ [ -58.459058474640997, -34.6726630142918 ], [ -58.459407661721499, -34.672806826226299 ], [ -58.4596652128158, -34.673232920655998 ] ] } },
{ "type": "Feature", "properties": { "sentido": "CRECIENTE", "alt_izqfin": 0.0, "com_par": 8.0, "long": "49.857.135.519.859.300", "nomanter": null, "tipo_c": "AVENIDA", "alt_derfin": 0.0, "alt_derini": 0.0, "alt_izqini": 0.0, "codigo": 5067.0, "barrio_imp": "VILLA LUGANO", "nomoficial": "ESCALADA AV.", "id_street": 26373.0, "nom_mapa": "AV. ESCALADA", "tipo_ffcc": "Sin Iteracción", "id": 26373.0, "barrio_par": "VILLA LUGANO", "observa": null, "bicisenda": null, "red_jerarq": "VÍA DISTRIBUIDORA PRINCIPAL", "cuadra": "ESCALADA AV. 0-0", "comuna": 8.0, "EMPRESA": "METROTEL", "com_impar": 8.0, "barrio": "VILLA LUGANO", "hasta": 0.0, "desde": 0.0, "longitud_m": 49.774215101257276 }, "geometry": { "type": "LineString", "coordinates": [ [ -58.459833716523399, -34.672806382696699 ], [ -58.4596652128158, -34.673232920655998 ] ] } },
{ "type": "Feature", "properties": { "sentido": "DECRECIENTE", "alt_izqfin": 4650.0, "com_par": 8.0, "long": "57.870.850.052.890.800", "nomanter": "CRUZ", "tipo_c": "AVENIDA", "alt_derfin": 0.0, "alt_derini": 0.0, "alt_izqini": 4602.0, "codigo": 3195.0, "barrio_imp": "VILLA LUGANO", "nomoficial": "FERNANDEZ DE LA CRUZ, F., GRAL. AV.", "id_street": 26416.0, "nom_mapa": "AV.GRAL.F. FERNANDEZ DE LA CRUZ", "tipo_ffcc": "Sin Iteracción", "id": 26416.0, "barrio_par": "VILLA LUGANO", "observa": "Modificación de rango de alturas (mínimamente) luego del chequeo y revisión con alturas oficiales, planos índices y entrada oficial del Hospital Cecilia Grierson (Octubre de 2018)", "bicisenda": null, "red_jerarq": "VÍA DISTRIBUIDORA PRINCIPAL", "cuadra": "FERNANDEZ DE LA CRUZ, F., GRAL. AV. 4602-4650", "comuna": 8.0, "EMPRESA": "METROTEL", "com_impar": 8.0, "barrio": "VILLA LUGANO", "hasta": 4650.0, "desde": 4602.0, "longitud_m": 57.858256023985632 }, "geometry": { "type": "LineString", "coordinates": [ [ -58.459003641548399, -34.673753816413097 ], [ -58.459611482545597, -34.673894681865903 ] ] } },
{ "type": "Feature", "properties": { "sentido": "DECRECIENTE", "alt_izqfin": 4730.0, "com_par": 8.0, "long": "87.780.361.057.292.800", "nomanter": "CRUZ", "tipo_c": "AVENIDA", "alt_derfin": 0.0, "alt_derini": 0.0, "alt_izqini": 4652.0, "codigo": 3195.0, "barrio_imp": "VILLA LUGANO", "nomoficial": "FERNANDEZ DE LA CRUZ, F., GRAL. AV.", "id_street": 26455.0, "nom_mapa": "AV.GRAL.F. FERNANDEZ DE LA CRUZ", "tipo_ffcc": "Sin Iteracción", "id": 26455.0, "barrio_par": "VILLA LUGANO", "observa": "Modificación de rango de alturas (mínimamente) luego del chequeo y revisión con alturas oficiales, planos índices y entrada oficial del Hospital Cecilia Grierson (Octubre de 2018)", "bicisenda": null, "red_jerarq": "VÍA DISTRIBUIDORA PRINCIPAL", "cuadra": "FERNANDEZ DE LA CRUZ, F., GRAL. AV. 4652-4730", "comuna": 8.0, "EMPRESA": "METROTEL", "com_impar": 8.0, "barrio": "VILLA LUGANO", "hasta": 4730.0, "desde": 4652.0, "longitud_m": 87.71159790426475 }, "geometry": { "type": "LineString", "coordinates": [ [ -58.459611482545597, -34.673894681865903 ], [ -58.4603204919839, -34.674425759357 ] ] } },
{ "type": "Feature", "properties": { "sentido": "DECRECIENTE", "alt_izqfin": 4830.0, "com_par": 8.0, "long": "98.922.294.582.385.200", "nomanter": "CRUZ", "tipo_c": "AVENIDA", "alt_derfin": 0.0, "alt_derini": 0.0, "alt_izqini": 4732.0, "codigo": 3195.0, "barrio_imp": "VILLA LUGANO", "nomoficial": "FERNANDEZ DE LA CRUZ, F., GRAL. AV.", "id_street": 26492.0, "nom_mapa": "AV.GRAL.F. FERNANDEZ DE LA CRUZ", "tipo_ffcc": "Sin Iteracción", "id": 26492.0, "barrio_par": "VILLA LUGANO", "observa": "Modificación de rango de alturas (mínimamente) luego del chequeo y revisión con alturas oficiales, planos índices y entrada oficial del Hospital Cecilia Grierson (Octubre de 2018)", "bicisenda": null, "red_jerarq": "VÍA DISTRIBUIDORA PRINCIPAL", "cuadra": "FERNANDEZ DE LA CRUZ, F., GRAL. AV. 4732-4830", "comuna": 8.0, "EMPRESA": "METROTEL", "com_impar": 8.0, "barrio": "VILLA LUGANO", "hasta": 4830.0, "desde": 4732.0, "longitud_m": 98.918915749572577 }, "geometry": { "type": "LineString", "coordinates": [ [ -58.460320491983801, -34.674425759357 ], [ -58.4610820343214, -34.675057648275299 ] ] } },
{ "type": "Feature", "properties": { "sentido": "DECRECIENTE", "alt_izqfin": 4860.0, "com_par": 8.0, "long": "116.480.847.345.980.000", "nomanter": "CRUZ", "tipo_c": "AVENIDA", "alt_derfin": 0.0, "alt_derini": 0.0, "alt_izqini": 4832.0, "codigo": 3195.0, "barrio_imp": "VILLA LUGANO", "nomoficial": "FERNANDEZ DE LA CRUZ, F., GRAL. AV.", "id_street": 26518.0, "nom_mapa": "AV.GRAL.F. FERNANDEZ DE LA CRUZ", "tipo_ffcc": "Sin Iteracción", "id": 26518.0, "barrio_par": "VILLA LUGANO", "observa": "Modificación de rango de alturas (mínimamente) luego del chequeo y revisión con alturas oficiales, planos índices y entrada oficial del Hospital Cecilia Grierson (Octubre de 2018)", "bicisenda": null, "red_jerarq": "VÍA DISTRIBUIDORA PRINCIPAL", "cuadra": "FERNANDEZ DE LA CRUZ, F., GRAL. AV. 4832-4860", "comuna": 8.0, "EMPRESA": "METROTEL", "com_impar": 8.0, "barrio": "VILLA LUGANO", "hasta": 4860.0, "desde": 4832.0, "longitud_m": 116.47709170647303 }, "geometry": { "type": "LineString", "coordinates": [ [ -58.4610820343214, -34.675057648275299 ], [ -58.461978574187199, -34.675801849294402 ] ] } },
{ "type": "Feature", "properties": { "sentido": "DECRECIENTE", "alt_izqfin": 4900.0, "com_par": 8.0, "long": "49.718.568.307.701.200", "nomanter": "CRUZ", "tipo_c": "AVENIDA", "alt_derfin": 0.0, "alt_derini": 0.0, "alt_izqini": 4862.0, "codigo": 3195.0, "barrio_imp": "VILLA LUGANO", "nomoficial": "FERNANDEZ DE LA CRUZ, F., GRAL. AV.", "id_street": 26536.0, "nom_mapa": "AV.GRAL.F. FERNANDEZ DE LA CRUZ", "tipo_ffcc": "Sin Iteracción", "id": 26536.0, "barrio_par": "VILLA LUGANO", "observa": "Modificación de rango de alturas (mínimamente) luego del chequeo y revisión con alturas oficiales, planos índices y entrada oficial del Hospital Cecilia Grierson (Octubre de 2018)", "bicisenda": null, "red_jerarq": "VÍA DISTRIBUIDORA PRINCIPAL", "cuadra": "FERNANDEZ DE LA CRUZ, F., GRAL. AV. 4862-4900", "comuna": 8.0, "EMPRESA": "METROTEL", "com_impar": 8.0, "barrio": "VILLA LUGANO", "hasta": 4900.0, "desde": 4862.0, "longitud_m": 49.716965116090563 }, "geometry": { "type": "LineString", "coordinates": [ [ -58.461978574187199, -34.675801849294402 ], [ -58.4623613081299, -34.676119459435697 ] ] } },
{ "type": "Feature", "properties": { "sentido": "DECRECIENTE", "alt_izqfin": 5000.0, "com_par": 8.0, "long": "106.878.325.111.206.000", "nomanter": "CRUZ", "tipo_c": "AVENIDA", "alt_derfin": 0.0, "alt_derini": 0.0, "alt_izqini": 4902.0, "codigo": 3195.0, "barrio_imp": "VILLA LUGANO", "nomoficial": "FERNANDEZ DE LA CRUZ, F., GRAL. AV.", "id_street": 26567.0, "nom_mapa": "AV.GRAL.F. FERNANDEZ DE LA CRUZ", "tipo_ffcc": "Sin Iteracción", "id": 26567.0, "barrio_par": "VILLA LUGANO", "observa": null, "bicisenda": null, "red_jerarq": "VÍA DISTRIBUIDORA PRINCIPAL", "cuadra": "FERNANDEZ DE LA CRUZ, F., GRAL. AV. 4902-5000", "comuna": 8.0, "EMPRESA": "METROTEL", "com_impar": 8.0, "barrio": "VILLA LUGANO", "hasta": 5000.0, "desde": 4902.0, "longitud_m": 106.87487855405118 }, "geometry": { "type": "LineString", "coordinates": [ [ -58.4623613081299, -34.676119459435697 ], [ -58.463184153380602, -34.676802141057301 ] ] } },
{ "type": "Feature", "properties": { "sentido": "DECRECIENTE", "alt_izqfin": 5100.0, "com_par": 8.0, "long": "95.415.687.603.585.200", "nomanter": "CRUZ", "tipo_c": "AVENIDA", "alt_derfin": 0.0, "alt_derini": 0.0, "alt_izqini": 5002.0, "codigo": 3195.0, "barrio_imp": "VILLA LUGANO", "nomoficial": "FERNANDEZ DE LA CRUZ, F., GRAL. AV.", "id_street": 26593.0, "nom_mapa": "AV.GRAL.F. FERNANDEZ DE LA CRUZ", "tipo_ffcc": "Sin Iteracción", "id": 26593.0, "barrio_par": "VILLA LUGANO", "observa": null, "bicisenda": null, "red_jerarq": "VÍA DISTRIBUIDORA PRINCIPAL", "cuadra": "FERNANDEZ DE LA CRUZ, F., GRAL. AV. 5002-5100", "comuna": 8.0, "EMPRESA": "METROTEL", "com_impar": 8.0, "barrio": "VILLA LUGANO", "hasta": 5100.0, "desde": 5002.0, "longitud_m": 95.412612489476118 }, "geometry": { "type": "LineString", "coordinates": [ [ -58.463184153380602, -34.676802141057301 ], [ -58.4639180169277, -34.677412211695703 ] ] } },
{ "type": "Feature", "properties": { "sentido": "DECRECIENTE", "alt_izqfin": 5200.0, "com_par": 8.0, "long": "58.103.033.603.688.300", "nomanter": "CRUZ", "tipo_c": "AVENIDA", "alt_derfin": 0.0, "alt_derini": 0.0, "alt_izqini": 5102.0, "codigo": 3195.0, "barrio_imp": "VILLA LUGANO", "nomoficial": "FERNANDEZ DE LA CRUZ, F., GRAL. AV.", "id_street": 26612.0, "nom_mapa": "AV.GRAL.F. FERNANDEZ DE LA CRUZ", "tipo_ffcc": "Sin Iteracción", "id": 26612.0, "barrio_par": "VILLA LUGANO", "observa": null, "bicisenda": null, "red_jerarq": "VÍA DISTRIBUIDORA PRINCIPAL", "cuadra": "FERNANDEZ DE LA CRUZ, F., GRAL. AV. 5102-5200", "comuna": 8.0, "EMPRESA": "METROTEL", "com_impar": 8.0, "barrio": "VILLA LUGANO", "hasta": 5200.0, "desde": 5102.0, "longitud_m": 58.089700231315597 }, "geometry": { "type": "LineString", "coordinates": [ [ -58.4639180169277, -34.677412211695703 ], [ -58.464361034047997, -34.677786716716902 ] ] } },
{ "type": "Feature", "properties": { "sentido": "DECRECIENTE", "alt_izqfin": 5450.0, "com_par": 8.0, "long": "45.947.556.825.775.800", "nomanter": "CRUZ", "tipo_c": "AVENIDA", "alt_derfin": 0.0, "alt_derini": 0.0, "alt_izqini": 5402.0, "codigo": 3195.0, "barrio_imp": "VILLA LUGANO", "nomoficial": "FERNANDEZ DE LA CRUZ, F., GRAL. AV.", "id_street": 26750.0, "nom_mapa": "AV.GRAL.F. FERNANDEZ DE LA CRUZ", "tipo_ffcc": "Sin Iteracción", "id": 26750.0, "barrio_par": "VILLA LUGANO", "observa": null, "bicisenda": null, "red_jerarq": "VÍA DISTRIBUIDORA PRINCIPAL", "cuadra": "FERNANDEZ DE LA CRUZ, F., GRAL. AV. 5402-5450", "comuna": 8.0, "EMPRESA": "METROTEL", "com_impar": 8.0, "barrio": "VILLA LUGANO", "hasta": 5450.0, "desde": 5402.0, "longitud_m": 45.94614981169957 }, "geometry": { "type": "LineString", "coordinates": [ [ -58.465837518008001, -34.679545502267302 ], [ -58.466159929460602, -34.679862678989799 ] ] } },
{ "type": "Feature", "properties": { "sentido": "DECRECIENTE", "alt_izqfin": 4550.0, "com_par": 8.0, "long": "62.734.168.660.007.200", "nomanter": null, "tipo_c": "AVENIDA", "alt_derfin": 0.0, "alt_derini": 0.0, "alt_izqini": 4502.0, "codigo": 12064.0, "barrio_imp": "VILLA LUGANO", "nomoficial": "LARRAZABAL AV.", "id_street": 26789.0, "nom_mapa": "AV. LARRAZABAL", "tipo_ffcc": "Sin Iteracción", "id": 26789.0, "barrio_par": "VILLA LUGANO", "observa": null, "bicisenda": null, "red_jerarq": "VÍA LOCAL", "cuadra": "LARRAZABAL AV. 4502-4550", "comuna": 8.0, "EMPRESA": "METROTEL", "com_impar": 8.0, "barrio": "VILLA LUGANO", "hasta": 4550.0, "desde": 4502.0, "longitud_m": 62.043279131126184 }, "geometry": { "type": "LineString", "coordinates": [ [ -58.466159929460602, -34.679862678989799 ], [ -58.466031813215899, -34.680138316380003 ], [ -58.465765386124502, -34.680284143976301 ] ] } },
{ "type": "Feature", "properties": { "sentido": "DECRECIENTE", "alt_izqfin": 5300.0, "com_par": 8.0, "long": "112.475.422.418.775.000", "nomanter": "CRUZ", "tipo_c": "AVENIDA", "alt_derfin": 0.0, "alt_derini": 0.0, "alt_izqini": 5202.0, "codigo": 3195.0, "barrio_imp": "VILLA LUGANO", "nomoficial": "FERNANDEZ DE LA CRUZ, F., GRAL. AV.", "id_street": 27437.0, "nom_mapa": "AV.GRAL.F. FERNANDEZ DE LA CRUZ", "tipo_ffcc": "Sin Iteracción", "id": 27437.0, "barrio_par": "VILLA LUGANO", "observa": null, "bicisenda": null, "red_jerarq": "VÍA DISTRIBUIDORA PRINCIPAL", "cuadra": "FERNANDEZ DE LA CRUZ, F., GRAL. AV. 5202-5300", "comuna": 8.0, "EMPRESA": "METROTEL", "com_impar": 8.0, "barrio": "VILLA LUGANO", "hasta": 5300.0, "desde": 5202.0, "longitud_m": 112.28897820346465 }, "geometry": { "type": "LineString", "coordinates": [ [ -58.464361034047997, -34.677786716716902 ], [ -58.465054854551802, -34.678621006689099 ] ] } },
{ "type": "Feature", "properties": { "sentido": "DECRECIENTE", "alt_izqfin": 5400.0, "com_par": 8.0, "long": "115.565.989.589.592.000", "nomanter": "CRUZ", "tipo_c": "AVENIDA", "alt_derfin": 0.0, "alt_derini": 0.0, "alt_izqini": 5302.0, "codigo": 3195.0, "barrio_imp": "VILLA LUGANO", "nomoficial": "FERNANDEZ DE LA CRUZ, F., GRAL. AV.", "id_street": 27438.0, "nom_mapa": "AV.GRAL.F. FERNANDEZ DE LA CRUZ", "tipo_ffcc": "Sin Iteracción", "id": 27438.0, "barrio_par": "VILLA LUGANO", "observa": null, "bicisenda": null, "red_jerarq": "VÍA DISTRIBUIDORA PRINCIPAL", "cuadra": "FERNANDEZ DE LA CRUZ, F., GRAL. AV. 5302-5400", "comuna": 8.0, "EMPRESA": "METROTEL", "com_impar": 8.0, "barrio": "VILLA LUGANO", "hasta": 5400.0, "desde": 5302.0, "longitud_m": 115.40162023079277 }, "geometry": { "type": "LineString", "coordinates": [ [ -58.465111544165303, -34.678695513093899 ], [ -58.465837518008001, -34.679545502267302 ] ] } },
{ "type": "Feature", "properties": { "sentido": "DECRECIENTE", "alt_izqfin": 0.0, "com_par": 8.0, "long": "9.762.777.708.275.650", "nomanter": "CRUZ", "tipo_c": "AVENIDA", "alt_derfin": 0.0, "alt_derini": 0.0, "alt_izqini": 0.0, "codigo": 3195.0, "barrio_imp": "VILLA LUGANO", "nomoficial": "FERNANDEZ DE LA CRUZ, F., GRAL. AV.", "id_street": 26673.0, "nom_mapa": "AV.GRAL.F. FERNANDEZ DE LA CRUZ", "tipo_ffcc": "Sin Iteracción", "id": 26673.0, "barrio_par": "VILLA LUGANO", "observa": null, "bicisenda": null, "red_jerarq": "VÍA DISTRIBUIDORA PRINCIPAL", "cuadra": "FERNANDEZ DE LA CRUZ, F., GRAL. AV. 0-0", "comuna": 8.0, "EMPRESA": "METROTEL", "com_impar": 8.0, "barrio": "VILLA LUGANO", "hasta": 0.0, "desde": 0.0, "longitud_m": 9.7625033226393079 }, "geometry": { "type": "LineString", "coordinates": [ [ -58.465054854551802, -34.678621006689099 ], [ -58.465111544165303, -34.678695513093899 ] ] } },
{ "type": "Feature", "properties": { "sentido": "CRECIENTE", "alt_izqfin": 0.0, "com_par": 8.0, "long": "108.816.568.553.792.000", "nomanter": "Ex Av. Central Barrio Savio", "tipo_c": "AVENIDA", "alt_derfin": 5259.0, "alt_derini": 5191.0, "alt_izqini": 0.0, "codigo": 20134.0, "barrio_imp": "VILLA LUGANO", "nomoficial": "SOLDADO DE LA FRONTERA AV.", "id_street": 31215.0, "nom_mapa": "AV.SOLDADO DE LA FRONTERA", "tipo_ffcc": "Sin Iteracción", "id": 31215.0, "barrio_par": "VILLA LUGANO", "observa": null, "bicisenda": null, "red_jerarq": "VÍA DISTRIBUIDORA COMPLEMENTARIA", "cuadra": "SOLDADO DE LA FRONTERA AV. 5191-5259", "comuna": 8.0, "EMPRESA": "METROTEL", "com_impar": 8.0, "barrio": "VILLA LUGANO", "hasta": 5259.0, "desde": 5191.0, "longitud_m": 108.81327268392872 }, "geometry": { "type": "LineString", "coordinates": [ [ -58.463987584856298, -34.685451755009701 ], [ -58.46324022372, -34.686213990672996 ] ] } },
{ "type": "Feature", "properties": { "sentido": "DECRECIENTE", "alt_izqfin": 3000.0, "com_par": 7.0, "long": "80.103.319.549.920.500", "nomanter": null, "tipo_c": "AVENIDA", "alt_derfin": 0.0, "alt_derini": 0.0, "alt_izqini": 2902.0, "codigo": 4102.0, "barrio_imp": "FLORES", "nomoficial": "DELLEPIANE, LUIS, TTE. GRAL.", "id_street": 21208.0, "nom_mapa": "TTE.GRAL.LUIS DELLEPIANE", "tipo_ffcc": "Sin Iteracción", "id": 21208.0, "barrio_par": "FLORES", "observa": null, "bicisenda": null, "red_jerarq": "VÍA LOCAL", "cuadra": "DELLEPIANE, LUIS, TTE. GRAL. 2902-3000", "comuna": 7.0, "EMPRESA": "METROTEL", "com_impar": 7.0, "barrio": "FLORES", "hasta": 3000.0, "desde": 2902.0, "longitud_m": 79.829249869883725 }, "geometry": { "type": "LineString", "coordinates": [ [ -58.461184989617998, -34.6429440929086 ], [ -58.460951896628799, -34.643286295420403 ], [ -58.460928541581801, -34.643612634546699 ] ] } },
{ "type": "Feature", "properties": { "sentido": "DECRECIENTE", "alt_izqfin": 3100.0, "com_par": 7.0, "long": "75.065.469.013.313.500", "nomanter": null, "tipo_c": "AVENIDA", "alt_derfin": 0.0, "alt_derini": 0.0, "alt_izqini": 3002.0, "codigo": 4102.0, "barrio_imp": "FLORES", "nomoficial": "DELLEPIANE, LUIS, TTE. GRAL.", "id_street": 29191.0, "nom_mapa": "TTE.GRAL.LUIS DELLEPIANE", "tipo_ffcc": "Sin Iteracción", "id": 29191.0, "barrio_par": "FLORES", "observa": null, "bicisenda": null, "red_jerarq": "VÍA LOCAL", "cuadra": "DELLEPIANE, LUIS, TTE. GRAL. 3002-3100", "comuna": 7.0, "EMPRESA": "METROTEL", "com_impar": 7.0, "barrio": "FLORES", "hasta": 3100.0, "desde": 3002.0, "longitud_m": 74.55398387818245 }, "geometry": { "type": "LineString", "coordinates": [ [ -58.460928541581801, -34.643612634546699 ], [ -58.460904662183999, -34.644284401407603 ] ] } },
{ "type": "Feature", "properties": { "sentido": "DECRECIENTE", "alt_izqfin": 0.0, "com_par": 9.0, "long": "14.793.393.714.408.100", "nomanter": null, "tipo_c": "CALLE", "alt_derfin": 0.0, "alt_derini": 0.0, "alt_izqini": 0.0, "codigo": 16016.0, "barrio_imp": "MATADEROS", "nomoficial": "OLIDEN", "id_street": 31533.0, "nom_mapa": "OLIDEN", "tipo_ffcc": "Sin Iteracción", "id": 31533.0, "barrio_par": "MATADEROS", "observa": null, "bicisenda": null, "red_jerarq": "VÍA DISTRIBUIDORA COMPLEMENTARIA", "cuadra": "OLIDEN 0-0", "comuna": 9.0, "EMPRESA": "METROTEL", "com_impar": 9.0, "barrio": "MATADEROS", "hasta": 0.0, "desde": 0.0, "longitud_m": 14.792929332200707 }, "geometry": { "type": "LineString", "coordinates": [ [ -58.504070996121001, -34.653033720172601 ], [ -58.503963324715102, -34.653133043984603 ] ] } },
{ "type": "Feature", "properties": { "sentido": "CRECIENTE", "alt_izqfin": 2500.0, "com_par": 12.0, "long": "129.968.926.540.001.000", "nomanter": "TIMBO", "tipo_c": "CALLE", "alt_derfin": 2499.0, "alt_derini": 2401.0, "alt_izqini": 2402.0, "codigo": 12129.0, "barrio_imp": "VILLA PUEYRREDON", "nomoficial": "LOPEZ, CARLOS ANTONIO", "id_street": 5229.0, "nom_mapa": "CARLOS ANTONIO LOPEZ", "tipo_ffcc": "Sin Iteracción", "id": 5229.0, "barrio_par": "VILLA PUEYRREDON", "observa": null, "bicisenda": null, "red_jerarq": "VÍA LOCAL", "cuadra": "LOPEZ, CARLOS ANTONIO 2401-2500", "comuna": 12.0, "EMPRESA": "METROTEL", "com_impar": 12.0, "barrio": "VILLA PUEYRREDON", "hasta": 2500.0, "desde": 2401.0, "longitud_m": 129.9642006775313 }, "geometry": { "type": "LineString", "coordinates": [ [ -58.497320003904498, -34.581903144023997 ], [ -58.498453851253302, -34.582605370856399 ] ] } },
{ "type": "Feature", "properties": { "sentido": "CRECIENTE", "alt_izqfin": 2600.0, "com_par": 12.0, "long": "129.360.666.475.396.000", "nomanter": "TIMBO", "tipo_c": "CALLE", "alt_derfin": 2599.0, "alt_derini": 2501.0, "alt_izqini": 2502.0, "codigo": 12129.0, "barrio_imp": "VILLA PUEYRREDON", "nomoficial": "LOPEZ, CARLOS ANTONIO", "id_street": 5367.0, "nom_mapa": "CARLOS ANTONIO LOPEZ", "tipo_ffcc": "Sin Iteracción", "id": 5367.0, "barrio_par": "VILLA PUEYRREDON", "observa": null, "bicisenda": null, "red_jerarq": "VÍA LOCAL", "cuadra": "LOPEZ, CARLOS ANTONIO 2501-2600", "comuna": 12.0, "EMPRESA": "METROTEL", "com_impar": 12.0, "barrio": "VILLA PUEYRREDON", "hasta": 2600.0, "desde": 2501.0, "longitud_m": 129.35349542044912 }, "geometry": { "type": "LineString", "coordinates": [ [ -58.498453851253302, -34.582605370856399 ], [ -58.499580479601299, -34.583306392009 ] ] } },
{ "type": "Feature", "properties": { "sentido": "CRECIENTE", "alt_izqfin": 2700.0, "com_par": 12.0, "long": "129.951.709.754.956.000", "nomanter": "TIMBO", "tipo_c": "CALLE", "alt_derfin": 2699.0, "alt_derini": 2601.0, "alt_izqini": 2602.0, "codigo": 12129.0, "barrio_imp": "VILLA PUEYRREDON", "nomoficial": "LOPEZ, CARLOS ANTONIO", "id_street": 5517.0, "nom_mapa": "CARLOS ANTONIO LOPEZ", "tipo_ffcc": "Sin Iteracción", "id": 5517.0, "barrio_par": "VILLA PUEYRREDON", "observa": null, "bicisenda": null, "red_jerarq": "VÍA LOCAL", "cuadra": "LOPEZ, CARLOS ANTONIO 2601-2700", "comuna": 12.0, "EMPRESA": "METROTEL", "com_impar": 12.0, "barrio": "VILLA PUEYRREDON", "hasta": 2700.0, "desde": 2601.0, "longitud_m": 129.94432027319158 }, "geometry": { "type": "LineString", "coordinates": [ [ -58.499580479601299, -34.583306392009 ], [ -58.500716067000702, -34.584006413994899 ] ] } },
{ "type": "Feature", "properties": { "sentido": "CRECIENTE", "alt_izqfin": 2800.0, "com_par": 12.0, "long": "130.124.199.411.938.000", "nomanter": "TIMBO", "tipo_c": "CALLE", "alt_derfin": 2799.0, "alt_derini": 2701.0, "alt_izqini": 2702.0, "codigo": 12129.0, "barrio_imp": "VILLA PUEYRREDON", "nomoficial": "LOPEZ, CARLOS ANTONIO", "id_street": 5677.0, "nom_mapa": "CARLOS ANTONIO LOPEZ", "tipo_ffcc": "Sin Iteracción", "id": 5677.0, "barrio_par": "VILLA PUEYRREDON", "observa": null, "bicisenda": null, "red_jerarq": "VÍA LOCAL", "cuadra": "LOPEZ, CARLOS ANTONIO 2701-2800", "comuna": 12.0, "EMPRESA": "METROTEL", "com_impar": 12.0, "barrio": "VILLA PUEYRREDON", "hasta": 2800.0, "desde": 2701.0, "longitud_m": 130.11592107384681 }, "geometry": { "type": "LineString", "coordinates": [ [ -58.500716067000702, -34.584006413994899 ], [ -58.501852355477403, -34.584708256124699 ] ] } },
{ "type": "Feature", "properties": { "sentido": "CRECIENTE", "alt_izqfin": 2900.0, "com_par": 12.0, "long": "129.146.626.859.903.000", "nomanter": "TIMBO", "tipo_c": "CALLE", "alt_derfin": 2899.0, "alt_derini": 2801.0, "alt_izqini": 2802.0, "codigo": 12129.0, "barrio_imp": "VILLA PUEYRREDON", "nomoficial": "LOPEZ, CARLOS ANTONIO", "id_street": 5832.0, "nom_mapa": "CARLOS ANTONIO LOPEZ", "tipo_ffcc": "Sin Iteracción", "id": 5832.0, "barrio_par": "VILLA PUEYRREDON", "observa": null, "bicisenda": null, "red_jerarq": "VÍA LOCAL", "cuadra": "LOPEZ, CARLOS ANTONIO 2801-2900", "comuna": 12.0, "EMPRESA": "METROTEL", "com_impar": 12.0, "barrio": "VILLA PUEYRREDON", "hasta": 2900.0, "desde": 2801.0, "longitud_m": 129.1392868196163 }, "geometry": { "type": "LineString", "coordinates": [ [ -58.501852355477403, -34.584708256124699 ], [ -58.502977847726797, -34.585407344569902 ] ] } },
{ "type": "Feature", "properties": { "sentido": "CRECIENTE", "alt_izqfin": 5100.0, "com_par": 12.0, "long": "138.196.092.544.560.000", "nomanter": null, "tipo_c": "CALLE", "alt_derfin": 5099.0, "alt_derini": 5001.0, "alt_izqini": 5002.0, "codigo": 2083.0, "barrio_imp": "VILLA URQUIZA", "nomoficial": "BLANCO ENCALADA", "id_street": 3977.0, "nom_mapa": "BLANCO ENCALADA", "tipo_ffcc": "Sin Iteracción", "id": 3977.0, "barrio_par": "VILLA URQUIZA", "observa": "corrección altura 9-1-03", "bicisenda": null, "red_jerarq": "VÍA LOCAL", "cuadra": "BLANCO ENCALADA 5001-5100", "comuna": 12.0, "EMPRESA": "METROTEL", "com_impar": 12.0, "barrio": "VILLA URQUIZA", "hasta": 5100.0, "desde": 5001.0, "longitud_m": 138.19088628965048 }, "geometry": { "type": "LineString", "coordinates": [ [ -58.485396588882303, -34.574963217433897 ], [ -58.486621603068599, -34.575687862879498 ] ] } },
{ "type": "Feature", "properties": { "sentido": "CRECIENTE", "alt_izqfin": 5200.0, "com_par": 12.0, "long": "112.415.100.336.942.000", "nomanter": null, "tipo_c": "CALLE", "alt_derfin": 5199.0, "alt_derini": 5101.0, "alt_izqini": 5102.0, "codigo": 2083.0, "barrio_imp": "VILLA URQUIZA", "nomoficial": "BLANCO ENCALADA", "id_street": 4063.0, "nom_mapa": "BLANCO ENCALADA", "tipo_ffcc": "Sin Iteracción", "id": 4063.0, "barrio_par": "VILLA URQUIZA", "observa": "corrección altura 9-1-03", "bicisenda": null, "red_jerarq": "VÍA LOCAL", "cuadra": "BLANCO ENCALADA 5101-5200", "comuna": 12.0, "EMPRESA": "METROTEL", "com_impar": 12.0, "barrio": "VILLA URQUIZA", "hasta": 5200.0, "desde": 5101.0, "longitud_m": 112.41111574836775 }, "geometry": { "type": "LineString", "coordinates": [ [ -58.486621603068599, -34.575687862879498 ], [ -58.487618762602203, -34.5762765529931 ] ] } },
{ "type": "Feature", "properties": { "sentido": "CRECIENTE", "alt_izqfin": 5300.0, "com_par": 12.0, "long": "170.929.439.140.347.000", "nomanter": null, "tipo_c": "CALLE", "alt_derfin": 5299.0, "alt_derini": 5201.0, "alt_izqini": 5202.0, "codigo": 2083.0, "barrio_imp": "VILLA URQUIZA", "nomoficial": "BLANCO ENCALADA", "id_street": 4206.0, "nom_mapa": "BLANCO ENCALADA", "tipo_ffcc": "Sin Iteracción", "id": 4206.0, "barrio_par": "VILLA URQUIZA", "observa": "corrección altura 9-1-03", "bicisenda": null, "red_jerarq": "VÍA LOCAL", "cuadra": "BLANCO ENCALADA 5201-5300", "comuna": 12.0, "EMPRESA": "METROTEL", "com_impar": 12.0, "barrio": "VILLA URQUIZA", "hasta": 5300.0, "desde": 5201.0, "longitud_m": 170.92337939399189 }, "geometry": { "type": "LineString", "coordinates": [ [ -58.487618762602203, -34.5762765529931 ], [ -58.489134965937502, -34.577171681356198 ] ] } },
{ "type": "Feature", "properties": { "sentido": "CRECIENTE", "alt_izqfin": 5400.0, "com_par": 12.0, "long": "120.956.577.790.235.000", "nomanter": null, "tipo_c": "CALLE", "alt_derfin": 5399.0, "alt_derini": 5301.0, "alt_izqini": 5302.0, "codigo": 2083.0, "barrio_imp": "VILLA URQUIZA", "nomoficial": "BLANCO ENCALADA", "id_street": 4314.0, "nom_mapa": "BLANCO ENCALADA", "tipo_ffcc": "Sin Iteracción", "id": 4314.0, "barrio_par": "VILLA URQUIZA", "observa": "corrección altura 9-1-03", "bicisenda": null, "red_jerarq": "VÍA LOCAL", "cuadra": "BLANCO ENCALADA 5301-5400", "comuna": 12.0, "EMPRESA": "METROTEL", "com_impar": 12.0, "barrio": "VILLA URQUIZA", "hasta": 5400.0, "desde": 5301.0, "longitud_m": 120.95228865963048 }, "geometry": { "type": "LineString", "coordinates": [ [ -58.489134965937502, -34.577171681356198 ], [ -58.4902079516866, -34.577805053259397 ] ] } },
{ "type": "Feature", "properties": { "sentido": "CRECIENTE", "alt_izqfin": 5500.0, "com_par": 12.0, "long": "119.903.083.057.519.000", "nomanter": null, "tipo_c": "CALLE", "alt_derfin": 5499.0, "alt_derini": 5401.0, "alt_izqini": 5402.0, "codigo": 2083.0, "barrio_imp": "VILLA URQUIZA", "nomoficial": "BLANCO ENCALADA", "id_street": 4424.0, "nom_mapa": "BLANCO ENCALADA", "tipo_ffcc": "Sin Iteracción", "id": 4424.0, "barrio_par": "VILLA URQUIZA", "observa": "corrección altura 9-1-03", "bicisenda": null, "red_jerarq": "VÍA LOCAL", "cuadra": "BLANCO ENCALADA 5401-5500", "comuna": 12.0, "EMPRESA": "METROTEL", "com_impar": 12.0, "barrio": "VILLA URQUIZA", "hasta": 5500.0, "desde": 5401.0, "longitud_m": 119.89883057262799 }, "geometry": { "type": "LineString", "coordinates": [ [ -58.4902079516866, -34.577805053259397 ], [ -58.491271586173703, -34.578432924741001 ] ] } },
{ "type": "Feature", "properties": { "sentido": "CRECIENTE", "alt_izqfin": 5600.0, "com_par": 12.0, "long": "119.785.078.840.426.000", "nomanter": null, "tipo_c": "CALLE", "alt_derfin": 5599.0, "alt_derini": 5501.0, "alt_izqini": 5502.0, "codigo": 2083.0, "barrio_imp": "VILLA URQUIZA", "nomoficial": "BLANCO ENCALADA", "id_street": 4526.0, "nom_mapa": "BLANCO ENCALADA", "tipo_ffcc": "Sin Iteracción", "id": 4526.0, "barrio_par": "VILLA URQUIZA", "observa": "corrección altura 9-1-03", "bicisenda": null, "red_jerarq": "VÍA LOCAL", "cuadra": "BLANCO ENCALADA 5501-5600", "comuna": 12.0, "EMPRESA": "METROTEL", "com_impar": 12.0, "barrio": "VILLA URQUIZA", "hasta": 5600.0, "desde": 5501.0, "longitud_m": 119.78082096934585 }, "geometry": { "type": "LineString", "coordinates": [ [ -58.491271586173703, -34.578432924741001 ], [ -58.492334810471, -34.579059448928703 ] ] } },
{ "type": "Feature", "properties": { "sentido": "CRECIENTE", "alt_izqfin": 5700.0, "com_par": 12.0, "long": "165.603.950.964.672.000", "nomanter": null, "tipo_c": "CALLE", "alt_derfin": 5699.0, "alt_derini": 5601.0, "alt_izqini": 5602.0, "codigo": 2083.0, "barrio_imp": "VILLA URQUIZA", "nomoficial": "BLANCO ENCALADA", "id_street": 4690.0, "nom_mapa": "BLANCO ENCALADA", "tipo_ffcc": "Sin Iteracción", "id": 4690.0, "barrio_par": "VILLA URQUIZA", "observa": "corrección altura 9-1-03", "bicisenda": null, "red_jerarq": "VÍA LOCAL", "cuadra": "BLANCO ENCALADA 5601-5700", "comuna": 12.0, "EMPRESA": "METROTEL", "com_impar": 12.0, "barrio": "VILLA URQUIZA", "hasta": 5700.0, "desde": 5601.0, "longitud_m": 165.59807214274289 }, "geometry": { "type": "LineString", "coordinates": [ [ -58.492334810471, -34.579059448928703 ], [ -58.493804956045601, -34.5799253743143 ] ] } },
{ "type": "Feature", "properties": { "sentido": "CRECIENTE", "alt_izqfin": 5800.0, "com_par": 12.0, "long": "52.093.278.168.275.700", "nomanter": null, "tipo_c": "CALLE", "alt_derfin": 5799.0, "alt_derini": 5701.0, "alt_izqini": 5702.0, "codigo": 2083.0, "barrio_imp": "VILLA URQUIZA", "nomoficial": "BLANCO ENCALADA", "id_street": 4751.0, "nom_mapa": "BLANCO ENCALADA", "tipo_ffcc": "Sin Iteracción", "id": 4751.0, "barrio_par": "VILLA URQUIZA", "observa": "corrección altura 9-1-03", "bicisenda": null, "red_jerarq": "VÍA LOCAL", "cuadra": "BLANCO ENCALADA 5701-5800", "comuna": 12.0, "EMPRESA": "METROTEL", "com_impar": 12.0, "barrio": "VILLA URQUIZA", "hasta": 5800.0, "desde": 5701.0, "longitud_m": 52.091428693698646 }, "geometry": { "type": "LineString", "coordinates": [ [ -58.493804956045601, -34.5799253743143 ], [ -58.494267373419603, -34.580197814127203 ] ] } },
{ "type": "Feature", "properties": { "sentido": "CRECIENTE", "alt_izqfin": 0.0, "com_par": 12.0, "long": "26.824.875.285.081.400", "nomanter": null, "tipo_c": "CALLE", "alt_derfin": 0.0, "alt_derini": 0.0, "alt_izqini": 0.0, "codigo": 2083.0, "barrio_imp": "VILLA URQUIZA", "nomoficial": "BLANCO ENCALADA", "id_street": 30601.0, "nom_mapa": "BLANCO ENCALADA", "tipo_ffcc": "Sin Iteracción", "id": 30601.0, "barrio_par": "VILLA URQUIZA", "observa": "Remodelación de tramos sobre el Túnel de la Av De los Constituyentes inaugurado el 13/11/2015", "bicisenda": null, "red_jerarq": "VÍA LOCAL", "cuadra": "BLANCO ENCALADA 0-0", "comuna": 12.0, "EMPRESA": "METROTEL", "com_impar": 12.0, "barrio": "VILLA URQUIZA", "hasta": 0.0, "desde": 0.0, "longitud_m": 26.823748165333338 }, "geometry": { "type": "LineString", "coordinates": [ [ -58.494267373419603, -34.580197814127203 ], [ -58.494559719626203, -34.580199160163602 ] ] } },
{ "type": "Feature", "properties": { "sentido": "DOBLE", "alt_izqfin": 8100.0, "com_par": 13.0, "long": "85.625.317.912.726.200", "nomanter": "DEL LIBERTADOR GENERAL SAN MARTIN, Av.(parciales :", "tipo_c": "AVENIDA", "alt_derfin": 8099.0, "alt_derini": 8001.0, "alt_izqini": 8002.0, "codigo": 12107.0, "barrio_imp": "NUÑEZ", "nomoficial": "DEL LIBERTADOR AV.", "id_street": 122.0, "nom_mapa": "AV.DEL LIBERTADOR", "tipo_ffcc": "Sin Iteracción", "id": 122.0, "barrio_par": "NUÑEZ", "observa": null, "bicisenda": null, "red_jerarq": "VÍA DISTRIBUIDORA PRINCIPAL", "cuadra": "DEL LIBERTADOR AV. 8001-8100", "comuna": 13.0, "EMPRESA": "METROTEL", "com_impar": 13.0, "barrio": "NUÑEZ", "hasta": 8100.0, "desde": 8001.0, "longitud_m": 85.622985184749496 }, "geometry": { "type": "LineString", "coordinates": [ [ -58.463365290400603, -34.5413706276033 ], [ -58.463824836849703, -34.5406989523212 ] ] } },
{ "type": "Feature", "properties": { "sentido": "DOBLE", "alt_izqfin": 1800.0, "com_par": 13.0, "long": "64.755.410.729.585.200", "nomanter": null, "tipo_c": "AVENIDA", "alt_derfin": 1799.0, "alt_derini": 1735.0, "alt_izqini": 1742.0, "codigo": 10017.0, "barrio_imp": "BELGRANO", "nomoficial": "JURAMENTO AV.", "id_street": 1822.0, "nom_mapa": "AV. JURAMENTO", "tipo_ffcc": "Sin Iteracción", "id": 1822.0, "barrio_par": "BELGRANO", "observa": null, "bicisenda": null, "red_jerarq": "VÍA DISTRIBUIDORA PRINCIPAL", "cuadra": "JURAMENTO AV. 1735-1800", "comuna": 13.0, "EMPRESA": "METROTEL", "com_impar": 13.0, "barrio": "BELGRANO", "hasta": 1800.0, "desde": 1735.0, "longitud_m": 64.740199882874734 }, "geometry": { "type": "LineString", "coordinates": [ [ -58.450586299945499, -34.558441531801797 ], [ -58.4511537600374, -34.558788217046697 ] ] } },
{ "type": "Feature", "properties": { "sentido": "DOBLE", "alt_izqfin": 1900.0, "com_par": 13.0, "long": "91.763.493.259.995.100", "nomanter": null, "tipo_c": "AVENIDA", "alt_derfin": 1899.0, "alt_derini": 1801.0, "alt_izqini": 1802.0, "codigo": 10017.0, "barrio_imp": "BELGRANO", "nomoficial": "JURAMENTO AV.", "id_street": 1877.0, "nom_mapa": "AV. JURAMENTO", "tipo_ffcc": "Sin Iteracción", "id": 1877.0, "barrio_par": "BELGRANO", "observa": null, "bicisenda": null, "red_jerarq": "VÍA DISTRIBUIDORA PRINCIPAL", "cuadra": "JURAMENTO AV. 1801-1900", "comuna": 13.0, "EMPRESA": "METROTEL", "com_impar": 13.0, "barrio": "BELGRANO", "hasta": 1900.0, "desde": 1801.0, "longitud_m": 91.760251808721449 }, "geometry": { "type": "LineString", "coordinates": [ [ -58.4511537600374, -34.558788217046697 ], [ -58.451965339161099, -34.559271334031699 ] ] } },
{ "type": "Feature", "properties": { "sentido": "CRECIENTE", "alt_izqfin": 6200.0, "com_par": 15.0, "long": "124.970.031.538.969.000", "nomanter": "RIVERA-GIRIBONE", "tipo_c": "AVENIDA", "alt_derfin": 6199.0, "alt_derini": 6101.0, "alt_izqini": 6102.0, "codigo": 3165.0, "barrio_imp": "CHACARITA", "nomoficial": "CORDOBA AV.", "id_street": 5475.0, "nom_mapa": "AV. CORDOBA", "tipo_ffcc": "Sin Iteracción", "id": 5475.0, "barrio_par": "CHACARITA", "observa": null, "bicisenda": null, "red_jerarq": "VÍA DISTRIBUIDORA PRINCIPAL", "cuadra": "CORDOBA AV. 6101-6200", "comuna": 15.0, "EMPRESA": "METROTEL", "com_impar": 15.0, "barrio": "CHACARITA", "hasta": 6200.0, "desde": 6101.0, "longitud_m": 124.96530384216352 }, "geometry": { "type": "LineString", "coordinates": [ [ -58.446428569946299, -34.583807740077297 ], [ -58.447637090259498, -34.583288173360799 ] ] } },
{ "type": "Feature", "properties": { "sentido": "DOBLE", "alt_izqfin": 4822.0, "com_par": 15.0, "long": "142.046.017.439.961.000", "nomanter": "BELLA VISTA", "tipo_c": "AVENIDA", "alt_derfin": 4821.0, "alt_derini": 4701.0, "alt_izqini": 4702.0, "codigo": 7036.0, "barrio_imp": "PATERNAL", "nomoficial": "GARMENDIA AV.", "id_street": 7680.0, "nom_mapa": "AV. GARMENDIA", "tipo_ffcc": "Sin Iteracción", "id": 7680.0, "barrio_par": "CHACARITA", "observa": null, "bicisenda": null, "red_jerarq": "VÍA DISTRIBUIDORA COMPLEMENTARIA", "cuadra": "GARMENDIA AV. 4701-4822", "comuna": null, "EMPRESA": "METROTEL", "com_impar": 15.0, "barrio": null, "hasta": 4822.0, "desde": 4701.0, "longitud_m": 142.0426523964004 }, "geometry": { "type": "LineString", "coordinates": [ [ -58.464456063914099, -34.592798896869702 ], [ -58.464827063171697, -34.594042032228302 ] ] } },
{ "type": "Feature", "properties": { "sentido": "DOBLE", "alt_izqfin": 4890.0, "com_par": 15.0, "long": "97.775.755.826.629.000", "nomanter": "BELLA VISTA", "tipo_c": "AVENIDA", "alt_derfin": 4889.0, "alt_derini": 4823.0, "alt_izqini": 4824.0, "codigo": 7036.0, "barrio_imp": "PATERNAL", "nomoficial": "GARMENDIA AV.", "id_street": 7927.0, "nom_mapa": "AV. GARMENDIA", "tipo_ffcc": "Sin Iteracción", "id": 7927.0, "barrio_par": "CHACARITA", "observa": null, "bicisenda": null, "red_jerarq": "VÍA DISTRIBUIDORA COMPLEMENTARIA", "cuadra": "GARMENDIA AV. 4823-4890", "comuna": null, "EMPRESA": "METROTEL", "com_impar": 15.0, "barrio": null, "hasta": 4890.0, "desde": 4823.0, "longitud_m": 97.773447089330332 }, "geometry": { "type": "LineString", "coordinates": [ [ -58.464827063171697, -34.594042032228302 ], [ -58.465073295074497, -34.594899561096703 ] ] } },
{ "type": "Feature", "properties": { "sentido": "DOBLE", "alt_izqfin": 5000.0, "com_par": 15.0, "long": "115.343.906.400.308.000", "nomanter": "BELLA VISTA", "tipo_c": "AVENIDA", "alt_derfin": 4999.0, "alt_derini": 4901.0, "alt_izqini": 4902.0, "codigo": 7036.0, "barrio_imp": "PATERNAL", "nomoficial": "GARMENDIA AV.", "id_street": 8161.0, "nom_mapa": "AV. GARMENDIA", "tipo_ffcc": "Sin Iteracción", "id": 8161.0, "barrio_par": "CHACARITA", "observa": "Reasignación de Doble Sentido de Circulación según Resolución 1320/SSTYTRA/19 en BO 5727 del 24/10/2019 (antes Decreciente)", "bicisenda": null, "red_jerarq": "VÍA DISTRIBUIDORA COMPLEMENTARIA", "cuadra": "GARMENDIA AV. 4901-5000", "comuna": null, "EMPRESA": "METROTEL", "com_impar": 15.0, "barrio": null, "hasta": 5000.0, "desde": 4901.0, "longitud_m": 115.33897865163577 }, "geometry": { "type": "LineString", "coordinates": [ [ -58.465197406021602, -34.595331783794499 ], [ -58.465512139922701, -34.596338397294303 ] ] } },
{ "type": "Feature", "properties": { "sentido": "DOBLE", "alt_izqfin": 800.0, "com_par": 6.0, "long": "234.383.711.392.495.000", "nomanter": null, "tipo_c": "AVENIDA", "alt_derfin": 799.0, "alt_derini": 701.0, "alt_izqini": 702.0, "codigo": 1007.0, "barrio_imp": "CABALLITO", "nomoficial": "ACOYTE AV.", "id_street": 11855.0, "nom_mapa": "AV. ACOYTE", "tipo_ffcc": "Sin Iteracción", "id": 11855.0, "barrio_par": "CABALLITO", "observa": null, "bicisenda": null, "red_jerarq": "VÍA DISTRIBUIDORA COMPLEMENTARIA", "cuadra": "ACOYTE AV. 701-800", "comuna": 6.0, "EMPRESA": "METROTEL", "com_impar": 6.0, "barrio": "CABALLITO", "hasta": 800.0, "desde": 701.0, "longitud_m": 234.3779376007505 }, "geometry": { "type": "LineString", "coordinates": [ [ -58.439301996049203, -34.6107986679297 ], [ -58.440120920526603, -34.608797319554498 ] ] } },
{ "type": "Feature", "properties": { "sentido": "DOBLE", "alt_izqfin": 700.0, "com_par": 6.0, "long": "236.144.305.351.019.000", "nomanter": null, "tipo_c": "AVENIDA", "alt_derfin": 699.0, "alt_derini": 501.0, "alt_izqini": 502.0, "codigo": 1007.0, "barrio_imp": "CABALLITO", "nomoficial": "ACOYTE AV.", "id_street": 12410.0, "nom_mapa": "AV. ACOYTE", "tipo_ffcc": "Sin Iteracción", "id": 12410.0, "barrio_par": "CABALLITO", "observa": null, "bicisenda": null, "red_jerarq": "VÍA DISTRIBUIDORA COMPLEMENTARIA", "cuadra": "ACOYTE AV. 501-700", "comuna": 6.0, "EMPRESA": "METROTEL", "com_impar": 6.0, "barrio": "CABALLITO", "hasta": 700.0, "desde": 501.0, "longitud_m": 236.1287400838344 }, "geometry": { "type": "LineString", "coordinates": [ [ -58.438402285813098, -34.612793021754598 ], [ -58.439301996049203, -34.6107986679297 ] ] } },
{ "type": "Feature", "properties": { "sentido": "DOBLE", "alt_izqfin": 500.0, "com_par": 6.0, "long": "152.136.339.756.672.000", "nomanter": null, "tipo_c": "AVENIDA", "alt_derfin": 499.0, "alt_derini": 401.0, "alt_izqini": 402.0, "codigo": 1007.0, "barrio_imp": "CABALLITO", "nomoficial": "ACOYTE AV.", "id_street": 12743.0, "nom_mapa": "AV. ACOYTE", "tipo_ffcc": "Sin Iteracción", "id": 12743.0, "barrio_par": "CABALLITO", "observa": null, "bicisenda": null, "red_jerarq": "VÍA DISTRIBUIDORA COMPLEMENTARIA", "cuadra": "ACOYTE AV. 401-500", "comuna": 6.0, "EMPRESA": "METROTEL", "com_impar": 6.0, "barrio": "CABALLITO", "hasta": 500.0, "desde": 401.0, "longitud_m": 152.13252192214665 }, "geometry": { "type": "LineString", "coordinates": [ [ -58.437813486079101, -34.614075100325898 ], [ -58.438402285813098, -34.612793021754598 ] ] } },
{ "type": "Feature", "properties": { "sentido": "DOBLE", "alt_izqfin": 400.0, "com_par": 6.0, "long": "61.061.542.413.414.600", "nomanter": null, "tipo_c": "AVENIDA", "alt_derfin": 399.0, "alt_derini": 301.0, "alt_izqini": 302.0, "codigo": 1007.0, "barrio_imp": "CABALLITO", "nomoficial": "ACOYTE AV.", "id_street": 12898.0, "nom_mapa": "AV. ACOYTE", "tipo_ffcc": "Sin Iteracción", "id": 12898.0, "barrio_par": "CABALLITO", "observa": null, "bicisenda": null, "red_jerarq": "VÍA DISTRIBUIDORA COMPLEMENTARIA", "cuadra": "ACOYTE AV. 301-400", "comuna": 6.0, "EMPRESA": "METROTEL", "com_impar": 6.0, "barrio": "CABALLITO", "hasta": 400.0, "desde": 301.0, "longitud_m": 61.060146003246196 }, "geometry": { "type": "LineString", "coordinates": [ [ -58.437744493627299, -34.614622557881397 ], [ -58.437813486079101, -34.614075100325898 ] ] } },
{ "type": "Feature", "properties": { "sentido": "DOBLE", "alt_izqfin": 200.0, "com_par": 6.0, "long": "59.036.251.796.413.500", "nomanter": null, "tipo_c": "AVENIDA", "alt_derfin": 199.0, "alt_derini": 161.0, "alt_izqini": 162.0, "codigo": 1007.0, "barrio_imp": "CABALLITO", "nomoficial": "ACOYTE AV.", "id_street": 13406.0, "nom_mapa": "AV. ACOYTE", "tipo_ffcc": "Sin Iteracción", "id": 13406.0, "barrio_par": "CABALLITO", "observa": null, "bicisenda": null, "red_jerarq": "VÍA DISTRIBUIDORA COMPLEMENTARIA", "cuadra": "ACOYTE AV. 161-200", "comuna": 6.0, "EMPRESA": "METROTEL", "com_impar": 6.0, "barrio": "CABALLITO", "hasta": 200.0, "desde": 161.0, "longitud_m": 58.664897961847913 }, "geometry": { "type": "LineString", "coordinates": [ [ -58.437372452179197, -34.616443441981097 ], [ -58.437578326864802, -34.615942751385496 ] ] } },
{ "type": "Feature", "properties": { "sentido": "DOBLE", "alt_izqfin": 150.0, "com_par": 6.0, "long": "30.297.170.075.279.200", "nomanter": null, "tipo_c": "AVENIDA", "alt_derfin": 149.0, "alt_derini": 141.0, "alt_izqini": 142.0, "codigo": 1007.0, "barrio_imp": "CABALLITO", "nomoficial": "ACOYTE AV.", "id_street": 13504.0, "nom_mapa": "AV. ACOYTE", "tipo_ffcc": "Tren Hundido - Paso a Nivel Sin Vías", "id": 13504.0, "barrio_par": "CABALLITO", "observa": null, "bicisenda": null, "red_jerarq": "VÍA DISTRIBUIDORA COMPLEMENTARIA", "cuadra": "ACOYTE AV. 141-150", "comuna": 6.0, "EMPRESA": "METROTEL", "com_impar": 6.0, "barrio": "CABALLITO", "hasta": 150.0, "desde": 141.0, "longitud_m": 30.296439644417298 }, "geometry": { "type": "LineString", "coordinates": [ [ -58.437282169981899, -34.616706149078198 ], [ -58.437372452179197, -34.616443441981097 ] ] } },
{ "type": "Feature", "properties": { "sentido": "DOBLE", "alt_izqfin": 140.0, "com_par": 6.0, "long": "44.931.454.136.403.500", "nomanter": null, "tipo_c": "AVENIDA", "alt_derfin": 139.0, "alt_derini": 101.0, "alt_izqini": 102.0, "codigo": 1007.0, "barrio_imp": "CABALLITO", "nomoficial": "ACOYTE AV.", "id_street": 13593.0, "nom_mapa": "AV. ACOYTE", "tipo_ffcc": "Sin Iteracción", "id": 13593.0, "barrio_par": "CABALLITO", "observa": null, "bicisenda": null, "red_jerarq": "VÍA DISTRIBUIDORA COMPLEMENTARIA", "cuadra": "ACOYTE AV. 101-140", "comuna": 6.0, "EMPRESA": "METROTEL", "com_impar": 6.0, "barrio": "CABALLITO", "hasta": 140.0, "desde": 101.0, "longitud_m": 44.930301546655613 }, "geometry": { "type": "LineString", "coordinates": [ [ -58.437089627342701, -34.617078577392398 ], [ -58.437282169981899, -34.616706149078198 ] ] } },
{ "type": "Feature", "properties": { "sentido": "CRECIENTE", "alt_izqfin": 5000.0, "com_par": 6.0, "long": "122.133.212.285.223.000", "nomanter": "PRIMERA JUNTA (parcial)", "tipo_c": "AVENIDA", "alt_derfin": 4999.0, "alt_derini": 4955.0, "alt_izqini": 4950.0, "codigo": 19046.0, "barrio_imp": "CABALLITO", "nomoficial": "RIVADAVIA AV.", "id_street": 13962.0, "nom_mapa": "AV. RIVADAVIA", "tipo_ffcc": "Sin Iteracción", "id": 13962.0, "barrio_par": "CABALLITO", "observa": "corrección numeración 7-2", "bicisenda": null, "red_jerarq": "VÍA DISTRIBUIDORA PRINCIPAL", "cuadra": "RIVADAVIA AV. 4955-5000", "comuna": 6.0, "EMPRESA": "METROTEL", "com_impar": 6.0, "barrio": "CABALLITO", "hasta": 5000.0, "desde": 4955.0, "longitud_m": 122.12861051666745 }, "geometry": { "type": "LineString", "coordinates": [ [ -58.435284978976597, -34.617778959817599 ], [ -58.436458204996903, -34.618299793509102 ] ] } },
{ "type": "Feature", "properties": { "sentido": "DOBLE", "alt_izqfin": 100.0, "com_par": 6.0, "long": "147.335.157.009.758.000", "nomanter": null, "tipo_c": "AVENIDA", "alt_derfin": 99.0, "alt_derini": 1.0, "alt_izqini": 2.0, "codigo": 1007.0, "barrio_imp": "CABALLITO", "nomoficial": "ACOYTE AV.", "id_street": 13963.0, "nom_mapa": "AV. ACOYTE", "tipo_ffcc": "Sin Iteracción", "id": 13963.0, "barrio_par": "CABALLITO", "observa": null, "bicisenda": null, "red_jerarq": "VÍA DISTRIBUIDORA COMPLEMENTARIA", "cuadra": "ACOYTE AV. 1-100", "comuna": 6.0, "EMPRESA": "METROTEL", "com_impar": 6.0, "barrio": "CABALLITO", "hasta": 100.0, "desde": 1.0, "longitud_m": 147.33137707571407 }, "geometry": { "type": "LineString", "coordinates": [ [ -58.436458204996903, -34.618299793509102 ], [ -58.437089627342701, -34.617078577392398 ] ] } },
{ "type": "Feature", "properties": { "sentido": "DECRECIENTE", "alt_izqfin": 4400.0, "com_par": 14.0, "long": "120.846.441.490.579.000", "nomanter": null, "tipo_c": "AVENIDA", "alt_derfin": 0.0, "alt_derini": 0.0, "alt_izqini": 4302.0, "codigo": 20057.0, "barrio_imp": "PALERMO", "nomoficial": "SANTA FE AV.", "id_street": 4818.0, "nom_mapa": "AV. SANTA FE", "tipo_ffcc": "Sin Iteracción", "id": 4818.0, "barrio_par": "PALERMO", "observa": null, "bicisenda": null, "red_jerarq": "VÍA DISTRIBUIDORA PRINCIPAL", "cuadra": "SANTA FE AV. 4302-4400", "comuna": 14.0, "EMPRESA": "METROTEL", "com_impar": 14.0, "barrio": "PALERMO", "hasta": 4400.0, "desde": 4302.0, "longitud_m": 120.84232040565928 }, "geometry": { "type": "LineString", "coordinates": [ [ -58.4226044939807, -34.580579667778103 ], [ -58.423613878452898, -34.5798799166284 ] ] } },
{ "type": "Feature", "properties": { "sentido": "CRECIENTE", "alt_izqfin": 2500.0, "com_par": 14.0, "long": "146.795.811.633.842.000", "nomanter": null, "tipo_c": "CALLE", "alt_derfin": 2499.0, "alt_derini": 2401.0, "alt_izqini": 2402.0, "codigo": 22010.0, "barrio_imp": "PALERMO", "nomoficial": "URIARTE", "id_street": 5004.0, "nom_mapa": "URIARTE", "tipo_ffcc": "Sin Iteracción", "id": 5004.0, "barrio_par": "PALERMO", "observa": "Asignación de Sentido Único de Circulación de S a N según Ley N° 4414 publicada en el Boletín Oficial 4081 del 24/01/2013", "bicisenda": null, "red_jerarq": "VÍA LOCAL", "cuadra": "URIARTE 2401-2500", "comuna": 14.0, "EMPRESA": "METROTEL", "com_impar": 14.0, "barrio": "PALERMO", "hasta": 2500.0, "desde": 2401.0, "longitud_m": 146.79099520000625 }, "geometry": { "type": "LineString", "coordinates": [ [ -58.423758880011597, -34.581495838897197 ], [ -58.4226044939807, -34.580579667778103 ] ] } },
{ "type": "Feature", "properties": { "sentido": "CRECIENTE", "alt_izqfin": 0.0, "com_par": 4.0, "long": "9.145.765.112.470.160", "nomanter": "ARMONIA", "tipo_c": "CALLE", "alt_derfin": 0.0, "alt_derini": 0.0, "alt_izqini": 0.0, "codigo": 18009.0, "barrio_imp": "PARQUE PATRICIOS", "nomoficial": "15 DE NOVIEMBRE DE 1889", "id_street": 17697.0, "nom_mapa": "15 DE NOVIEMBRE DE 1889", "tipo_ffcc": "Sin Iteracción", "id": 17697.0, "barrio_par": "PARQUE PATRICIOS", "observa": null, "bicisenda": null, "red_jerarq": "VÍA LOCAL", "cuadra": "15 DE NOVIEMBRE DE 1889 0-0", "comuna": 4.0, "EMPRESA": "METROTEL", "com_impar": 4.0, "barrio": "PARQUE PATRICIOS", "hasta": 0.0, "desde": 0.0, "longitud_m": 9.1453911930282796 }, "geometry": { "type": "LineString", "coordinates": [ [ -58.391300822488198, -34.631684818107097 ], [ -58.391396393219303, -34.6317083958482 ] ] } },
{ "type": "Feature", "properties": { "sentido": "DOBLE", "alt_izqfin": 2000.0, "com_par": 7.0, "long": "30.389.019.273.723.900", "nomanter": null, "tipo_c": "AVENIDA", "alt_derfin": 1999.0, "alt_derini": 1901.0, "alt_izqini": 1902.0, "codigo": 3086.0, "barrio_imp": "PARQUE CHACABUCO", "nomoficial": "CASTAÑARES AV.", "id_street": 20638.0, "nom_mapa": "AV. CASTAÑARES", "tipo_ffcc": "Sin Iteracción", "id": 20638.0, "barrio_par": "FLORES", "observa": null, "bicisenda": null, "red_jerarq": "VÍA DISTRIBUIDORA COMPLEMENTARIA", "cuadra": "CASTAÑARES AV. 1901-2000", "comuna": null, "EMPRESA": "METROTEL", "com_impar": 7.0, "barrio": null, "hasta": 2000.0, "desde": 1901.0, "longitud_m": 30.388037282773269 }, "geometry": { "type": "LineString", "coordinates": [ [ -58.443078924715202, -34.641776318873902 ], [ -58.443313283736501, -34.641970021149497 ] ] } },
{ "type": "Feature", "properties": { "sentido": "DOBLE", "alt_izqfin": 2100.0, "com_par": 7.0, "long": "126.034.705.814.625.000", "nomanter": null, "tipo_c": "AVENIDA", "alt_derfin": 2099.0, "alt_derini": 2001.0, "alt_izqini": 2002.0, "codigo": 3086.0, "barrio_imp": "PARQUE CHACABUCO", "nomoficial": "CASTAÑARES AV.", "id_street": 20901.0, "nom_mapa": "AV. CASTAÑARES", "tipo_ffcc": "Sin Iteracción", "id": 20901.0, "barrio_par": "FLORES", "observa": null, "bicisenda": null, "red_jerarq": "VÍA DISTRIBUIDORA COMPLEMENTARIA", "cuadra": "CASTAÑARES AV. 2001-2100", "comuna": null, "EMPRESA": "METROTEL", "com_impar": 7.0, "barrio": null, "hasta": 2100.0, "desde": 2001.0, "longitud_m": 126.03073235271596 }, "geometry": { "type": "LineString", "coordinates": [ [ -58.443313283736501, -34.641970021149497 ], [ -58.444244922698097, -34.642805388676301 ] ] } },
{ "type": "Feature", "properties": { "sentido": "DOBLE", "alt_izqfin": 2200.0, "com_par": 7.0, "long": "124.956.790.618.455.000", "nomanter": null, "tipo_c": "AVENIDA", "alt_derfin": 2199.0, "alt_derini": 2101.0, "alt_izqini": 2102.0, "codigo": 3086.0, "barrio_imp": "FLORES", "nomoficial": "CASTAÑARES AV.", "id_street": 21145.0, "nom_mapa": "AV. CASTAÑARES", "tipo_ffcc": "Sin Iteracción", "id": 21145.0, "barrio_par": "FLORES", "observa": null, "bicisenda": null, "red_jerarq": "VÍA DISTRIBUIDORA COMPLEMENTARIA", "cuadra": "CASTAÑARES AV. 2101-2200", "comuna": 7.0, "EMPRESA": "METROTEL", "com_impar": 7.0, "barrio": "FLORES", "hasta": 2200.0, "desde": 2101.0, "longitud_m": 124.95285163089693 }, "geometry": { "type": "LineString", "coordinates": [ [ -58.444244922698097, -34.642805388676301 ], [ -58.445168572220098, -34.643633635051202 ] ] } },
{ "type": "Feature", "properties": { "sentido": "DOBLE", "alt_izqfin": 2300.0, "com_par": 7.0, "long": "125.775.054.430.202.000", "nomanter": null, "tipo_c": "AVENIDA", "alt_derfin": 2299.0, "alt_derini": 2201.0, "alt_izqini": 2202.0, "codigo": 3086.0, "barrio_imp": "FLORES", "nomoficial": "CASTAÑARES AV.", "id_street": 21384.0, "nom_mapa": "AV. CASTAÑARES", "tipo_ffcc": "Sin Iteracción", "id": 21384.0, "barrio_par": "FLORES", "observa": null, "bicisenda": null, "red_jerarq": "VÍA DISTRIBUIDORA COMPLEMENTARIA", "cuadra": "CASTAÑARES AV. 2201-2300", "comuna": 7.0, "EMPRESA": "METROTEL", "com_impar": 7.0, "barrio": "FLORES", "hasta": 2300.0, "desde": 2201.0, "longitud_m": 125.77109001321982 }, "geometry": { "type": "LineString", "coordinates": [ [ -58.445168572220098, -34.643633635051202 ], [ -58.446098288908203, -34.644467297755902 ] ] } },
{ "type": "Feature", "properties": { "sentido": "DOBLE", "alt_izqfin": 1500.0, "com_par": 7.0, "long": "121.650.069.104.039.000", "nomanter": null, "tipo_c": "AVENIDA", "alt_derfin": 1499.0, "alt_derini": 1401.0, "alt_izqini": 1402.0, "codigo": 23011.0, "barrio_imp": "FLORES", "nomoficial": "VARELA AV.", "id_street": 21633.0, "nom_mapa": "AV. VARELA", "tipo_ffcc": "Sin Iteracción", "id": 21633.0, "barrio_par": "FLORES", "observa": null, "bicisenda": null, "red_jerarq": "VÍA LOCAL", "cuadra": "VARELA AV. 1401-1500", "comuna": 7.0, "EMPRESA": "METROTEL", "com_impar": 7.0, "barrio": "FLORES", "hasta": 1500.0, "desde": 1401.0, "longitud_m": 121.64626788489585 }, "geometry": { "type": "LineString", "coordinates": [ [ -58.453355396768799, -34.644327822636299 ], [ -58.452469021576498, -34.645143810137199 ] ] } },
{ "type": "Feature", "properties": { "sentido": "DOBLE", "alt_izqfin": 2400.0, "com_par": 7.0, "long": "181.715.506.900.282.000", "nomanter": null, "tipo_c": "AVENIDA", "alt_derfin": 2399.0, "alt_derini": 2301.0, "alt_izqini": 2302.0, "codigo": 3086.0, "barrio_imp": "FLORES", "nomoficial": "CASTAÑARES AV.", "id_street": 21770.0, "nom_mapa": "AV. CASTAÑARES", "tipo_ffcc": "Sin Iteracción", "id": 21770.0, "barrio_par": "FLORES", "observa": null, "bicisenda": null, "red_jerarq": "VÍA DISTRIBUIDORA COMPLEMENTARIA", "cuadra": "CASTAÑARES AV. 2301-2400", "comuna": 7.0, "EMPRESA": "METROTEL", "com_impar": 7.0, "barrio": "FLORES", "hasta": 2400.0, "desde": 2301.0, "longitud_m": 181.70977979149237 }, "geometry": { "type": "LineString", "coordinates": [ [ -58.446098288908203, -34.644467297755902 ], [ -58.447441567728902, -34.645671714946999 ] ] } },
{ "type": "Feature", "properties": { "sentido": "DOBLE", "alt_izqfin": 2600.0, "com_par": 7.0, "long": "50.954.257.142.045.400", "nomanter": null, "tipo_c": "CALLE", "alt_derfin": 2599.0, "alt_derini": 2581.0, "alt_izqini": 2582.0, "codigo": 2011.0, "barrio_imp": "FLORES", "nomoficial": "BALBASTRO", "id_street": 21832.0, "nom_mapa": "BALBASTRO", "tipo_ffcc": "Sin Iteracción", "id": 21832.0, "barrio_par": "FLORES", "observa": null, "bicisenda": null, "red_jerarq": "VÍA LOCAL", "cuadra": "BALBASTRO 2581-2600", "comuna": 7.0, "EMPRESA": "METROTEL", "com_impar": 7.0, "barrio": "FLORES", "hasta": 2600.0, "desde": 2581.0, "longitud_m": 50.574719739412515 }, "geometry": { "type": "LineString", "coordinates": [ [ -58.4512204408164, -34.6456387672633 ], [ -58.451718644241197, -34.645834521386398 ] ] } },
{ "type": "Feature", "properties": { "sentido": "DOBLE", "alt_izqfin": 1600.0, "com_par": 7.0, "long": "102.978.265.022.637.000", "nomanter": null, "tipo_c": "AVENIDA", "alt_derfin": 1599.0, "alt_derini": 1501.0, "alt_izqini": 1502.0, "codigo": 23011.0, "barrio_imp": "FLORES", "nomoficial": "VARELA AV.", "id_street": 21833.0, "nom_mapa": "AV. VARELA", "tipo_ffcc": "Sin Iteracción", "id": 21833.0, "barrio_par": "FLORES", "observa": null, "bicisenda": null, "red_jerarq": "VÍA LOCAL", "cuadra": "VARELA AV. 1501-1600", "comuna": 7.0, "EMPRESA": "METROTEL", "com_impar": 7.0, "barrio": "FLORES", "hasta": 1600.0, "desde": 1501.0, "longitud_m": 102.97504691945923 }, "geometry": { "type": "LineString", "coordinates": [ [ -58.452469021576498, -34.645143810137199 ], [ -58.451718644241197, -34.645834521386398 ] ] } },
{ "type": "Feature", "properties": { "sentido": "DOBLE", "alt_izqfin": 1700.0, "com_par": 7.0, "long": "131.274.049.343.163.000", "nomanter": null, "tipo_c": "AVENIDA", "alt_derfin": 1699.0, "alt_derini": 1601.0, "alt_izqini": 1602.0, "codigo": 23011.0, "barrio_imp": "FLORES", "nomoficial": "VARELA AV.", "id_street": 22016.0, "nom_mapa": "AV. VARELA", "tipo_ffcc": "Sin Iteracción", "id": 22016.0, "barrio_par": "FLORES", "observa": null, "bicisenda": null, "red_jerarq": "VÍA LOCAL", "cuadra": "VARELA AV. 1601-1700", "comuna": 7.0, "EMPRESA": "METROTEL", "com_impar": 7.0, "barrio": "FLORES", "hasta": 1700.0, "desde": 1601.0, "longitud_m": 131.26977603794904 }, "geometry": { "type": "LineString", "coordinates": [ [ -58.4512204408164, -34.6456387672633 ], [ -58.450194366551003, -34.646464090403803 ] ] } },
{ "type": "Feature", "properties": { "sentido": "DOBLE", "alt_izqfin": 2500.0, "com_par": 7.0, "long": "123.021.749.660.534.000", "nomanter": null, "tipo_c": "AVENIDA", "alt_derfin": 2499.0, "alt_derini": 2401.0, "alt_izqini": 2402.0, "codigo": 3086.0, "barrio_imp": "FLORES", "nomoficial": "CASTAÑARES AV.", "id_street": 22031.0, "nom_mapa": "AV. CASTAÑARES", "tipo_ffcc": "Sin Iteracción", "id": 22031.0, "barrio_par": "FLORES", "observa": null, "bicisenda": null, "red_jerarq": "VÍA DISTRIBUIDORA COMPLEMENTARIA", "cuadra": "CASTAÑARES AV. 2401-2500", "comuna": 7.0, "EMPRESA": "METROTEL", "com_impar": 7.0, "barrio": "FLORES", "hasta": 2500.0, "desde": 2401.0, "longitud_m": 123.01787282932116 }, "geometry": { "type": "LineString", "coordinates": [ [ -58.447441567728902, -34.645671714946999 ], [ -58.448350967468599, -34.6464871179802 ] ] } },
{ "type": "Feature", "properties": { "sentido": "DOBLE", "alt_izqfin": 2600.0, "com_par": 7.0, "long": "116.083.521.775.692.000", "nomanter": null, "tipo_c": "AVENIDA", "alt_derfin": 2599.0, "alt_derini": 2501.0, "alt_izqini": 2502.0, "codigo": 3086.0, "barrio_imp": "FLORES", "nomoficial": "CASTAÑARES AV.", "id_street": 22245.0, "nom_mapa": "AV. CASTAÑARES", "tipo_ffcc": "Sin Iteracción", "id": 22245.0, "barrio_par": "FLORES", "observa": null, "bicisenda": null, "red_jerarq": "VÍA DISTRIBUIDORA COMPLEMENTARIA", "cuadra": "CASTAÑARES AV. 2501-2600", "comuna": 7.0, "EMPRESA": "METROTEL", "com_impar": 7.0, "barrio": "FLORES", "hasta": 2600.0, "desde": 2501.0, "longitud_m": 116.05453570150722 }, "geometry": { "type": "LineString", "coordinates": [ [ -58.448350967468599, -34.6464871179802 ], [ -58.449218213577304, -34.647249198992 ] ] } },
{ "type": "Feature", "properties": { "sentido": "DOBLE", "alt_izqfin": 1800.0, "com_par": 7.0, "long": "124.881.930.542.185.000", "nomanter": null, "tipo_c": "AVENIDA", "alt_derfin": 1799.0, "alt_derini": 1701.0, "alt_izqini": 1702.0, "codigo": 23011.0, "barrio_imp": "FLORES", "nomoficial": "VARELA AV.", "id_street": 22246.0, "nom_mapa": "AV. VARELA", "tipo_ffcc": "Sin Iteracción", "id": 22246.0, "barrio_par": "FLORES", "observa": null, "bicisenda": null, "red_jerarq": "VÍA LOCAL", "cuadra": "VARELA AV. 1701-1800", "comuna": 7.0, "EMPRESA": "METROTEL", "com_impar": 7.0, "barrio": "FLORES", "hasta": 1800.0, "desde": 1701.0, "longitud_m": 124.877864852317 }, "geometry": { "type": "LineString", "coordinates": [ [ -58.450194366551003, -34.646464090403803 ], [ -58.449218213577304, -34.647249198992 ] ] } },
{ "type": "Feature", "properties": { "sentido": "CRECIENTE", "alt_izqfin": 0.0, "com_par": 8.0, "long": "10.587.548.880.341.000", "nomanter": null, "tipo_c": "CALLE", "alt_derfin": 0.0, "alt_derini": 0.0, "alt_izqini": 0.0, "codigo": 16008.0, "barrio_imp": "VILLA SOLDATI", "nomoficial": "O'GORMAN", "id_street": 24974.0, "nom_mapa": "O'GORMAN", "tipo_ffcc": "Sin Iteracción", "id": 24974.0, "barrio_par": "VILLA SOLDATI", "observa": null, "bicisenda": null, "red_jerarq": "VÍA LOCAL", "cuadra": "O'GORMAN 0-0", "comuna": 8.0, "EMPRESA": "METROTEL", "com_impar": 8.0, "barrio": "VILLA SOLDATI", "hasta": 0.0, "desde": 0.0, "longitud_m": 10.587191610703355 }, "geometry": { "type": "LineString", "coordinates": [ [ -58.427830695351098, -34.659050566816099 ], [ -58.427743568592597, -34.6591132178552 ] ] } },
{ "type": "Feature", "properties": { "sentido": "CRECIENTE", "alt_izqfin": 0.0, "com_par": 8.0, "long": "138.427.536.709.941.000", "nomanter": "CAMINO AL PUENTE ALSINA O DE LA TABLADA-ROCA AV. T", "tipo_c": "AVENIDA", "alt_derfin": 2299.0, "alt_derini": 2201.0, "alt_izqini": 0.0, "codigo": 19057.0, "barrio_imp": "VILLA SOLDATI", "nomoficial": "RABANAL, FRANCISCO, INTENDENTE AV.", "id_street": 25063.0, "nom_mapa": "AV.INTENDENTE FRANCISCO RABANAL", "tipo_ffcc": "Sin Iteracción", "id": 25063.0, "barrio_par": "VILLA SOLDATI", "observa": null, "bicisenda": null, "red_jerarq": "VÍA DISTRIBUIDORA COMPLEMENTARIA", "cuadra": "RABANAL, FRANCISCO, INTENDENTE AV. 2201-2299", "comuna": 8.0, "EMPRESA": "METROTEL", "com_impar": 8.0, "barrio": "VILLA SOLDATI", "hasta": 2299.0, "desde": 2201.0, "longitud_m": 138.42231013313753 }, "geometry": { "type": "LineString", "coordinates": [ [ -58.427743568592597, -34.6591132178552 ], [ -58.429074713098501, -34.659702404946103 ] ] } },
{ "type": "Feature", "properties": { "sentido": "CRECIENTE", "alt_izqfin": 0.0, "com_par": 8.0, "long": "119.293.370.547.243.000", "nomanter": "CAMINO AL PUENTE ALSINA O DE LA TABLADA-ROCA AV. T", "tipo_c": "AVENIDA", "alt_derfin": 2399.0, "alt_derini": 2301.0, "alt_izqini": 0.0, "codigo": 19057.0, "barrio_imp": "VILLA SOLDATI", "nomoficial": "RABANAL, FRANCISCO, INTENDENTE AV.", "id_street": 25134.0, "nom_mapa": "AV.INTENDENTE FRANCISCO RABANAL", "tipo_ffcc": "Sin Iteracción", "id": 25134.0, "barrio_par": "VILLA SOLDATI", "observa": null, "bicisenda": null, "red_jerarq": "VÍA DISTRIBUIDORA COMPLEMENTARIA", "cuadra": "RABANAL, FRANCISCO, INTENDENTE AV. 2301-2399", "comuna": 8.0, "EMPRESA": "METROTEL", "com_impar": 8.0, "barrio": "VILLA SOLDATI", "hasta": 2399.0, "desde": 2301.0, "longitud_m": 119.28754653971988 }, "geometry": { "type": "LineString", "coordinates": [ [ -58.429074713098501, -34.659702404946103 ], [ -58.430215168265804, -34.660220328278697 ] ] } },
{ "type": "Feature", "properties": { "sentido": "CRECIENTE", "alt_izqfin": 0.0, "com_par": 8.0, "long": "118.973.128.409.769.000", "nomanter": "CAMINO AL PUENTE ALSINA O DE LA TABLADA-ROCA AV. T", "tipo_c": "AVENIDA", "alt_derfin": 2499.0, "alt_derini": 2401.0, "alt_izqini": 0.0, "codigo": 19057.0, "barrio_imp": "VILLA SOLDATI", "nomoficial": "RABANAL, FRANCISCO, INTENDENTE AV.", "id_street": 25218.0, "nom_mapa": "AV.INTENDENTE FRANCISCO RABANAL", "tipo_ffcc": "Sin Iteracción", "id": 25218.0, "barrio_par": "VILLA SOLDATI", "observa": null, "bicisenda": null, "red_jerarq": "VÍA DISTRIBUIDORA COMPLEMENTARIA", "cuadra": "RABANAL, FRANCISCO, INTENDENTE AV. 2401-2499", "comuna": 8.0, "EMPRESA": "METROTEL", "com_impar": 8.0, "barrio": "VILLA SOLDATI", "hasta": 2499.0, "desde": 2401.0, "longitud_m": 118.96866305504709 }, "geometry": { "type": "LineString", "coordinates": [ [ -58.430215168265804, -34.660220328278697 ], [ -58.431351290848397, -34.660738803151901 ] ] } },
{ "type": "Feature", "properties": { "sentido": "CRECIENTE", "alt_izqfin": 0.0, "com_par": 8.0, "long": "124.493.621.854.318.000", "nomanter": "CAMINO AL PUENTE ALSINA O DE LA TABLADA-ROCA AV. T", "tipo_c": "AVENIDA", "alt_derfin": 2599.0, "alt_derini": 2501.0, "alt_izqini": 0.0, "codigo": 19057.0, "barrio_imp": "VILLA SOLDATI", "nomoficial": "RABANAL, FRANCISCO, INTENDENTE AV.", "id_street": 25301.0, "nom_mapa": "AV.INTENDENTE FRANCISCO RABANAL", "tipo_ffcc": "Sin Iteracción", "id": 25301.0, "barrio_par": "VILLA SOLDATI", "observa": null, "bicisenda": null, "red_jerarq": "VÍA DISTRIBUIDORA COMPLEMENTARIA", "cuadra": "RABANAL, FRANCISCO, INTENDENTE AV. 2501-2599", "comuna": 8.0, "EMPRESA": "METROTEL", "com_impar": 8.0, "barrio": "VILLA SOLDATI", "hasta": 2599.0, "desde": 2501.0, "longitud_m": 124.48893556668833 }, "geometry": { "type": "LineString", "coordinates": [ [ -58.431351290848397, -34.660738803151901 ], [ -58.432540259694697, -34.661281154110299 ] ] } },
{ "type": "Feature", "properties": { "sentido": "CRECIENTE", "alt_izqfin": 0.0, "com_par": 8.0, "long": "126.465.352.363.131.000", "nomanter": "CAMINO AL PUENTE ALSINA O DE LA TABLADA-ROCA AV. T", "tipo_c": "AVENIDA", "alt_derfin": 2699.0, "alt_derini": 2601.0, "alt_izqini": 0.0, "codigo": 19057.0, "barrio_imp": "VILLA SOLDATI", "nomoficial": "RABANAL, FRANCISCO, INTENDENTE AV.", "id_street": 25370.0, "nom_mapa": "AV.INTENDENTE FRANCISCO RABANAL", "tipo_ffcc": "Sin Iteracción", "id": 25370.0, "barrio_par": "VILLA SOLDATI", "observa": null, "bicisenda": null, "red_jerarq": "VÍA DISTRIBUIDORA COMPLEMENTARIA", "cuadra": "RABANAL, FRANCISCO, INTENDENTE AV. 2601-2699", "comuna": 8.0, "EMPRESA": "METROTEL", "com_impar": 8.0, "barrio": "VILLA SOLDATI", "hasta": 2699.0, "desde": 2601.0, "longitud_m": 126.46060570338135 }, "geometry": { "type": "LineString", "coordinates": [ [ -58.432540259694697, -34.661281154110299 ], [ -58.433748587994202, -34.6618313150665 ] ] } },
{ "type": "Feature", "properties": { "sentido": "CRECIENTE", "alt_izqfin": 0.0, "com_par": 8.0, "long": "117.304.101.618.606.000", "nomanter": "CAMINO AL PUENTE ALSINA O DE LA TABLADA-ROCA AV. T", "tipo_c": "AVENIDA", "alt_derfin": 2799.0, "alt_derini": 2701.0, "alt_izqini": 0.0, "codigo": 19057.0, "barrio_imp": "VILLA SOLDATI", "nomoficial": "RABANAL, FRANCISCO, INTENDENTE AV.", "id_street": 25427.0, "nom_mapa": "AV.INTENDENTE FRANCISCO RABANAL", "tipo_ffcc": "Sin Iteracción", "id": 25427.0, "barrio_par": "VILLA SOLDATI", "observa": null, "bicisenda": null, "red_jerarq": "VÍA DISTRIBUIDORA COMPLEMENTARIA", "cuadra": "RABANAL, FRANCISCO, INTENDENTE AV. 2701-2799", "comuna": 8.0, "EMPRESA": "METROTEL", "com_impar": 8.0, "barrio": "VILLA SOLDATI", "hasta": 2799.0, "desde": 2701.0, "longitud_m": 117.29969954684809 }, "geometry": { "type": "LineString", "coordinates": [ [ -58.433748587994202, -34.6618313150665 ], [ -58.434869416262302, -34.662341584266201 ] ] } },
{ "type": "Feature", "properties": { "sentido": "CRECIENTE", "alt_izqfin": 0.0, "com_par": 8.0, "long": "132.959.532.070.157.000", "nomanter": "CAMINO AL PUENTE ALSINA O DE LA TABLADA-ROCA AV. T", "tipo_c": "AVENIDA", "alt_derfin": 2899.0, "alt_derini": 2801.0, "alt_izqini": 0.0, "codigo": 19057.0, "barrio_imp": "VILLA SOLDATI", "nomoficial": "RABANAL, FRANCISCO, INTENDENTE AV.", "id_street": 25508.0, "nom_mapa": "AV.INTENDENTE FRANCISCO RABANAL", "tipo_ffcc": "Sin Iteracción", "id": 25508.0, "barrio_par": "VILLA SOLDATI", "observa": null, "bicisenda": null, "red_jerarq": "VÍA DISTRIBUIDORA COMPLEMENTARIA", "cuadra": "RABANAL, FRANCISCO, INTENDENTE AV. 2801-2899", "comuna": 8.0, "EMPRESA": "METROTEL", "com_impar": 8.0, "barrio": "VILLA SOLDATI", "hasta": 2899.0, "desde": 2801.0, "longitud_m": 132.95431201027503 }, "geometry": { "type": "LineString", "coordinates": [ [ -58.434869416262302, -34.662341584266201 ], [ -58.4361362314771, -34.662925326817401 ] ] } },
{ "type": "Feature", "properties": { "sentido": "CRECIENTE", "alt_izqfin": 0.0, "com_par": 8.0, "long": "39.419.835.117.339.500", "nomanter": "CAMINO AL PUENTE ALSINA O DE LA TABLADA-ROCA AV. T", "tipo_c": "AVENIDA", "alt_derfin": 3099.0, "alt_derini": 3051.0, "alt_izqini": 0.0, "codigo": 19057.0, "barrio_imp": "VILLA SOLDATI", "nomoficial": "RABANAL, FRANCISCO, INTENDENTE AV.", "id_street": 25638.0, "nom_mapa": "AV.INTENDENTE FRANCISCO RABANAL", "tipo_ffcc": "Sin Iteracción", "id": 25638.0, "barrio_par": "VILLA SOLDATI", "observa": null, "bicisenda": null, "red_jerarq": "VÍA DISTRIBUIDORA COMPLEMENTARIA", "cuadra": "RABANAL, FRANCISCO, INTENDENTE AV. 3051-3099", "comuna": 8.0, "EMPRESA": "METROTEL", "com_impar": 8.0, "barrio": "VILLA SOLDATI", "hasta": 3099.0, "desde": 3051.0, "longitud_m": 39.418682158307149 }, "geometry": { "type": "LineString", "coordinates": [ [ -58.438252941051303, -34.663902475124402 ], [ -58.4385035165093, -34.664191260169801 ] ] } },
{ "type": "Feature", "properties": { "sentido": "CRECIENTE", "alt_izqfin": 0.0, "com_par": 8.0, "long": "127.223.747.997.704.000", "nomanter": "CAMINO AL PUENTE ALSINA O DE LA TABLADA-ROCA AV. T", "tipo_c": "AVENIDA", "alt_derfin": 3199.0, "alt_derini": 3101.0, "alt_izqini": 0.0, "codigo": 19057.0, "barrio_imp": "VILLA SOLDATI", "nomoficial": "RABANAL, FRANCISCO, INTENDENTE AV.", "id_street": 25736.0, "nom_mapa": "AV.INTENDENTE FRANCISCO RABANAL", "tipo_ffcc": "Sin Iteracción", "id": 25736.0, "barrio_par": "VILLA SOLDATI", "observa": null, "bicisenda": null, "red_jerarq": "VÍA DISTRIBUIDORA COMPLEMENTARIA", "cuadra": "RABANAL, FRANCISCO, INTENDENTE AV. 3101-3199", "comuna": 8.0, "EMPRESA": "METROTEL", "com_impar": 8.0, "barrio": "VILLA SOLDATI", "hasta": 3199.0, "desde": 3101.0, "longitud_m": 127.21010514842196 }, "geometry": { "type": "LineString", "coordinates": [ [ -58.4385035165093, -34.664191260169801 ], [ -58.439322568858302, -34.6651169918769 ] ] } },
{ "type": "Feature", "properties": { "sentido": "DOBLE", "alt_izqfin": 0.0, "com_par": 8.0, "long": "28.466.196.454.248.400", "nomanter": "CAMINO DE LA FLORESTA", "tipo_c": "CALLE", "alt_derfin": 0.0, "alt_derini": 0.0, "alt_izqini": 0.0, "codigo": 1006.0, "barrio_imp": "VILLA SOLDATI", "nomoficial": "ACOSTA, MARIANO", "id_street": 25624.0, "nom_mapa": "MARIANO ACOSTA", "tipo_ffcc": "Sin Iteracción", "id": 25624.0, "barrio_par": "VILLA SOLDATI", "observa": null, "bicisenda": null, "red_jerarq": "VÍA DISTRIBUIDORA COMPLEMENTARIA", "cuadra": "ACOSTA, MARIANO 0-0", "comuna": 8.0, "EMPRESA": "METROTEL", "com_impar": 8.0, "barrio": "VILLA SOLDATI", "hasta": 0.0, "desde": 0.0, "longitud_m": 28.465265889494891 }, "geometry": { "type": "LineString", "coordinates": [ [ -58.444563799442001, -34.663895720931997 ], [ -58.444340030126298, -34.664073644970699 ] ] } },
{ "type": "Feature", "properties": { "sentido": "DOBLE", "alt_izqfin": 0.0, "com_par": 8.0, "long": "16.953.638.024.674.700", "nomanter": null, "tipo_c": "AVENIDA", "alt_derfin": 0.0, "alt_derini": 0.0, "alt_izqini": 0.0, "codigo": 4025.0, "barrio_imp": "VILLA SOLDATI", "nomoficial": "RIESTRA AV.", "id_street": 24681.0, "nom_mapa": "AV. RIESTRA", "tipo_ffcc": "Sin Iteracción", "id": 24681.0, "barrio_par": "VILLA SOLDATI", "observa": null, "bicisenda": null, "red_jerarq": "VÍA LOCAL", "cuadra": "RIESTRA AV. 0-0", "comuna": 8.0, "EMPRESA": "METROTEL", "com_impar": 8.0, "barrio": "VILLA SOLDATI", "hasta": 0.0, "desde": 0.0, "longitud_m": 16.953078980448272 }, "geometry": { "type": "LineString", "coordinates": [ [ -58.452495288904402, -34.657450378528502 ], [ -58.452630610340897, -34.657554546005798 ] ] } },
{ "type": "Feature", "properties": { "sentido": "DOBLE", "alt_izqfin": 6200.0, "com_par": 9.0, "long": "133.479.303.354.065.000", "nomanter": "PROVINCIAS UNIDAS", "tipo_c": "AVENIDA", "alt_derfin": 6199.0, "alt_derini": 6101.0, "alt_izqini": 6102.0, "codigo": 1033.0, "barrio_imp": "MATADEROS", "nomoficial": "ALBERDI, JUAN BAUTISTA AV.", "id_street": 24002.0, "nom_mapa": "AV.JUAN BAUTISTA ALBERDI", "tipo_ffcc": "Sin Iteracción", "id": 24002.0, "barrio_par": "MATADEROS", "observa": null, "bicisenda": null, "red_jerarq": "VÍA DISTRIBUIDORA PRINCIPAL", "cuadra": "ALBERDI, JUAN BAUTISTA AV. 6101-6200", "comuna": 9.0, "EMPRESA": "METROTEL", "com_impar": 9.0, "barrio": "MATADEROS", "hasta": 6200.0, "desde": 6101.0, "longitud_m": 133.47484714022522 }, "geometry": { "type": "LineString", "coordinates": [ [ -58.504632578864403, -34.653655165801801 ], [ -58.5057103361397, -34.654464167198299 ] ] } },
{ "type": "Feature", "properties": { "sentido": "DOBLE", "alt_izqfin": 6300.0, "com_par": 9.0, "long": "96.801.437.851.724.900", "nomanter": "PROVINCIAS UNIDAS", "tipo_c": "AVENIDA", "alt_derfin": 6299.0, "alt_derini": 6201.0, "alt_izqini": 6202.0, "codigo": 1033.0, "barrio_imp": "MATADEROS", "nomoficial": "ALBERDI, JUAN BAUTISTA AV.", "id_street": 24128.0, "nom_mapa": "AV.JUAN BAUTISTA ALBERDI", "tipo_ffcc": "Sin Iteracción", "id": 24128.0, "barrio_par": "MATADEROS", "observa": null, "bicisenda": null, "red_jerarq": "VÍA DISTRIBUIDORA PRINCIPAL", "cuadra": "ALBERDI, JUAN BAUTISTA AV. 6201-6300", "comuna": 9.0, "EMPRESA": "METROTEL", "com_impar": 9.0, "barrio": "MATADEROS", "hasta": 6300.0, "desde": 6201.0, "longitud_m": 96.79818875300856 }, "geometry": { "type": "LineString", "coordinates": [ [ -58.5057103361397, -34.654464167198299 ], [ -58.506498244019703, -34.655045091521401 ] ] } },
{ "type": "Feature", "properties": { "sentido": "DOBLE", "alt_izqfin": 6400.0, "com_par": 9.0, "long": "86.172.242.600.265.000", "nomanter": "PROVINCIAS UNIDAS", "tipo_c": "AVENIDA", "alt_derfin": 6399.0, "alt_derini": 6301.0, "alt_izqini": 6302.0, "codigo": 1033.0, "barrio_imp": "MATADEROS", "nomoficial": "ALBERDI, JUAN BAUTISTA AV.", "id_street": 24245.0, "nom_mapa": "AV.JUAN BAUTISTA ALBERDI", "tipo_ffcc": "Sin Iteracción", "id": 24245.0, "barrio_par": "MATADEROS", "observa": null, "bicisenda": null, "red_jerarq": "VÍA DISTRIBUIDORA PRINCIPAL", "cuadra": "ALBERDI, JUAN BAUTISTA AV. 6301-6400", "comuna": 9.0, "EMPRESA": "METROTEL", "com_impar": 9.0, "barrio": "MATADEROS", "hasta": 6400.0, "desde": 6301.0, "longitud_m": 86.169349699956143 }, "geometry": { "type": "LineString", "coordinates": [ [ -58.506498244019703, -34.655045091521401 ], [ -58.507199629405498, -34.655562238657403 ] ] } },
{ "type": "Feature", "properties": { "sentido": "DOBLE", "alt_izqfin": 6500.0, "com_par": 9.0, "long": "88.509.482.058.409.600", "nomanter": "PROVINCIAS UNIDAS", "tipo_c": "AVENIDA", "alt_derfin": 6499.0, "alt_derini": 6401.0, "alt_izqini": 6402.0, "codigo": 1033.0, "barrio_imp": "MATADEROS", "nomoficial": "ALBERDI, JUAN BAUTISTA AV.", "id_street": 24353.0, "nom_mapa": "AV.JUAN BAUTISTA ALBERDI", "tipo_ffcc": "Sin Iteracción", "id": 24353.0, "barrio_par": "MATADEROS", "observa": null, "bicisenda": null, "red_jerarq": "VÍA DISTRIBUIDORA PRINCIPAL", "cuadra": "ALBERDI, JUAN BAUTISTA AV. 6401-6500", "comuna": 9.0, "EMPRESA": "METROTEL", "com_impar": 9.0, "barrio": "MATADEROS", "hasta": 6500.0, "desde": 6401.0, "longitud_m": 88.505804802421963 }, "geometry": { "type": "LineString", "coordinates": [ [ -58.507199629405498, -34.655562238657403 ], [ -58.5079236130669, -34.656090077734603 ] ] } },
{ "type": "Feature", "properties": { "sentido": "DOBLE", "alt_izqfin": 0.0, "com_par": 9.0, "long": "5.923.606.275.706.690", "nomanter": "PROVINCIAS UNIDAS", "tipo_c": "AVENIDA", "alt_derfin": 0.0, "alt_derini": 0.0, "alt_izqini": 0.0, "codigo": 1033.0, "barrio_imp": "MATADEROS", "nomoficial": "ALBERDI, JUAN BAUTISTA AV.", "id_street": 24357.0, "nom_mapa": "AV.JUAN BAUTISTA ALBERDI", "tipo_ffcc": "Sin Iteracción", "id": 24357.0, "barrio_par": "MATADEROS", "observa": null, "bicisenda": null, "red_jerarq": "VÍA DISTRIBUIDORA PRINCIPAL", "cuadra": "ALBERDI, JUAN BAUTISTA AV. 0-0", "comuna": 9.0, "EMPRESA": "METROTEL", "com_impar": 9.0, "barrio": "MATADEROS", "hasta": 0.0, "desde": 0.0, "longitud_m": 5.9234063505114998 }, "geometry": { "type": "LineString", "coordinates": [ [ -58.5079236130669, -34.656090077734603 ], [ -58.507972208498401, -34.6561252714259 ] ] } },
{ "type": "Feature", "properties": { "sentido": "DOBLE", "alt_izqfin": 6600.0, "com_par": 9.0, "long": "92.305.439.648.203.500", "nomanter": "PROVINCIAS UNIDAS", "tipo_c": "AVENIDA", "alt_derfin": 6599.0, "alt_derini": 6501.0, "alt_izqini": 6502.0, "codigo": 1033.0, "barrio_imp": "MATADEROS", "nomoficial": "ALBERDI, JUAN BAUTISTA AV.", "id_street": 24480.0, "nom_mapa": "AV.JUAN BAUTISTA ALBERDI", "tipo_ffcc": "Sin Iteracción", "id": 24480.0, "barrio_par": "MATADEROS", "observa": null, "bicisenda": null, "red_jerarq": "VÍA DISTRIBUIDORA PRINCIPAL", "cuadra": "ALBERDI, JUAN BAUTISTA AV. 6501-6600", "comuna": 9.0, "EMPRESA": "METROTEL", "com_impar": 9.0, "barrio": "MATADEROS", "hasta": 6600.0, "desde": 6501.0, "longitud_m": 92.302324722237472 }, "geometry": { "type": "LineString", "coordinates": [ [ -58.507972208498401, -34.6561252714259 ], [ -58.5087291092782, -34.656674009223401 ] ] } },
{ "type": "Feature", "properties": { "sentido": "DOBLE", "alt_izqfin": 0.0, "com_par": 9.0, "long": "5.624.489.993.785.590", "nomanter": "PROVINCIAS UNIDAS", "tipo_c": "AVENIDA", "alt_derfin": 0.0, "alt_derini": 0.0, "alt_izqini": 0.0, "codigo": 1033.0, "barrio_imp": "MATADEROS", "nomoficial": "ALBERDI, JUAN BAUTISTA AV.", "id_street": 24486.0, "nom_mapa": "AV.JUAN BAUTISTA ALBERDI", "tipo_ffcc": "Sin Iteracción", "id": 24486.0, "barrio_par": "MATADEROS", "observa": null, "bicisenda": null, "red_jerarq": "VÍA DISTRIBUIDORA PRINCIPAL", "cuadra": "ALBERDI, JUAN BAUTISTA AV. 0-0", "comuna": 9.0, "EMPRESA": "METROTEL", "com_impar": 9.0, "barrio": "MATADEROS", "hasta": 0.0, "desde": 0.0, "longitud_m": 5.6243001537797683 }, "geometry": { "type": "LineString", "coordinates": [ [ -58.508775232972901, -34.656707442937702 ], [ -58.5087291092782, -34.656674009223401 ] ] } },
{ "type": "Feature", "properties": { "sentido": "DECRECIENTE", "alt_izqfin": 6100.0, "com_par": 9.0, "long": "85.534.008.558.118.600", "nomanter": "PROVINCIAS UNIDAS", "tipo_c": "AVENIDA", "alt_derfin": 0.0, "alt_derini": 0.0, "alt_izqini": 6002.0, "codigo": 1033.0, "barrio_imp": "MATADEROS", "nomoficial": "ALBERDI, JUAN BAUTISTA AV.", "id_street": 31536.0, "nom_mapa": "AV.JUAN BAUTISTA ALBERDI", "tipo_ffcc": "Sin Iteracción", "id": 31536.0, "barrio_par": "MATADEROS", "observa": "Redigitalización según agregado de boulevard en Enero 2019: agregado de ejes, distribución de alturas y de sentidos de circulación", "bicisenda": null, "red_jerarq": "VÍA DISTRIBUIDORA PRINCIPAL", "cuadra": "ALBERDI, JUAN BAUTISTA AV. 6002-6100", "comuna": 9.0, "EMPRESA": "METROTEL", "com_impar": 9.0, "barrio": "MATADEROS", "hasta": 6100.0, "desde": 6002.0, "longitud_m": 84.373391357457578 }, "geometry": { "type": "LineString", "coordinates": [ [ -58.503963324715102, -34.653133043984603 ], [ -58.504632578864403, -34.653655165801801 ] ] } },
{ "type": "Feature", "properties": { "sentido": "DOBLE", "alt_izqfin": 8000.0, "com_par": 13.0, "long": "79.166.991.276.685.800", "nomanter": "DEL LIBERTADOR GENERAL SAN MARTIN, Av.(parciales :", "tipo_c": "AVENIDA", "alt_derfin": 7999.0, "alt_derini": 7901.0, "alt_izqini": 7902.0, "codigo": 12107.0, "barrio_imp": "NUÑEZ", "nomoficial": "DEL LIBERTADOR AV.", "id_street": 165.0, "nom_mapa": "AV.DEL LIBERTADOR", "tipo_ffcc": "Sin Iteracción", "id": 165.0, "barrio_par": "NUÑEZ", "observa": null, "bicisenda": null, "red_jerarq": "VÍA DISTRIBUIDORA PRINCIPAL", "cuadra": "DEL LIBERTADOR AV. 7901-8000", "comuna": 13.0, "EMPRESA": "METROTEL", "com_impar": 13.0, "barrio": "NUÑEZ", "hasta": 8000.0, "desde": 7901.0, "longitud_m": 79.164514277432474 }, "geometry": { "type": "LineString", "coordinates": [ [ -58.4626028131051, -34.542113282887698 ], [ -58.463182340662499, -34.541584792477998 ] ] } },
{ "type": "Feature", "properties": { "sentido": "DECRECIENTE", "alt_izqfin": 0.0, "com_par": 13.0, "long": "30.819.324.374.118.700", "nomanter": null, "tipo_c": "CALLE", "alt_derfin": 0.0, "alt_derini": 0.0, "alt_izqini": 0.0, "codigo": 19047.0, "barrio_imp": "NUÑEZ", "nomoficial": "RIVADAVIA MARTIN, COMODORO", "id_street": 29805.0, "nom_mapa": "COMODORO MARTIN RIVADAVIA", "tipo_ffcc": "Sin Iteracción", "id": 29805.0, "barrio_par": "NUÑEZ", "observa": null, "bicisenda": null, "red_jerarq": "VÍA LOCAL", "cuadra": "RIVADAVIA MARTIN, COMODORO 0-0", "comuna": 13.0, "EMPRESA": "METROTEL", "com_impar": 13.0, "barrio": "NUÑEZ", "hasta": 0.0, "desde": 0.0, "longitud_m": 28.53598623197972 }, "geometry": { "type": "LineString", "coordinates": [ [ -58.463089212024201, -34.541339368720003 ], [ -58.463182340662499, -34.541584792477998 ] ] } },
{ "type": "Feature", "properties": { "sentido": "DOBLE", "alt_izqfin": 5100.0, "com_par": 14.0, "long": "141.481.918.824.351.000", "nomanter": null, "tipo_c": "AVENIDA", "alt_derfin": 5099.0, "alt_derini": 5001.0, "alt_izqini": 5002.0, "codigo": 20057.0, "barrio_imp": "PALERMO", "nomoficial": "SANTA FE AV.", "id_street": 4185.0, "nom_mapa": "AV. SANTA FE", "tipo_ffcc": "Sin Iteracción", "id": 4185.0, "barrio_par": "PALERMO", "observa": null, "bicisenda": null, "red_jerarq": "VÍA DISTRIBUIDORA PRINCIPAL", "cuadra": "SANTA FE AV. 5001-5100", "comuna": 14.0, "EMPRESA": "METROTEL", "com_impar": 14.0, "barrio": "PALERMO", "hasta": 5100.0, "desde": 5001.0, "longitud_m": 141.476275607753 }, "geometry": { "type": "LineString", "coordinates": [ [ -58.430107337420601, -34.577033139048801 ], [ -58.431561455891703, -34.576609010579602 ] ] } },
{ "type": "Feature", "properties": { "sentido": "DOBLE", "alt_izqfin": 5000.0, "com_par": 14.0, "long": "77.663.227.869.319.500", "nomanter": null, "tipo_c": "AVENIDA", "alt_derfin": 4999.0, "alt_derini": 4901.0, "alt_izqini": 4932.0, "codigo": 20057.0, "barrio_imp": "PALERMO", "nomoficial": "SANTA FE AV.", "id_street": 4226.0, "nom_mapa": "AV. SANTA FE", "tipo_ffcc": "Sin Iteracción", "id": 4226.0, "barrio_par": "PALERMO", "observa": null, "bicisenda": null, "red_jerarq": "VÍA DISTRIBUIDORA PRINCIPAL", "cuadra": "SANTA FE AV. 4901-5000", "comuna": 14.0, "EMPRESA": "METROTEL", "com_impar": 14.0, "barrio": "PALERMO", "hasta": 5000.0, "desde": 4901.0, "longitud_m": 77.660129546810523 }, "geometry": { "type": "LineString", "coordinates": [ [ -58.429309128500698, -34.577265952028696 ], [ -58.430107337420601, -34.577033139048801 ] ] } },
{ "type": "Feature", "properties": { "sentido": "DECRECIENTE", "alt_izqfin": 5700.0, "com_par": 15.0, "long": "130.731.135.132.350.000", "nomanter": "TRIUNVIRATO (parcial)", "tipo_c": "AVENIDA", "alt_derfin": 5699.0, "alt_derini": 5601.0, "alt_izqini": 5602.0, "codigo": 3174.0, "barrio_imp": "VILLA CRESPO", "nomoficial": "CORRIENTES AV.", "id_street": 8164.0, "nom_mapa": "AV. CORRIENTES", "tipo_ffcc": "Sin Iteracción", "id": 8164.0, "barrio_par": "VILLA CRESPO", "observa": null, "bicisenda": null, "red_jerarq": "VÍA DISTRIBUIDORA PRINCIPAL", "cuadra": "CORRIENTES AV. 5601-5700", "comuna": 15.0, "EMPRESA": "METROTEL", "com_impar": 15.0, "barrio": "VILLA CRESPO", "hasta": 5700.0, "desde": 5601.0, "longitud_m": 130.72705930190514 }, "geometry": { "type": "LineString", "coordinates": [ [ -58.442591661707198, -34.596351378758399 ], [ -58.443539371030099, -34.595471310375899 ] ] } },
{ "type": "Feature", "properties": { "sentido": "DECRECIENTE", "alt_izqfin": 2480.0, "com_par": 14.0, "long": "126.921.297.205.681.000", "nomanter": "CORONEL (PARCIAL)", "tipo_c": "AVENIDA", "alt_derfin": 2479.0, "alt_derini": 2401.0, "alt_izqini": 2402.0, "codigo": 4073.0, "barrio_imp": "RECOLETA", "nomoficial": "DIAZ, CNEL. AV.", "id_street": 5697.0, "nom_mapa": "AV. CNEL. DIAZ", "tipo_ffcc": "Sin Iteracción", "id": 5697.0, "barrio_par": "PALERMO", "observa": null, "bicisenda": null, "red_jerarq": "VÍA DISTRIBUIDORA PRINCIPAL", "cuadra": "DIAZ, CNEL. AV. 2401-2480", "comuna": null, "EMPRESA": "METROTEL", "com_impar": 2.0, "barrio": null, "hasta": 2480.0, "desde": 2401.0, "longitud_m": 126.91777292266507 }, "geometry": { "type": "LineString", "coordinates": [ [ -58.407094644932897, -34.584798165413197 ], [ -58.4064010984521, -34.583808248804203 ] ] } }
]
}
