{
"type": "FeatureCollection",
"name": "telefonica_postes",
"crs": { "type": "name", "properties": { "name": "urn:ogc:def:crs:OGC:1.3:CRS84" } },
"features": [
{ "type": "Feature", "properties": { "N.": 185.0, "Fecha": "2/3/2026", "Dirección": "Riobamba 10, C1025", "Nro.Acta": "AF-2026-591524-GC-ERSP", "tipo": "PLAN DE CONTROL", "observacio": null, "cod_calle": 19036.0, "calle": "RIOBAMBA", "desde": 10.0, "hasta": 10.0, "paridad": "PAR", "intervenci": null, "estado": null, "fecha_ini": null, "fecha_fin": null, "ente_a_car": null, "comuna": 3.0, "barrio": "BALVANERA", "clave_vere": "009-066-032A-19036-1" }, "geometry": { "type": "Point", "coordinates": [ -58.3934490194207, -34.609078649476402 ] } },
{ "type": "Feature", "properties": { "N.": 111.0, "Fecha": "3/3/2026", "Dirección": "Combate de Los Pozos 295, C1080AAA", "Nro.Acta": "AF-2026-592940-GC-ERSP", "tipo": "PLAN DE CONTROL", "observacio": null, "cod_calle": 3150.0, "calle": "COMBATE DE LOS POZOS", "desde": 295.0, "hasta": 295.0, "paridad": "IMPAR", "intervenci": null, "estado": null, "fecha_ini": null, "fecha_fin": null, "ente_a_car": null, "comuna": 3.0, "barrio": "BALVANERA", "clave_vere": "020-064-032B-13126-1" }, "geometry": { "type": "Point", "coordinates": [ -58.393340473074502, -34.612645252647702 ] } },
{ "type": "Feature", "properties": { "N.": 134.0, "Fecha": "3/3/2026", "Dirección": "Combate de Los Pozos 95, C1079AAA", "Nro.Acta": "AF-2026-592875-GC-ERSP", "tipo": "PLAN DE CONTROL", "observacio": null, "cod_calle": 3150.0, "calle": "COMBATE DE LOS POZOS", "desde": 95.0, "hasta": 95.0, "paridad": "IMPAR", "intervenci": null, "estado": null, "fecha_ini": null, "fecha_fin": null, "ente_a_car": null, "comuna": 3.0, "barrio": "BALVANERA", "clave_vere": "020-066-029-26005-1" }, "geometry": { "type": "Point", "coordinates": [ -58.393403959130602, -34.610272388433998 ] } },
{ "type": "Feature", "properties": { "N.": 188.0, "Fecha": "2/3/2026", "Dirección": "Riobamba 66, C1025ABB", "Nro.Acta": "AF-2026-591531-GC-ERSP", "tipo": "PLAN DE CONTROL", "observacio": null, "cod_calle": 19036.0, "calle": "RIOBAMBA", "desde": 66.0, "hasta": 66.0, "paridad": "PAR", "intervenci": null, "estado": null, "fecha_ini": null, "fecha_fin": null, "ente_a_car": null, "comuna": 3.0, "barrio": "BALVANERA", "clave_vere": "009-066-036-19036-1" }, "geometry": { "type": "Point", "coordinates": [ -58.393482213188904, -34.608575320694001 ] } },
{ "type": "Feature", "properties": { "N.": 187.0, "Fecha": "2/3/2026", "Dirección": "Riobamba 40, C1025ABB", "Nro.Acta": "AF-2026-591528-GC-ERSP", "tipo": "PLAN DE CONTROL", "observacio": null, "cod_calle": 19036.0, "calle": "RIOBAMBA", "desde": 40.0, "hasta": 40.0, "paridad": "PAR", "intervenci": null, "estado": null, "fecha_ini": null, "fecha_fin": null, "ente_a_car": null, "comuna": 3.0, "barrio": "BALVANERA", "clave_vere": "009-066-033-19036-1" }, "geometry": { "type": "Point", "coordinates": [ -58.393466184216798, -34.608817680453498 ] } },
{ "type": "Feature", "properties": { "N.": 116.0, "Fecha": "4/3/2026", "Dirección": "Combate de Los Pozos 397, C1080AAC", "Nro.Acta": "AF-2026-594491-GC-ERSP", "tipo": "PLAN DE CONTROL", "observacio": null, "cod_calle": 3150.0, "calle": "COMBATE DE LOS POZOS", "desde": 397.0, "hasta": 397.0, "paridad": "IMPAR", "intervenci": null, "estado": null, "fecha_ini": null, "fecha_fin": null, "ente_a_car": null, "comuna": 3.0, "barrio": "BALVANERA", "clave_vere": "020-063-035A-3150-1" }, "geometry": { "type": "Point", "coordinates": [ -58.393303411713198, -34.613720567823698 ] } },
{ "type": "Feature", "properties": { "N.": 120.0, "Fecha": "3/3/2026", "Dirección": "Combate de Los Pozos 47, C1079", "Nro.Acta": "AF-2026-592883-GC-ERSP", "tipo": "PLAN DE CONTROL", "observacio": null, "cod_calle": 3150.0, "calle": "COMBATE DE LOS POZOS", "desde": 47.0, "hasta": 47.0, "paridad": "IMPAR", "intervenci": null, "estado": null, "fecha_ini": null, "fecha_fin": null, "ente_a_car": null, "comuna": 3.0, "barrio": "BALVANERA", "clave_vere": "020-066-034-3150-1" }, "geometry": { "type": "Point", "coordinates": [ -58.3934194497253, -34.609797258083397 ] } },
{ "type": "Feature", "properties": { "N.": 100.0, "Fecha": "3/3/2026", "Dirección": "Combate de Los Pozos 55, C1079AAA", "Nro.Acta": "AF-2026-592879-GC-ERSP", "tipo": "PLAN DE CONTROL", "observacio": null, "cod_calle": 3150.0, "calle": "COMBATE DE LOS POZOS", "desde": 55.0, "hasta": 55.0, "paridad": "IMPAR", "intervenci": null, "estado": null, "fecha_ini": null, "fecha_fin": null, "ente_a_car": null, "comuna": 3.0, "barrio": "BALVANERA", "clave_vere": "020-066-033-3150-1" }, "geometry": { "type": "Point", "coordinates": [ -58.393415433102902, -34.609920443445702 ] } },
{ "type": "Feature", "properties": { "N.": 103.0, "Fecha": "3/3/2026", "Dirección": "Combate de Los Pozos 105, C1079", "Nro.Acta": "AF-2026-592908-GC-ERSP", "tipo": "PLAN DE CONTROL", "observacio": null, "cod_calle": 3150.0, "calle": "COMBATE DE LOS POZOS", "desde": 105.0, "hasta": 105.0, "paridad": "IMPAR", "intervenci": null, "estado": null, "fecha_ini": null, "fecha_fin": null, "ente_a_car": null, "comuna": 3.0, "barrio": "BALVANERA", "clave_vere": "020-065-001-26005-1" }, "geometry": { "type": "Point", "coordinates": [ -58.393393795493402, -34.610627587702403 ] } },
{ "type": "Feature", "properties": { "N.": 102.0, "Fecha": "3/3/2026", "Dirección": "Combate de Los Pozos 103, C1079AAC", "Nro.Acta": "AF-2026-592901-GC-ERSP", "tipo": "PLAN DE CONTROL", "observacio": null, "cod_calle": 3150.0, "calle": "COMBATE DE LOS POZOS", "desde": 103.0, "hasta": 103.0, "paridad": "IMPAR", "intervenci": null, "estado": null, "fecha_ini": null, "fecha_fin": null, "ente_a_car": null, "comuna": 3.0, "barrio": "BALVANERA", "clave_vere": "020-065-001-26005-1" }, "geometry": { "type": "Point", "coordinates": [ -58.393393795493402, -34.610627587702403 ] } },
{ "type": "Feature", "properties": { "N.": 104.0, "Fecha": "3/3/2026", "Dirección": "Combate de Los Pozos 129, C1079AAC", "Nro.Acta": "AF-2026-592912-GC-ERSP", "tipo": "PLAN DE CONTROL", "observacio": null, "cod_calle": 3150.0, "calle": "COMBATE DE LOS POZOS", "desde": 129.0, "hasta": 129.0, "paridad": "IMPAR", "intervenci": null, "estado": null, "fecha_ini": null, "fecha_fin": null, "ente_a_car": null, "comuna": 3.0, "barrio": "BALVANERA", "clave_vere": "020-065-033-3150-1" }, "geometry": { "type": "Point", "coordinates": [ -58.393390471349797, -34.6107730784476 ] } },
{ "type": "Feature", "properties": { "N.": 105.0, "Fecha": "3/3/2026", "Dirección": "Combate de Los Pozos 165, C1079AAC", "Nro.Acta": "AF-2026-592915-GC-ERSP", "tipo": "PLAN DE CONTROL", "observacio": null, "cod_calle": 3150.0, "calle": "COMBATE DE LOS POZOS", "desde": 165.0, "hasta": 165.0, "paridad": "IMPAR", "intervenci": null, "estado": null, "fecha_ini": null, "fecha_fin": null, "ente_a_car": null, "comuna": 3.0, "barrio": "BALVANERA", "clave_vere": "020-065-030-3150-1" }, "geometry": { "type": "Point", "coordinates": [ -58.393381772333399, -34.611169862024198 ] } },
{ "type": "Feature", "properties": { "N.": 106.0, "Fecha": "3/3/2026", "Dirección": "Combate de Los Pozos 179, C1079AAC", "Nro.Acta": "AF-2026-592918-GC-ERSP", "tipo": "PLAN DE CONTROL", "observacio": null, "cod_calle": 3150.0, "calle": "COMBATE DE LOS POZOS", "desde": 179.0, "hasta": 179.0, "paridad": "IMPAR", "intervenci": null, "estado": null, "fecha_ini": null, "fecha_fin": null, "ente_a_car": null, "comuna": 3.0, "barrio": "BALVANERA", "clave_vere": "020-065-028A-3150-1" }, "geometry": { "type": "Point", "coordinates": [ -58.393379258725403, -34.611284524171502 ] } },
{ "type": "Feature", "properties": { "N.": 107.0, "Fecha": "3/3/2026", "Dirección": "Combate de Los Pozos 211, C1080AAA", "Nro.Acta": "AF-2026-592921-GC-ERSP", "tipo": "PLAN DE CONTROL", "observacio": null, "cod_calle": 3150.0, "calle": "COMBATE DE LOS POZOS", "desde": 211.0, "hasta": 211.0, "paridad": "IMPAR", "intervenci": null, "estado": null, "fecha_ini": null, "fecha_fin": null, "ente_a_car": null, "comuna": 3.0, "barrio": "BALVANERA", "clave_vere": "020-064-001-1046-1" }, "geometry": { "type": "Point", "coordinates": [ -58.393366056700501, -34.611782871360901 ] } },
{ "type": "Feature", "properties": { "N.": 108.0, "Fecha": "3/3/2026", "Dirección": "Combate de Los Pozos 229, C1080AAB", "Nro.Acta": "AF-2026-592929-GC-ERSP", "tipo": "PLAN DE CONTROL", "observacio": null, "cod_calle": 3150.0, "calle": "COMBATE DE LOS POZOS", "desde": 229.0, "hasta": 229.0, "paridad": "IMPAR", "intervenci": null, "estado": null, "fecha_ini": null, "fecha_fin": null, "ente_a_car": null, "comuna": 3.0, "barrio": "BALVANERA", "clave_vere": "020-064-040-3150-1" }, "geometry": { "type": "Point", "coordinates": [ -58.393360455141, -34.611970543636801 ] } },
{ "type": "Feature", "properties": { "N.": 109.0, "Fecha": "3/3/2026", "Dirección": "Combate de Los Pozos 271, C1080AAA", "Nro.Acta": "AF-2026-592936-GC-ERSP", "tipo": "PLAN DE CONTROL", "observacio": null, "cod_calle": 3150.0, "calle": "COMBATE DE LOS POZOS", "desde": 271.0, "hasta": 271.0, "paridad": "IMPAR", "intervenci": null, "estado": null, "fecha_ini": null, "fecha_fin": null, "ente_a_car": null, "comuna": 3.0, "barrio": "BALVANERA", "clave_vere": "020-064-035-3150-1" }, "geometry": { "type": "Point", "coordinates": [ -58.393347721631898, -34.6123972190288 ] } },
{ "type": "Feature", "properties": { "N.": 110.0, "Fecha": "3/3/2026", "Dirección": "Combate de Los Pozos 287, C1080", "Nro.Acta": "AF-2026-592938-GC-ERSP", "tipo": "PLAN DE CONTROL", "observacio": null, "cod_calle": 3150.0, "calle": "COMBATE DE LOS POZOS", "desde": 287.0, "hasta": 287.0, "paridad": "IMPAR", "intervenci": null, "estado": null, "fecha_ini": null, "fecha_fin": null, "ente_a_car": null, "comuna": 3.0, "barrio": "BALVANERA", "clave_vere": "020-064-033B-3150-1" }, "geometry": { "type": "Point", "coordinates": [ -58.393342962021997, -34.612556605072399 ] } },
{ "type": "Feature", "properties": { "N.": 112.0, "Fecha": "4/3/2026", "Dirección": "Combate de Los Pozos 315, C1080AAC", "Nro.Acta": "AF-2026-594496-GC-ERSP", "tipo": "PLAN DE CONTROL", "observacio": null, "cod_calle": 3150.0, "calle": "COMBATE DE LOS POZOS", "desde": 315.0, "hasta": 315.0, "paridad": "IMPAR", "intervenci": null, "estado": null, "fecha_ini": null, "fecha_fin": null, "ente_a_car": null, "comuna": 3.0, "barrio": "BALVANERA", "clave_vere": "020-063-044-3150-1" }, "geometry": { "type": "Point", "coordinates": [ -58.393324384463298, -34.613054490641403 ] } },
{ "type": "Feature", "properties": { "N.": 113.0, "Fecha": "12/2/2026", "Dirección": "Combate de Los Pozos 333, C1080AAC", "Nro.Acta": "AF-2026-580035-GC-ERSP", "tipo": "PLAN DE CONTROL", "observacio": null, "cod_calle": 3150.0, "calle": "COMBATE DE LOS POZOS", "desde": 333.0, "hasta": 333.0, "paridad": "IMPAR", "intervenci": null, "estado": null, "fecha_ini": null, "fecha_fin": null, "ente_a_car": null, "comuna": 3.0, "barrio": "BALVANERA", "clave_vere": "020-063-042-3150-1" }, "geometry": { "type": "Point", "coordinates": [ -58.3933201048361, -34.613189515214003 ] } },
{ "type": "Feature", "properties": { "N.": 114.0, "Fecha": "4/3/2026", "Dirección": "Combate de Los Pozos 361, C1080AAC", "Nro.Acta": "AF-2026-594492-GC-ERSP", "tipo": "PLAN DE CONTROL", "observacio": null, "cod_calle": 3150.0, "calle": "COMBATE DE LOS POZOS", "desde": 361.0, "hasta": 361.0, "paridad": "IMPAR", "intervenci": null, "estado": null, "fecha_ini": null, "fecha_fin": null, "ente_a_car": null, "comuna": 3.0, "barrio": "BALVANERA", "clave_vere": "020-063-038-3150-1" }, "geometry": { "type": "Point", "coordinates": [ -58.393311013774202, -34.6134764088088 ] } },
{ "type": "Feature", "properties": { "N.": 115.0, "Fecha": "12/2/2026", "Dirección": "Combate de Los Pozos 375, C1080AAC", "Nro.Acta": "AF-2026-580037-GC-ERSP", "tipo": "PLAN DE CONTROL", "observacio": null, "cod_calle": 3150.0, "calle": "COMBATE DE LOS POZOS", "desde": 375.0, "hasta": 375.0, "paridad": "IMPAR", "intervenci": null, "estado": null, "fecha_ini": null, "fecha_fin": null, "ente_a_car": null, "comuna": 3.0, "barrio": "BALVANERA", "clave_vere": "020-063-036-3150-1" }, "geometry": { "type": "Point", "coordinates": [ -58.393306427395302, -34.613621196195901 ] } },
{ "type": "Feature", "properties": { "N.": 80.0, "Fecha": "2/3/2026", "Dirección": "Bartolomé Mitre 1888, C1039AAB", "Nro.Acta": "AF-2026-591612-GC-ERSP", "tipo": "PLAN DE CONTROL", "observacio": null, "cod_calle": 13094.0, "calle": "MITRE, BARTOLOME", "desde": 1888.0, "hasta": 1888.0, "paridad": "PAR", "intervenci": null, "estado": null, "fecha_ini": null, "fecha_fin": null, "ente_a_car": null, "comuna": 3.0, "barrio": "BALVANERA", "clave_vere": "009-074-007A-19036-1" }, "geometry": { "type": "Point", "coordinates": [ -58.393385588041099, -34.608276064621698 ] } },
{ "type": "Feature", "properties": { "N.": 186.0, "Fecha": "2/3/2026", "Dirección": "Riobamba 29, C1025ABA", "Nro.Acta": "AF-2026-591566-GC-ERSP", "tipo": "PLAN DE CONTROL", "observacio": null, "cod_calle": 19036.0, "calle": "RIOBAMBA", "desde": 29.0, "hasta": 29.0, "paridad": "IMPAR", "intervenci": null, "estado": null, "fecha_ini": null, "fecha_fin": null, "ente_a_car": null, "comuna": 3.0, "barrio": "BALVANERA", "clave_vere": "009-074-014-19046-1" }, "geometry": { "type": "Point", "coordinates": [ -58.393338033747597, -34.6089818491185 ] } },
{ "type": "Feature", "properties": { "N.": 117.0, "Fecha": "12/2/2026", "Dirección": "Combate de Los Pozos 420, C1080", "Nro.Acta": "AF-2026-579711-GC-ERSP", "tipo": "PLAN DE CONTROL", "observacio": null, "cod_calle": 3150.0, "calle": "COMBATE DE LOS POZOS", "desde": 420.0, "hasta": 420.0, "paridad": "PAR", "intervenci": null, "estado": null, "fecha_ini": null, "fecha_fin": null, "ente_a_car": null, "comuna": 3.0, "barrio": "BALVANERA", "clave_vere": "020-070-014-3150-1" }, "geometry": { "type": "Point", "coordinates": [ -58.393156604316196, -34.614242924352503 ] } },
{ "type": "Feature", "properties": { "N.": 118.0, "Fecha": "12/2/2026", "Dirección": "Combate de Los Pozos 442, C1080AAF C1222AAN", "Nro.Acta": "AF-2026-579705-GC-ERSP", "tipo": "PLAN DE CONTROL", "observacio": null, "cod_calle": 3150.0, "calle": "COMBATE DE LOS POZOS", "desde": 442.0, "hasta": 442.0, "paridad": "PAR", "intervenci": null, "estado": null, "fecha_ini": null, "fecha_fin": null, "ente_a_car": null, "comuna": 3.0, "barrio": "BALVANERA", "clave_vere": "020-070-017-3150-1" }, "geometry": { "type": "Point", "coordinates": [ -58.393150855935502, -34.614420177327503 ] } },
{ "type": "Feature", "properties": { "N.": 121.0, "Fecha": "4/3/2026", "Dirección": "Combate de Los Pozos 470, C1080AAF", "Nro.Acta": "AF-2026-594506-GC-ERSP", "tipo": "PLAN DE CONTROL", "observacio": null, "cod_calle": 3150.0, "calle": "COMBATE DE LOS POZOS", "desde": 470.0, "hasta": 470.0, "paridad": "PAR", "intervenci": null, "estado": null, "fecha_ini": null, "fecha_fin": null, "ente_a_car": null, "comuna": 3.0, "barrio": "BALVANERA", "clave_vere": "020-070-018B-3150-1" }, "geometry": { "type": "Point", "coordinates": [ -58.393145071914198, -34.614598454271402 ] } },
{ "type": "Feature", "properties": { "N.": 119.0, "Fecha": "4/3/2026", "Dirección": "Combate de Los Pozos 466, C1080AAF", "Nro.Acta": "AF-2026-594505-GC-ERSP", "tipo": "PLAN DE CONTROL", "observacio": null, "cod_calle": 3150.0, "calle": "COMBATE DE LOS POZOS", "desde": 466.0, "hasta": 466.0, "paridad": "PAR", "intervenci": null, "estado": null, "fecha_ini": null, "fecha_fin": null, "ente_a_car": null, "comuna": 3.0, "barrio": "BALVANERA", "clave_vere": "020-070-018B-3150-1" }, "geometry": { "type": "Point", "coordinates": [ -58.393145071914198, -34.614598454271402 ] } },
{ "type": "Feature", "properties": { "N.": 122.0, "Fecha": "12/2/2026", "Dirección": "Combate de Los Pozos 484, C1080AAF", "Nro.Acta": "AF-2026-579703-GC-ERSP", "tipo": "PLAN DE CONTROL", "observacio": null, "cod_calle": 3150.0, "calle": "COMBATE DE LOS POZOS", "desde": 484.0, "hasta": 484.0, "paridad": "PAR", "intervenci": null, "estado": null, "fecha_ini": null, "fecha_fin": null, "ente_a_car": null, "comuna": 3.0, "barrio": "BALVANERA", "clave_vere": "020-070-021-3150-1" }, "geometry": { "type": "Point", "coordinates": [ -58.3931394649114, -34.614771273204198 ] } },
{ "type": "Feature", "properties": { "N.": 133.0, "Fecha": "13/2/2026", "Dirección": "Combate de Los Pozos 786, C1222AAF", "Nro.Acta": "AF-2026-581038-GC-ERSP", "tipo": "PLAN DE CONTROL", "observacio": null, "cod_calle": 3150.0, "calle": "COMBATE DE LOS POZOS", "desde": 786.0, "hasta": 786.0, "paridad": "PAR", "intervenci": null, "estado": null, "fecha_ini": null, "fecha_fin": null, "ente_a_car": null, "comuna": 3.0, "barrio": "BALVANERA", "clave_vere": "020-067-020-3150-1" }, "geometry": { "type": "Point", "coordinates": [ -58.393133482092203, -34.617871016281399 ] } },
{ "type": "Feature", "properties": { "N.": 132.0, "Fecha": "5/3/2026", "Dirección": "Combate de Los Pozos 764, C1222AAF AAF", "Nro.Acta": "AF-2026-595994-GC-ERSP", "tipo": "PLAN DE CONTROL", "observacio": null, "cod_calle": 3150.0, "calle": "COMBATE DE LOS POZOS", "desde": 764.0, "hasta": 764.0, "paridad": "PAR", "intervenci": null, "estado": null, "fecha_ini": null, "fecha_fin": null, "ente_a_car": null, "comuna": 3.0, "barrio": "BALVANERA", "clave_vere": "020-067-018-3150-1" }, "geometry": { "type": "Point", "coordinates": [ -58.393132562779002, -34.617741359658403 ] } },
{ "type": "Feature", "properties": { "N.": 131.0, "Fecha": "13/2/2026", "Dirección": "Combate de Los Pozos 730, C1222AAF", "Nro.Acta": "AF-2026-581033-GC-ERSP", "tipo": "PLAN DE CONTROL", "observacio": null, "cod_calle": 3150.0, "calle": "COMBATE DE LOS POZOS", "desde": 730.0, "hasta": 730.0, "paridad": "PAR", "intervenci": null, "estado": null, "fecha_ini": null, "fecha_fin": null, "ente_a_car": null, "comuna": 3.0, "barrio": "BALVANERA", "clave_vere": "020-067-014-3150-1" }, "geometry": { "type": "Point", "coordinates": [ -58.3931300473932, -34.617386197688703 ] } },
{ "type": "Feature", "properties": { "N.": 123.0, "Fecha": "13/2/2026", "Dirección": "Combate de Los Pozos 530, C1222AAB", "Nro.Acta": "AF-2026-580994-GC-ERSP", "tipo": "PLAN DE CONTROL", "observacio": null, "cod_calle": 3150.0, "calle": "COMBATE DE LOS POZOS", "desde": 530.0, "hasta": 530.0, "paridad": "PAR", "intervenci": null, "estado": null, "fecha_ini": null, "fecha_fin": null, "ente_a_car": null, "comuna": 3.0, "barrio": "BALVANERA", "clave_vere": "020-069-015-3150-1" }, "geometry": { "type": "Point", "coordinates": [ -58.393125672773202, -34.615265644497804 ] } },
{ "type": "Feature", "properties": { "N.": 129.0, "Fecha": "13/2/2026", "Dirección": "Combate de Los Pozos 686, C1222AAD", "Nro.Acta": "AF-2026-581029-GC-ERSP", "tipo": "PLAN DE CONTROL", "observacio": null, "cod_calle": 3150.0, "calle": "COMBATE DE LOS POZOS", "desde": 686.0, "hasta": 686.0, "paridad": "PAR", "intervenci": null, "estado": null, "fecha_ini": null, "fecha_fin": null, "ente_a_car": null, "comuna": 3.0, "barrio": "BALVANERA", "clave_vere": "020-068-021A-3150-1" }, "geometry": { "type": "Point", "coordinates": [ -58.393123305275097, -34.616734722333199 ] } },
{ "type": "Feature", "properties": { "N.": 127.0, "Fecha": "5/3/2026", "Dirección": "Combate de Los Pozos 634, C1222AAD", "Nro.Acta": "AF-2026-596000-GC-ERSP", "tipo": "PLAN DE CONTROL", "observacio": null, "cod_calle": 3150.0, "calle": "COMBATE DE LOS POZOS", "desde": 634.0, "hasta": 634.0, "paridad": "PAR", "intervenci": null, "estado": null, "fecha_ini": null, "fecha_fin": null, "ente_a_car": null, "comuna": 3.0, "barrio": "BALVANERA", "clave_vere": "020-068-014A-3150-1" }, "geometry": { "type": "Point", "coordinates": [ -58.393117848089098, -34.616237784265799 ] } },
{ "type": "Feature", "properties": { "N.": 128.0, "Fecha": "13/2/2026", "Dirección": "Combate de Los Pozos 638, C1222AAD", "Nro.Acta": "AF-2026-581020-GC-ERSP", "tipo": "PLAN DE CONTROL", "observacio": null, "cod_calle": 3150.0, "calle": "COMBATE DE LOS POZOS", "desde": 638.0, "hasta": 638.0, "paridad": "PAR", "intervenci": null, "estado": null, "fecha_ini": null, "fecha_fin": null, "ente_a_car": null, "comuna": 3.0, "barrio": "BALVANERA", "clave_vere": "020-068-014A-3150-1" }, "geometry": { "type": "Point", "coordinates": [ -58.393117848089098, -34.616237784265799 ] } },
{ "type": "Feature", "properties": { "N.": 173.0, "Fecha": "3/3/2026", "Dirección": "Moreno 1892, C1094ABB", "Nro.Acta": "AF-2026-592971-GC-ERSP", "tipo": "PLAN DE CONTROL", "observacio": null, "cod_calle": 13126.0, "calle": "MORENO", "desde": 1892.0, "hasta": 1892.0, "paridad": "PAR", "intervenci": null, "estado": null, "fecha_ini": null, "fecha_fin": null, "ente_a_car": null, "comuna": 3.0, "barrio": "BALVANERA", "clave_vere": "020-071-014-13126-1" }, "geometry": { "type": "Point", "coordinates": [ -58.393096299897401, -34.612818699046201 ] } },
{ "type": "Feature", "properties": { "N.": 126.0, "Fecha": "5/3/2026", "Dirección": "Combate de Los Pozos 614, C1222AAD", "Nro.Acta": "AF-2026-596003-GC-ERSP", "tipo": "PLAN DE CONTROL", "observacio": null, "cod_calle": 3150.0, "calle": "COMBATE DE LOS POZOS", "desde": 614.0, "hasta": 614.0, "paridad": "PAR", "intervenci": null, "estado": null, "fecha_ini": null, "fecha_fin": null, "ente_a_car": null, "comuna": 3.0, "barrio": "BALVANERA", "clave_vere": "020-068-012-13076-1" }, "geometry": { "type": "Point", "coordinates": [ -58.393115061083599, -34.615975802162197 ] } },
{ "type": "Feature", "properties": { "N.": 124.0, "Fecha": "5/3/2026", "Dirección": "Combate de Los Pozos 594, C1222AAB", "Nro.Acta": "AF-2026-596006-GC-ERSP", "tipo": "PLAN DE CONTROL", "observacio": null, "cod_calle": 3150.0, "calle": "COMBATE DE LOS POZOS", "desde": 594.0, "hasta": 594.0, "paridad": "PAR", "intervenci": null, "estado": null, "fecha_ini": null, "fecha_fin": null, "ente_a_car": null, "comuna": 3.0, "barrio": "BALVANERA", "clave_vere": "020-069-020-13076-1" }, "geometry": { "type": "Point", "coordinates": [ -58.393113503241104, -34.615645579481203 ] } },
{ "type": "Feature", "properties": { "N.": 130.0, "Fecha": "13/2/2026", "Dirección": "Combate de Los Pozos 706, C1222AAF", "Nro.Acta": "AF-2026-581027-GC-ERSP", "tipo": "PLAN DE CONTROL", "observacio": null, "cod_calle": 3150.0, "calle": "COMBATE DE LOS POZOS", "desde": 706.0, "hasta": 706.0, "paridad": "PAR", "intervenci": null, "estado": null, "fecha_ini": null, "fecha_fin": null, "ente_a_car": null, "comuna": 3.0, "barrio": "BALVANERA", "clave_vere": "020-067-013-3230-1" }, "geometry": { "type": "Point", "coordinates": [ -58.393128983027403, -34.617209328993198 ] } },
{ "type": "Feature", "properties": { "N.": 97.0, "Fecha": "5/3/2026", "Dirección": "Chile 1890, C1227AAB", "Nro.Acta": "AF-2026-596022-GC-ERSP", "tipo": "PLAN DE CONTROL", "observacio": null, "cod_calle": 3230.0, "calle": "CHILE", "desde": 1890.0, "hasta": 1890.0, "paridad": "PAR", "intervenci": null, "estado": null, "fecha_ini": null, "fecha_fin": null, "ente_a_car": null, "comuna": 3.0, "barrio": "BALVANERA", "clave_vere": "020-067-013-3230-1" }, "geometry": { "type": "Point", "coordinates": [ -58.393128983027403, -34.617209328993198 ] } },
{ "type": "Feature", "properties": { "N.": 10.0, "Fecha": "3/3/2026", "Dirección": "Adolfo Alsina 1884, C1090AAB AAB", "Nro.Acta": "AF-2026-593326-GC-ERSP", "tipo": "PLAN DE CONTROL", "observacio": null, "cod_calle": 1046.0, "calle": "ALSINA, ADOLFO", "desde": 1884.0, "hasta": 1884.0, "paridad": "PAR", "intervenci": null, "estado": null, "fecha_ini": null, "fecha_fin": null, "ente_a_car": null, "comuna": 3.0, "barrio": "BALVANERA", "clave_vere": "020-072-011-1046-1" }, "geometry": { "type": "Point", "coordinates": [ -58.393022080687203, -34.611638622419697 ] } },
{ "type": "Feature", "properties": { "N.": 53.0, "Fecha": "5/3/2026", "Dirección": "Av. Independencia 1890, C1225AAN", "Nro.Acta": "AF-2026-595986-GC-ERSP", "tipo": "PLAN DE CONTROL", "observacio": null, "cod_calle": 9010.0, "calle": "INDEPENDENCIA AV.", "desde": 1890.0, "hasta": 1890.0, "paridad": "PAR", "intervenci": null, "estado": null, "fecha_ini": null, "fecha_fin": null, "ente_a_car": null, "comuna": 3.0, "barrio": "SAN CRISTOBAL", "clave_vere": "022-069-015-9010-1" }, "geometry": { "type": "Point", "coordinates": [ -58.393000852799297, -34.618322264411503 ] } },
{ "type": "Feature", "properties": { "N.": 54.0, "Fecha": "5/3/2026", "Dirección": "Av. Independencia 1891, C1225AAA", "Nro.Acta": "AF-2026-595985-GC-ERSP", "tipo": "PLAN DE CONTROL", "observacio": null, "cod_calle": 9010.0, "calle": "INDEPENDENCIA AV.", "desde": 1891.0, "hasta": 1891.0, "paridad": "IMPAR", "intervenci": null, "estado": null, "fecha_ini": null, "fecha_fin": null, "ente_a_car": null, "comuna": 3.0, "barrio": "SAN CRISTOBAL", "clave_vere": "020-067-022-9010-1" }, "geometry": { "type": "Point", "coordinates": [ -58.392985676684397, -34.6181205695286 ] } },
{ "type": "Feature", "properties": { "N.": 22.0, "Fecha": "4/3/2026", "Dirección": "Av. Belgrano 1887, C1094AAA", "Nro.Acta": "AF-2026-594490-GC-ERSP", "tipo": "PLAN DE CONTROL", "observacio": null, "cod_calle": 2051.0, "calle": "BELGRANO AV.", "desde": 1887.0, "hasta": 1887.0, "paridad": "IMPAR", "intervenci": null, "estado": null, "fecha_ini": null, "fecha_fin": null, "ente_a_car": null, "comuna": 3.0, "barrio": "BALVANERA", "clave_vere": "020-071-025-2051-1" }, "geometry": { "type": "Point", "coordinates": [ -58.392954324308, -34.6138178828744 ] } },
{ "type": "Feature", "properties": { "N.": 96.0, "Fecha": "13/2/2026", "Dirección": "Chile 1882, C1227AAB", "Nro.Acta": "AF-2026-580815-GC-ERSP", "tipo": "PLAN DE CONTROL", "observacio": null, "cod_calle": 3230.0, "calle": "CHILE", "desde": 1882.0, "hasta": 1882.0, "paridad": "PAR", "intervenci": null, "estado": null, "fecha_ini": null, "fecha_fin": null, "ente_a_car": null, "comuna": 3.0, "barrio": "BALVANERA", "clave_vere": "020-067-012-3230-1" }, "geometry": { "type": "Point", "coordinates": [ -58.392963340662398, -34.6170128827236 ] } },
{ "type": "Feature", "properties": { "N.": 237.0, "Fecha": "12/2/2026", "Dirección": "Venezuela 1890, C1096ABF", "Nro.Acta": "AF-2026-579695-GC-ERSP", "tipo": "PLAN DE CONTROL", "observacio": null, "cod_calle": 23033.0, "calle": "REPUBLICA BOLIVARIANA DE VENEZUELA", "desde": 1890.0, "hasta": 1890.0, "paridad": "PAR", "intervenci": null, "estado": null, "fecha_ini": null, "fecha_fin": null, "ente_a_car": null, "comuna": 3.0, "barrio": "BALVANERA", "clave_vere": "020-069-013-23033-1" }, "geometry": { "type": "Point", "coordinates": [ -58.392927914925998, -34.615062391803299 ] } },
{ "type": "Feature", "properties": { "N.": 21.0, "Fecha": "12/2/2026", "Dirección": "Av. Belgrano 1882, C1094", "Nro.Acta": "AF-2026-580050-GC-ERSP", "tipo": "PLAN DE CONTROL", "observacio": null, "cod_calle": 2051.0, "calle": "BELGRANO AV.", "desde": 1882.0, "hasta": 1882.0, "paridad": "PAR", "intervenci": null, "estado": null, "fecha_ini": null, "fecha_fin": null, "ente_a_car": null, "comuna": 3.0, "barrio": "BALVANERA", "clave_vere": "020-070-011-2051-1" }, "geometry": { "type": "Point", "coordinates": [ -58.3929245738018, -34.614009275619601 ] } },
{ "type": "Feature", "properties": { "N.": 157.0, "Fecha": "13/2/2026", "Dirección": "México 1880, C1222ABB", "Nro.Acta": "AF-2026-580850-GC-ERSP", "tipo": "PLAN DE CONTROL", "observacio": null, "cod_calle": 13076.0, "calle": "MEXICO", "desde": 1880.0, "hasta": 1880.0, "paridad": "PAR", "intervenci": null, "estado": null, "fecha_ini": null, "fecha_fin": null, "ente_a_car": null, "comuna": 3.0, "barrio": "BALVANERA", "clave_vere": "020-068-010-13076-1" }, "geometry": { "type": "Point", "coordinates": [ -58.392893696650503, -34.615822771860202 ] } },
{ "type": "Feature", "properties": { "N.": 20.0, "Fecha": "4/3/2026", "Dirección": "Av. Belgrano 1877, C1094AAA", "Nro.Acta": "AF-2026-594489-GC-ERSP", "tipo": "PLAN DE CONTROL", "observacio": null, "cod_calle": 2051.0, "calle": "BELGRANO AV.", "desde": 1877.0, "hasta": 1877.0, "paridad": "IMPAR", "intervenci": null, "estado": null, "fecha_ini": null, "fecha_fin": null, "ente_a_car": null, "comuna": 3.0, "barrio": "BALVANERA", "clave_vere": "020-071-027-2051-1" }, "geometry": { "type": "Point", "coordinates": [ -58.3927930959753, -34.613807107183099 ] } },
{ "type": "Feature", "properties": { "N.": 79.0, "Fecha": "2/3/2026", "Dirección": "Bartolomé Mitre 1864, C1039AAB", "Nro.Acta": "AF-2026-591606-GC-ERSP", "tipo": "PLAN DE CONTROL", "observacio": null, "cod_calle": 13094.0, "calle": "MITRE, BARTOLOME", "desde": 1864.0, "hasta": 1864.0, "paridad": "PAR", "intervenci": null, "estado": null, "fecha_ini": null, "fecha_fin": null, "ente_a_car": null, "comuna": 3.0, "barrio": "BALVANERA", "clave_vere": "009-074-005C-13094-1" }, "geometry": { "type": "Point", "coordinates": [ -58.392972841397402, -34.608083082585601 ] } },
{ "type": "Feature", "properties": { "N.": 52.0, "Fecha": "5/3/2026", "Dirección": "Av. Independencia 1874, C1225AAN", "Nro.Acta": "AF-2026-595988-GC-ERSP", "tipo": "PLAN DE CONTROL", "observacio": null, "cod_calle": 9010.0, "calle": "INDEPENDENCIA AV.", "desde": 1874.0, "hasta": 1874.0, "paridad": "PAR", "intervenci": null, "estado": null, "fecha_ini": null, "fecha_fin": null, "ente_a_car": null, "comuna": 3.0, "barrio": "SAN CRISTOBAL", "clave_vere": "022-069-012-9010-1" }, "geometry": { "type": "Point", "coordinates": [ -58.392761354097402, -34.6183111904447 ] } },
{ "type": "Feature", "properties": { "N.": 172.0, "Fecha": "3/3/2026", "Dirección": "Moreno 1866, C1094ABB", "Nro.Acta": "AF-2026-592964-GC-ERSP", "tipo": "PLAN DE CONTROL", "observacio": null, "cod_calle": 13126.0, "calle": "MORENO", "desde": 1866.0, "hasta": 1866.0, "paridad": "PAR", "intervenci": null, "estado": null, "fecha_ini": null, "fecha_fin": null, "ente_a_car": null, "comuna": 3.0, "barrio": "BALVANERA", "clave_vere": "020-071-010-13126-1" }, "geometry": { "type": "Point", "coordinates": [ -58.392750341950702, -34.612792864759598 ] } },
{ "type": "Feature", "properties": { "N.": 95.0, "Fecha": "5/3/2026", "Dirección": "Chile 1856, C1227AAB", "Nro.Acta": "AF-2026-596021-GC-ERSP", "tipo": "PLAN DE CONTROL", "observacio": null, "cod_calle": 3230.0, "calle": "CHILE", "desde": 1856.0, "hasta": 1856.0, "paridad": "PAR", "intervenci": null, "estado": null, "fecha_ini": null, "fecha_fin": null, "ente_a_car": null, "comuna": 3.0, "barrio": "BALVANERA", "clave_vere": "020-067-009-3230-1" }, "geometry": { "type": "Point", "coordinates": [ -58.392696169594899, -34.616995435453703 ] } },
{ "type": "Feature", "properties": { "N.": 51.0, "Fecha": "5/3/2026", "Dirección": "Av. Independencia 1863, C1225AAA", "Nro.Acta": "AF-2026-595984-GC-ERSP", "tipo": "PLAN DE CONTROL", "observacio": null, "cod_calle": 9010.0, "calle": "INDEPENDENCIA AV.", "desde": 1863.0, "hasta": 1863.0, "paridad": "IMPAR", "intervenci": null, "estado": null, "fecha_ini": null, "fecha_fin": null, "ente_a_car": null, "comuna": 3.0, "barrio": "SAN CRISTOBAL", "clave_vere": "020-067-026-9010-1" }, "geometry": { "type": "Point", "coordinates": [ -58.392656060804804, -34.618104829295497 ] } },
{ "type": "Feature", "properties": { "N.": 138.0, "Fecha": "4/3/2026", "Dirección": "Av. Belgrano 1864, C1094", "Nro.Acta": "AF-2026-594500-GC-ERSP", "tipo": "PLAN DE CONTROL", "observacio": null, "cod_calle": 2051.0, "calle": "BELGRANO AV.", "desde": 1864.0, "hasta": 1864.0, "paridad": "PAR", "intervenci": null, "estado": null, "fecha_ini": null, "fecha_fin": null, "ente_a_car": null, "comuna": 3.0, "barrio": "BALVANERA", "clave_vere": "020-070-007A-2051-1" }, "geometry": { "type": "Point", "coordinates": [ -58.392682160870997, -34.613992861235097 ] } },
{ "type": "Feature", "properties": { "N.": 9.0, "Fecha": "3/3/2026", "Dirección": "Adolfo Alsina 1850, C1090", "Nro.Acta": "AF-2026-593316-GC-ERSP", "tipo": "PLAN DE CONTROL", "observacio": null, "cod_calle": 1046.0, "calle": "ALSINA, ADOLFO", "desde": 1850.0, "hasta": 1850.0, "paridad": "PAR", "intervenci": null, "estado": null, "fecha_ini": null, "fecha_fin": null, "ente_a_car": null, "comuna": 3.0, "barrio": "BALVANERA", "clave_vere": "020-072-006-1046-1" }, "geometry": { "type": "Point", "coordinates": [ -58.392594586166503, -34.611611343501899 ] } },
{ "type": "Feature", "properties": { "N.": 156.0, "Fecha": "13/2/2026", "Dirección": "México 1850, C1222ABB", "Nro.Acta": "AF-2026-580845-GC-ERSP", "tipo": "PLAN DE CONTROL", "observacio": null, "cod_calle": 13076.0, "calle": "MEXICO", "desde": 1850.0, "hasta": 1850.0, "paridad": "PAR", "intervenci": null, "estado": null, "fecha_ini": null, "fecha_fin": null, "ente_a_car": null, "comuna": 3.0, "barrio": "BALVANERA", "clave_vere": "020-068-007-13076-1" }, "geometry": { "type": "Point", "coordinates": [ -58.392486525111302, -34.615799240477998 ] } },
{ "type": "Feature", "properties": { "N.": 140.0, "Fecha": "3/3/2026", "Dirección": "Hipólito Yrigoyen 1842, C1089AAJ", "Nro.Acta": "AF-2026-592857-GC-ERSP", "tipo": "PLAN DE CONTROL", "observacio": null, "cod_calle": 26005.0, "calle": "YRIGOYEN, HIPOLITO", "desde": 1842.0, "hasta": 1842.0, "paridad": "PAR", "intervenci": null, "estado": null, "fecha_ini": null, "fecha_fin": null, "ente_a_car": null, "comuna": 3.0, "barrio": "BALVANERA", "clave_vere": "020-073-005-26005-1" }, "geometry": { "type": "Point", "coordinates": [ -58.392484342355402, -34.610437647094599 ] } },
{ "type": "Feature", "properties": { "N.": 78.0, "Fecha": "2/3/2026", "Dirección": "Bartolomé Mitre 1824, C1022", "Nro.Acta": "AF-2026-591602-GC-ERSP", "tipo": "PLAN DE CONTROL", "observacio": null, "cod_calle": 13094.0, "calle": "MITRE, BARTOLOME", "desde": 1824.0, "hasta": 1824.0, "paridad": "PAR", "intervenci": null, "estado": null, "fecha_ini": null, "fecha_fin": null, "ente_a_car": null, "comuna": 3.0, "barrio": "BALVANERA", "clave_vere": "009-074-002C-13094-1" }, "geometry": { "type": "Point", "coordinates": [ -58.392475135568802, -34.608059077017103 ] } },
{ "type": "Feature", "properties": { "N.": 18.0, "Fecha": "12/2/2026", "Dirección": "Av. Belgrano 1844, C1094", "Nro.Acta": "AF-2026-580046-GC-ERSP", "tipo": "PLAN DE CONTROL", "observacio": null, "cod_calle": 2051.0, "calle": "BELGRANO AV.", "desde": 1844.0, "hasta": 1844.0, "paridad": "PAR", "intervenci": null, "estado": null, "fecha_ini": null, "fecha_fin": null, "ente_a_car": null, "comuna": 3.0, "barrio": "BALVANERA", "clave_vere": "020-070-005-2051-1" }, "geometry": { "type": "Point", "coordinates": [ -58.3924327045195, -34.613976021066499 ] } },
{ "type": "Feature", "properties": { "N.": 171.0, "Fecha": "3/3/2026", "Dirección": "Moreno 1836, C1094ABB", "Nro.Acta": "AF-2026-592953-GC-ERSP", "tipo": "PLAN DE CONTROL", "observacio": null, "cod_calle": 13126.0, "calle": "MORENO", "desde": 1836.0, "hasta": 1836.0, "paridad": "PAR", "intervenci": null, "estado": null, "fecha_ini": null, "fecha_fin": null, "ente_a_car": null, "comuna": 3.0, "barrio": "BALVANERA", "clave_vere": "020-071-005-13126-1" }, "geometry": { "type": "Point", "coordinates": [ -58.392377110726102, -34.612764991772401 ] } },
{ "type": "Feature", "properties": { "N.": 50.0, "Fecha": "5/3/2026", "Dirección": "Av. Independencia 1844, C1225AAN", "Nro.Acta": "AF-2026-595990-GC-ERSP", "tipo": "PLAN DE CONTROL", "observacio": null, "cod_calle": 9010.0, "calle": "INDEPENDENCIA AV.", "desde": 1844.0, "hasta": 1844.0, "paridad": "PAR", "intervenci": null, "estado": null, "fecha_ini": null, "fecha_fin": null, "ente_a_car": null, "comuna": 3.0, "barrio": "SAN CRISTOBAL", "clave_vere": "022-069-007-9010-1" }, "geometry": { "type": "Point", "coordinates": [ -58.392356141640001, -34.618292447264203 ] } },
{ "type": "Feature", "properties": { "N.": 94.0, "Fecha": "5/3/2026", "Dirección": "Chile 1836, C1227AAB", "Nro.Acta": "AF-2026-596020-GC-ERSP", "tipo": "PLAN DE CONTROL", "observacio": null, "cod_calle": 3230.0, "calle": "CHILE", "desde": 1836.0, "hasta": 1836.0, "paridad": "PAR", "intervenci": null, "estado": null, "fecha_ini": null, "fecha_fin": null, "ente_a_car": null, "comuna": 3.0, "barrio": "BALVANERA", "clave_vere": "020-067-005A-3230-1" }, "geometry": { "type": "Point", "coordinates": [ -58.392387002647403, -34.616975165874301 ] } },
{ "type": "Feature", "properties": { "N.": 19.0, "Fecha": "4/3/2026", "Dirección": "Av. Belgrano 1845, C1080AAA", "Nro.Acta": "AF-2026-594485-GC-ERSP", "tipo": "PLAN DE CONTROL", "observacio": null, "cod_calle": 2051.0, "calle": "BELGRANO AV.", "desde": 1845.0, "hasta": 1845.0, "paridad": "IMPAR", "intervenci": null, "estado": null, "fecha_ini": null, "fecha_fin": null, "ente_a_car": null, "comuna": 3.0, "barrio": "BALVANERA", "clave_vere": "020-071-031A-2051-1" }, "geometry": { "type": "Point", "coordinates": [ -58.392388630631402, -34.613780093414199 ] } },
{ "type": "Feature", "properties": { "N.": 236.0, "Fecha": "12/2/2026", "Dirección": "Venezuela 1840, C1096ABF", "Nro.Acta": "AF-2026-579693-GC-ERSP", "tipo": "PLAN DE CONTROL", "observacio": null, "cod_calle": 23033.0, "calle": "REPUBLICA BOLIVARIANA DE VENEZUELA", "desde": 1840.0, "hasta": 1840.0, "paridad": "PAR", "intervenci": null, "estado": null, "fecha_ini": null, "fecha_fin": null, "ente_a_car": null, "comuna": 3.0, "barrio": "BALVANERA", "clave_vere": "020-069-006-23033-1" }, "geometry": { "type": "Point", "coordinates": [ -58.392364508194802, -34.6150171892155 ] } },
{ "type": "Feature", "properties": { "N.": 139.0, "Fecha": "3/3/2026", "Dirección": "Hipólito Yrigoyen 1824, C1089AAJ", "Nro.Acta": "AF-2026-592856-GC-ERSP", "tipo": "PLAN DE CONTROL", "observacio": null, "cod_calle": 26005.0, "calle": "YRIGOYEN, HIPOLITO", "desde": 1824.0, "hasta": 1824.0, "paridad": "PAR", "intervenci": null, "estado": null, "fecha_ini": null, "fecha_fin": null, "ente_a_car": null, "comuna": 3.0, "barrio": "BALVANERA", "clave_vere": "020-073-003-26005-1" }, "geometry": { "type": "Point", "coordinates": [ -58.392294016181403, -34.610428138112503 ] } },
{ "type": "Feature", "properties": { "N.": 155.0, "Fecha": "13/2/2026", "Dirección": "México 1832, C1222ABB", "Nro.Acta": "AF-2026-580841-GC-ERSP", "tipo": "PLAN DE CONTROL", "observacio": null, "cod_calle": 13076.0, "calle": "MEXICO", "desde": 1832.0, "hasta": 1832.0, "paridad": "PAR", "intervenci": null, "estado": null, "fecha_ini": null, "fecha_fin": null, "ente_a_car": null, "comuna": 3.0, "barrio": "BALVANERA", "clave_vere": "020-068-005-13076-1" }, "geometry": { "type": "Point", "coordinates": [ -58.392293465065499, -34.6157880891449 ] } },
{ "type": "Feature", "properties": { "N.": 49.0, "Fecha": "5/3/2026", "Dirección": "Av. Independencia 1833, C1225AAA", "Nro.Acta": "AF-2026-595981-GC-ERSP", "tipo": "PLAN DE CONTROL", "observacio": null, "cod_calle": 9010.0, "calle": "INDEPENDENCIA AV.", "desde": 1833.0, "hasta": 1833.0, "paridad": "IMPAR", "intervenci": null, "estado": null, "fecha_ini": null, "fecha_fin": null, "ente_a_car": null, "comuna": 3.0, "barrio": "SAN CRISTOBAL", "clave_vere": "020-067-030-9010-1" }, "geometry": { "type": "Point", "coordinates": [ -58.392264188788097, -34.618086115626902 ] } },
{ "type": "Feature", "properties": { "N.": 16.0, "Fecha": "4/3/2026", "Dirección": "Av. Belgrano 1817, C1094", "Nro.Acta": "AF-2026-594482-GC-ERSP", "tipo": "PLAN DE CONTROL", "observacio": null, "cod_calle": 2051.0, "calle": "BELGRANO AV.", "desde": 1817.0, "hasta": 1817.0, "paridad": "IMPAR", "intervenci": null, "estado": null, "fecha_ini": null, "fecha_fin": null, "ente_a_car": null, "comuna": 3.0, "barrio": "BALVANERA", "clave_vere": "020-071-034D-5061-1" }, "geometry": { "type": "Point", "coordinates": [ -58.391841008379799, -34.613522582778003 ] } },
{ "type": "Feature", "properties": { "N.": 77.0, "Fecha": "13/2/2026", "Dirección": "Bartolomé Mitre 1802, C1022AAB", "Nro.Acta": "AF-2026-580655-GC-ERSP", "tipo": "PLAN DE CONTROL", "observacio": null, "cod_calle": 13094.0, "calle": "MITRE, BARTOLOME", "desde": 1802.0, "hasta": 1802.0, "paridad": "PAR", "intervenci": null, "estado": null, "fecha_ini": null, "fecha_fin": null, "ente_a_car": null, "comuna": 3.0, "barrio": "BALVANERA", "clave_vere": "009-074-001-3030-1" }, "geometry": { "type": "Point", "coordinates": [ -58.3921385356008, -34.608213311584102 ] } },
{ "type": "Feature", "properties": { "N.": 48.0, "Fecha": "5/3/2026", "Dirección": "Av. Independencia 1817, C1225", "Nro.Acta": "AF-2026-595982-GC-ERSP", "tipo": "PLAN DE CONTROL", "observacio": null, "cod_calle": 9010.0, "calle": "INDEPENDENCIA AV.", "desde": 1817.0, "hasta": 1817.0, "paridad": "IMPAR", "intervenci": null, "estado": null, "fecha_ini": null, "fecha_fin": null, "ente_a_car": null, "comuna": 3.0, "barrio": "SAN CRISTOBAL", "clave_vere": "020-067-032-9010-1" }, "geometry": { "type": "Point", "coordinates": [ -58.392092601303403, -34.618077922505698 ] } },
{ "type": "Feature", "properties": { "N.": 47.0, "Fecha": "5/3/2026", "Dirección": "Av. Independencia 1814, C1225AAN", "Nro.Acta": "AF-2026-595991-GC-ERSP", "tipo": "PLAN DE CONTROL", "observacio": null, "cod_calle": 9010.0, "calle": "INDEPENDENCIA AV.", "desde": 1814.0, "hasta": 1814.0, "paridad": "PAR", "intervenci": null, "estado": null, "fecha_ini": null, "fecha_fin": null, "ente_a_car": null, "comuna": 3.0, "barrio": "SAN CRISTOBAL", "clave_vere": "022-069-003-9010-1" }, "geometry": { "type": "Point", "coordinates": [ -58.3920371664897, -34.618277689242198 ] } },
{ "type": "Feature", "properties": { "N.": 235.0, "Fecha": "12/2/2026", "Dirección": "Venezuela 1814, C1096ABF", "Nro.Acta": "AF-2026-579690-GC-ERSP", "tipo": "PLAN DE CONTROL", "observacio": null, "cod_calle": 23033.0, "calle": "REPUBLICA BOLIVARIANA DE VENEZUELA", "desde": 1814.0, "hasta": 1814.0, "paridad": "PAR", "intervenci": null, "estado": null, "fecha_ini": null, "fecha_fin": null, "ente_a_car": null, "comuna": 3.0, "barrio": "BALVANERA", "clave_vere": "020-069-002C-23033-1" }, "geometry": { "type": "Point", "coordinates": [ -58.392005818496699, -34.614988413800802 ] } },
{ "type": "Feature", "properties": { "N.": 154.0, "Fecha": "5/3/2026", "Dirección": "México 1812, C1222ABB", "Nro.Acta": "AF-2026-596017-GC-ERSP", "tipo": "PLAN DE CONTROL", "observacio": null, "cod_calle": 13076.0, "calle": "MEXICO", "desde": 1812.0, "hasta": 1812.0, "paridad": "PAR", "intervenci": null, "estado": null, "fecha_ini": null, "fecha_fin": null, "ente_a_car": null, "comuna": 3.0, "barrio": "BALVANERA", "clave_vere": "020-068-002-13076-1" }, "geometry": { "type": "Point", "coordinates": [ -58.392008053473603, -34.615771598727498 ] } },
{ "type": "Feature", "properties": { "N.": 170.0, "Fecha": "3/3/2026", "Dirección": "Moreno 1808, C1093", "Nro.Acta": "AF-2026-592950-GC-ERSP", "tipo": "PLAN DE CONTROL", "observacio": null, "cod_calle": 13126.0, "calle": "MORENO", "desde": 1808.0, "hasta": 1808.0, "paridad": "PAR", "intervenci": null, "estado": null, "fecha_ini": null, "fecha_fin": null, "ente_a_car": null, "comuna": 3.0, "barrio": "BALVANERA", "clave_vere": "020-071-001-13126-1" }, "geometry": { "type": "Point", "coordinates": [ -58.391863744527299, -34.612935254837502 ] } },
{ "type": "Feature", "properties": { "N.": 17.0, "Fecha": "4/3/2026", "Dirección": "Av. Belgrano 1818, C1094", "Nro.Acta": "AF-2026-594502-GC-ERSP", "tipo": "PLAN DE CONTROL", "observacio": null, "cod_calle": 2051.0, "calle": "BELGRANO AV.", "desde": 1818.0, "hasta": 1818.0, "paridad": "PAR", "intervenci": null, "estado": null, "fecha_ini": null, "fecha_fin": null, "ente_a_car": null, "comuna": 3.0, "barrio": "BALVANERA", "clave_vere": "020-070-001A-5061-1" }, "geometry": { "type": "Point", "coordinates": [ -58.391820412366798, -34.614081421552797 ] } },
{ "type": "Feature", "properties": { "N.": 93.0, "Fecha": "5/3/2026", "Dirección": "Chile 1818, C1227AAB", "Nro.Acta": "AF-2026-596018-GC-ERSP", "tipo": "PLAN DE CONTROL", "observacio": null, "cod_calle": 3230.0, "calle": "CHILE", "desde": 1818.0, "hasta": 1818.0, "paridad": "PAR", "intervenci": null, "estado": null, "fecha_ini": null, "fecha_fin": null, "ente_a_car": null, "comuna": 3.0, "barrio": "BALVANERA", "clave_vere": "020-067-001A-3230-1" }, "geometry": { "type": "Point", "coordinates": [ -58.391793228775498, -34.617020276747098 ] } },
{ "type": "Feature", "properties": { "N.": 169.0, "Fecha": "20/2/2026", "Dirección": "Moreno 1793, C1093 ABG", "Nro.Acta": "AF-2026-583444-GC-ERSP", "tipo": "PLAN DE CONTROL", "observacio": null, "cod_calle": 13126.0, "calle": "MORENO", "desde": 1793.0, "hasta": 1793.0, "paridad": "IMPAR", "intervenci": null, "estado": null, "fecha_ini": null, "fecha_fin": null, "ente_a_car": null, "comuna": 1.0, "barrio": "MONSERRAT", "clave_vere": "012-006-019-5061-1" }, "geometry": { "type": "Point", "coordinates": [ -58.3916471281536, -34.612447597015802 ] } },
{ "type": "Feature", "properties": { "N.": 234.0, "Fecha": "6/3/2026", "Dirección": "Venezuela 1792, C1096ABD", "Nro.Acta": "AF-2026-597759-GC-ERSP", "tipo": "PLAN DE CONTROL", "observacio": null, "cod_calle": 23033.0, "calle": "REPUBLICA BOLIVARIANA DE VENEZUELA", "desde": 1792.0, "hasta": 1792.0, "paridad": "PAR", "intervenci": null, "estado": null, "fecha_ini": null, "fecha_fin": null, "ente_a_car": null, "comuna": 1.0, "barrio": "MONSERRAT", "clave_vere": "012-003-012-23033-1" }, "geometry": { "type": "Point", "coordinates": [ -58.391550698248203, -34.615067459548598 ] } },
{ "type": "Feature", "properties": { "N.": 46.0, "Fecha": "24/2/2026", "Dirección": "Av. Independencia 1792, C1100ABR C1080ABP", "Nro.Acta": "AF-2026-586081-GC-ERSP", "tipo": "PLAN DE CONTROL", "observacio": null, "cod_calle": 9010.0, "calle": "INDEPENDENCIA AV.", "desde": 1792.0, "hasta": 1792.0, "paridad": "PAR", "intervenci": null, "estado": null, "fecha_ini": null, "fecha_fin": null, "ente_a_car": null, "comuna": 1.0, "barrio": "CONSTITUCION", "clave_vere": "014-010-011-9010-1" }, "geometry": { "type": "Point", "coordinates": [ -58.391514180949102, -34.6182654933016 ] } },
{ "type": "Feature", "properties": { "N.": 8.0, "Fecha": "3/2/2026", "Dirección": "Adolfo Alsina 1781, C1088AAQ", "Nro.Acta": "AF-2026-570574-GC-ERSP", "tipo": "PLAN DE CONTROL", "observacio": null, "cod_calle": 1046.0, "calle": "ALSINA, ADOLFO", "desde": 1781.0, "hasta": 1781.0, "paridad": "IMPAR", "intervenci": null, "estado": null, "fecha_ini": null, "fecha_fin": null, "ente_a_car": null, "comuna": 1.0, "barrio": "MONSERRAT", "clave_vere": "012-007-021A-1046-1" }, "geometry": { "type": "Point", "coordinates": [ -58.391361050452304, -34.611415551577899 ] } },
{ "type": "Feature", "properties": { "N.": 7.0, "Fecha": "29/1/2026", "Dirección": "Adolfo Alsina 1761, C1088AAQ", "Nro.Acta": "AF-2026-566543-GC-ERSP", "tipo": "PLAN DE CONTROL", "observacio": null, "cod_calle": 1046.0, "calle": "ALSINA, ADOLFO", "desde": 1761.0, "hasta": 1761.0, "paridad": "IMPAR", "intervenci": null, "estado": null, "fecha_ini": null, "fecha_fin": null, "ente_a_car": null, "comuna": 1.0, "barrio": "MONSERRAT", "clave_vere": "012-007-023-1046-1" }, "geometry": { "type": "Point", "coordinates": [ -58.391213314851498, -34.611406689590702 ] } },
{ "type": "Feature", "properties": { "N.": 6.0, "Fecha": "3/2/2026", "Dirección": "Adolfo Alsina 1701, C1088AAQ", "Nro.Acta": "AF-2026-570611-GC-ERSP", "tipo": "PLAN DE CONTROL", "observacio": null, "cod_calle": 1046.0, "calle": "ALSINA, ADOLFO", "desde": 1701.0, "hasta": 1701.0, "paridad": "IMPAR", "intervenci": null, "estado": null, "fecha_ini": null, "fecha_fin": null, "ente_a_car": null, "comuna": 1.0, "barrio": "MONSERRAT", "clave_vere": "012-007-028A-1046-1" }, "geometry": { "type": "Point", "coordinates": [ -58.3904362815802, -34.611206705055302 ] } },
{ "type": "Feature", "properties": { "N.": 45.0, "Fecha": "24/2/2026", "Dirección": "Av. Independencia 1742, C1100ABR C1100ABR", "Nro.Acta": "AF-2026-586079-GC-ERSP", "tipo": "PLAN DE CONTROL", "observacio": null, "cod_calle": 9010.0, "calle": "INDEPENDENCIA AV.", "desde": 1742.0, "hasta": 1742.0, "paridad": "PAR", "intervenci": null, "estado": null, "fecha_ini": null, "fecha_fin": null, "ente_a_car": null, "comuna": 1.0, "barrio": "CONSTITUCION", "clave_vere": "014-010-004-9010-1" }, "geometry": { "type": "Point", "coordinates": [ -58.390804441283699, -34.618210265277497 ] } },
{ "type": "Feature", "properties": { "N.": 15.0, "Fecha": "20/2/2026", "Dirección": "Av. Belgrano 1724, C1093AAS", "Nro.Acta": "AF-2026-583438-GC-ERSP", "tipo": "PLAN DE CONTROL", "observacio": null, "cod_calle": 2051.0, "calle": "BELGRANO AV.", "desde": 1724.0, "hasta": 1724.0, "paridad": "PAR", "intervenci": null, "estado": null, "fecha_ini": null, "fecha_fin": null, "ente_a_car": null, "comuna": 1.0, "barrio": "MONSERRAT", "clave_vere": "012-004-003-2051-1" }, "geometry": { "type": "Point", "coordinates": [ -58.390681198852398, -34.6138521362262 ] } },
{ "type": "Feature", "properties": { "N.": 168.0, "Fecha": "20/2/2026", "Dirección": "Moreno 1717, C1093ABE", "Nro.Acta": "AF-2026-583445-GC-ERSP", "tipo": "PLAN DE CONTROL", "observacio": null, "cod_calle": 13126.0, "calle": "MORENO", "desde": 1717.0, "hasta": 1717.0, "paridad": "IMPAR", "intervenci": null, "estado": null, "fecha_ini": null, "fecha_fin": null, "ente_a_car": null, "comuna": 1.0, "barrio": "MONSERRAT", "clave_vere": "012-006-029A-13126-1" }, "geometry": { "type": "Point", "coordinates": [ -58.390617112531601, -34.6125241688434 ] } },
{ "type": "Feature", "properties": { "N.": 233.0, "Fecha": "6/3/2026", "Dirección": "Venezuela 1710, C1096ABD", "Nro.Acta": "AF-2026-597758-GC-ERSP", "tipo": "PLAN DE CONTROL", "observacio": null, "cod_calle": 23033.0, "calle": "REPUBLICA BOLIVARIANA DE VENEZUELA", "desde": 1710.0, "hasta": 1710.0, "paridad": "PAR", "intervenci": null, "estado": null, "fecha_ini": null, "fecha_fin": null, "ente_a_car": null, "comuna": 1.0, "barrio": "MONSERRAT", "clave_vere": "012-003-001-23033-1" }, "geometry": { "type": "Point", "coordinates": [ -58.390451949859802, -34.614928470816402 ] } },
{ "type": "Feature", "properties": { "N.": 212.0, "Fecha": "6/3/2026", "Dirección": "Solís 427, C1078AAI", "Nro.Acta": "AF-2026-597755-GC-ERSP", "tipo": "PLAN DE CONTROL", "observacio": null, "cod_calle": 20106.0, "calle": "SOLIS", "desde": 427.0, "hasta": 427.0, "paridad": "IMPAR", "intervenci": null, "estado": null, "fecha_ini": null, "fecha_fin": null, "ente_a_car": null, "comuna": 1.0, "barrio": "MONSERRAT", "clave_vere": "012-004-033B-20106-1" }, "geometry": { "type": "Point", "coordinates": [ -58.390429382141598, -34.614105802700003 ] } },
{ "type": "Feature", "properties": { "N.": 208.0, "Fecha": "3/2/2026", "Dirección": "Solís 225, C1078AAE", "Nro.Acta": "AF-2026-570502-GC-ERSP", "tipo": "PLAN DE CONTROL", "observacio": null, "cod_calle": 20106.0, "calle": "SOLIS", "desde": 225.0, "hasta": 225.0, "paridad": "IMPAR", "intervenci": null, "estado": null, "fecha_ini": null, "fecha_fin": null, "ente_a_car": null, "comuna": 1.0, "barrio": "MONSERRAT", "clave_vere": "012-006-039A-20106-1" }, "geometry": { "type": "Point", "coordinates": [ -58.390423906479299, -34.611756635449801 ] } },
{ "type": "Feature", "properties": { "N.": 210.0, "Fecha": "20/2/2026", "Dirección": "Solís 321, C1079", "Nro.Acta": "AF-2026-583446-GC-ERSP", "tipo": "PLAN DE CONTROL", "observacio": null, "cod_calle": 20106.0, "calle": "SOLIS", "desde": 321.0, "hasta": 321.0, "paridad": "IMPAR", "intervenci": null, "estado": null, "fecha_ini": null, "fecha_fin": null, "ente_a_car": null, "comuna": 1.0, "barrio": "MONSERRAT", "clave_vere": "012-005-040-20106-1" }, "geometry": { "type": "Point", "coordinates": [ -58.390419479437298, -34.612851603375297 ] } },
{ "type": "Feature", "properties": { "N.": 211.0, "Fecha": "20/2/2026", "Dirección": "Solís 375, C1078", "Nro.Acta": "AF-2026-583449-GC-ERSP", "tipo": "PLAN DE CONTROL", "observacio": null, "cod_calle": 20106.0, "calle": "SOLIS", "desde": 375.0, "hasta": 375.0, "paridad": "IMPAR", "intervenci": null, "estado": null, "fecha_ini": null, "fecha_fin": null, "ente_a_car": null, "comuna": 1.0, "barrio": "MONSERRAT", "clave_vere": "012-005-033A-20106-1" }, "geometry": { "type": "Point", "coordinates": [ -58.390418803715903, -34.613357485038101 ] } },
{ "type": "Feature", "properties": { "N.": 209.0, "Fecha": "3/2/2026", "Dirección": "Solís 287, C1078AAE", "Nro.Acta": "AF-2026-570498-GC-ERSP", "tipo": "PLAN DE CONTROL", "observacio": null, "cod_calle": 20106.0, "calle": "SOLIS", "desde": 287.0, "hasta": 287.0, "paridad": "IMPAR", "intervenci": null, "estado": null, "fecha_ini": null, "fecha_fin": null, "ente_a_car": null, "comuna": 1.0, "barrio": "MONSERRAT", "clave_vere": "012-006-032-20106-1" }, "geometry": { "type": "Point", "coordinates": [ -58.390415241215102, -34.612371504063198 ] } },
{ "type": "Feature", "properties": { "N.": 167.0, "Fecha": "3/2/2026", "Dirección": "Moreno 1695, C1093ABE", "Nro.Acta": "AF-2026-570481-GC-ERSP", "tipo": "PLAN DE CONTROL", "observacio": null, "cod_calle": 13126.0, "calle": "MORENO", "desde": 1695.0, "hasta": 1695.0, "paridad": "IMPAR", "intervenci": null, "estado": null, "fecha_ini": null, "fecha_fin": null, "ente_a_car": null, "comuna": 1.0, "barrio": "MONSERRAT", "clave_vere": "012-014-017-20106-1" }, "geometry": { "type": "Point", "coordinates": [ -58.390295265837103, -34.612400511953503 ] } },
{ "type": "Feature", "properties": { "N.": 14.0, "Fecha": "20/2/2026", "Dirección": "Av. Belgrano 1692, C1093 AAR", "Nro.Acta": "AF-2026-583437-GC-ERSP", "tipo": "PLAN DE CONTROL", "observacio": null, "cod_calle": 2051.0, "calle": "BELGRANO AV.", "desde": 1692.0, "hasta": 1692.0, "paridad": "PAR", "intervenci": null, "estado": null, "fecha_ini": null, "fecha_fin": null, "ente_a_car": null, "comuna": 1.0, "barrio": "MONSERRAT", "clave_vere": "012-012-012-2051-1" }, "geometry": { "type": "Point", "coordinates": [ -58.390190845380303, -34.6138162509029 ] } },
{ "type": "Feature", "properties": { "N.": 232.0, "Fecha": "6/3/2026", "Dirección": "Venezuela 1690, C1096ABB", "Nro.Acta": "AF-2026-597753-GC-ERSP", "tipo": "PLAN DE CONTROL", "observacio": null, "cod_calle": 23033.0, "calle": "REPUBLICA BOLIVARIANA DE VENEZUELA", "desde": 1690.0, "hasta": 1690.0, "paridad": "PAR", "intervenci": null, "estado": null, "fecha_ini": null, "fecha_fin": null, "ente_a_car": null, "comuna": 1.0, "barrio": "MONSERRAT", "clave_vere": "012-011-013-23033-1" }, "geometry": { "type": "Point", "coordinates": [ -58.390197173048698, -34.614869307855301 ] } },
{ "type": "Feature", "properties": { "N.": 44.0, "Fecha": "23/2/2026", "Dirección": "Av. Independencia 1694, C1100ABQ", "Nro.Acta": "AF-2026-584974-GC-ERSP", "tipo": "PLAN DE CONTROL", "observacio": null, "cod_calle": 9010.0, "calle": "INDEPENDENCIA AV.", "desde": 1694.0, "hasta": 1694.0, "paridad": "PAR", "intervenci": null, "estado": null, "fecha_ini": null, "fecha_fin": null, "ente_a_car": null, "comuna": 1.0, "barrio": "CONSTITUCION", "clave_vere": "014-018-012A-9010-1" }, "geometry": { "type": "Point", "coordinates": [ -58.390252123244501, -34.618313921623098 ] } },
{ "type": "Feature", "properties": { "N.": 5.0, "Fecha": "3/2/2026", "Dirección": "Adolfo Alsina 1695, C1078", "Nro.Acta": "AF-2026-570644-GC-ERSP", "tipo": "PLAN DE CONTROL", "observacio": null, "cod_calle": 1046.0, "calle": "ALSINA, ADOLFO", "desde": 1695.0, "hasta": 1695.0, "paridad": "IMPAR", "intervenci": null, "estado": null, "fecha_ini": null, "fecha_fin": null, "ente_a_car": null, "comuna": 1.0, "barrio": "MONSERRAT", "clave_vere": "012-015-016-20106-1" }, "geometry": { "type": "Point", "coordinates": [ -58.390282312052001, -34.611246719752799 ] } },
{ "type": "Feature", "properties": { "N.": 43.0, "Fecha": "23/2/2026", "Dirección": "Av. Independencia 1668, C1100ABQ", "Nro.Acta": "AF-2026-584975-GC-ERSP", "tipo": "PLAN DE CONTROL", "observacio": null, "cod_calle": 9010.0, "calle": "INDEPENDENCIA AV.", "desde": 1668.0, "hasta": 1668.0, "paridad": "PAR", "intervenci": null, "estado": null, "fecha_ini": null, "fecha_fin": null, "ente_a_car": null, "comuna": 1.0, "barrio": "CONSTITUCION", "clave_vere": "014-018-009C-9010-1" }, "geometry": { "type": "Point", "coordinates": [ -58.389870024110799, -34.618154209616399 ] } },
{ "type": "Feature", "properties": { "N.": 4.0, "Fecha": "3/2/2026", "Dirección": "Adolfo Alsina 1605, C1088 AAO", "Nro.Acta": "AF-2026-570655-GC-ERSP", "tipo": "PLAN DE CONTROL", "observacio": null, "cod_calle": 1046.0, "calle": "ALSINA, ADOLFO", "desde": 1605.0, "hasta": 1605.0, "paridad": "IMPAR", "intervenci": null, "estado": null, "fecha_ini": null, "fecha_fin": null, "ente_a_car": null, "comuna": 1.0, "barrio": "MONSERRAT", "clave_vere": "012-015-027D-3122-1" }, "geometry": { "type": "Point", "coordinates": [ -58.389017632570301, -34.611106120053599 ] } },
{ "type": "Feature", "properties": { "N.": 42.0, "Fecha": "18/2/2026", "Dirección": "Av. Independencia 1616, C1100ABQ", "Nro.Acta": "AF-2026-582304-GC-ERSP", "tipo": "PLAN DE CONTROL", "observacio": null, "cod_calle": 9010.0, "calle": "INDEPENDENCIA AV.", "desde": 1616.0, "hasta": 1616.0, "paridad": "PAR", "intervenci": null, "estado": null, "fecha_ini": null, "fecha_fin": null, "ente_a_car": null, "comuna": 1.0, "barrio": "CONSTITUCION", "clave_vere": "014-018-002B-9010-1" }, "geometry": { "type": "Point", "coordinates": [ -58.389192504470302, -34.618112427932502 ] } },
{ "type": "Feature", "properties": { "N.": 238.0, "Fecha": "18/2/2026", "Dirección": "Virrey Cevallos 123, C1077AAC", "Nro.Acta": "AF-2026-581827-GC-ERSP", "tipo": "PLAN DE CONTROL", "observacio": null, "cod_calle": 3122.0, "calle": "CEVALLOS, VIRREY", "desde": 123.0, "hasta": 123.0, "paridad": "IMPAR", "intervenci": null, "estado": null, "fecha_ini": null, "fecha_fin": null, "ente_a_car": null, "comuna": 1.0, "barrio": "MONSERRAT", "clave_vere": "012-015-001A-3122-1" }, "geometry": { "type": "Point", "coordinates": [ -58.3890765178934, -34.610373342267998 ] } },
{ "type": "Feature", "properties": { "N.": 239.0, "Fecha": "18/2/2026", "Dirección": "Virrey Cevallos 135, C1077AAC", "Nro.Acta": "AF-2026-581828-GC-ERSP", "tipo": "PLAN DE CONTROL", "observacio": null, "cod_calle": 3122.0, "calle": "CEVALLOS, VIRREY", "desde": 135.0, "hasta": 135.0, "paridad": "IMPAR", "intervenci": null, "estado": null, "fecha_ini": null, "fecha_fin": null, "ente_a_car": null, "comuna": 1.0, "barrio": "MONSERRAT", "clave_vere": "012-015-034-3122-1" }, "geometry": { "type": "Point", "coordinates": [ -58.389062483099899, -34.610547531955099 ] } },
{ "type": "Feature", "properties": { "N.": 231.0, "Fecha": "6/3/2026", "Dirección": "Venezuela 1602, C1096ABB", "Nro.Acta": "AF-2026-597752-GC-ERSP", "tipo": "PLAN DE CONTROL", "observacio": null, "cod_calle": 23033.0, "calle": "REPUBLICA BOLIVARIANA DE VENEZUELA", "desde": 1602.0, "hasta": 1602.0, "paridad": "PAR", "intervenci": null, "estado": null, "fecha_ini": null, "fecha_fin": null, "ente_a_car": null, "comuna": 1.0, "barrio": "MONSERRAT", "clave_vere": "012-011-001-23033-1" }, "geometry": { "type": "Point", "coordinates": [ -58.389030229229498, -34.614889785194201 ] } },
{ "type": "Feature", "properties": { "N.": 13.0, "Fecha": "20/2/2026", "Dirección": "Av. Belgrano 1611, C1093AAE", "Nro.Acta": "AF-2026-583436-GC-ERSP", "tipo": "PLAN DE CONTROL", "observacio": null, "cod_calle": 2051.0, "calle": "BELGRANO AV.", "desde": 1611.0, "hasta": 1611.0, "paridad": "IMPAR", "intervenci": null, "estado": null, "fecha_ini": null, "fecha_fin": null, "ente_a_car": null, "comuna": 1.0, "barrio": "MONSERRAT", "clave_vere": "012-013-001A-3122-1" }, "geometry": { "type": "Point", "coordinates": [ -58.389005101995302, -34.613483939278296 ] } },
{ "type": "Feature", "properties": { "N.": 166.0, "Fecha": "3/2/2026", "Dirección": "Moreno 1613, C1093ABE", "Nro.Acta": "AF-2026-570475-GC-ERSP", "tipo": "PLAN DE CONTROL", "observacio": null, "cod_calle": 13126.0, "calle": "MORENO", "desde": 1613.0, "hasta": 1613.0, "paridad": "IMPAR", "intervenci": null, "estado": null, "fecha_ini": null, "fecha_fin": null, "ente_a_car": null, "comuna": 1.0, "barrio": "MONSERRAT", "clave_vere": "012-014-027-13126-1" }, "geometry": { "type": "Point", "coordinates": [ -58.389001036550098, -34.612389233127203 ] } },
{ "type": "Feature", "properties": { "N.": 242.0, "Fecha": "3/2/2026", "Dirección": "Virrey Cevallos 287, C1077AAE", "Nro.Acta": "AF-2026-570476-GC-ERSP", "tipo": "PLAN DE CONTROL", "observacio": null, "cod_calle": 3122.0, "calle": "CEVALLOS, VIRREY", "desde": 287.0, "hasta": 287.0, "paridad": "IMPAR", "intervenci": null, "estado": null, "fecha_ini": null, "fecha_fin": null, "ente_a_car": null, "comuna": 1.0, "barrio": "MONSERRAT", "clave_vere": "012-014-028A-3122-1" }, "geometry": { "type": "Point", "coordinates": [ -58.388988374673097, -34.612302876624703 ] } },
{ "type": "Feature", "properties": { "N.": 241.0, "Fecha": "3/2/2026", "Dirección": "Virrey Cevallos 261, C1077AAE", "Nro.Acta": "AF-2026-570450-GC-ERSP", "tipo": "PLAN DE CONTROL", "observacio": null, "cod_calle": 3122.0, "calle": "CEVALLOS, VIRREY", "desde": 261.0, "hasta": 261.0, "paridad": "IMPAR", "intervenci": null, "estado": null, "fecha_ini": null, "fecha_fin": null, "ente_a_car": null, "comuna": 1.0, "barrio": "MONSERRAT", "clave_vere": "012-014-033-3122-1" }, "geometry": { "type": "Point", "coordinates": [ -58.388984062298697, -34.611917353974199 ] } },
{ "type": "Feature", "properties": { "N.": 240.0, "Fecha": "3/2/2026", "Dirección": "Virrey Cevallos 205, C1077AAE", "Nro.Acta": "AF-2026-570443-GC-ERSP", "tipo": "PLAN DE CONTROL", "observacio": null, "cod_calle": 3122.0, "calle": "CEVALLOS, VIRREY", "desde": 205.0, "hasta": 205.0, "paridad": "IMPAR", "intervenci": null, "estado": null, "fecha_ini": null, "fecha_fin": null, "ente_a_car": null, "comuna": 1.0, "barrio": "MONSERRAT", "clave_vere": "012-014-001-3122-1" }, "geometry": { "type": "Point", "coordinates": [ -58.388979275569497, -34.611477229595103 ] } },
{ "type": "Feature", "properties": { "N.": 230.0, "Fecha": "6/3/2026", "Dirección": "Venezuela 1595, C1095ABE", "Nro.Acta": "AF-2026-597751-GC-ERSP", "tipo": "PLAN DE CONTROL", "observacio": null, "cod_calle": 23033.0, "calle": "REPUBLICA BOLIVARIANA DE VENEZUELA", "desde": 1595.0, "hasta": 1595.0, "paridad": "IMPAR", "intervenci": null, "estado": null, "fecha_ini": null, "fecha_fin": null, "ente_a_car": null, "comuna": 1.0, "barrio": "MONSERRAT", "clave_vere": "012-019-019-23033-1" }, "geometry": { "type": "Point", "coordinates": [ -58.388907070398197, -34.614592203737203 ] } },
{ "type": "Feature", "properties": { "N.": 244.0, "Fecha": "18/2/2026", "Dirección": "Virrey Cevallos 798, C1077", "Nro.Acta": "AF-2026-582295-GC-ERSP", "tipo": "PLAN DE CONTROL", "observacio": null, "cod_calle": 3122.0, "calle": "CEVALLOS, VIRREY", "desde": 798.0, "hasta": 798.0, "paridad": "PAR", "intervenci": null, "estado": null, "fecha_ini": null, "fecha_fin": null, "ente_a_car": null, "comuna": 1.0, "barrio": "MONSERRAT", "clave_vere": "012-016-028B-9010-1" }, "geometry": { "type": "Point", "coordinates": [ -58.3889254018504, -34.617738935417798 ] } },
{ "type": "Feature", "properties": { "N.": 243.0, "Fecha": "20/2/2026", "Dirección": "Virrey Cevallos 422, C1077", "Nro.Acta": "AF-2026-583435-GC-ERSP", "tipo": "PLAN DE CONTROL", "observacio": null, "cod_calle": 3122.0, "calle": "CEVALLOS, VIRREY", "desde": 422.0, "hasta": 422.0, "paridad": "PAR", "intervenci": null, "estado": null, "fecha_ini": null, "fecha_fin": null, "ente_a_car": null, "comuna": 1.0, "barrio": "MONSERRAT", "clave_vere": "012-019-012-3122-1" }, "geometry": { "type": "Point", "coordinates": [ -58.388898457905597, -34.613930516052399 ] } },
{ "type": "Feature", "properties": { "N.": 12.0, "Fecha": "20/2/2026", "Dirección": "Av. Belgrano 1580, C1107AAQ", "Nro.Acta": "AF-2026-583434-GC-ERSP", "tipo": "PLAN DE CONTROL", "observacio": null, "cod_calle": 2051.0, "calle": "BELGRANO AV.", "desde": 1580.0, "hasta": 1580.0, "paridad": "PAR", "intervenci": null, "estado": null, "fecha_ini": null, "fecha_fin": null, "ente_a_car": null, "comuna": 1.0, "barrio": "MONSERRAT", "clave_vere": "012-019-010-2051-1" }, "geometry": { "type": "Point", "coordinates": [ -58.388627917072597, -34.613709700250197 ] } },
{ "type": "Feature", "properties": { "N.": 3.0, "Fecha": "3/2/2026", "Dirección": "Adolfo Alsina 1587, C1088AAM", "Nro.Acta": "AF-2026-570676-GC-ERSP", "tipo": "PLAN DE CONTROL", "observacio": null, "cod_calle": 1046.0, "calle": "ALSINA, ADOLFO", "desde": 1587.0, "hasta": 1587.0, "paridad": "IMPAR", "intervenci": null, "estado": null, "fecha_ini": null, "fecha_fin": null, "ente_a_car": null, "comuna": 1.0, "barrio": "MONSERRAT", "clave_vere": "012-022-011-1046-1" }, "geometry": { "type": "Point", "coordinates": [ -58.388609452069403, -34.6112190325181 ] } },
{ "type": "Feature", "properties": { "N.": 41.0, "Fecha": "18/2/2026", "Dirección": "Av. Independencia 1580, C1100ABP", "Nro.Acta": "AF-2026-582275-GC-ERSP", "tipo": "PLAN DE CONTROL", "observacio": null, "cod_calle": 9010.0, "calle": "INDEPENDENCIA AV.", "desde": 1580.0, "hasta": 1580.0, "paridad": "PAR", "intervenci": null, "estado": null, "fecha_ini": null, "fecha_fin": null, "ente_a_car": null, "comuna": 1.0, "barrio": "CONSTITUCION", "clave_vere": "014-025-010B-9010-1" }, "geometry": { "type": "Point", "coordinates": [ -58.388544472863799, -34.618074200649502 ] } },
{ "type": "Feature", "properties": { "N.": 40.0, "Fecha": "18/2/2026", "Dirección": "Av. Independencia 1556, C1100ABP", "Nro.Acta": "AF-2026-582269-GC-ERSP", "tipo": "PLAN DE CONTROL", "observacio": null, "cod_calle": 9010.0, "calle": "INDEPENDENCIA AV.", "desde": 1556.0, "hasta": 1556.0, "paridad": "PAR", "intervenci": null, "estado": null, "fecha_ini": null, "fecha_fin": null, "ente_a_car": null, "comuna": 1.0, "barrio": "CONSTITUCION", "clave_vere": "014-025-007B-9010-1" }, "geometry": { "type": "Point", "coordinates": [ -58.388189149909898, -34.6180542911465 ] } },
{ "type": "Feature", "properties": { "N.": 2.0, "Fecha": "3/2/2026", "Dirección": "Adolfo Alsina 1535, C1088 AAM", "Nro.Acta": "AF-2026-570689-GC-ERSP", "tipo": "PLAN DE CONTROL", "observacio": null, "cod_calle": 1046.0, "calle": "ALSINA, ADOLFO", "desde": 1535.0, "hasta": 1535.0, "paridad": "IMPAR", "intervenci": null, "estado": null, "fecha_ini": null, "fecha_fin": null, "ente_a_car": null, "comuna": 1.0, "barrio": "MONSERRAT", "clave_vere": "012-022-016-1046-1" }, "geometry": { "type": "Point", "coordinates": [ -58.387983807402399, -34.611175082945103 ] } },
{ "type": "Feature", "properties": { "N.": 39.0, "Fecha": "23/2/2026", "Dirección": "Av. Independencia 1520, C1100ABP", "Nro.Acta": "AF-2026-584981-GC-ERSP", "tipo": "PLAN DE CONTROL", "observacio": null, "cod_calle": 9010.0, "calle": "INDEPENDENCIA AV.", "desde": 1520.0, "hasta": 1520.0, "paridad": "PAR", "intervenci": null, "estado": null, "fecha_ini": null, "fecha_fin": null, "ente_a_car": null, "comuna": 1.0, "barrio": "CONSTITUCION", "clave_vere": "014-025-003-9010-1" }, "geometry": { "type": "Point", "coordinates": [ -58.387754519132898, -34.618026716678798 ] } },
{ "type": "Feature", "properties": { "N.": 183.0, "Fecha": "20/2/2026", "Dirección": "Pres. Luis Sáenz Peña 485, C1110AAI", "Nro.Acta": "AF-2026-583429-GC-ERSP", "tipo": "PLAN DE CONTROL", "observacio": null, "cod_calle": 20003.0, "calle": "SAENZ PEÑA, LUIS, PRES.", "desde": 485.0, "hasta": 485.0, "paridad": "IMPAR", "intervenci": null, "estado": null, "fecha_ini": null, "fecha_fin": null, "ente_a_car": null, "comuna": 1.0, "barrio": "MONSERRAT", "clave_vere": "012-019-032-20003-1" }, "geometry": { "type": "Point", "coordinates": [ -58.3875708448941, -34.614466461658203 ] } },
{ "type": "Feature", "properties": { "N.": 229.0, "Fecha": "6/3/2026", "Dirección": "Venezuela 1502, C1095", "Nro.Acta": "AF-2026-597749-GC-ERSP", "tipo": "PLAN DE CONTROL", "observacio": null, "cod_calle": 23033.0, "calle": "REPUBLICA BOLIVARIANA DE VENEZUELA", "desde": 1502.0, "hasta": 1502.0, "paridad": "PAR", "intervenci": null, "estado": null, "fecha_ini": null, "fecha_fin": null, "ente_a_car": null, "comuna": 1.0, "barrio": "MONSERRAT", "clave_vere": "012-018-001-20003-1" }, "geometry": { "type": "Point", "coordinates": [ -58.3875476574351, -34.614805439522797 ] } },
{ "type": "Feature", "properties": { "N.": 165.0, "Fecha": "3/2/2026", "Dirección": "Moreno 1501, C1093ABC", "Nro.Acta": "AF-2026-570429-GC-ERSP", "tipo": "PLAN DE CONTROL", "observacio": null, "cod_calle": 13126.0, "calle": "MORENO", "desde": 1501.0, "hasta": 1501.0, "paridad": "IMPAR", "intervenci": null, "estado": null, "fecha_ini": null, "fecha_fin": null, "ente_a_car": null, "comuna": 1.0, "barrio": "MONSERRAT", "clave_vere": "012-021-031A-20003-1" }, "geometry": { "type": "Point", "coordinates": [ -58.387526227922301, -34.612288277660603 ] } },
{ "type": "Feature", "properties": { "N.": 182.0, "Fecha": "20/2/2026", "Dirección": "Pres. Luis Sáenz Peña 420, C1110AAJ", "Nro.Acta": "AF-2026-583427-GC-ERSP", "tipo": "PLAN DE CONTROL", "observacio": null, "cod_calle": 20003.0, "calle": "SAENZ PEÑA, LUIS, PRES.", "desde": 420.0, "hasta": 420.0, "paridad": "PAR", "intervenci": null, "estado": null, "fecha_ini": null, "fecha_fin": null, "ente_a_car": null, "comuna": 1.0, "barrio": "MONSERRAT", "clave_vere": "012-026-021-20003-1" }, "geometry": { "type": "Point", "coordinates": [ -58.387446621552897, -34.613834388871503 ] } },
{ "type": "Feature", "properties": { "N.": 180.0, "Fecha": "3/2/2026", "Dirección": "Pres. Luis Sáenz Peña 214, C1110AAF", "Nro.Acta": "AF-2026-570406-GC-ERSP", "tipo": "PLAN DE CONTROL", "observacio": null, "cod_calle": 20003.0, "calle": "SAENZ PEÑA, LUIS, PRES.", "desde": 214.0, "hasta": 214.0, "paridad": "PAR", "intervenci": null, "estado": null, "fecha_ini": null, "fecha_fin": null, "ente_a_car": null, "comuna": 1.0, "barrio": "MONSERRAT", "clave_vere": "012-028-022D-20003-1" }, "geometry": { "type": "Point", "coordinates": [ -58.387425969496498, -34.611409657306098 ] } },
{ "type": "Feature", "properties": { "N.": 181.0, "Fecha": "3/2/2026", "Dirección": "Pres. Luis Sáenz Peña 284, C1110AAF", "Nro.Acta": "AF-2026-570380-GC-ERSP", "tipo": "PLAN DE CONTROL", "observacio": null, "cod_calle": 20003.0, "calle": "SAENZ PEÑA, LUIS, PRES.", "desde": 284.0, "hasta": 284.0, "paridad": "PAR", "intervenci": null, "estado": null, "fecha_ini": null, "fecha_fin": null, "ente_a_car": null, "comuna": 1.0, "barrio": "MONSERRAT", "clave_vere": "012-028-031-13126-1" }, "geometry": { "type": "Point", "coordinates": [ -58.387425700981701, -34.612153686417003 ] } },
{ "type": "Feature", "properties": { "N.": 164.0, "Fecha": "3/2/2026", "Dirección": "Moreno 1499, C1093ABA", "Nro.Acta": "AF-2026-570371-GC-ERSP", "tipo": "PLAN DE CONTROL", "observacio": null, "cod_calle": 13126.0, "calle": "MORENO", "desde": 1499.0, "hasta": 1499.0, "paridad": "IMPAR", "intervenci": null, "estado": null, "fecha_ini": null, "fecha_fin": null, "ente_a_car": null, "comuna": 1.0, "barrio": "MONSERRAT", "clave_vere": "012-028-031-13126-1" }, "geometry": { "type": "Point", "coordinates": [ -58.387425700981701, -34.612153686417003 ] } },
{ "type": "Feature", "properties": { "N.": 184.0, "Fecha": "23/2/2026", "Dirección": "Pres. Luis Sáenz Peña 790, C1110AAP", "Nro.Acta": "AF-2026-584966-GC-ERSP", "tipo": "PLAN DE CONTROL", "observacio": null, "cod_calle": 20003.0, "calle": "SAENZ PEÑA, LUIS, PRES.", "desde": 790.0, "hasta": 790.0, "paridad": "PAR", "intervenci": null, "estado": null, "fecha_ini": null, "fecha_fin": null, "ente_a_car": null, "comuna": 1.0, "barrio": "MONSERRAT", "clave_vere": "012-023-027-20003-1" }, "geometry": { "type": "Point", "coordinates": [ -58.387406131247197, -34.617724672706501 ] } },
{ "type": "Feature", "properties": { "N.": 179.0, "Fecha": "18/2/2026", "Dirección": "Pres. Luis Sáenz Peña 110, C1110AAD", "Nro.Acta": "AF-2026-581830-GC-ERSP", "tipo": "PLAN DE CONTROL", "observacio": null, "cod_calle": 20003.0, "calle": "SAENZ PEÑA, LUIS, PRES.", "desde": 110.0, "hasta": 110.0, "paridad": "PAR", "intervenci": null, "estado": null, "fecha_ini": null, "fecha_fin": null, "ente_a_car": null, "comuna": 1.0, "barrio": "MONSERRAT", "clave_vere": "012-029-008-26005-1" }, "geometry": { "type": "Point", "coordinates": [ -58.387503509127399, -34.6102386349257 ] } },
{ "type": "Feature", "properties": { "N.": 38.0, "Fecha": "23/2/2026", "Dirección": "Av. Independencia 1498, C1100ABO", "Nro.Acta": "AF-2026-584983-GC-ERSP", "tipo": "PLAN DE CONTROL", "observacio": null, "cod_calle": 9010.0, "calle": "INDEPENDENCIA AV.", "desde": 1498.0, "hasta": 1498.0, "paridad": "PAR", "intervenci": null, "estado": null, "fecha_ini": null, "fecha_fin": null, "ente_a_car": null, "comuna": 1.0, "barrio": "CONSTITUCION", "clave_vere": "014-034-013A-20003-1" }, "geometry": { "type": "Point", "coordinates": [ -58.387394239026698, -34.618125856088 ] } },
{ "type": "Feature", "properties": { "N.": 228.0, "Fecha": "6/3/2026", "Dirección": "Venezuela 1490, C1095ABD", "Nro.Acta": "AF-2026-597741-GC-ERSP", "tipo": "PLAN DE CONTROL", "observacio": null, "cod_calle": 23033.0, "calle": "REPUBLICA BOLIVARIANA DE VENEZUELA", "desde": 1490.0, "hasta": 1490.0, "paridad": "PAR", "intervenci": null, "estado": null, "fecha_ini": null, "fecha_fin": null, "ente_a_car": null, "comuna": 1.0, "barrio": "MONSERRAT", "clave_vere": "012-025-013B-23033-1" }, "geometry": { "type": "Point", "coordinates": [ -58.3872827444102, -34.614699653301997 ] } },
{ "type": "Feature", "properties": { "N.": 37.0, "Fecha": "18/2/2026", "Dirección": "Av. Independencia 1464, C1100ABO", "Nro.Acta": "AF-2026-582210-GC-ERSP", "tipo": "PLAN DE CONTROL", "observacio": null, "cod_calle": 9010.0, "calle": "INDEPENDENCIA AV.", "desde": 1464.0, "hasta": 1464.0, "paridad": "PAR", "intervenci": null, "estado": null, "fecha_ini": null, "fecha_fin": null, "ente_a_car": null, "comuna": 1.0, "barrio": "CONSTITUCION", "clave_vere": "014-034-007C-9010-1" }, "geometry": { "type": "Point", "coordinates": [ -58.386709905019799, -34.617981687039901 ] } },
{ "type": "Feature", "properties": { "N.": 199.0, "Fecha": "30/1/2026", "Dirección": "San José 383, C1076AAG", "Nro.Acta": "AF-2026-567640-GC-ERSP", "tipo": "PLAN DE CONTROL", "observacio": null, "cod_calle": 20038.0, "calle": "SAN JOSE", "desde": 383.0, "hasta": 383.0, "paridad": "IMPAR", "intervenci": null, "estado": null, "fecha_ini": null, "fecha_fin": null, "ente_a_car": null, "comuna": 1.0, "barrio": "MONSERRAT", "clave_vere": "012-027-001B-2051-1" }, "geometry": { "type": "Point", "coordinates": [ -58.386156812064698, -34.613197303501501 ] } },
{ "type": "Feature", "properties": { "N.": 36.0, "Fecha": "23/2/2026", "Dirección": "Av. Independencia 1430, C1100ABO", "Nro.Acta": "AF-2026-584989-GC-ERSP", "tipo": "PLAN DE CONTROL", "observacio": null, "cod_calle": 9010.0, "calle": "INDEPENDENCIA AV.", "desde": 1430.0, "hasta": 1430.0, "paridad": "PAR", "intervenci": null, "estado": null, "fecha_ini": null, "fecha_fin": null, "ente_a_car": null, "comuna": 1.0, "barrio": "CONSTITUCION", "clave_vere": "014-034-005B-9010-1" }, "geometry": { "type": "Point", "coordinates": [ -58.386341173102601, -34.617968225868303 ] } },
{ "type": "Feature", "properties": { "N.": 196.0, "Fecha": "3/2/2026", "Dirección": "San José 223, C1076AAE", "Nro.Acta": "AF-2026-570310-GC-ERSP", "tipo": "PLAN DE CONTROL", "observacio": null, "cod_calle": 20038.0, "calle": "SAN JOSE", "desde": 223.0, "hasta": 223.0, "paridad": "IMPAR", "intervenci": null, "estado": null, "fecha_ini": null, "fecha_fin": null, "ente_a_car": null, "comuna": 1.0, "barrio": "MONSERRAT", "clave_vere": "012-028-010B-20038-1" }, "geometry": { "type": "Point", "coordinates": [ -58.3861935491529, -34.611284531929599 ] } },
{ "type": "Feature", "properties": { "N.": 197.0, "Fecha": "3/2/2026", "Dirección": "San José 293, C1076AAE", "Nro.Acta": "AF-2026-570329-GC-ERSP", "tipo": "PLAN DE CONTROL", "observacio": null, "cod_calle": 20038.0, "calle": "SAN JOSE", "desde": 293.0, "hasta": 293.0, "paridad": "IMPAR", "intervenci": null, "estado": null, "fecha_ini": null, "fecha_fin": null, "ente_a_car": null, "comuna": 1.0, "barrio": "MONSERRAT", "clave_vere": "012-028-001B-20038-1" }, "geometry": { "type": "Point", "coordinates": [ -58.3861977881865, -34.612063735372303 ] } },
{ "type": "Feature", "properties": { "N.": 163.0, "Fecha": "3/2/2026", "Dirección": "Moreno 1401, C1093ABA", "Nro.Acta": "AF-2026-570336-GC-ERSP", "tipo": "PLAN DE CONTROL", "observacio": null, "cod_calle": 13126.0, "calle": "MORENO", "desde": 1401.0, "hasta": 1401.0, "paridad": "IMPAR", "intervenci": null, "estado": null, "fecha_ini": null, "fecha_fin": null, "ente_a_car": null, "comuna": 1.0, "barrio": "MONSERRAT", "clave_vere": "012-028-001B-20038-1" }, "geometry": { "type": "Point", "coordinates": [ -58.3861977881865, -34.612063735372303 ] } },
{ "type": "Feature", "properties": { "N.": 198.0, "Fecha": "20/2/2026", "Dirección": "San José 319, C1076AAG", "Nro.Acta": "AF-2026-583457-GC-ERSP", "tipo": "PLAN DE CONTROL", "observacio": null, "cod_calle": 20038.0, "calle": "SAN JOSE", "desde": 319.0, "hasta": 319.0, "paridad": "IMPAR", "intervenci": null, "estado": null, "fecha_ini": null, "fecha_fin": null, "ente_a_car": null, "comuna": 1.0, "barrio": "MONSERRAT", "clave_vere": "012-027-009A-13126-1" }, "geometry": { "type": "Point", "coordinates": [ -58.386205602672398, -34.612511632412001 ] } },
{ "type": "Feature", "properties": { "N.": 200.0, "Fecha": "20/2/2026", "Dirección": "San José 429, C1076AAI", "Nro.Acta": "AF-2026-583424-GC-ERSP", "tipo": "PLAN DE CONTROL", "observacio": null, "cod_calle": 20038.0, "calle": "SAN JOSE", "desde": 429.0, "hasta": 429.0, "paridad": "IMPAR", "intervenci": null, "estado": null, "fecha_ini": null, "fecha_fin": null, "ente_a_car": null, "comuna": 1.0, "barrio": "MONSERRAT", "clave_vere": "012-026-008-20038-1" }, "geometry": { "type": "Point", "coordinates": [ -58.386098205749299, -34.613740912456997 ] } },
{ "type": "Feature", "properties": { "N.": 227.0, "Fecha": "6/3/2026", "Dirección": "Venezuela 1410, C1095ABD", "Nro.Acta": "AF-2026-597740-GC-ERSP", "tipo": "PLAN DE CONTROL", "observacio": null, "cod_calle": 23033.0, "calle": "REPUBLICA BOLIVARIANA DE VENEZUELA", "desde": 1410.0, "hasta": 1410.0, "paridad": "PAR", "intervenci": null, "estado": null, "fecha_ini": null, "fecha_fin": null, "ente_a_car": null, "comuna": 1.0, "barrio": "MONSERRAT", "clave_vere": "012-025-001A-20038-1" }, "geometry": { "type": "Point", "coordinates": [ -58.385981145670897, -34.6147920937725 ] } },
{ "type": "Feature", "properties": { "N.": 1.0, "Fecha": "3/2/2026", "Dirección": "ABA, Moreno 1391, C1091 C1091ABA", "Nro.Acta": "AF-2026-570284-GC-ERSP", "tipo": "PLAN DE CONTROL", "observacio": null, "cod_calle": 13126.0, "calle": "MORENO", "desde": 1391.0, "hasta": 1391.0, "paridad": "IMPAR", "intervenci": null, "estado": null, "fecha_ini": null, "fecha_fin": null, "ente_a_car": null, "comuna": 1.0, "barrio": "MONSERRAT", "clave_vere": "012-037-034-13126-1" }, "geometry": { "type": "Point", "coordinates": [ -58.385978233980197, -34.6122263246126 ] } },
{ "type": "Feature", "properties": { "N.": 35.0, "Fecha": "23/2/2026", "Dirección": "Av. Independencia 1408, C1100ABO", "Nro.Acta": "AF-2026-584990-GC-ERSP", "tipo": "PLAN DE CONTROL", "observacio": null, "cod_calle": 9010.0, "calle": "INDEPENDENCIA AV.", "desde": 1408.0, "hasta": 1408.0, "paridad": "PAR", "intervenci": null, "estado": null, "fecha_ini": null, "fecha_fin": null, "ente_a_car": null, "comuna": 1.0, "barrio": "CONSTITUCION", "clave_vere": "014-034-001B-20038-1" }, "geometry": { "type": "Point", "coordinates": [ -58.385919958729403, -34.618066960914703 ] } },
{ "type": "Feature", "properties": { "N.": 201.0, "Fecha": "18/2/2026", "Dirección": "San José 780, C1076AAP", "Nro.Acta": "AF-2026-582167-GC-ERSP", "tipo": "PLAN DE CONTROL", "observacio": null, "cod_calle": 20038.0, "calle": "SAN JOSE", "desde": 780.0, "hasta": 780.0, "paridad": "PAR", "intervenci": null, "estado": null, "fecha_ini": null, "fecha_fin": null, "ente_a_car": null, "comuna": 1.0, "barrio": "MONSERRAT", "clave_vere": "012-032-023B-9010-1" }, "geometry": { "type": "Point", "coordinates": [ -58.385808142085999, -34.617611365781997 ] } },
{ "type": "Feature", "properties": { "N.": 226.0, "Fecha": "6/3/2026", "Dirección": "Venezuela 1394, C1095ABB", "Nro.Acta": "AF-2026-597739-GC-ERSP", "tipo": "PLAN DE CONTROL", "observacio": null, "cod_calle": 23033.0, "calle": "REPUBLICA BOLIVARIANA DE VENEZUELA", "desde": 1394.0, "hasta": 1394.0, "paridad": "PAR", "intervenci": null, "estado": null, "fecha_ini": null, "fecha_fin": null, "ente_a_car": null, "comuna": 1.0, "barrio": "MONSERRAT", "clave_vere": "012-034-013-23033-1" }, "geometry": { "type": "Point", "coordinates": [ -58.385878140627803, -34.614635104128297 ] } },
{ "type": "Feature", "properties": { "N.": 34.0, "Fecha": "23/2/2026", "Dirección": "Av. Independencia 1396, C1100ABN", "Nro.Acta": "AF-2026-584996-GC-ERSP", "tipo": "PLAN DE CONTROL", "observacio": null, "cod_calle": 9010.0, "calle": "INDEPENDENCIA AV.", "desde": 1396.0, "hasta": 1396.0, "paridad": "PAR", "intervenci": null, "estado": null, "fecha_ini": null, "fecha_fin": null, "ente_a_car": null, "comuna": 1.0, "barrio": "CONSTITUCION", "clave_vere": "014-042-015B-9010-1" }, "geometry": { "type": "Point", "coordinates": [ -58.385800982089698, -34.6180692759417 ] } },
{ "type": "Feature", "properties": { "N.": 153.0, "Fecha": "6/3/2026", "Dirección": "México 1348, C1097ABB", "Nro.Acta": "AF-2026-597767-GC-ERSP", "tipo": "PLAN DE CONTROL", "observacio": null, "cod_calle": 13076.0, "calle": "MEXICO", "desde": 1348.0, "hasta": 1348.0, "paridad": "PAR", "intervenci": null, "estado": null, "fecha_ini": null, "fecha_fin": null, "ente_a_car": null, "comuna": 1.0, "barrio": "MONSERRAT", "clave_vere": "012-033-006-13076-1" }, "geometry": { "type": "Point", "coordinates": [ -58.385165495590201, -34.615506960710697 ] } },
{ "type": "Feature", "properties": { "N.": 33.0, "Fecha": "23/2/2026", "Dirección": "Av. Independencia 1370, C1100ABN", "Nro.Acta": "AF-2026-584997-GC-ERSP", "tipo": "PLAN DE CONTROL", "observacio": null, "cod_calle": 9010.0, "calle": "INDEPENDENCIA AV.", "desde": 1370.0, "hasta": 1370.0, "paridad": "PAR", "intervenci": null, "estado": null, "fecha_ini": null, "fecha_fin": null, "ente_a_car": null, "comuna": 1.0, "barrio": "CONSTITUCION", "clave_vere": "014-042-008C-9010-1" }, "geometry": { "type": "Point", "coordinates": [ -58.385239727853602, -34.617927865736199 ] } },
{ "type": "Feature", "properties": { "N.": 162.0, "Fecha": "3/2/2026", "Dirección": "Moreno 1301, C1091ABA", "Nro.Acta": "AF-2026-570272-GC-ERSP", "tipo": "PLAN DE CONTROL", "observacio": null, "cod_calle": 13126.0, "calle": "MORENO", "desde": 1301.0, "hasta": 1301.0, "paridad": "IMPAR", "intervenci": null, "estado": null, "fecha_ini": null, "fecha_fin": null, "ente_a_car": null, "comuna": 1.0, "barrio": "MONSERRAT", "clave_vere": "012-037-001-20066-1" }, "geometry": { "type": "Point", "coordinates": [ -58.384817868780601, -34.612036652397101 ] } },
{ "type": "Feature", "properties": { "N.": 203.0, "Fecha": "3/2/2026", "Dirección": "Santiago del Estero 291, C1075AAE", "Nro.Acta": "AF-2026-570270-GC-ERSP", "tipo": "PLAN DE CONTROL", "observacio": null, "cod_calle": 20066.0, "calle": "SANTIAGO DEL ESTERO", "desde": 291.0, "hasta": 291.0, "paridad": "IMPAR", "intervenci": null, "estado": null, "fecha_ini": null, "fecha_fin": null, "ente_a_car": null, "comuna": 1.0, "barrio": "MONSERRAT", "clave_vere": "012-037-001-20066-1" }, "geometry": { "type": "Point", "coordinates": [ -58.384817868780601, -34.612036652397101 ] } },
{ "type": "Feature", "properties": { "N.": 202.0, "Fecha": "3/2/2026", "Dirección": "Santiago del Estero 217, C1075AAE", "Nro.Acta": "AF-2026-570252-GC-ERSP", "tipo": "PLAN DE CONTROL", "observacio": null, "cod_calle": 20066.0, "calle": "SANTIAGO DEL ESTERO", "desde": 217.0, "hasta": 217.0, "paridad": "IMPAR", "intervenci": null, "estado": null, "fecha_ini": null, "fecha_fin": null, "ente_a_car": null, "comuna": 1.0, "barrio": "MONSERRAT", "clave_vere": "012-037-011A-20066-1" }, "geometry": { "type": "Point", "coordinates": [ -58.384861748241001, -34.611174215525402 ] } },
{ "type": "Feature", "properties": { "N.": 204.0, "Fecha": "20/2/2026", "Dirección": "Santiago del Estero 301, C1075AAG", "Nro.Acta": "AF-2026-583467-GC-ERSP", "tipo": "PLAN DE CONTROL", "observacio": null, "cod_calle": 20066.0, "calle": "SANTIAGO DEL ESTERO", "desde": 301.0, "hasta": 301.0, "paridad": "IMPAR", "intervenci": null, "estado": null, "fecha_ini": null, "fecha_fin": null, "ente_a_car": null, "comuna": 1.0, "barrio": "MONSERRAT", "clave_vere": "012-036-011A-20066-1" }, "geometry": { "type": "Point", "coordinates": [ -58.384791139039898, -34.612352081157802 ] } },
{ "type": "Feature", "properties": { "N.": 32.0, "Fecha": "18/2/2026", "Dirección": "Av. Independencia 1338, C1100ABN", "Nro.Acta": "AF-2026-582143-GC-ERSP", "tipo": "PLAN DE CONTROL", "observacio": null, "cod_calle": 9010.0, "calle": "INDEPENDENCIA AV.", "desde": 1338.0, "hasta": 1338.0, "paridad": "PAR", "intervenci": null, "estado": null, "fecha_ini": null, "fecha_fin": null, "ente_a_car": null, "comuna": 1.0, "barrio": "CONSTITUCION", "clave_vere": "014-042-003C-9010-1" }, "geometry": { "type": "Point", "coordinates": [ -58.384735245705699, -34.617908972730604 ] } },
{ "type": "Feature", "properties": { "N.": 205.0, "Fecha": "20/2/2026", "Dirección": "Santiago del Estero 354, C1075", "Nro.Acta": "AF-2026-583465-GC-ERSP", "tipo": "PLAN DE CONTROL", "observacio": null, "cod_calle": 20066.0, "calle": "SANTIAGO DEL ESTERO", "desde": 354.0, "hasta": 354.0, "paridad": "PAR", "intervenci": null, "estado": null, "fecha_ini": null, "fecha_fin": null, "ente_a_car": null, "comuna": 1.0, "barrio": "MONSERRAT", "clave_vere": "012-045-015-20066-1" }, "geometry": { "type": "Point", "coordinates": [ -58.384661586349999, -34.612789791668298 ] } },
{ "type": "Feature", "properties": { "N.": 31.0, "Fecha": "23/2/2026", "Dirección": "Av. Independencia 1322, C1100ABN", "Nro.Acta": "AF-2026-585001-GC-ERSP", "tipo": "PLAN DE CONTROL", "observacio": null, "cod_calle": 9010.0, "calle": "INDEPENDENCIA AV.", "desde": 1322.0, "hasta": 1322.0, "paridad": "PAR", "intervenci": null, "estado": null, "fecha_ini": null, "fecha_fin": null, "ente_a_car": null, "comuna": 1.0, "barrio": "CONSTITUCION", "clave_vere": "014-042-002-9010-1" }, "geometry": { "type": "Point", "coordinates": [ -58.384613468886599, -34.6179043814968 ] } },
{ "type": "Feature", "properties": { "N.": 225.0, "Fecha": "6/3/2026", "Dirección": "Venezuela 1306, C1095ABB", "Nro.Acta": "AF-2026-597734-GC-ERSP", "tipo": "PLAN DE CONTROL", "observacio": null, "cod_calle": 23033.0, "calle": "REPUBLICA BOLIVARIANA DE VENEZUELA", "desde": 1306.0, "hasta": 1306.0, "paridad": "PAR", "intervenci": null, "estado": null, "fecha_ini": null, "fecha_fin": null, "ente_a_car": null, "comuna": 1.0, "barrio": "MONSERRAT", "clave_vere": "012-034-001-20066-1" }, "geometry": { "type": "Point", "coordinates": [ -58.3845831125751, -34.614623396187099 ] } },
{ "type": "Feature", "properties": { "N.": 161.0, "Fecha": "3/2/2026", "Dirección": "Moreno 1299, C1091", "Nro.Acta": "AF-2026-570239-GC-ERSP", "tipo": "PLAN DE CONTROL", "observacio": null, "cod_calle": 13126.0, "calle": "MORENO", "desde": 1299.0, "hasta": 1299.0, "paridad": "IMPAR", "intervenci": null, "estado": null, "fecha_ini": null, "fecha_fin": null, "ente_a_car": null, "comuna": 1.0, "barrio": "MONSERRAT", "clave_vere": "012-046-019A-20066-1" }, "geometry": { "type": "Point", "coordinates": [ -58.3847396441898, -34.611985535077203 ] } },
{ "type": "Feature", "properties": { "N.": 152.0, "Fecha": "6/3/2026", "Dirección": "México 1310, C1097ABB", "Nro.Acta": "AF-2026-597768-GC-ERSP", "tipo": "PLAN DE CONTROL", "observacio": null, "cod_calle": 13076.0, "calle": "MEXICO", "desde": 1310.0, "hasta": 1310.0, "paridad": "PAR", "intervenci": null, "estado": null, "fecha_ini": null, "fecha_fin": null, "ente_a_car": null, "comuna": 1.0, "barrio": "MONSERRAT", "clave_vere": "012-033-001-20066-1" }, "geometry": { "type": "Point", "coordinates": [ -58.384507057861299, -34.615607986705001 ] } },
{ "type": "Feature", "properties": { "N.": 206.0, "Fecha": "20/2/2026", "Dirección": "Santiago del Estero 430, C1075AAJ", "Nro.Acta": "AF-2026-583422-GC-ERSP", "tipo": "PLAN DE CONTROL", "observacio": null, "cod_calle": 20066.0, "calle": "SANTIAGO DEL ESTERO", "desde": 430.0, "hasta": 430.0, "paridad": "PAR", "intervenci": null, "estado": null, "fecha_ini": null, "fecha_fin": null, "ente_a_car": null, "comuna": 1.0, "barrio": "MONSERRAT", "clave_vere": "012-044-021-2051-1" }, "geometry": { "type": "Point", "coordinates": [ -58.384585797120103, -34.613563774530199 ] } },
{ "type": "Feature", "properties": { "N.": 207.0, "Fecha": "18/2/2026", "Dirección": "Santiago del Estero 786, C1075AAP", "Nro.Acta": "AF-2026-582123-GC-ERSP", "tipo": "PLAN DE CONTROL", "observacio": null, "cod_calle": 20066.0, "calle": "SANTIAGO DEL ESTERO", "desde": 786.0, "hasta": 786.0, "paridad": "PAR", "intervenci": null, "estado": null, "fecha_ini": null, "fecha_fin": null, "ente_a_car": null, "comuna": 1.0, "barrio": "MONSERRAT", "clave_vere": "012-041-021-20066-1" }, "geometry": { "type": "Point", "coordinates": [ -58.384283629794297, -34.617589144738801 ] } },
{ "type": "Feature", "properties": { "N.": 224.0, "Fecha": "6/3/2026", "Dirección": "Venezuela 1291, C1075", "Nro.Acta": "AF-2026-597733-GC-ERSP", "tipo": "PLAN DE CONTROL", "observacio": null, "cod_calle": 23033.0, "calle": "REPUBLICA BOLIVARIANA DE VENEZUELA", "desde": 1291.0, "hasta": 1291.0, "paridad": "IMPAR", "intervenci": null, "estado": null, "fecha_ini": null, "fecha_fin": null, "ente_a_car": null, "comuna": 1.0, "barrio": "MONSERRAT", "clave_vere": "012-044-027B-23033-1" }, "geometry": { "type": "Point", "coordinates": [ -58.384257694397597, -34.614429379818297 ] } },
{ "type": "Feature", "properties": { "N.": 223.0, "Fecha": "6/3/2026", "Dirección": "Venezuela 1262, C1095AAZ", "Nro.Acta": "AF-2026-597732-GC-ERSP", "tipo": "PLAN DE CONTROL", "observacio": null, "cod_calle": 23033.0, "calle": "REPUBLICA BOLIVARIANA DE VENEZUELA", "desde": 1262.0, "hasta": 1262.0, "paridad": "PAR", "intervenci": null, "estado": null, "fecha_ini": null, "fecha_fin": null, "ente_a_car": null, "comuna": 1.0, "barrio": "MONSERRAT", "clave_vere": "012-043-017-23033-1" }, "geometry": { "type": "Point", "coordinates": [ -58.384002118988803, -34.614486862210001 ] } },
{ "type": "Feature", "properties": { "N.": 30.0, "Fecha": "23/2/2026", "Dirección": "Av. Independencia 1282, C1099AAZ", "Nro.Acta": "AF-2026-585004-GC-ERSP", "tipo": "PLAN DE CONTROL", "observacio": null, "cod_calle": 9010.0, "calle": "INDEPENDENCIA AV.", "desde": 1282.0, "hasta": 1282.0, "paridad": "PAR", "intervenci": null, "estado": null, "fecha_ini": null, "fecha_fin": null, "ente_a_car": null, "comuna": 1.0, "barrio": "CONSTITUCION", "clave_vere": "014-050-009B-9010-1" }, "geometry": { "type": "Point", "coordinates": [ -58.383990697740799, -34.617882771142398 ] } },
{ "type": "Feature", "properties": { "N.": 29.0, "Fecha": "23/2/2026", "Dirección": "Av. Independencia 1248, C1099AAZ", "Nro.Acta": "AF-2026-585005-GC-ERSP", "tipo": "PLAN DE CONTROL", "observacio": null, "cod_calle": 9010.0, "calle": "INDEPENDENCIA AV.", "desde": 1248.0, "hasta": 1248.0, "paridad": "PAR", "intervenci": null, "estado": null, "fecha_ini": null, "fecha_fin": null, "ente_a_car": null, "comuna": 1.0, "barrio": "CONSTITUCION", "clave_vere": "014-050-006C-9010-1" }, "geometry": { "type": "Point", "coordinates": [ -58.383737949439201, -34.617874260488698 ] } },
{ "type": "Feature", "properties": { "N.": 160.0, "Fecha": "3/2/2026", "Dirección": "Moreno 1201, C1091AAY", "Nro.Acta": "AF-2026-570230-GC-ERSP", "tipo": "PLAN DE CONTROL", "observacio": null, "cod_calle": 13126.0, "calle": "MORENO", "desde": 1201.0, "hasta": 1201.0, "paridad": "IMPAR", "intervenci": null, "estado": null, "fecha_ini": null, "fecha_fin": null, "ente_a_car": null, "comuna": 1.0, "barrio": "MONSERRAT", "clave_vere": "012-046-032C-20017-1" }, "geometry": { "type": "Point", "coordinates": [ -58.383356873951399, -34.611881399964403 ] } },
{ "type": "Feature", "properties": { "N.": 194.0, "Fecha": "20/2/2026", "Dirección": "Salta 389, C1074AAG", "Nro.Acta": "AF-2026-583476-GC-ERSP", "tipo": "PLAN DE CONTROL", "observacio": null, "cod_calle": 20017.0, "calle": "SALTA", "desde": 389.0, "hasta": 389.0, "paridad": "IMPAR", "intervenci": null, "estado": null, "fecha_ini": null, "fecha_fin": null, "ente_a_car": null, "comuna": 1.0, "barrio": "MONSERRAT", "clave_vere": "012-045-031A-2051-1" }, "geometry": { "type": "Point", "coordinates": [ -58.3832764201603, -34.613020708473499 ] } },
{ "type": "Feature", "properties": { "N.": 191.0, "Fecha": "3/2/2026", "Dirección": "Salta 211, C1074AAE", "Nro.Acta": "AF-2026-570219-GC-ERSP", "tipo": "PLAN DE CONTROL", "observacio": null, "cod_calle": 20017.0, "calle": "SALTA", "desde": 211.0, "hasta": 211.0, "paridad": "IMPAR", "intervenci": null, "estado": null, "fecha_ini": null, "fecha_fin": null, "ente_a_car": null, "comuna": 1.0, "barrio": "MONSERRAT", "clave_vere": "012-046-040-20017-1" }, "geometry": { "type": "Point", "coordinates": [ -58.383398509811897, -34.611113629857201 ] } },
{ "type": "Feature", "properties": { "N.": 192.0, "Fecha": "3/2/2026", "Dirección": "Salta 285, C1074 AAE", "Nro.Acta": "AF-2026-570224-GC-ERSP", "tipo": "PLAN DE CONTROL", "observacio": null, "cod_calle": 20017.0, "calle": "SALTA", "desde": 285.0, "hasta": 285.0, "paridad": "IMPAR", "intervenci": null, "estado": null, "fecha_ini": null, "fecha_fin": null, "ente_a_car": null, "comuna": 1.0, "barrio": "MONSERRAT", "clave_vere": "012-046-033-20017-1" }, "geometry": { "type": "Point", "coordinates": [ -58.383362954518901, -34.611769264164003 ] } },
{ "type": "Feature", "properties": { "N.": 222.0, "Fecha": "6/3/2026", "Dirección": "Venezuela 1214, C1095AAZ", "Nro.Acta": "AF-2026-597731-GC-ERSP", "tipo": "PLAN DE CONTROL", "observacio": null, "cod_calle": 23033.0, "calle": "REPUBLICA BOLIVARIANA DE VENEZUELA", "desde": 1214.0, "hasta": 1214.0, "paridad": "PAR", "intervenci": null, "estado": null, "fecha_ini": null, "fecha_fin": null, "ente_a_car": null, "comuna": 1.0, "barrio": "MONSERRAT", "clave_vere": "012-043-011-23033-1" }, "geometry": { "type": "Point", "coordinates": [ -58.3834170635511, -34.614449732686701 ] } },
{ "type": "Feature", "properties": { "N.": 193.0, "Fecha": "20/2/2026", "Dirección": "Salta 325, C1074AAG", "Nro.Acta": "AF-2026-583479-GC-ERSP", "tipo": "PLAN DE CONTROL", "observacio": null, "cod_calle": 20017.0, "calle": "SALTA", "desde": 325.0, "hasta": 325.0, "paridad": "IMPAR", "intervenci": null, "estado": null, "fecha_ini": null, "fecha_fin": null, "ente_a_car": null, "comuna": 1.0, "barrio": "MONSERRAT", "clave_vere": "012-045-041-20017-1" }, "geometry": { "type": "Point", "coordinates": [ -58.383325358213099, -34.6124032178002 ] } },
{ "type": "Feature", "properties": { "N.": 151.0, "Fecha": "6/3/2026", "Dirección": "México 1208, C1097AAZ", "Nro.Acta": "AF-2026-597775-GC-ERSP", "tipo": "PLAN DE CONTROL", "observacio": null, "cod_calle": 13076.0, "calle": "MEXICO", "desde": 1208.0, "hasta": 1208.0, "paridad": "PAR", "intervenci": null, "estado": null, "fecha_ini": null, "fecha_fin": null, "ente_a_car": null, "comuna": 1.0, "barrio": "MONSERRAT", "clave_vere": "012-042-001A-20017-1" }, "geometry": { "type": "Point", "coordinates": [ -58.383109889424901, -34.6155056763847 ] } },
{ "type": "Feature", "properties": { "N.": 195.0, "Fecha": "23/2/2026", "Dirección": "Salta 773, C1074AAO", "Nro.Acta": "AF-2026-584945-GC-ERSP", "tipo": "PLAN DE CONTROL", "observacio": null, "cod_calle": 20017.0, "calle": "SALTA", "desde": 773.0, "hasta": 773.0, "paridad": "IMPAR", "intervenci": null, "estado": null, "fecha_ini": null, "fecha_fin": null, "ente_a_car": null, "comuna": 1.0, "barrio": "MONSERRAT", "clave_vere": "012-041-034-20017-1" }, "geometry": { "type": "Point", "coordinates": [ -58.383090978833501, -34.617394285161801 ] } },
{ "type": "Feature", "properties": { "N.": 28.0, "Fecha": "18/2/2026", "Dirección": "Av. Independencia 1202, C1099AAZ", "Nro.Acta": "AF-2026-582097-GC-ERSP", "tipo": "PLAN DE CONTROL", "observacio": null, "cod_calle": 9010.0, "calle": "INDEPENDENCIA AV.", "desde": 1202.0, "hasta": 1202.0, "paridad": "PAR", "intervenci": null, "estado": null, "fecha_ini": null, "fecha_fin": null, "ente_a_car": null, "comuna": 1.0, "barrio": "CONSTITUCION", "clave_vere": "014-050-001C-9010-1" }, "geometry": { "type": "Point", "coordinates": [ -58.383067225142803, -34.6179167063111 ] } },
{ "type": "Feature", "properties": { "N.": 159.0, "Fecha": "3/2/2026", "Dirección": "Moreno 1195, C1091AAW", "Nro.Acta": "AF-2026-570212-GC-ERSP", "tipo": "PLAN DE CONTROL", "observacio": null, "cod_calle": 13126.0, "calle": "MORENO", "desde": 1195.0, "hasta": 1195.0, "paridad": "IMPAR", "intervenci": null, "estado": null, "fecha_ini": null, "fecha_fin": null, "ente_a_car": null, "comuna": 1.0, "barrio": "MONSERRAT", "clave_vere": "012-055-018A-13126-1" }, "geometry": { "type": "Point", "coordinates": [ -58.383274842694803, -34.611846169914202 ] } },
{ "type": "Feature", "properties": { "N.": 221.0, "Fecha": "6/3/2026", "Dirección": "Venezuela 1188, C1095AAX", "Nro.Acta": "AF-2026-597730-GC-ERSP", "tipo": "PLAN DE CONTROL", "observacio": null, "cod_calle": 23033.0, "calle": "REPUBLICA BOLIVARIANA DE VENEZUELA", "desde": 1188.0, "hasta": 1188.0, "paridad": "PAR", "intervenci": null, "estado": null, "fecha_ini": null, "fecha_fin": null, "ente_a_car": null, "comuna": 1.0, "barrio": "MONSERRAT", "clave_vere": "012-052-011A-23033-1" }, "geometry": { "type": "Point", "coordinates": [ -58.383043243956699, -34.614531460405999 ] } },
{ "type": "Feature", "properties": { "N.": 150.0, "Fecha": "6/3/2026", "Dirección": "México 1182, C1097AAX", "Nro.Acta": "AF-2026-597776-GC-ERSP", "tipo": "PLAN DE CONTROL", "observacio": null, "cod_calle": 13076.0, "calle": "MEXICO", "desde": 1182.0, "hasta": 1182.0, "paridad": "PAR", "intervenci": null, "estado": null, "fecha_ini": null, "fecha_fin": null, "ente_a_car": null, "comuna": 1.0, "barrio": "MONSERRAT", "clave_vere": "012-051-010-13076-1" }, "geometry": { "type": "Point", "coordinates": [ -58.382803890354303, -34.6154023019349 ] } },
{ "type": "Feature", "properties": { "N.": 149.0, "Fecha": "6/3/2026", "Dirección": "México 1114, C1097AAX", "Nro.Acta": "AF-2026-597777-GC-ERSP", "tipo": "PLAN DE CONTROL", "observacio": null, "cod_calle": 13076.0, "calle": "MEXICO", "desde": 1114.0, "hasta": 1114.0, "paridad": "PAR", "intervenci": null, "estado": null, "fecha_ini": null, "fecha_fin": null, "ente_a_car": null, "comuna": 1.0, "barrio": "MONSERRAT", "clave_vere": "012-051-001D-13076-1" }, "geometry": { "type": "Point", "coordinates": [ -58.381936722366198, -34.615348279984602 ] } },
{ "type": "Feature", "properties": { "N.": 158.0, "Fecha": "3/2/2026", "Dirección": "Moreno 1103, C1091AAW", "Nro.Acta": "AF-2026-570199-GC-ERSP", "tipo": "PLAN DE CONTROL", "observacio": null, "cod_calle": 13126.0, "calle": "MORENO", "desde": 1103.0, "hasta": 1103.0, "paridad": "IMPAR", "intervenci": null, "estado": null, "fecha_ini": null, "fecha_fin": null, "ente_a_car": null, "comuna": 1.0, "barrio": "MONSERRAT", "clave_vere": "012-055-030A-13126-1" }, "geometry": { "type": "Point", "coordinates": [ -58.381919214713598, -34.611857232446098 ] } },
{ "type": "Feature", "properties": { "N.": 11.0, "Fecha": "20/2/2026", "Dirección": "Av. Belgrano 1115, C1092", "Nro.Acta": "AF-2026-583484-GC-ERSP", "tipo": "PLAN DE CONTROL", "observacio": null, "cod_calle": 2051.0, "calle": "BELGRANO AV.", "desde": 1115.0, "hasta": 1115.0, "paridad": "IMPAR", "intervenci": null, "estado": null, "fecha_ini": null, "fecha_fin": null, "ente_a_car": null, "comuna": 1.0, "barrio": "MONSERRAT", "clave_vere": "012-054-027-2051-1" }, "geometry": { "type": "Point", "coordinates": [ -58.381887778870201, -34.613021248228598 ] } },
{ "type": "Feature", "properties": { "N.": 220.0, "Fecha": "6/3/2026", "Dirección": "Venezuela 1120, C1095", "Nro.Acta": "AF-2026-597729-GC-ERSP", "tipo": "PLAN DE CONTROL", "observacio": null, "cod_calle": 23033.0, "calle": "REPUBLICA BOLIVARIANA DE VENEZUELA", "desde": 1120.0, "hasta": 1120.0, "paridad": "PAR", "intervenci": null, "estado": null, "fecha_ini": null, "fecha_fin": null, "ente_a_car": null, "comuna": 1.0, "barrio": "MONSERRAT", "clave_vere": "012-052-001D-23033-1" }, "geometry": { "type": "Point", "coordinates": [ -58.381760777462397, -34.614510694495301 ] } },
{ "type": "Feature", "properties": { "N.": 142.0, "Fecha": "26/2/2026", "Dirección": "Lima 1111, C1073AAW AAW", "Nro.Acta": "AF-2026-589080-GC-ERSP", "tipo": "PLAN DE CONTROL", "observacio": null, "cod_calle": 12112.0, "calle": "LIMA", "desde": 1111.0, "hasta": 1111.0, "paridad": "IMPAR", "intervenci": null, "estado": null, "fecha_ini": null, "fecha_fin": null, "ente_a_car": null, "comuna": 1.0, "barrio": "CONSTITUCION", "clave_vere": "014-055-001C-8035-1" }, "geometry": { "type": "Point", "coordinates": [ -58.381572730878197, -34.6210807055948 ] } },
{ "type": "Feature", "properties": { "N.": 143.0, "Fecha": "26/2/2026", "Dirección": "Lima 1137, C1073AAW", "Nro.Acta": "AF-2026-589070-GC-ERSP", "tipo": "PLAN DE CONTROL", "observacio": null, "cod_calle": 12112.0, "calle": "LIMA", "desde": 1137.0, "hasta": 1137.0, "paridad": "IMPAR", "intervenci": null, "estado": null, "fecha_ini": null, "fecha_fin": null, "ente_a_car": null, "comuna": 1.0, "barrio": "CONSTITUCION", "clave_vere": "014-055-035C-12112-1" }, "geometry": { "type": "Point", "coordinates": [ -58.3815620217676, -34.621367210622999 ] } },
{ "type": "Feature", "properties": { "N.": 144.0, "Fecha": "26/2/2026", "Dirección": "Lima 1149, C1073AAW", "Nro.Acta": "AF-2026-589066-GC-ERSP", "tipo": "PLAN DE CONTROL", "observacio": null, "cod_calle": 12112.0, "calle": "LIMA", "desde": 1149.0, "hasta": 1149.0, "paridad": "IMPAR", "intervenci": null, "estado": null, "fecha_ini": null, "fecha_fin": null, "ente_a_car": null, "comuna": 1.0, "barrio": "CONSTITUCION", "clave_vere": "014-055-034-12112-1" }, "geometry": { "type": "Point", "coordinates": [ -58.381556377275899, -34.621518179796603 ] } },
{ "type": "Feature", "properties": { "N.": 145.0, "Fecha": "26/2/2026", "Dirección": "Lima 1159, C1073AAW", "Nro.Acta": "AF-2026-589060-GC-ERSP", "tipo": "PLAN DE CONTROL", "observacio": null, "cod_calle": 12112.0, "calle": "LIMA", "desde": 1159.0, "hasta": 1159.0, "paridad": "IMPAR", "intervenci": null, "estado": null, "fecha_ini": null, "fecha_fin": null, "ente_a_car": null, "comuna": 1.0, "barrio": "CONSTITUCION", "clave_vere": "014-055-033-12112-1" }, "geometry": { "type": "Point", "coordinates": [ -58.381552390491898, -34.621624882743703 ] } },
{ "type": "Feature", "properties": { "N.": 148.0, "Fecha": "26/2/2026", "Dirección": "Lima 1315, C1138ACC", "Nro.Acta": "AF-2026-589035-GC-ERSP", "tipo": "PLAN DE CONTROL", "observacio": null, "cod_calle": 12112.0, "calle": "LIMA", "desde": 1315.0, "hasta": 1315.0, "paridad": "IMPAR", "intervenci": null, "estado": null, "fecha_ini": null, "fecha_fin": null, "ente_a_car": null, "comuna": 1.0, "barrio": "CONSTITUCION", "clave_vere": "014-054-034-12112-1" }, "geometry": { "type": "Point", "coordinates": [ -58.3815177873512, -34.623556808478 ] } },
{ "type": "Feature", "properties": { "N.": 147.0, "Fecha": "26/2/2026", "Dirección": "Lima 1225, C1150", "Nro.Acta": "AF-2026-589039-GC-ERSP", "tipo": "PLAN DE CONTROL", "observacio": null, "cod_calle": 12112.0, "calle": "LIMA", "desde": 1225.0, "hasta": 1225.0, "paridad": "IMPAR", "intervenci": null, "estado": null, "fecha_ini": null, "fecha_fin": null, "ente_a_car": null, "comuna": 1.0, "barrio": "CONSTITUCION", "clave_vere": "014-054-046-12112-1" }, "geometry": { "type": "Point", "coordinates": [ -58.381524372490198, -34.622506550501299 ] } },
{ "type": "Feature", "properties": { "N.": 146.0, "Fecha": "26/2/2026", "Dirección": "Lima 1203, C1138ACA", "Nro.Acta": "AF-2026-589045-GC-ERSP", "tipo": "PLAN DE CONTROL", "observacio": null, "cod_calle": 12112.0, "calle": "LIMA", "desde": 1203.0, "hasta": 1203.0, "paridad": "IMPAR", "intervenci": null, "estado": null, "fecha_ini": null, "fecha_fin": null, "ente_a_car": null, "comuna": 1.0, "barrio": "CONSTITUCION", "clave_vere": "014-054-001B-20040-1" }, "geometry": { "type": "Point", "coordinates": [ -58.3815312843535, -34.622301794926202 ] } },
{ "type": "Feature", "properties": { "N.": 99.0, "Fecha": "10/3/2026", "Dirección": "Cochabamba 990, C1150AAO", "Nro.Acta": "AF-2026-604613-GC-ERSP", "tipo": "PLAN DE CONTROL", "observacio": null, "cod_calle": 3134.0, "calle": "COCHABAMBA", "desde": 990.0, "hasta": 990.0, "paridad": "PAR", "intervenci": null, "estado": null, "fecha_ini": null, "fecha_fin": null, "ente_a_car": null, "comuna": 1.0, "barrio": "CONSTITUCION", "clave_vere": "014-069-032A-3134-1" }, "geometry": { "type": "Point", "coordinates": [ -58.379655494255303, -34.623845101337501 ] } },
{ "type": "Feature", "properties": { "N.": 213.0, "Fecha": "10/3/2026", "Dirección": "Tacuarí 1207, C1139AAA", "Nro.Acta": "AF-2026-604098-GC-ERSP", "tipo": "PLAN DE CONTROL", "observacio": null, "cod_calle": 21004.0, "calle": "TACUARI", "desde": 1207.0, "hasta": 1207.0, "paridad": "IMPAR", "intervenci": null, "estado": null, "fecha_ini": null, "fecha_fin": null, "ente_a_car": null, "comuna": 1.0, "barrio": "CONSTITUCION", "clave_vere": "014-070-001D-20040-1" }, "geometry": { "type": "Point", "coordinates": [ -58.3786644275729, -34.622323286087898 ] } },
{ "type": "Feature", "properties": { "N.": 214.0, "Fecha": "10/3/2026", "Dirección": "Tacuarí 1217, C1139 AAA", "Nro.Acta": "AF-2026-604097-GC-ERSP", "tipo": "PLAN DE CONTROL", "observacio": null, "cod_calle": 21004.0, "calle": "TACUARI", "desde": 1217.0, "hasta": 1217.0, "paridad": "IMPAR", "intervenci": null, "estado": null, "fecha_ini": null, "fecha_fin": null, "ente_a_car": null, "comuna": 1.0, "barrio": "CONSTITUCION", "clave_vere": "014-070-041-21004-1" }, "geometry": { "type": "Point", "coordinates": [ -58.378662673136603, -34.622447216839902 ] } },
{ "type": "Feature", "properties": { "N.": 215.0, "Fecha": "10/3/2026", "Dirección": "Tacuarí 1277, C1139AAA", "Nro.Acta": "AF-2026-604094-GC-ERSP", "tipo": "PLAN DE CONTROL", "observacio": null, "cod_calle": 21004.0, "calle": "TACUARI", "desde": 1277.0, "hasta": 1277.0, "paridad": "IMPAR", "intervenci": null, "estado": null, "fecha_ini": null, "fecha_fin": null, "ente_a_car": null, "comuna": 1.0, "barrio": "CONSTITUCION", "clave_vere": "014-070-004I-20040-1" }, "geometry": { "type": "Point", "coordinates": [ -58.378652296643303, -34.623181212663098 ] } },
{ "type": "Feature", "properties": { "N.": 217.0, "Fecha": "10/3/2026", "Dirección": "Tacuarí 1314, C1139", "Nro.Acta": "AF-2026-604502-GC-ERSP", "tipo": "PLAN DE CONTROL", "observacio": null, "cod_calle": 21004.0, "calle": "TACUARI", "desde": 1314.0, "hasta": 1314.0, "paridad": "PAR", "intervenci": null, "estado": null, "fecha_ini": null, "fecha_fin": null, "ente_a_car": null, "comuna": 1.0, "barrio": "CONSTITUCION", "clave_vere": "004-001-034A-21004-1" }, "geometry": { "type": "Point", "coordinates": [ -58.378441805820898, -34.6239157719261 ] } },
{ "type": "Feature", "properties": { "N.": 98.0, "Fecha": "10/3/2026", "Dirección": "Cochabamba 894, C1150AAN", "Nro.Acta": "AF-2026-604506-GC-ERSP", "tipo": "PLAN DE CONTROL", "observacio": null, "cod_calle": 3134.0, "calle": "COCHABAMBA", "desde": 894.0, "hasta": 894.0, "paridad": "PAR", "intervenci": null, "estado": null, "fecha_ini": null, "fecha_fin": null, "ente_a_car": null, "comuna": 1.0, "barrio": "CONSTITUCION", "clave_vere": "004-001-032C-3134-1" }, "geometry": { "type": "Point", "coordinates": [ -58.378481154982502, -34.62378967203 ] } },
{ "type": "Feature", "properties": { "N.": 71.0, "Fecha": "10/3/2026", "Dirección": "Av. San Juan 864, C1147AAT", "Nro.Acta": "AF-2026-604158-GC-ERSP", "tipo": "PLAN DE CONTROL", "observacio": null, "cod_calle": 20040.0, "calle": "SAN JUAN AV.", "desde": 864.0, "hasta": 864.0, "paridad": "PAR", "intervenci": null, "estado": null, "fecha_ini": null, "fecha_fin": null, "ente_a_car": null, "comuna": 1.0, "barrio": "CONSTITUCION", "clave_vere": "004-002-009C-20040-1" }, "geometry": { "type": "Point", "coordinates": [ -58.378122447078503, -34.622190941400397 ] } },
{ "type": "Feature", "properties": { "N.": 87.0, "Fecha": "9/3/2026", "Dirección": "Brasil 985, C1138", "Nro.Acta": "AF-2026-602033-GC-ERSP", "tipo": "PLAN DE CONTROL", "observacio": null, "cod_calle": 2111.0, "calle": "BRASIL", "desde": 985.0, "hasta": 985.0, "paridad": "IMPAR", "intervenci": null, "estado": null, "fecha_ini": null, "fecha_fin": null, "ente_a_car": null, "comuna": 1.0, "barrio": "CONSTITUCION", "clave_vere": "008-010-015A-9019-1" }, "geometry": { "type": "Point", "coordinates": [ -58.378418077104598, -34.6272388580187 ] } },
{ "type": "Feature", "properties": { "N.": 55.0, "Fecha": "9/3/2026", "Dirección": "Av. Juan de Garay 867, C1153ABG", "Nro.Acta": "AF-2026-601998-GC-ERSP", "tipo": "PLAN DE CONTROL", "observacio": null, "cod_calle": 7026.0, "calle": "GARAY, JUAN DE AV.", "desde": 867.0, "hasta": 867.0, "paridad": "IMPAR", "intervenci": null, "estado": null, "fecha_ini": null, "fecha_fin": null, "ente_a_car": null, "comuna": 1.0, "barrio": "CONSTITUCION", "clave_vere": "004-001-002B-7026-1" }, "geometry": { "type": "Point", "coordinates": [ -58.377667832641599, -34.625397932064203 ] } },
{ "type": "Feature", "properties": { "N.": 56.0, "Fecha": "9/3/2026", "Dirección": "Av. Juan de Garay 890, C1153ABT", "Nro.Acta": "AF-2026-599506-GC-ERSP", "tipo": "PLAN DE CONTROL", "observacio": null, "cod_calle": 7026.0, "calle": "GARAY, JUAN DE AV.", "desde": 890.0, "hasta": 890.0, "paridad": "PAR", "intervenci": null, "estado": null, "fecha_ini": null, "fecha_fin": null, "ente_a_car": null, "comuna": 1.0, "barrio": "CONSTITUCION", "clave_vere": "008-033-005E-21004-1" }, "geometry": { "type": "Point", "coordinates": [ -58.377812468903002, -34.625683563811897 ] } },
{ "type": "Feature", "properties": { "N.": 65.0, "Fecha": "9/2/2026", "Dirección": "Av. Montes de Oca 123, C1270 AAB", "Nro.Acta": "AF-2026-575917-GC-ERSP", "tipo": "PLAN DE CONTROL", "observacio": null, "cod_calle": 13115.0, "calle": "MONTES DE OCA, MANUEL AV.", "desde": 123.0, "hasta": 123.0, "paridad": "IMPAR", "intervenci": null, "estado": null, "fecha_ini": null, "fecha_fin": null, "ente_a_car": null, "comuna": 4.0, "barrio": "BARRACAS", "clave_vere": "016-083A-025-13115-1" }, "geometry": { "type": "Point", "coordinates": [ -58.3771974903906, -34.630080564637097 ] } },
{ "type": "Feature", "properties": { "N.": 64.0, "Fecha": "9/2/2026", "Dirección": "Av. Montes de Oca 121, C1272", "Nro.Acta": "AF-2026-575908-GC-ERSP", "tipo": "PLAN DE CONTROL", "observacio": null, "cod_calle": 13115.0, "calle": "MONTES DE OCA, MANUEL AV.", "desde": 121.0, "hasta": 121.0, "paridad": "IMPAR", "intervenci": null, "estado": null, "fecha_ini": null, "fecha_fin": null, "ente_a_car": null, "comuna": 4.0, "barrio": "BARRACAS", "clave_vere": "016-083A-025-13115-1" }, "geometry": { "type": "Point", "coordinates": [ -58.3771974903906, -34.630080564637097 ] } },
{ "type": "Feature", "properties": { "N.": 86.0, "Fecha": "9/3/2026", "Dirección": "Brasil 881, C1154AAM", "Nro.Acta": "AF-2026-602018-GC-ERSP", "tipo": "PLAN DE CONTROL", "observacio": null, "cod_calle": 2111.0, "calle": "BRASIL", "desde": 881.0, "hasta": 881.0, "paridad": "IMPAR", "intervenci": null, "estado": null, "fecha_ini": null, "fecha_fin": null, "ente_a_car": null, "comuna": 1.0, "barrio": "CONSTITUCION", "clave_vere": "008-033-011-2111-1" }, "geometry": { "type": "Point", "coordinates": [ -58.376974684969298, -34.6266199120777 ] } },
{ "type": "Feature", "properties": { "N.": 66.0, "Fecha": "9/2/2026", "Dirección": "Av. Montes de Oca 209, C1270AAC", "Nro.Acta": "AF-2026-575927-GC-ERSP", "tipo": "PLAN DE CONTROL", "observacio": null, "cod_calle": 13115.0, "calle": "MONTES DE OCA, MANUEL AV.", "desde": 209.0, "hasta": 209.0, "paridad": "IMPAR", "intervenci": null, "estado": null, "fecha_ini": null, "fecha_fin": null, "ente_a_car": null, "comuna": 4.0, "barrio": "BARRACAS", "clave_vere": "016-083A-009E-13115-1" }, "geometry": { "type": "Point", "coordinates": [ -58.376858112837702, -34.630867997921797 ] } },
{ "type": "Feature", "properties": { "N.": 67.0, "Fecha": "9/2/2026", "Dirección": "Av. Montes de Oca 253, C1272", "Nro.Acta": "AF-2026-575949-GC-ERSP", "tipo": "PLAN DE CONTROL", "observacio": null, "cod_calle": 13115.0, "calle": "MONTES DE OCA, MANUEL AV.", "desde": 253.0, "hasta": 253.0, "paridad": "IMPAR", "intervenci": null, "estado": null, "fecha_ini": null, "fecha_fin": null, "ente_a_car": null, "comuna": 4.0, "barrio": "BARRACAS", "clave_vere": "016-083A-023-13115-1" }, "geometry": { "type": "Point", "coordinates": [ -58.376529856144501, -34.6316418614078 ] } },
{ "type": "Feature", "properties": { "N.": 68.0, "Fecha": "9/2/2026", "Dirección": "Av. Montes de Oca 325, C1270AAD", "Nro.Acta": "AF-2026-575965-GC-ERSP", "tipo": "PLAN DE CONTROL", "observacio": null, "cod_calle": 13115.0, "calle": "MONTES DE OCA, MANUEL AV.", "desde": 325.0, "hasta": 325.0, "paridad": "IMPAR", "intervenci": null, "estado": null, "fecha_ini": null, "fecha_fin": null, "ente_a_car": null, "comuna": 4.0, "barrio": "BARRACAS", "clave_vere": "016-082-032-13115-1" }, "geometry": { "type": "Point", "coordinates": [ -58.376201676836402, -34.632464821434603 ] } },
{ "type": "Feature", "properties": { "N.": 69.0, "Fecha": "9/2/2026", "Dirección": "Av. Montes de Oca 391, C1270", "Nro.Acta": "AF-2026-575976-GC-ERSP", "tipo": "PLAN DE CONTROL", "observacio": null, "cod_calle": 13115.0, "calle": "MONTES DE OCA, MANUEL AV.", "desde": 391.0, "hasta": 391.0, "paridad": "IMPAR", "intervenci": null, "estado": null, "fecha_ini": null, "fecha_fin": null, "ente_a_car": null, "comuna": 4.0, "barrio": "BARRACAS", "clave_vere": "016-082-025-13115-1" }, "geometry": { "type": "Point", "coordinates": [ -58.375975714421799, -34.633103072857203 ] } },
{ "type": "Feature", "properties": { "N.": 176.0, "Fecha": "9/3/2026", "Dirección": "Piedras 1498, C1140ABF", "Nro.Acta": "AF-2026-599566-GC-ERSP", "tipo": "PLAN DE CONTROL", "observacio": null, "cod_calle": 17078.0, "calle": "PIEDRAS", "desde": 1498.0, "hasta": 1498.0, "paridad": "PAR", "intervenci": null, "estado": null, "fecha_ini": null, "fecha_fin": null, "ente_a_car": null, "comuna": 1.0, "barrio": "SAN TELMO", "clave_vere": "008-037-009-17078-1" }, "geometry": { "type": "Point", "coordinates": [ -58.376275064576902, -34.626037877151703 ] } },
{ "type": "Feature", "properties": { "N.": 177.0, "Fecha": "9/3/2026", "Dirección": "Piedras 1527, C1154", "Nro.Acta": "AF-2026-602054-GC-ERSP", "tipo": "PLAN DE CONTROL", "observacio": null, "cod_calle": 17078.0, "calle": "PIEDRAS", "desde": 1527.0, "hasta": 1527.0, "paridad": "IMPAR", "intervenci": null, "estado": null, "fecha_ini": null, "fecha_fin": null, "ente_a_car": null, "comuna": 1.0, "barrio": "SAN TELMO", "clave_vere": "008-032-001G-17078-1" }, "geometry": { "type": "Point", "coordinates": [ -58.376619204232199, -34.626551731523897 ] } },
{ "type": "Feature", "properties": { "N.": 70.0, "Fecha": "9/2/2026", "Dirección": "Av. Montes de Oca 409, C1272", "Nro.Acta": "AF-2026-575991-GC-ERSP", "tipo": "PLAN DE CONTROL", "observacio": null, "cod_calle": 13115.0, "calle": "MONTES DE OCA, MANUEL AV.", "desde": 409.0, "hasta": 409.0, "paridad": "IMPAR", "intervenci": null, "estado": null, "fecha_ini": null, "fecha_fin": null, "ente_a_car": null, "comuna": 4.0, "barrio": "BARRACAS", "clave_vere": "016-081A-001D-13115-1" }, "geometry": { "type": "Point", "coordinates": [ -58.3758349965006, -34.633496453448601 ] } },
{ "type": "Feature", "properties": { "N.": 90.0, "Fecha": "10/3/2026", "Dirección": "Chacabuco 1260, C1140AAB", "Nro.Acta": "AF-2026-604138-GC-ERSP", "tipo": "PLAN DE CONTROL", "observacio": null, "cod_calle": 3214.0, "calle": "CHACABUCO", "desde": 1260.0, "hasta": 1260.0, "paridad": "PAR", "intervenci": null, "estado": null, "fecha_ini": null, "fecha_fin": null, "ente_a_car": null, "comuna": 1.0, "barrio": "SAN TELMO", "clave_vere": "004-014-014C-3214-1" }, "geometry": { "type": "Point", "coordinates": [ -58.375524932568801, -34.622895122647698 ] } },
{ "type": "Feature", "properties": { "N.": 85.0, "Fecha": "9/3/2026", "Dirección": "Brasil 709, C1154AAK", "Nro.Acta": "AF-2026-599616-GC-ERSP", "tipo": "PLAN DE CONTROL", "observacio": null, "cod_calle": 2111.0, "calle": "BRASIL", "desde": 709.0, "hasta": 709.0, "paridad": "IMPAR", "intervenci": null, "estado": null, "fecha_ini": null, "fecha_fin": null, "ente_a_car": null, "comuna": 1.0, "barrio": "SAN TELMO", "clave_vere": "008-037-016C-3214-1" }, "geometry": { "type": "Point", "coordinates": [ -58.375177125662503, -34.6255004153141 ] } },
{ "type": "Feature", "properties": { "N.": 91.0, "Fecha": "9/3/2026", "Dirección": "Chacabuco 1412, C1140AAF", "Nro.Acta": "AF-2026-602071-GC-ERSP", "tipo": "PLAN DE CONTROL", "observacio": null, "cod_calle": 3214.0, "calle": "CHACABUCO", "desde": 1412.0, "hasta": 1412.0, "paridad": "PAR", "intervenci": null, "estado": null, "fecha_ini": null, "fecha_fin": null, "ente_a_car": null, "comuna": 1.0, "barrio": "SAN TELMO", "clave_vere": "008-039-007C-7026-1" }, "geometry": { "type": "Point", "coordinates": [ -58.375334193547502, -34.624804820466302 ] } },
{ "type": "Feature", "properties": { "N.": 89.0, "Fecha": "11/2/2026", "Dirección": "C. Gaspar M. de Jovellanos 6, C1268ADB", "Nro.Acta": "AF-2026-578687-GC-ERSP", "tipo": "PLAN DE CONTROL", "observacio": null, "cod_calle": 4109.0, "calle": "JOVELLANOS, GASPAR M. DE", "desde": 6.0, "hasta": 6.0, "paridad": "PAR", "intervenci": null, "estado": null, "fecha_ini": null, "fecha_fin": null, "ente_a_car": null, "comuna": 4.0, "barrio": "BARRACAS", "clave_vere": "008-022-009C-9029-1" }, "geometry": { "type": "Point", "coordinates": [ -58.374886937423703, -34.631355559569897 ] } },
{ "type": "Feature", "properties": { "N.": 84.0, "Fecha": "9/3/2026", "Dirección": "Brasil 693, C1154AAI", "Nro.Acta": "AF-2026-601919-GC-ERSP", "tipo": "PLAN DE CONTROL", "observacio": null, "cod_calle": 2111.0, "calle": "BRASIL", "desde": 693.0, "hasta": 693.0, "paridad": "IMPAR", "intervenci": null, "estado": null, "fecha_ini": null, "fecha_fin": null, "ente_a_car": null, "comuna": 1.0, "barrio": "SAN TELMO", "clave_vere": "008-039-018-3214-1" }, "geometry": { "type": "Point", "coordinates": [ -58.375047075097299, -34.625514547063403 ] } },
{ "type": "Feature", "properties": { "N.": 25.0, "Fecha": "9/3/2026", "Dirección": "Av. Caseros 715, C1152AAD", "Nro.Acta": "AF-2026-599598-GC-ERSP", "tipo": "PLAN DE CONTROL", "observacio": null, "cod_calle": 3085.0, "calle": "CASEROS AV.", "desde": 715.0, "hasta": 715.0, "paridad": "IMPAR", "intervenci": null, "estado": null, "fecha_ini": null, "fecha_fin": null, "ente_a_car": null, "comuna": 1.0, "barrio": "SAN TELMO", "clave_vere": "008-036-022J-3085-1" }, "geometry": { "type": "Point", "coordinates": [ -58.374826950378399, -34.6267761045995 ] } },
{ "type": "Feature", "properties": { "N.": 63.0, "Fecha": "11/2/2026", "Dirección": "Av. Martín García 842, C1268ABR", "Nro.Acta": "AF-2026-578495-GC-ERSP", "tipo": "PLAN DE CONTROL", "observacio": null, "cod_calle": 7032.0, "calle": "GARCIA, MARTIN AV.", "desde": 842.0, "hasta": 842.0, "paridad": "PAR", "intervenci": null, "estado": null, "fecha_ini": null, "fecha_fin": null, "ente_a_car": null, "comuna": 4.0, "barrio": "BARRACAS", "clave_vere": "008-003-002-7032-1" }, "geometry": { "type": "Point", "coordinates": [ -58.374702944888099, -34.633851554644899 ] } },
{ "type": "Feature", "properties": { "N.": 141.0, "Fecha": "11/2/2026", "Dirección": "Isabel la Católica 85, C1268 ACA", "Nro.Acta": "AF-2026-578671-GC-ERSP", "tipo": "PLAN DE CONTROL", "observacio": null, "cod_calle": 9023.0, "calle": "ISABEL LA CATOLICA", "desde": 85.0, "hasta": 85.0, "paridad": "IMPAR", "intervenci": null, "estado": null, "fecha_ini": null, "fecha_fin": null, "ente_a_car": null, "comuna": 4.0, "barrio": "BARRACAS", "clave_vere": "008-004-020-9023-1" }, "geometry": { "type": "Point", "coordinates": [ -58.3746631949573, -34.633183431775699 ] } },
{ "type": "Feature", "properties": { "N.": 92.0, "Fecha": "9/3/2026", "Dirección": "Chacabuco 1586, C1140", "Nro.Acta": "AF-2026-599604-GC-ERSP", "tipo": "PLAN DE CONTROL", "observacio": null, "cod_calle": 3214.0, "calle": "CHACABUCO", "desde": 1586.0, "hasta": 1586.0, "paridad": "PAR", "intervenci": null, "estado": null, "fecha_ini": null, "fecha_fin": null, "ente_a_car": null, "comuna": 1.0, "barrio": "SAN TELMO", "clave_vere": "008-038-014-3214-1" }, "geometry": { "type": "Point", "coordinates": [ -58.374603490497698, -34.6265569984892 ] } },
{ "type": "Feature", "properties": { "N.": 62.0, "Fecha": "11/2/2026", "Dirección": "Av. Martín García 812, C1268ABR", "Nro.Acta": "AF-2026-578487-GC-ERSP", "tipo": "PLAN DE CONTROL", "observacio": null, "cod_calle": 7032.0, "calle": "GARCIA, MARTIN AV.", "desde": 812.0, "hasta": 812.0, "paridad": "PAR", "intervenci": null, "estado": null, "fecha_ini": null, "fecha_fin": null, "ente_a_car": null, "comuna": 4.0, "barrio": "BARRACAS", "clave_vere": "008-003-001E-7032-1" }, "geometry": { "type": "Point", "coordinates": [ -58.374624530157298, -34.633769468665903 ] } },
{ "type": "Feature", "properties": { "N.": 61.0, "Fecha": "11/2/2026", "Dirección": "Av. Martín García 782, C1268ABQ", "Nro.Acta": "AF-2026-578477-GC-ERSP", "tipo": "PLAN DE CONTROL", "observacio": null, "cod_calle": 7032.0, "calle": "GARCIA, MARTIN AV.", "desde": 782.0, "hasta": 782.0, "paridad": "PAR", "intervenci": null, "estado": null, "fecha_ini": null, "fecha_fin": null, "ente_a_car": null, "comuna": 4.0, "barrio": "BARRACAS", "clave_vere": "008-014-008-7032-1" }, "geometry": { "type": "Point", "coordinates": [ -58.374143222996601, -34.633266558435899 ] } },
{ "type": "Feature", "properties": { "N.": 60.0, "Fecha": "11/2/2026", "Dirección": "Av. Martín García 746, C1268ABQ", "Nro.Acta": "AF-2026-578470-GC-ERSP", "tipo": "PLAN DE CONTROL", "observacio": null, "cod_calle": 7032.0, "calle": "GARCIA, MARTIN AV.", "desde": 746.0, "hasta": 746.0, "paridad": "PAR", "intervenci": null, "estado": null, "fecha_ini": null, "fecha_fin": null, "ente_a_car": null, "comuna": 4.0, "barrio": "BARRACAS", "clave_vere": "008-014-005-7032-1" }, "geometry": { "type": "Point", "coordinates": [ -58.373943326241204, -34.633057660482102 ] } },
{ "type": "Feature", "properties": { "N.": 174.0, "Fecha": "9/3/2026", "Dirección": "Perú 1586, C1141ACH San Telmo", "Nro.Acta": "AF-2026-601936-GC-ERSP", "tipo": "PLAN DE CONTROL", "observacio": null, "cod_calle": 17071.0, "calle": "PERU", "desde": 1586.0, "hasta": 1586.0, "paridad": "PAR", "intervenci": null, "estado": null, "fecha_ini": null, "fecha_fin": null, "ente_a_car": null, "comuna": 1.0, "barrio": "SAN TELMO", "clave_vere": "008-044-020-17071-1" }, "geometry": { "type": "Point", "coordinates": [ -58.373823301890603, -34.626455110048397 ] } },
{ "type": "Feature", "properties": { "N.": 24.0, "Fecha": "6/2/2026", "Dirección": "Av. Caseros 599, C1152AAB San Telmo", "Nro.Acta": "AF-2026-573847-GC-ERSP", "tipo": "PLAN DE CONTROL", "observacio": null, "cod_calle": 3085.0, "calle": "CASEROS AV.", "desde": 599.0, "hasta": 599.0, "paridad": "IMPAR", "intervenci": null, "estado": null, "fecha_ini": null, "fecha_fin": null, "ente_a_car": null, "comuna": 1.0, "barrio": "SAN TELMO", "clave_vere": "008-044-021B-3085-1" }, "geometry": { "type": "Point", "coordinates": [ -58.373822031281399, -34.626630954296303 ] } },
{ "type": "Feature", "properties": { "N.": 59.0, "Fecha": "11/2/2026", "Dirección": "Av. Martín García 694, C1265", "Nro.Acta": "AF-2026-578453-GC-ERSP", "tipo": "PLAN DE CONTROL", "observacio": null, "cod_calle": 7032.0, "calle": "GARCIA, MARTIN AV.", "desde": 694.0, "hasta": 694.0, "paridad": "PAR", "intervenci": null, "estado": null, "fecha_ini": null, "fecha_fin": null, "ente_a_car": null, "comuna": 4.0, "barrio": "BARRACAS", "clave_vere": "008-020-005E-7032-1" }, "geometry": { "type": "Point", "coordinates": [ -58.373403472798799, -34.632492653077101 ] } },
{ "type": "Feature", "properties": { "N.": 219.0, "Fecha": "10/2/2026", "Dirección": "Uspallata 687, C1140ACE", "Nro.Acta": "AF-2026-577178-GC-ERSP", "tipo": "PLAN DE CONTROL", "observacio": null, "cod_calle": 22018.0, "calle": "USPALLATA", "desde": 687.0, "hasta": 687.0, "paridad": "IMPAR", "intervenci": null, "estado": null, "fecha_ini": null, "fecha_fin": null, "ente_a_car": null, "comuna": 4.0, "barrio": "BARRACAS", "clave_vere": "008-029-017-22018-1" }, "geometry": { "type": "Point", "coordinates": [ -58.373370768946401, -34.630796132825601 ] } },
{ "type": "Feature", "properties": { "N.": 175.0, "Fecha": "10/2/2026", "Dirección": "Perú 1793, C1141ACK", "Nro.Acta": "AF-2026-577320-GC-ERSP", "tipo": "PLAN DE CONTROL", "observacio": null, "cod_calle": 17071.0, "calle": "PERU", "desde": 1793.0, "hasta": 1793.0, "paridad": "IMPAR", "intervenci": null, "estado": null, "fecha_ini": null, "fecha_fin": null, "ente_a_car": null, "comuna": 4.0, "barrio": "BARRACAS", "clave_vere": "008-034-015-17071-1" }, "geometry": { "type": "Point", "coordinates": [ -58.373301181903599, -34.629321463152202 ] } },
{ "type": "Feature", "properties": { "N.": 58.0, "Fecha": "11/2/2026", "Dirección": "Av. Martín García 644, C1268", "Nro.Acta": "AF-2026-578418-GC-ERSP", "tipo": "PLAN DE CONTROL", "observacio": null, "cod_calle": 7032.0, "calle": "GARCIA, MARTIN AV.", "desde": 644.0, "hasta": 644.0, "paridad": "PAR", "intervenci": null, "estado": null, "fecha_ini": null, "fecha_fin": null, "ente_a_car": null, "comuna": 4.0, "barrio": "BARRACAS", "clave_vere": "008-020-003-7032-1" }, "geometry": { "type": "Point", "coordinates": [ -58.373070849729402, -34.632145652619997 ] } },
{ "type": "Feature", "properties": { "N.": 23.0, "Fecha": "6/2/2026", "Dirección": "Av. Caseros 528, C1152AAO", "Nro.Acta": "AF-2026-573852-GC-ERSP", "tipo": "PLAN DE CONTROL", "observacio": null, "cod_calle": 3085.0, "calle": "CASEROS AV.", "desde": 528.0, "hasta": 528.0, "paridad": "PAR", "intervenci": null, "estado": null, "fecha_ini": null, "fecha_fin": null, "ente_a_car": null, "comuna": 4.0, "barrio": "BARRACAS", "clave_vere": "008-043-003-3085-1" }, "geometry": { "type": "Point", "coordinates": [ -58.372966255566602, -34.626854561177197 ] } },
{ "type": "Feature", "properties": { "N.": 178.0, "Fecha": "10/2/2026", "Dirección": "Piedras 1906, C1140ABP", "Nro.Acta": "AF-2026-577198-GC-ERSP", "tipo": "PLAN DE CONTROL", "observacio": null, "cod_calle": 17078.0, "calle": "PIEDRAS", "desde": 1906.0, "hasta": 1906.0, "paridad": "PAR", "intervenci": null, "estado": null, "fecha_ini": null, "fecha_fin": null, "ente_a_car": null, "comuna": 4.0, "barrio": "BARRACAS", "clave_vere": "008-040-009-17078-1" }, "geometry": { "type": "Point", "coordinates": [ -58.372666720333797, -34.630231701802998 ] } },
{ "type": "Feature", "properties": { "N.": 57.0, "Fecha": "11/2/2026", "Dirección": "Av. Martín García 574, C1268", "Nro.Acta": "AF-2026-578412-GC-ERSP", "tipo": "PLAN DE CONTROL", "observacio": null, "cod_calle": 7032.0, "calle": "GARCIA, MARTIN AV.", "desde": 574.0, "hasta": 574.0, "paridad": "PAR", "intervenci": null, "estado": null, "fecha_ini": null, "fecha_fin": null, "ente_a_car": null, "comuna": 4.0, "barrio": "BARRACAS", "clave_vere": "008-027-006K-7032-1" }, "geometry": { "type": "Point", "coordinates": [ -58.372318916588199, -34.631361095282799 ] } },
{ "type": "Feature", "properties": { "N.": 218.0, "Fecha": "10/2/2026", "Dirección": "Uspallata 511, C1143ACC", "Nro.Acta": "AF-2026-577216-GC-ERSP", "tipo": "PLAN DE CONTROL", "observacio": null, "cod_calle": 22018.0, "calle": "USPALLATA", "desde": 511.0, "hasta": 511.0, "paridad": "IMPAR", "intervenci": null, "estado": null, "fecha_ini": null, "fecha_fin": null, "ente_a_car": null, "comuna": 4.0, "barrio": "BARRACAS", "clave_vere": "008-041-023-22018-1" }, "geometry": { "type": "Point", "coordinates": [ -58.372204652213902, -34.629581753299497 ] } },
{ "type": "Feature", "properties": { "N.": 136.0, "Fecha": "12/3/2026", "Dirección": "Defensa 1685, C1143AAI", "Nro.Acta": "AF-2026-607940-GC-ERSP", "tipo": "PLAN DE CONTROL", "observacio": null, "cod_calle": 4016.0, "calle": "DEFENSA", "desde": 1685.0, "hasta": 1685.0, "paridad": "IMPAR", "intervenci": null, "estado": null, "fecha_ini": null, "fecha_fin": null, "ente_a_car": null, "comuna": 1.0, "barrio": "SAN TELMO", "clave_vere": "008-054-016-4016-1" }, "geometry": { "type": "Point", "coordinates": [ -58.3709155866404, -34.627887638477397 ] } },
{ "type": "Feature", "properties": { "N.": 137.0, "Fecha": "12/3/2026", "Dirección": "Defensa 1763, C1143AAK", "Nro.Acta": "AF-2026-607943-GC-ERSP", "tipo": "PLAN DE CONTROL", "observacio": null, "cod_calle": 4016.0, "calle": "DEFENSA", "desde": 1763.0, "hasta": 1763.0, "paridad": "IMPAR", "intervenci": null, "estado": null, "fecha_ini": null, "fecha_fin": null, "ente_a_car": null, "comuna": 1.0, "barrio": "SAN TELMO", "clave_vere": "008-053-017-4016-1" }, "geometry": { "type": "Point", "coordinates": [ -58.370825131234099, -34.628933030355697 ] } },
{ "type": "Feature", "properties": { "N.": 135.0, "Fecha": "12/3/2026", "Dirección": "Defensa 1600, C1143", "Nro.Acta": "AF-2026-607935-GC-ERSP", "tipo": "PLAN DE CONTROL", "observacio": null, "cod_calle": 4016.0, "calle": "DEFENSA", "desde": 1600.0, "hasta": 1600.0, "paridad": "PAR", "intervenci": null, "estado": null, "fecha_ini": null, "fecha_fin": null, "ente_a_car": null, "comuna": 1.0, "barrio": "SAN TELMO", "clave_vere": "008-073-000A-4016-4" }, "geometry": { "type": "Point", "coordinates": [ -58.370949250484401, -34.6261328103989 ] } },
{ "type": "Feature", "properties": { "N.": 82.0, "Fecha": "12/3/2026", "Dirección": "Brasil 166, C1063AAD", "Nro.Acta": "AF-2026-607984-GC-ERSP", "tipo": "PLAN DE CONTROL", "observacio": null, "cod_calle": 2111.0, "calle": "BRASIL AV.", "desde": 166.0, "hasta": 166.0, "paridad": "PAR", "intervenci": null, "estado": null, "fecha_ini": null, "fecha_fin": null, "ente_a_car": null, "comuna": 4.0, "barrio": "LA BOCA", "clave_vere": "006-048C-002O-2111-1" }, "geometry": { "type": "Point", "coordinates": [ -58.3672777571323, -34.625291490072797 ] } },
{ "type": "Feature", "properties": { "N.": 75.0, "Fecha": "12/3/2026", "Dirección": "Azopardo 1469, C1107ADY", "Nro.Acta": "AF-2026-607981-GC-ERSP", "tipo": "PLAN DE CONTROL", "observacio": null, "cod_calle": 1149.0, "calle": "AZOPARDO", "desde": 1469.0, "hasta": 1469.0, "paridad": "IMPAR", "intervenci": null, "estado": null, "fecha_ini": null, "fecha_fin": null, "ente_a_car": null, "comuna": 1.0, "barrio": "SAN TELMO", "clave_vere": "006-049-019A-1149-1" }, "geometry": { "type": "Point", "coordinates": [ -58.366604526294097, -34.624939890539402 ] } },
{ "type": "Feature", "properties": { "N.": 74.0, "Fecha": "12/3/2026", "Dirección": "Azopardo 1457, C1107ADY", "Nro.Acta": "AF-2026-607976-GC-ERSP", "tipo": "PLAN DE CONTROL", "observacio": null, "cod_calle": 1149.0, "calle": "AZOPARDO", "desde": 1457.0, "hasta": 1457.0, "paridad": "IMPAR", "intervenci": null, "estado": null, "fecha_ini": null, "fecha_fin": null, "ente_a_car": null, "comuna": 1.0, "barrio": "SAN TELMO", "clave_vere": "006-049-019A-1149-1" }, "geometry": { "type": "Point", "coordinates": [ -58.366604526294097, -34.624939890539402 ] } },
{ "type": "Feature", "properties": { "N.": 72.0, "Fecha": "12/3/2026", "Dirección": "Azopardo 1405, C1063ABO", "Nro.Acta": "AF-2026-607975-GC-ERSP", "tipo": "PLAN DE CONTROL", "observacio": null, "cod_calle": 1149.0, "calle": "AZOPARDO", "desde": 1405.0, "hasta": 1405.0, "paridad": "IMPAR", "intervenci": null, "estado": null, "fecha_ini": null, "fecha_fin": null, "ente_a_car": null, "comuna": 1.0, "barrio": "SAN TELMO", "clave_vere": "006-049-001B-1149-1" }, "geometry": { "type": "Point", "coordinates": [ -58.366658496167403, -34.624444932839502 ] } },
{ "type": "Feature", "properties": { "N.": 73.0, "Fecha": "12/3/2026", "Dirección": "Azopardo 1422, C1107ADZ", "Nro.Acta": "AF-2026-607974-GC-ERSP", "tipo": "PLAN DE CONTROL", "observacio": null, "cod_calle": 1149.0, "calle": "AZOPARDO", "desde": 1422.0, "hasta": 1422.0, "paridad": "PAR", "intervenci": null, "estado": null, "fecha_ini": null, "fecha_fin": null, "ente_a_car": null, "comuna": 1.0, "barrio": "SAN TELMO", "clave_vere": "006-082-015C-1149-1" }, "geometry": { "type": "Point", "coordinates": [ -58.366493675058997, -34.624323654073102 ] } },
{ "type": "Feature", "properties": { "N.": 76.0, "Fecha": "12/3/2026", "Dirección": "Azopardo 1490, C1107ADZ", "Nro.Acta": "AF-2026-607972-GC-ERSP", "tipo": "PLAN DE CONTROL", "observacio": null, "cod_calle": 1149.0, "calle": "AZOPARDO", "desde": 1490.0, "hasta": 1490.0, "paridad": "PAR", "intervenci": null, "estado": null, "fecha_ini": null, "fecha_fin": null, "ente_a_car": null, "comuna": 1.0, "barrio": "SAN TELMO", "clave_vere": "006-082-023-1149-1" }, "geometry": { "type": "Point", "coordinates": [ -58.366421949705803, -34.624960286319698 ] } },
{ "type": "Feature", "properties": { "N.": 83.0, "Fecha": "12/3/2026", "Dirección": "Brasil 50, C1185", "Nro.Acta": "AF-2026-607959-GC-ERSP", "tipo": "PLAN DE CONTROL", "observacio": null, "cod_calle": 2111.0, "calle": "BRASIL AV.", "desde": 50.0, "hasta": 50.0, "paridad": "PAR", "intervenci": null, "estado": null, "fecha_ini": null, "fecha_fin": null, "ente_a_car": null, "comuna": 4.0, "barrio": "LA BOCA", "clave_vere": "006-064A-005-2111-1" }, "geometry": { "type": "Point", "coordinates": [ -58.365038091004102, -34.6252380098828 ] } },
{ "type": "Feature", "properties": { "N.": 27.0, "Fecha": "3/3/2026", "Dirección": "Av. Hipólito Yrigoyen 1864, C1089AAJ", "Nro.Acta": "AF-2026-592859-GC-ERSP", "tipo": "PLAN DE CONTROL", "observacio": null, "cod_calle": 26005.0, "calle": "YRIGOYEN, HIPOLITO", "desde": 1864.0, "hasta": 1864.0, "paridad": "PAR", "intervenci": null, "estado": null, "fecha_ini": null, "fecha_fin": null, "ente_a_car": null, "comuna": 3.0, "barrio": "BALVANERA", "clave_vere": "020-074-000-26005-1" }, "geometry": { "type": "Point", "coordinates": [ -58.392906447284098, -34.610324065349701 ] } },
{ "type": "Feature", "properties": { "N.": 26.0, "Fecha": "4/2/2026", "Dirección": "Av. Elvira Rawson de Dellepiane 10, C1107", "Nro.Acta": "AF-2026-571959-GC-ERSP", "tipo": "PLAN DE CONTROL", "observacio": null, "cod_calle": 4098.0, "calle": "RAWSON DE DELLEPIANE, ELVIRA AV.", "desde": 10.0, "hasta": 10.0, "paridad": "PAR", "intervenci": null, "estado": null, "fecha_ini": null, "fecha_fin": null, "ente_a_car": null, "comuna": 1.0, "barrio": "PUERTO MADERO", "clave_vere": "096-001E-000-4098-1" }, "geometry": { "type": "Point", "coordinates": [ -58.362206512612502, -34.623771800181302 ] } },
{ "type": "Feature", "properties": { "N.": 125.0, "Fecha": "5/3/2026", "Dirección": "Combate de Los Pozos 602, C1222AAD", "Nro.Acta": "AF-2026-596004-GC-ERSP", "tipo": "PLAN DE CONTROL", "observacio": null, "cod_calle": 3150.0, "calle": "COMBATE DE LOS POZOS", "desde": 602.0, "hasta": 602.0, "paridad": "PAR", "intervenci": null, "estado": null, "fecha_ini": null, "fecha_fin": null, "ente_a_car": null, "comuna": 3.0, "barrio": "BALVANERA", "clave_vere": "020-068-012-13076-1" }, "geometry": { "type": "Point", "coordinates": [ -58.393115061083599, -34.615975802162197 ] } },
{ "type": "Feature", "properties": { "N.": 88.0, "Fecha": "11/2/2026", "Dirección": "C. Gaspar M. de Jovellanos 190, C1268ADD", "Nro.Acta": "AF-2026-578707-GC-ERSP", "tipo": "PLAN DE CONTROL", "observacio": null, "cod_calle": 4109.0, "calle": "JOVELLANOS, GASPAR M. DE", "desde": 190.0, "hasta": 190.0, "paridad": "PAR", "intervenci": null, "estado": null, "fecha_ini": null, "fecha_fin": null, "ente_a_car": null, "comuna": 4.0, "barrio": "BARRACAS", "clave_vere": "008-021-014-4109-1" }, "geometry": { "type": "Point", "coordinates": [ -58.373418613806898, -34.632186681217703 ] } },
{ "type": "Feature", "properties": { "N.": 216.0, "Fecha": "10/3/2026", "Dirección": "Tacuarí 1303, C1139", "Nro.Acta": "AF-2026-604620-GC-ERSP", "tipo": "PLAN DE CONTROL", "observacio": null, "cod_calle": 21004.0, "calle": "TACUARI", "desde": 1303.0, "hasta": 1303.0, "paridad": "IMPAR", "intervenci": null, "estado": null, "fecha_ini": null, "fecha_fin": null, "ente_a_car": null, "comuna": 1.0, "barrio": "CONSTITUCION", "clave_vere": "014-069-026A-3134-1" }, "geometry": { "type": "Point", "coordinates": [ -58.378605675369798, -34.623785882581899 ] } },
{ "type": "Feature", "properties": { "N.": 81.0, "Fecha": "12/3/2026", "Dirección": "Brasil 124, C1107", "Nro.Acta": "AF-2026-607983-GC-ERSP", "tipo": "PLAN DE CONTROL", "observacio": null, "cod_calle": 2111.0, "calle": "BRASIL AV.", "desde": 124.0, "hasta": 124.0, "paridad": "PAR", "intervenci": null, "estado": null, "fecha_ini": null, "fecha_fin": null, "ente_a_car": null, "comuna": 4.0, "barrio": "LA BOCA", "clave_vere": "006-048C-028F-1149-1" }, "geometry": { "type": "Point", "coordinates": [ -58.366558895230803, -34.6254038569706 ] } },
{ "type": "Feature", "properties": { "N.": 189.0, "Fecha": "2/3/2026", "Dirección": "Riobamba 80, C1025ABB", "Nro.Acta": "AF-2026-591538-GC-ERSP", "tipo": "PLAN DE CONTROL", "observacio": null, "cod_calle": 19036.0, "calle": "RIOBAMBA", "desde": 80.0, "hasta": 80.0, "paridad": "PAR", "intervenci": null, "estado": null, "fecha_ini": null, "fecha_fin": null, "ente_a_car": null, "comuna": 3.0, "barrio": "BALVANERA", "clave_vere": "009-066-001B-19036-1" }, "geometry": { "type": "Point", "coordinates": [ -58.393502127571203, -34.6082786321508 ] } }
]
}
