{
"type": "FeatureCollection",
"name": "trazas_intimadas",
"crs": { "type": "name", "properties": { "name": "urn:ogc:def:crs:OGC:1.3:CRS84" } },
"features": [
{ "type": "Feature", "properties": { "TELECOM": "TELECOM", "nomoficial": "POSADAS", "COM_PAR": "2", "id_street": "6295", "alt_derfin": "1599", "ZONA": "1", "alt_derini": "1501", "TELEFONICA": null, "alt_izqfin": "1600", "BARRIO": "RECOLETA", "COMUNA": "2", "alt_izqini": "1502", "codigo": "17114", "BARRIO_PAR": "RECOLETA", "id": "6295", "TELECENTRO": "TELECENTRO", "EMPRESA": "TELECOM/TELECENTRO", "fecha_ingr": null, "long": 0.14, "longitud_m": 142.34712835524681 }, "geometry": { "type": "LineString", "coordinates": [ [ -58.387087, -34.587546 ], [ -58.388352, -34.586803 ] ] } },
{ "type": "Feature", "properties": { "TELECOM": "TELECOM", "nomoficial": "RODRIGUEZ PEÑA", "COM_PAR": "2", "id_street": "6658", "alt_derfin": "1999", "ZONA": "1", "alt_derini": "1901", "TELEFONICA": null, "alt_izqfin": "2000", "BARRIO": "RECOLETA", "COMUNA": "2", "alt_izqini": "1902", "codigo": "19071", "BARRIO_PAR": "RECOLETA", "id": "6658", "TELECENTRO": "TELECENTRO", "EMPRESA": "TELECOM/TELECENTRO", "fecha_ingr": null, "long": 0.14, "longitud_m": 135.80009817749718 }, "geometry": { "type": "LineString", "coordinates": [ [ -58.387035, -34.589068 ], [ -58.386097, -34.588121 ] ] } },
{ "type": "Feature", "properties": { "TELECOM": null, "nomoficial": "ALVEAR", "COM_PAR": "2", "id_street": "6659", "alt_derfin": "1799", "ZONA": "1", "alt_derini": "1701", "TELEFONICA": null, "alt_izqfin": "1800", "BARRIO": "RECOLETA", "COMUNA": "2", "alt_izqini": "1702", "codigo": "1060", "BARRIO_PAR": "RECOLETA", "id": "6659", "TELECENTRO": null, "EMPRESA": "TELCOS - NO SE IDENTIFICA", "fecha_ingr": null, "long": 0.13, "longitud_m": 126.92955096809693 }, "geometry": { "type": "LineString", "coordinates": [ [ -58.387035, -34.589068 ], [ -58.388119, -34.588357 ] ] } },
{ "type": "Feature", "properties": { "TELECOM": "TELECOM", "nomoficial": "CALLAO AV.", "COM_PAR": "2", "id_street": "6674", "alt_derfin": "1899", "ZONA": "1", "alt_derini": "1801", "TELEFONICA": null, "alt_izqfin": "1900", "BARRIO": "RECOLETA", "COMUNA": "2", "alt_izqini": "1802", "codigo": "3030", "BARRIO_PAR": "RECOLETA", "id": "6674", "TELECENTRO": "TELECENTRO", "EMPRESA": "TELECOM/TELECENTRO", "fecha_ingr": null, "long": 0.12, "longitud_m": 116.607479155151 }, "geometry": { "type": "LineString", "coordinates": [ [ -58.388979, -34.589131 ], [ -58.388119, -34.588357 ] ] } },
{ "type": "Feature", "properties": { "TELECOM": null, "nomoficial": "RODRIGUEZ PEÑA", "COM_PAR": "2", "id_street": "6856", "alt_derfin": "1899", "ZONA": "1", "alt_derini": "1801", "TELEFONICA": null, "alt_izqfin": "1900", "BARRIO": "RECOLETA", "COMUNA": "2", "alt_izqini": "1802", "codigo": "19071", "BARRIO_PAR": "RECOLETA", "id": "6856", "TELECENTRO": null, "EMPRESA": "TELCOS - NO SE IDENTIFICA", "fecha_ingr": null, "long": 0.13, "longitud_m": 129.75351679710525 }, "geometry": { "type": "LineString", "coordinates": [ [ -58.387931, -34.589973 ], [ -58.387035, -34.589068 ] ] } },
{ "type": "Feature", "properties": { "TELECOM": "TELECOM", "nomoficial": "CALLAO AV.", "COM_PAR": "2", "id_street": "6878", "alt_derfin": "1799", "ZONA": "1", "alt_derini": "1701", "TELEFONICA": null, "alt_izqfin": "1800", "BARRIO": "RECOLETA", "COMUNA": "2", "alt_izqini": "1702", "codigo": "3030", "BARRIO_PAR": "RECOLETA", "id": "6878", "TELECENTRO": "TELECENTRO", "EMPRESA": "TELECOM/TELECENTRO", "fecha_ingr": null, "long": 0.13, "longitud_m": 133.04114912770751 }, "geometry": { "type": "LineString", "coordinates": [ [ -58.389959, -34.590015 ], [ -58.388979, -34.589131 ] ] } },
{ "type": "Feature", "properties": { "TELECOM": null, "nomoficial": "CALLAO AV.", "COM_PAR": "2", "id_street": "7087", "alt_derfin": "1699", "ZONA": "1", "alt_derini": "1601", "TELEFONICA": null, "alt_izqfin": "1700", "BARRIO": "RECOLETA", "COMUNA": "2", "alt_izqini": "1602", "codigo": "3030", "BARRIO_PAR": "RECOLETA", "id": "7087", "TELECENTRO": "TELECENTRO", "EMPRESA": "TELECENTRO", "fecha_ingr": null, "long": 0.13, "longitud_m": 131.0703988800376 }, "geometry": { "type": "LineString", "coordinates": [ [ -58.390927, -34.590884 ], [ -58.389959, -34.590015 ] ] } },
{ "type": "Feature", "properties": { "TELECOM": null, "nomoficial": "LOPEZ, VICENTE", "COM_PAR": "2", "id_street": "7088", "alt_derfin": "1899", "ZONA": "1", "alt_derini": "1801", "TELEFONICA": null, "alt_izqfin": "1900", "BARRIO": "RECOLETA", "COMUNA": "2", "alt_izqini": "1802", "codigo": "12132", "BARRIO_PAR": "RECOLETA", "id": "7088", "TELECENTRO": "TELECENTRO", "EMPRESA": "TELECENTRO", "fecha_ingr": null, "long": 0.13, "longitud_m": 129.07767163970317 }, "geometry": { "type": "LineString", "coordinates": [ [ -58.390927, -34.590884 ], [ -58.39193, -34.590068 ] ] } },
{ "type": "Feature", "properties": { "TELECOM": null, "nomoficial": "LIBERTAD", "COM_PAR": "1", "id_street": "7089", "alt_derfin": "1599", "ZONA": "1", "alt_derini": "1501", "TELEFONICA": null, "alt_izqfin": "1600", "BARRIO": "RETIRO", "COMUNA": "1", "alt_izqini": "1502", "codigo": "12106", "BARRIO_PAR": "RETIRO", "id": "7089", "TELECENTRO": null, "EMPRESA": "TELCOS - NO SE IDENTIFICA", "fecha_ingr": null, "long": 0.16, "longitud_m": 155.7336442352713 }, "geometry": { "type": "LineString", "coordinates": [ [ -58.384214, -34.590899 ], [ -58.38355, -34.589607 ] ] } },
{ "type": "Feature", "properties": { "TELECOM": null, "nomoficial": "LIBERTAD", "COM_PAR": "1", "id_street": "7216", "alt_derfin": "1399", "ZONA": "1", "alt_derini": "1377", "TELEFONICA": null, "alt_izqfin": "1400", "BARRIO": "RETIRO", "COMUNA": "1", "alt_izqini": "1378", "codigo": "12106", "BARRIO_PAR": "RETIRO", "id": "7216", "TELECENTRO": null, "EMPRESA": "TELCOS - NO SE IDENTIFICA", "fecha_ingr": null, "long": 0.07, "longitud_m": 73.285212400918994 }, "geometry": { "type": "LineString", "coordinates": [ [ -58.384336, -34.591519 ], [ -58.38428, -34.59086 ] ] } },
{ "type": "Feature", "properties": { "TELECOM": null, "nomoficial": "LOPEZ, VICENTE", "COM_PAR": "2", "id_street": "7272", "alt_derfin": "1799", "ZONA": "1", "alt_derini": "1701", "TELEFONICA": null, "alt_izqfin": "1800", "BARRIO": "RECOLETA", "COMUNA": "2", "alt_izqini": "1702", "codigo": "12132", "BARRIO_PAR": "RECOLETA", "id": "7272", "TELECENTRO": "TELECENTRO", "EMPRESA": "TELECENTRO", "fecha_ingr": null, "long": 0.13, "longitud_m": 130.18459806036483 }, "geometry": { "type": "LineString", "coordinates": [ [ -58.389925, -34.591715 ], [ -58.390927, -34.590884 ] ] } },
{ "type": "Feature", "properties": { "TELECOM": "TELECOM", "nomoficial": "CALLAO AV.", "COM_PAR": "2", "id_street": "7278", "alt_derfin": "1599", "ZONA": "1", "alt_derini": "1501", "TELEFONICA": null, "alt_izqfin": "1600", "BARRIO": "RECOLETA", "COMUNA": "2", "alt_izqini": "1502", "codigo": "3030", "BARRIO_PAR": "RECOLETA", "id": "7278", "TELECENTRO": "TELECENTRO", "EMPRESA": "TELECOM/TELECENTRO", "fecha_ingr": null, "long": 0.13, "longitud_m": 131.90814868973794 }, "geometry": { "type": "LineString", "coordinates": [ [ -58.391894, -34.591764 ], [ -58.390927, -34.590884 ] ] } },
{ "type": "Feature", "properties": { "TELECOM": "TELECOM", "nomoficial": "LAS HERAS, GENERAL", "COM_PAR": "2", "id_street": "7419", "alt_derfin": "1799", "ZONA": "1", "alt_derini": "1701", "TELEFONICA": null, "alt_izqfin": "1800", "BARRIO": "RECOLETA", "COMUNA": "2", "alt_izqini": "1702", "codigo": "12076", "BARRIO_PAR": "RECOLETA", "id": "7419", "TELECENTRO": "TELECENTRO", "EMPRESA": "TELECOM/TELECENTRO", "fecha_ingr": null, "long": 0.13, "longitud_m": 130.6506108544371 }, "geometry": { "type": "LineString", "coordinates": [ [ -58.390859, -34.592573 ], [ -58.391894, -34.591764 ] ] } },
{ "type": "Feature", "properties": { "TELECOM": "TELECOM", "nomoficial": "CALLAO AV.", "COM_PAR": "2", "id_street": "7430", "alt_derfin": "1499", "ZONA": "1", "alt_derini": "1401", "TELEFONICA": null, "alt_izqfin": "1500", "BARRIO": "RECOLETA", "COMUNA": "2", "alt_izqini": "1402", "codigo": "3030", "BARRIO_PAR": "RECOLETA", "id": "7430", "TELECENTRO": "TELECENTRO", "EMPRESA": "TELECOM/TELECENTRO", "fecha_ingr": null, "long": 0.13, "longitud_m": 130.08344255072163 }, "geometry": { "type": "LineString", "coordinates": [ [ -58.392838, -34.592639 ], [ -58.391894, -34.591764 ] ] } },
{ "type": "Feature", "properties": { "TELECOM": null, "nomoficial": "PACHECO DE MELO, JOSE ANDRES", "COM_PAR": "2", "id_street": "7431", "alt_derfin": "1899", "ZONA": "1", "alt_derini": "1801", "TELEFONICA": null, "alt_izqfin": "1900", "BARRIO": "RECOLETA", "COMUNA": "2", "alt_izqini": "1802", "codigo": "17002", "BARRIO_PAR": "RECOLETA", "id": "7431", "TELECENTRO": null, "EMPRESA": "TELCOS - NO SE IDENTIFICA", "fecha_ingr": null, "long": 0.13, "longitud_m": 134.71496484663069 }, "geometry": { "type": "LineString", "coordinates": [ [ -58.392838, -34.592639 ], [ -58.393895, -34.591796 ] ] } },
{ "type": "Feature", "properties": { "TELECOM": null, "nomoficial": "LIBERTAD", "COM_PAR": "1", "id_street": "7448", "alt_derfin": "1375", "ZONA": "1", "alt_derini": "1301", "TELEFONICA": null, "alt_izqfin": "1376", "BARRIO": "RETIRO", "COMUNA": "1", "alt_izqini": "1302", "codigo": "12106", "BARRIO_PAR": "RETIRO", "id": "7448", "TELECENTRO": "TELECENTRO", "EMPRESA": "TELECENTRO", "fecha_ingr": null, "long": 0.14, "longitud_m": 135.44654619136151 }, "geometry": { "type": "LineString", "coordinates": [ [ -58.384439, -34.592737 ], [ -58.384336, -34.591519 ] ] } },
{ "type": "Feature", "properties": { "TELECOM": null, "nomoficial": "JUNCAL", "COM_PAR": "2", "id_street": "7661", "alt_derfin": "1887", "ZONA": "1", "alt_derini": "1801", "TELEFONICA": null, "alt_izqfin": "1900", "BARRIO": "RECOLETA", "COMUNA": "2", "alt_izqini": "1802", "codigo": "10014", "BARRIO_PAR": "RECOLETA", "id": "7661", "TELECENTRO": null, "EMPRESA": "TELCOS - NO SE IDENTIFICA", "fecha_ingr": null, "long": 0.12, "longitud_m": 115.79253472696237 }, "geometry": { "type": "LineString", "coordinates": [ [ -58.39308, -34.593815 ], [ -58.39432, -34.59362 ] ] } },
{ "type": "Feature", "properties": { "TELECOM": null, "nomoficial": "ARENALES", "COM_PAR": "2", "id_street": "7868", "alt_derfin": "1799", "ZONA": "1", "alt_derini": "1701", "TELEFONICA": null, "alt_izqfin": "1800", "BARRIO": "RECOLETA", "COMUNA": "2", "alt_izqini": "1702", "codigo": "1104", "BARRIO_PAR": "RECOLETA", "id": "7868", "TELECENTRO": null, "EMPRESA": "TELCOS - NO SE IDENTIFICA", "fecha_ingr": null, "long": 0.11, "longitud_m": 105.12480814215766 }, "geometry": { "type": "LineString", "coordinates": [ [ -58.392058, -34.59492 ], [ -58.393199, -34.594832 ] ] } },
{ "type": "Feature", "properties": { "TELECOM": "TELECOM", "nomoficial": "CALLAO AV.", "COM_PAR": "2", "id_street": "8075", "alt_derfin": "1199", "ZONA": "1", "alt_derini": "1101", "TELEFONICA": null, "alt_izqfin": "1200", "BARRIO": "RECOLETA", "COMUNA": "2", "alt_izqini": "1102", "codigo": "3030", "BARRIO_PAR": "RECOLETA", "id": "8075", "TELECENTRO": "TELECENTRO", "EMPRESA": "TELECOM/TELECENTRO", "fecha_ingr": null, "long": 0.11, "longitud_m": 114.75562916497134 }, "geometry": { "type": "LineString", "coordinates": [ [ -58.393315, -34.595862 ], [ -58.393199, -34.594832 ] ] } },
{ "type": "Feature", "properties": { "TELECOM": "TELECOM", "nomoficial": "ALVEAR, MARCELO T. De", "COM_PAR": "2", "id_street": "8372", "alt_derfin": "1799", "ZONA": "1", "alt_derini": "1701", "TELEFONICA": null, "alt_izqfin": "1800", "BARRIO": "RECOLETA", "COMUNA": "2", "alt_izqini": "1702", "codigo": "1062", "BARRIO_PAR": "RECOLETA", "id": "8372", "TELECENTRO": "TELECENTRO", "EMPRESA": "TELECOM/TELECENTRO", "fecha_ingr": null, "long": 0.13, "longitud_m": 127.0587075662704 }, "geometry": { "type": "LineString", "coordinates": [ [ -58.39181, -34.597218 ], [ -58.393195, -34.597231 ] ] } },
{ "type": "Feature", "properties": { "TELECOM": null, "nomoficial": "ALVEAR, MARCELO T. De", "COM_PAR": "2", "id_street": "8384", "alt_derfin": "1899", "ZONA": "1", "alt_derini": "1801", "TELEFONICA": null, "alt_izqfin": "1900", "BARRIO": "RECOLETA", "COMUNA": "2", "alt_izqini": "1802", "codigo": "1062", "BARRIO_PAR": "RECOLETA", "id": "8384", "TELECENTRO": "TELECENTRO", "EMPRESA": "TELECENTRO", "fecha_ingr": null, "long": 0.14, "longitud_m": 144.44958228105952 }, "geometry": { "type": "LineString", "coordinates": [ [ -58.393195, -34.597231 ], [ -58.394769, -34.597269 ] ] } },
{ "type": "Feature", "properties": { "TELECOM": null, "nomoficial": "PARAGUAY", "COM_PAR": "2", "id_street": "8718", "alt_derfin": "1899", "ZONA": "1", "alt_derini": "1801", "TELEFONICA": null, "alt_izqfin": "1900", "BARRIO": "RECOLETA", "COMUNA": "2", "alt_izqini": "1802", "codigo": "17017", "BARRIO_PAR": "RECOLETA", "id": "8718", "TELECENTRO": null, "EMPRESA": "TELCOS - NO SE IDENTIFICA", "fecha_ingr": null, "long": 0.14, "longitud_m": 138.78990394272719 }, "geometry": { "type": "LineString", "coordinates": [ [ -58.393039, -34.598711 ], [ -58.394552, -34.598711 ] ] } },
{ "type": "Feature", "properties": { "TELECOM": "TELECOM", "nomoficial": "CALLAO AV.", "COM_PAR": "2", "id_street": "8930", "alt_derfin": "899", "ZONA": "1", "alt_derini": "801", "TELEFONICA": null, "alt_izqfin": "900", "BARRIO": "RECOLETA", "COMUNA": "2", "alt_izqini": "802", "codigo": "3030", "BARRIO_PAR": "RECOLETA", "id": "8930", "TELECENTRO": "TELECENTRO", "EMPRESA": "TELECOM/TELECENTRO", "fecha_ingr": null, "long": 0.1, "longitud_m": 103.06431027598167 }, "geometry": { "type": "LineString", "coordinates": [ [ -58.392934, -34.599636 ], [ -58.393039, -34.598711 ] ] } },
{ "type": "Feature", "properties": { "TELECOM": "TELECOM", "nomoficial": "CORDOBA AV.", "COM_PAR": "3", "id_street": "8940", "alt_derfin": "1899", "ZONA": "1", "alt_derini": "1801", "TELEFONICA": null, "alt_izqfin": "1900", "BARRIO": "BALVANERA", "COMUNA": "3", "alt_izqini": "1802", "codigo": "3165", "BARRIO_PAR": "BALVANERA", "id": "8940", "TELECENTRO": "TELECENTRO", "EMPRESA": "TELECOM/TELECENTRO", "fecha_ingr": null, "long": 0.13, "longitud_m": 134.4479354807554 }, "geometry": { "type": "LineString", "coordinates": [ [ -58.392934, -34.599636 ], [ -58.394399, -34.599673 ] ] } },
{ "type": "Feature", "properties": { "TELECOM": null, "nomoficial": "BOLIVAR", "COM_PAR": "4", "id_street": "16715", "alt_derfin": "1733", "ZONA": "2", "alt_derini": "1701", "TELEFONICA": null, "alt_izqfin": "1700", "BARRIO": "BARRACAS", "COMUNA": "4", "alt_izqini": "1660", "codigo": "2092", "BARRIO_PAR": "BARRACAS", "id": "16715", "TELECENTRO": "TELECENTRO", "EMPRESA": "TELECENTRO", "fecha_ingr": null, "long": 0.05, "longitud_m": 47.106782730103099 }, "geometry": { "type": "LineString", "coordinates": [ [ -58.372413, -34.62779 ], [ -58.372316, -34.628207 ] ] } },
{ "type": "Feature", "properties": { "TELECOM": null, "nomoficial": "FINOCHIETTO ENRIQUE DR.", "COM_PAR": "4", "id_street": "16726", "alt_derfin": "599", "ZONA": "2", "alt_derini": "501", "TELEFONICA": null, "alt_izqfin": "600", "BARRIO": "BARRACAS", "COMUNA": "4", "alt_izqini": "502", "codigo": "6031", "BARRIO_PAR": "BARRACAS", "id": "16726", "TELECENTRO": "TELECENTRO", "EMPRESA": "TELECENTRO", "fecha_ingr": null, "long": 0.11, "longitud_m": 111.52874447766182 }, "geometry": { "type": "LineString", "coordinates": [ [ -58.372413, -34.62779 ], [ -58.3735, -34.628241 ] ] } },
{ "type": "Feature", "properties": { "TELECOM": "TELECOM", "nomoficial": "PILCOMAYO", "COM_PAR": "4", "id_street": "17120", "alt_derfin": "1099", "ZONA": "2", "alt_derini": "1001", "TELEFONICA": null, "alt_izqfin": "1100", "BARRIO": "BOCA", "COMUNA": "4", "alt_izqini": "1002", "codigo": "17082", "BARRIO_PAR": "BOCA", "id": "17120", "TELECENTRO": "TELECENTRO", "EMPRESA": "TELECOM/TELECENTRO", "fecha_ingr": null, "long": 0.09, "longitud_m": 87.837312538585707 }, "geometry": { "type": "LineString", "coordinates": [ [ -58.36872, -34.629563 ], [ -58.369673, -34.629643 ] ] } },
{ "type": "Feature", "properties": { "TELECOM": "TELECOM", "nomoficial": "PILCOMAYO", "COM_PAR": "4", "id_street": "17134", "alt_derfin": "1199", "ZONA": "2", "alt_derini": "1101", "TELEFONICA": "TELEFONICA", "alt_izqfin": "1200", "BARRIO": "BOCA", "COMUNA": "4", "alt_izqini": "1102", "codigo": "17082", "BARRIO_PAR": "BOCA", "id": "17134", "TELECENTRO": "TELECENTRO", "EMPRESA": "TELECOM/TELECENTRO/TELEFONICA", "fecha_ingr": null, "long": 0.09, "longitud_m": 88.715559352272081 }, "geometry": { "type": "LineString", "coordinates": [ [ -58.369673, -34.629643 ], [ -58.370635, -34.629728 ] ] } },
{ "type": "Feature", "properties": { "TELECOM": "TELECOM", "nomoficial": "PI Y MARGALL", "COM_PAR": "4", "id_street": "17410", "alt_derfin": "1099", "ZONA": "2", "alt_derini": "1001", "TELEFONICA": "TELEFONICA", "alt_izqfin": "1100", "BARRIO": "BOCA", "COMUNA": "4", "alt_izqini": "1002", "codigo": "17094", "BARRIO_PAR": "BOCA", "id": "17410", "TELECENTRO": "TELECENTRO", "EMPRESA": "TELECOM/TELECENTRO/TELEFONICA", "fecha_ingr": null, "long": 0.09, "longitud_m": 90.842696547250981 }, "geometry": { "type": "LineString", "coordinates": [ [ -58.368391, -34.630602 ], [ -58.369375, -34.630697 ] ] } },
{ "type": "Feature", "properties": { "TELECOM": "TELECOM", "nomoficial": "IRALA", "COM_PAR": "4", "id_street": "17642", "alt_derfin": "299", "ZONA": "2", "alt_derini": "201", "TELEFONICA": null, "alt_izqfin": "300", "BARRIO": "BOCA", "COMUNA": "4", "alt_izqini": "202", "codigo": "9015", "BARRIO_PAR": "BOCA", "id": "17642", "TELECENTRO": "TELECENTRO", "EMPRESA": "TELECOM/TELECENTRO", "fecha_ingr": null, "long": 0.11, "longitud_m": 105.19105893029781 }, "geometry": { "type": "LineString", "coordinates": [ [ -58.368391, -34.630602 ], [ -58.368099, -34.631519 ] ] } },
{ "type": "Feature", "properties": { "TELECOM": null, "nomoficial": "LAS HERAS GENERAL AV.", "COM_PAR": "2", "id_street": "7279", "alt_derfin": "1899", "ZONA": "1", "alt_derini": "1801", "TELEFONICA": null, "alt_izqfin": "1900", "BARRIO": "RECOLETA", "COMUNA": "2", "alt_izqini": "1802", "codigo": "12076", "BARRIO_PAR": "RECOLETA", "id": "7279", "TELECENTRO": null, "EMPRESA": "TELCOS - NO SE IDENTIFICA", "fecha_ingr": null, "long": 0.13, "longitud_m": 131.25341261520799 }, "geometry": { "type": "LineString", "coordinates": [ [ -58.391894, -34.591764 ], [ -58.392916, -34.590936 ] ] } },
{ "type": "Feature", "properties": { "TELECOM": null, "nomoficial": "CASEROS AV.", "COM_PAR": "4", "id_street": "16311", "alt_derfin": "0", "ZONA": "2", "alt_derini": "0", "TELEFONICA": null, "alt_izqfin": "700", "BARRIO": "BARRACAS", "COMUNA": "4", "alt_izqini": "602", "codigo": "3085", "BARRIO_PAR": "BARRACAS", "id": "16311", "TELECENTRO": null, "EMPRESA": "TELCOS - NO SE IDENTIFICA", "fecha_ingr": null, "long": 0.06, "longitud_m": 62.983301690746003 }, "geometry": { "type": "LineString", "coordinates": [ [ -58.373863, -34.626813 ], [ -58.374549, -34.626841 ] ] } },
{ "type": "Feature", "properties": { "TELECOM": "TELECOM", "nomoficial": "PILCOMAYO", "COM_PAR": "4", "id_street": "17109", "alt_derfin": "999", "ZONA": "2", "alt_derini": "851", "TELEFONICA": null, "alt_izqfin": "1000", "BARRIO": "BOCA", "COMUNA": "4", "alt_izqini": "852", "codigo": "17082", "BARRIO_PAR": "BOCA", "id": "17109", "TELECENTRO": "TELECENTRO", "EMPRESA": "TELECOM/TELECENTRO", "fecha_ingr": null, "long": 0.12, "longitud_m": 118.38829259080747 }, "geometry": { "type": "LineString", "coordinates": [ [ -58.367472, -34.629326 ], [ -58.36862, -34.629581 ], [ -58.36872, -34.629563 ] ] } },
{ "type": "Feature", "properties": { "TELECOM": "TELECOM", "nomoficial": "CALLAO AV.", "COM_PAR": "2", "id_street": "6294", "alt_derfin": "2099", "ZONA": "1", "alt_derini": "2001", "TELEFONICA": null, "alt_izqfin": "2100", "BARRIO": "RECOLETA", "COMUNA": "2", "alt_izqini": "2002", "codigo": "3030", "BARRIO_PAR": "RECOLETA", "id": "6294", "TELECENTRO": "TELECENTRO", "EMPRESA": "TELECOM/TELECENTRO", "fecha_ingr": null, "long": 0.16, "longitud_m": 155.54564308299891 }, "geometry": { "type": "LineString", "coordinates": [ [ -58.387087, -34.587546 ], [ -58.385849, -34.586588 ] ] } },
{ "type": "Feature", "properties": { "TELECOM": "TELECOM", "nomoficial": "CALLAO AV.", "COM_PAR": "2", "id_street": "6494", "alt_derfin": "1999", "ZONA": "1", "alt_derini": "1901", "TELEFONICA": null, "alt_izqfin": "2000", "BARRIO": "RECOLETA", "COMUNA": "2", "alt_izqini": "1902", "codigo": "3030", "BARRIO_PAR": "RECOLETA", "id": "6494", "TELECENTRO": "TELECENTRO", "EMPRESA": "TELECOM/TELECENTRO", "fecha_ingr": null, "long": 0.13, "longitud_m": 130.60689483815739 }, "geometry": { "type": "LineString", "coordinates": [ [ -58.388119, -34.588357 ], [ -58.387087, -34.587546 ] ] } },
{ "type": "Feature", "properties": { "TELECOM": null, "nomoficial": "ALVEAR AV.", "COM_PAR": "2", "id_street": "6495", "alt_derfin": "1899", "ZONA": "1", "alt_derini": "1801", "TELEFONICA": null, "alt_izqfin": "1900", "BARRIO": "RECOLETA", "COMUNA": "2", "alt_izqini": "1802", "codigo": "1060", "BARRIO_PAR": "RECOLETA", "id": "6495", "TELECENTRO": null, "EMPRESA": "TELCOS - NO SE IDENTIFICA", "fecha_ingr": null, "long": 0.13, "longitud_m": 126.9302089534105 }, "geometry": { "type": "LineString", "coordinates": [ [ -58.388119, -34.588357 ], [ -58.389203, -34.587646 ] ] } },
{ "type": "Feature", "properties": { "TELECOM": null, "nomoficial": "QUINTANA, MANUEL, PRES. AV.", "COM_PAR": "2", "id_street": "6675", "alt_derfin": "499", "ZONA": "1", "alt_derini": "401", "TELEFONICA": null, "alt_izqfin": "500", "BARRIO": "RECOLETA", "COMUNA": "2", "alt_izqini": "402", "codigo": "18012", "BARRIO_PAR": "RECOLETA", "id": "6675", "TELECENTRO": null, "EMPRESA": "TELCOS - NO SE IDENTIFICA", "fecha_ingr": null, "long": 0.13, "longitud_m": 127.82778307362391 }, "geometry": { "type": "LineString", "coordinates": [ [ -58.388979, -34.589131 ], [ -58.38997, -34.588321 ] ] } },
{ "type": "Feature", "properties": { "TELECOM": null, "nomoficial": "ALVEAR", "COM_PAR": "2", "id_street": "6829", "alt_derfin": "1699", "ZONA": "1", "alt_derini": "1601", "TELEFONICA": null, "alt_izqfin": "1700", "BARRIO": "RECOLETA", "COMUNA": "2", "alt_izqini": "1602", "codigo": "1060", "BARRIO_PAR": "RECOLETA", "id": "6829", "TELECENTRO": null, "EMPRESA": "TELCOS - NO SE IDENTIFICA", "fecha_ingr": null, "long": 0.13, "longitud_m": 128.20209796550751 }, "geometry": { "type": "LineString", "coordinates": [ [ -58.38594, -34.589786 ], [ -58.387035, -34.589068 ] ] } },
{ "type": "Feature", "properties": { "TELECOM": "TELECOM", "nomoficial": "QUINTANA, MANUEL, PRES.", "COM_PAR": "2", "id_street": "6857", "alt_derfin": "399", "ZONA": "1", "alt_derini": "301", "TELEFONICA": null, "alt_izqfin": "400", "BARRIO": "RECOLETA", "COMUNA": "2", "alt_izqini": "302", "codigo": "18012", "BARRIO_PAR": "RECOLETA", "id": "6857", "TELECENTRO": "TELECENTRO", "EMPRESA": "TELECOM/TELECENTRO", "fecha_ingr": null, "long": 0.13, "longitud_m": 134.04673672088637 }, "geometry": { "type": "LineString", "coordinates": [ [ -58.387931, -34.589973 ], [ -58.388979, -34.589131 ] ] } },
{ "type": "Feature", "properties": { "TELECOM": null, "nomoficial": "GUIDO", "COM_PAR": "2", "id_street": "6879", "alt_derfin": "1899", "ZONA": "1", "alt_derini": "1801", "TELEFONICA": null, "alt_izqfin": "1900", "BARRIO": "RECOLETA", "COMUNA": "2", "alt_izqini": "1802", "codigo": "7102", "BARRIO_PAR": "RECOLETA", "id": "6879", "TELECENTRO": null, "EMPRESA": "TELCOS - NO SE IDENTIFICA", "fecha_ingr": null, "long": 0.13, "longitud_m": 128.66118893620236 }, "geometry": { "type": "LineString", "coordinates": [ [ -58.389959, -34.590015 ], [ -58.390958, -34.589201 ] ] } },
{ "type": "Feature", "properties": { "TELECOM": null, "nomoficial": "ALVEAR", "COM_PAR": "1", "id_street": "6984", "alt_derfin": "1599", "ZONA": "1", "alt_derini": "1501", "TELEFONICA": null, "alt_izqfin": "1600", "BARRIO": "RETIRO", "COMUNA": "1", "alt_izqini": "1502", "codigo": "1060", "BARRIO_PAR": "RETIRO", "id": "6984", "TELECENTRO": null, "EMPRESA": "TELCOS - NO SE IDENTIFICA", "fecha_ingr": null, "long": 0.12, "longitud_m": 119.30531713568794 }, "geometry": { "type": "LineString", "coordinates": [ [ -58.384917, -34.59045 ], [ -58.38594, -34.589786 ] ] } },
{ "type": "Feature", "properties": { "TELECOM": null, "nomoficial": "GUIDO", "COM_PAR": "2", "id_street": "7077", "alt_derfin": "1799", "ZONA": "1", "alt_derini": "1701", "TELEFONICA": null, "alt_izqfin": "1800", "BARRIO": "RECOLETA", "COMUNA": "2", "alt_izqini": "1702", "codigo": "7102", "BARRIO_PAR": "RECOLETA", "id": "7077", "TELECENTRO": "TELECENTRO", "EMPRESA": "TELECENTRO", "fecha_ingr": null, "long": 0.13, "longitud_m": 131.21327457182565 }, "geometry": { "type": "LineString", "coordinates": [ [ -58.38894, -34.590845 ], [ -58.389959, -34.590015 ] ] } },
{ "type": "Feature", "properties": { "TELECOM": null, "nomoficial": "PARERA", "COM_PAR": "1", "id_street": "7205", "alt_derfin": "199", "ZONA": "1", "alt_derini": "101", "TELEFONICA": null, "alt_izqfin": "200", "BARRIO": "RETIRO", "COMUNA": "1", "alt_izqini": "102", "codigo": "17021", "BARRIO_PAR": "RETIRO", "id": "7205", "TELECENTRO": null, "EMPRESA": "TELCOS - NO SE IDENTIFICA", "fecha_ingr": null, "long": 0.15, "longitud_m": 153.15356401951018 }, "geometry": { "type": "LineString", "coordinates": [ [ -58.386012, -34.591492 ], [ -58.385921, -34.591412 ], [ -58.384917, -34.59045 ] ] } },
{ "type": "Feature", "properties": { "TELECOM": null, "nomoficial": "ALVEAR AV.", "COM_PAR": "1", "id_street": "7226", "alt_derfin": "1399", "ZONA": "1", "alt_derini": "1301", "TELEFONICA": null, "alt_izqfin": "1400", "BARRIO": "RETIRO", "COMUNA": "1", "alt_izqini": "1302", "codigo": "1060", "BARRIO_PAR": "RETIRO", "id": "7226", "TELECENTRO": null, "EMPRESA": "TELCOS - NO SE IDENTIFICA", "fecha_ingr": null, "long": 0.12, "longitud_m": 121.53930745227039 }, "geometry": { "type": "LineString", "coordinates": [ [ -58.383152, -34.591554 ], [ -58.384214, -34.590899 ] ] } },
{ "type": "Feature", "properties": { "TELECOM": "TELECOM", "nomoficial": "CALLAO AV.", "COM_PAR": "2", "id_street": "7660", "alt_derfin": "1399", "ZONA": "1", "alt_derini": "1301", "TELEFONICA": null, "alt_izqfin": "1400", "BARRIO": "RECOLETA", "COMUNA": "2", "alt_izqini": "1302", "codigo": "3030", "BARRIO_PAR": "RECOLETA", "id": "7660", "TELECENTRO": "TELECENTRO", "EMPRESA": "TELECOM/TELECENTRO", "fecha_ingr": null, "long": 0.13, "longitud_m": 132.33287700246743 }, "geometry": { "type": "LineString", "coordinates": [ [ -58.39308, -34.593815 ], [ -58.392838, -34.592639 ] ] } },
{ "type": "Feature", "properties": { "TELECOM": null, "nomoficial": "JUNCAL", "COM_PAR": "2", "id_street": "7678", "alt_derfin": "1799", "ZONA": "1", "alt_derini": "1741", "TELEFONICA": null, "alt_izqfin": "1800", "BARRIO": "RECOLETA", "COMUNA": "2", "alt_izqini": "1742", "codigo": "10014", "BARRIO_PAR": "RECOLETA", "id": "7678", "TELECENTRO": null, "EMPRESA": "TELCOS - NO SE IDENTIFICA", "fecha_ingr": null, "long": 0.09, "longitud_m": 85.736891113349486 }, "geometry": { "type": "LineString", "coordinates": [ [ -58.392162, -34.59396 ], [ -58.39308, -34.593815 ] ] } },
{ "type": "Feature", "properties": { "TELECOM": "TELECOM", "nomoficial": "CALLAO AV.", "COM_PAR": "2", "id_street": "7855", "alt_derfin": "1299", "ZONA": "1", "alt_derini": "1201", "TELEFONICA": null, "alt_izqfin": "1300", "BARRIO": "RECOLETA", "COMUNA": "2", "alt_izqini": "1202", "codigo": "3030", "BARRIO_PAR": "RECOLETA", "id": "7855", "TELECENTRO": "TELECENTRO", "EMPRESA": "TELECOM/TELECENTRO", "fecha_ingr": null, "long": 0.11, "longitud_m": 113.34595879059098 }, "geometry": { "type": "LineString", "coordinates": [ [ -58.393199, -34.594832 ], [ -58.39308, -34.593815 ] ] } },
{ "type": "Feature", "properties": { "TELECOM": null, "nomoficial": "ARENALES", "COM_PAR": "2", "id_street": "7856", "alt_derfin": "1899", "ZONA": "1", "alt_derini": "1801", "TELEFONICA": null, "alt_izqfin": "1900", "BARRIO": "RECOLETA", "COMUNA": "2", "alt_izqini": "1802", "codigo": "1104", "BARRIO_PAR": "RECOLETA", "id": "7856", "TELECENTRO": null, "EMPRESA": "TELCOS - NO SE IDENTIFICA", "fecha_ingr": null, "long": 0.12, "longitud_m": 120.86107483168084 }, "geometry": { "type": "LineString", "coordinates": [ [ -58.393199, -34.594832 ], [ -58.39451, -34.594724 ] ] } },
{ "type": "Feature", "properties": { "TELECOM": null, "nomoficial": "SANTA FE AV.", "COM_PAR": "2", "id_street": "8074", "alt_derfin": "1799", "ZONA": "1", "alt_derini": "1701", "TELEFONICA": null, "alt_izqfin": "1800", "BARRIO": "RECOLETA", "COMUNA": "2", "alt_izqini": "1702", "codigo": "20057", "BARRIO_PAR": "RECOLETA", "id": "8074", "TELECENTRO": null, "EMPRESA": "TELCOS - NO SE IDENTIFICA", "fecha_ingr": null, "long": 0.12, "longitud_m": 124.42079709544869 }, "geometry": { "type": "LineString", "coordinates": [ [ -58.391959, -34.595838 ], [ -58.393315, -34.595862 ] ] } },
{ "type": "Feature", "properties": { "TELECOM": null, "nomoficial": "SANTA FE AV.", "COM_PAR": "2", "id_street": "8076", "alt_derfin": "1899", "ZONA": "1", "alt_derini": "1801", "TELEFONICA": null, "alt_izqfin": "1900", "BARRIO": "RECOLETA", "COMUNA": "2", "alt_izqini": "1802", "codigo": "20057", "BARRIO_PAR": "RECOLETA", "id": "8076", "TELECENTRO": null, "EMPRESA": "TELCOS - NO SE IDENTIFICA", "fecha_ingr": null, "long": 0.13, "longitud_m": 126.2774583192336 }, "geometry": { "type": "LineString", "coordinates": [ [ -58.393315, -34.595862 ], [ -58.39469, -34.595808 ] ] } },
{ "type": "Feature", "properties": { "TELECOM": "TELECOM", "nomoficial": "CALLAO AV.", "COM_PAR": "2", "id_street": "8373", "alt_derfin": "1099", "ZONA": "1", "alt_derini": "1001", "TELEFONICA": null, "alt_izqfin": "1100", "BARRIO": "RECOLETA", "COMUNA": "2", "alt_izqini": "1002", "codigo": "3030", "BARRIO_PAR": "RECOLETA", "id": "8373", "TELECENTRO": "TELECENTRO", "EMPRESA": "TELECOM/TELECENTRO", "fecha_ingr": null, "long": 0.15, "longitud_m": 152.44113193954948 }, "geometry": { "type": "LineString", "coordinates": [ [ -58.393195, -34.597231 ], [ -58.393327, -34.59597 ], [ -58.393315, -34.595862 ] ] } },
{ "type": "Feature", "properties": { "TELECOM": "TELECOM", "nomoficial": "PARAGUAY", "COM_PAR": "2", "id_street": "8716", "alt_derfin": "1799", "ZONA": "1", "alt_derini": "1701", "TELEFONICA": null, "alt_izqfin": "1800", "BARRIO": "RECOLETA", "COMUNA": "2", "alt_izqini": "1702", "codigo": "17017", "BARRIO_PAR": "RECOLETA", "id": "8716", "TELECENTRO": "TELECENTRO", "EMPRESA": "TELECOM/TELECENTRO", "fecha_ingr": null, "long": 0.13, "longitud_m": 127.09186645885691 }, "geometry": { "type": "LineString", "coordinates": [ [ -58.391658, -34.598619 ], [ -58.39182, -34.59863 ], [ -58.393039, -34.598711 ] ] } },
{ "type": "Feature", "properties": { "TELECOM": "TELECOM", "nomoficial": "CALLAO AV.", "COM_PAR": "2", "id_street": "8717", "alt_derfin": "999", "ZONA": "1", "alt_derini": "901", "TELEFONICA": null, "alt_izqfin": "1000", "BARRIO": "RECOLETA", "COMUNA": "2", "alt_izqini": "902", "codigo": "3030", "BARRIO_PAR": "RECOLETA", "id": "8717", "TELECENTRO": "TELECENTRO", "EMPRESA": "TELECOM/TELECENTRO", "fecha_ingr": null, "long": 0.16, "longitud_m": 164.80365462879624 }, "geometry": { "type": "LineString", "coordinates": [ [ -58.393039, -34.598711 ], [ -58.393195, -34.597231 ] ] } },
{ "type": "Feature", "properties": { "TELECOM": "TELECOM", "nomoficial": "CORDOBA AV.", "COM_PAR": "1", "id_street": "8929", "alt_derfin": "1799", "ZONA": "1", "alt_derini": "1701", "TELEFONICA": null, "alt_izqfin": "1800", "BARRIO": "SAN NICOLAS", "COMUNA": "1", "alt_izqini": "1702", "codigo": "3165", "BARRIO_PAR": "SAN NICOLAS", "id": "8929", "TELECENTRO": "TELECENTRO", "EMPRESA": "TELECOM/TELECENTRO", "fecha_ingr": null, "long": 0.13, "longitud_m": 126.65688554387322 }, "geometry": { "type": "LineString", "coordinates": [ [ -58.391556, -34.599564 ], [ -58.392934, -34.599636 ] ] } },
{ "type": "Feature", "properties": { "TELECOM": null, "nomoficial": "BOLIVAR", "COM_PAR": "4", "id_street": "16601", "alt_derfin": "1699", "ZONA": "2", "alt_derini": "1601", "TELEFONICA": null, "alt_izqfin": "1658", "BARRIO": "BARRACAS", "COMUNA": "4", "alt_izqini": "1602", "codigo": "2092", "BARRIO_PAR": "BARRACAS", "id": "16601", "TELECENTRO": null, "EMPRESA": "TELCOS - NO SE IDENTIFICA", "fecha_ingr": null, "long": 0.11, "longitud_m": 112.48854631424075 }, "geometry": { "type": "LineString", "coordinates": [ [ -58.372549, -34.626783 ], [ -58.372495, -34.627358 ], [ -58.372413, -34.62779 ] ] } },
{ "type": "Feature", "properties": { "TELECOM": "TELECOM", "nomoficial": "FINOCHIETTO ENRIQUE DR.", "COM_PAR": "4", "id_street": "16714", "alt_derfin": "499", "ZONA": "2", "alt_derini": "401", "TELEFONICA": null, "alt_izqfin": "500", "BARRIO": "BARRACAS", "COMUNA": "4", "alt_izqini": "402", "codigo": "6031", "BARRIO_PAR": "BARRACAS", "id": "16714", "TELECENTRO": null, "EMPRESA": "TELECOM", "fecha_ingr": null, "long": 0.14, "longitud_m": 139.58119144147656 }, "geometry": { "type": "LineString", "coordinates": [ [ -58.370798, -34.628114 ], [ -58.372316, -34.628207 ] ] } },
{ "type": "Feature", "properties": { "TELECOM": null, "nomoficial": "PERU", "COM_PAR": "4", "id_street": "16727", "alt_derfin": "1699", "ZONA": "2", "alt_derini": "1601", "TELEFONICA": null, "alt_izqfin": "1700", "BARRIO": "BARRACAS", "COMUNA": "4", "alt_izqini": "1602", "codigo": "17071", "BARRIO_PAR": "BARRACAS", "id": "16727", "TELECENTRO": null, "EMPRESA": "TELCOS - NO SE IDENTIFICA", "fecha_ingr": null, "long": 0.16, "longitud_m": 161.87291877836731 }, "geometry": { "type": "LineString", "coordinates": [ [ -58.373863, -34.626813 ], [ -58.3735, -34.628241 ] ] } },
{ "type": "Feature", "properties": { "TELECOM": null, "nomoficial": "FINOCHIETTO ENRIQUE DR.", "COM_PAR": "4", "id_street": "16829", "alt_derfin": "699", "ZONA": "2", "alt_derini": "601", "TELEFONICA": null, "alt_izqfin": "700", "BARRIO": "BARRACAS", "COMUNA": "4", "alt_izqini": "602", "codigo": "6031", "BARRIO_PAR": "BARRACAS", "id": "16829", "TELECENTRO": null, "EMPRESA": "TELCOS - NO SE IDENTIFICA", "fecha_ingr": null, "long": 0.1, "longitud_m": 104.96528640335555 }, "geometry": { "type": "LineString", "coordinates": [ [ -58.3735, -34.628241 ], [ -58.374563, -34.628592 ] ] } },
{ "type": "Feature", "properties": { "TELECOM": null, "nomoficial": "PIEDRAS", "COM_PAR": "4", "id_street": "16830", "alt_derfin": "1699", "ZONA": "2", "alt_derini": "1601", "TELEFONICA": null, "alt_izqfin": "1700", "BARRIO": "BARRACAS", "COMUNA": "4", "alt_izqini": "1602", "codigo": "17078", "BARRIO_PAR": "BARRACAS", "id": "16830", "TELECENTRO": null, "EMPRESA": "TELCOS - NO SE IDENTIFICA", "fecha_ingr": null, "long": 0.17, "longitud_m": 166.57712069797253 }, "geometry": { "type": "LineString", "coordinates": [ [ -58.375553, -34.627333 ], [ -58.374563, -34.628592 ] ] } },
{ "type": "Feature", "properties": { "TELECOM": null, "nomoficial": "FINOCHIETTO ENRIQUE DR.", "COM_PAR": "4", "id_street": "16921", "alt_derfin": "799", "ZONA": "2", "alt_derini": "701", "TELEFONICA": null, "alt_izqfin": "800", "BARRIO": "BARRACAS", "COMUNA": "4", "alt_izqini": "702", "codigo": "6031", "BARRIO_PAR": "BARRACAS", "id": "16921", "TELECENTRO": null, "EMPRESA": "TELCOS - NO SE IDENTIFICA", "fecha_ingr": null, "long": 0.11, "longitud_m": 105.68482408421499 }, "geometry": { "type": "LineString", "coordinates": [ [ -58.374563, -34.628592 ], [ -58.375623, -34.628966 ] ] } },
{ "type": "Feature", "properties": { "TELECOM": null, "nomoficial": "TACUARI", "COM_PAR": "4", "id_street": "16922", "alt_derfin": "1799", "ZONA": "2", "alt_derini": "1701", "TELEFONICA": null, "alt_izqfin": "1800", "BARRIO": "BARRACAS", "COMUNA": "4", "alt_izqini": "1702", "codigo": "21004", "BARRIO_PAR": "BARRACAS", "id": "16922", "TELECENTRO": null, "EMPRESA": "TELCOS - NO SE IDENTIFICA", "fecha_ingr": null, "long": 0.15, "longitud_m": 147.84925456119433 }, "geometry": { "type": "LineString", "coordinates": [ [ -58.376581, -34.627894 ], [ -58.375623, -34.628966 ] ] } },
{ "type": "Feature", "properties": { "TELECOM": null, "nomoficial": "IRALA", "COM_PAR": "4", "id_street": "17102", "alt_derfin": "99", "ZONA": "2", "alt_derini": "1", "TELEFONICA": "TELEFONICA", "alt_izqfin": "100", "BARRIO": "BOCA", "COMUNA": "4", "alt_izqini": "2", "codigo": "9015", "BARRIO_PAR": "BOCA", "id": "17102", "TELECENTRO": "TELECENTRO", "EMPRESA": "TELECENTRO/TELEFONICA", "fecha_ingr": null, "long": 0.15, "longitud_m": 153.04044458655494 }, "geometry": { "type": "LineString", "coordinates": [ [ -58.369449, -34.628322 ], [ -58.36872, -34.629563 ] ] } },
{ "type": "Feature", "properties": { "TELECOM": "TELECOM", "nomoficial": "IRALA", "COM_PAR": "4", "id_street": "17383", "alt_derfin": "199", "ZONA": "2", "alt_derini": "101", "TELEFONICA": null, "alt_izqfin": "200", "BARRIO": "BOCA", "COMUNA": "4", "alt_izqini": "102", "codigo": "9015", "BARRIO_PAR": "BOCA", "id": "17383", "TELECENTRO": "TELECENTRO", "EMPRESA": "TELECOM/TELECENTRO", "fecha_ingr": null, "long": 0.12, "longitud_m": 119.14298552197988 }, "geometry": { "type": "LineString", "coordinates": [ [ -58.36872, -34.629563 ], [ -58.368391, -34.630602 ] ] } },
{ "type": "Feature", "properties": { "TELECOM": null, "nomoficial": "HERNANDARIAS", "COM_PAR": "4", "id_street": "17411", "alt_derfin": "199", "ZONA": "2", "alt_derini": "101", "TELEFONICA": "TELEFONICA", "alt_izqfin": "200", "BARRIO": "BOCA", "COMUNA": "4", "alt_izqini": "102", "codigo": "8010", "BARRIO_PAR": "BOCA", "id": "17411", "TELECENTRO": "TELECENTRO", "EMPRESA": "TELECENTRO/TELEFONICA", "fecha_ingr": null, "long": 0.12, "longitud_m": 120.07486520960582 }, "geometry": { "type": "LineString", "coordinates": [ [ -58.369673, -34.629643 ], [ -58.369375, -34.630697 ] ] } },
{ "type": "Feature", "properties": { "TELECOM": "TELECOM", "nomoficial": "LIBERTI, TOMAS", "COM_PAR": "4", "id_street": "17669", "alt_derfin": "1099", "ZONA": "2", "alt_derini": "1001", "TELEFONICA": "TELEFONICA", "alt_izqfin": "1100", "BARRIO": "BOCA", "COMUNA": "4", "alt_izqini": "1002", "codigo": "12108", "BARRIO_PAR": "BOCA", "id": "17669", "TELECENTRO": "TELECENTRO", "EMPRESA": "TELECOM/TELECENTRO/TELEFONICA", "fecha_ingr": null, "long": 0.09, "longitud_m": 93.640954267467691 }, "geometry": { "type": "LineString", "coordinates": [ [ -58.368099, -34.631519 ], [ -58.369114, -34.631612 ] ] } },
{ "type": "Feature", "properties": { "TELECOM": null, "nomoficial": "CASEROS AV.", "COM_PAR": "4", "id_street": "16297", "alt_derfin": "0", "ZONA": "2", "alt_derini": "0", "TELEFONICA": null, "alt_izqfin": "600", "BARRIO": "BARRACAS", "COMUNA": "4", "alt_izqini": "502", "codigo": "3085", "BARRIO_PAR": "BARRACAS", "id": "16297", "TELECENTRO": "TELECENTRO", "EMPRESA": "TELECENTRO", "fecha_ingr": null, "long": 0.12, "longitud_m": 120.54067769534373 }, "geometry": { "type": "LineString", "coordinates": [ [ -58.372549, -34.626783 ], [ -58.373863, -34.626813 ] ] } },
{ "type": "Feature", "properties": { "TELECOM": null, "nomoficial": "CASEROS AV.", "COM_PAR": "4", "id_street": "16623", "alt_derfin": "0", "ZONA": "2", "alt_derini": "0", "TELEFONICA": null, "alt_izqfin": "900", "BARRIO": "BARRACAS", "COMUNA": "4", "alt_izqini": "802", "codigo": "3085", "BARRIO_PAR": "BARRACAS", "id": "16623", "TELECENTRO": null, "EMPRESA": "TELCOS - NO SE IDENTIFICA", "fecha_ingr": null, "long": 0.11, "longitud_m": 112.95749166490675 }, "geometry": { "type": "LineString", "coordinates": [ [ -58.375553, -34.627333 ], [ -58.376581, -34.627894 ] ] } },
{ "type": "Feature", "properties": { "TELECOM": null, "nomoficial": "CASEROS AV.", "COM_PAR": "1", "id_street": "31241", "alt_derfin": "599", "ZONA": "2", "alt_derini": "501", "TELEFONICA": null, "alt_izqfin": "0", "BARRIO": "SAN TELMO", "COMUNA": "1", "alt_izqini": "0", "codigo": "3085", "BARRIO_PAR": "SAN TELMO", "id": "31241", "TELECENTRO": "TELECENTRO", "EMPRESA": "TELECENTRO", "fecha_ingr": null, "long": 0.12, "longitud_m": 122.059687453856 }, "geometry": { "type": "LineString", "coordinates": [ [ -58.372553, -34.626698 ], [ -58.373883, -34.626742 ] ] } },
{ "type": "Feature", "properties": { "TELECOM": null, "nomoficial": "CASEROS AV.", "COM_PAR": "1", "id_street": "31240", "alt_derfin": "699", "ZONA": "2", "alt_derini": "601", "TELEFONICA": null, "alt_izqfin": "0", "BARRIO": "SAN TELMO", "COMUNA": "1", "alt_izqini": "0", "codigo": "3085", "BARRIO_PAR": "SAN TELMO", "id": "31240", "TELECENTRO": null, "EMPRESA": "TELCOS - NO SE IDENTIFICA", "fecha_ingr": null, "long": 0.06, "longitud_m": 64.313237032174484 }, "geometry": { "type": "LineString", "coordinates": [ [ -58.373883, -34.626742 ], [ -58.374584, -34.62676 ] ] } },
{ "type": "Feature", "properties": { "TELECOM": null, "nomoficial": "CASEROS AV.", "COM_PAR": "1", "id_street": "31238", "alt_derfin": "899", "ZONA": "2", "alt_derini": "801", "TELEFONICA": null, "alt_izqfin": "0", "BARRIO": "CONSTITUCION", "COMUNA": "1", "alt_izqini": "0", "codigo": "3085", "BARRIO_PAR": "CONSTITUCION", "id": "31238", "TELECENTRO": null, "EMPRESA": "TELCOS - NO SE IDENTIFICA", "fecha_ingr": null, "long": 0.11, "longitud_m": 113.09520972274647 }, "geometry": { "type": "LineString", "coordinates": [ [ -58.375604, -34.627264 ], [ -58.376633, -34.627826 ] ] } },
{ "type": "Feature", "properties": { "TELECOM": null, "nomoficial": "MONTEVIDEO", "COM_PAR": "2", "id_street": "6828", "alt_derfin": "1899", "ZONA": "1", "alt_derini": "1801", "TELEFONICA": null, "alt_izqfin": "1900", "BARRIO": "RECOLETA", "COMUNA": "2", "alt_izqini": "1802", "codigo": "13118", "BARRIO_PAR": "RECOLETA", "id": "6828", "TELECENTRO": null, "EMPRESA": "TELCOS - NO SE IDENTIFICA", "fecha_ingr": null, "long": 0.14, "longitud_m": 142.6817902990137 }, "geometry": { "type": "LineString", "coordinates": [ [ -58.38594, -34.589786 ], [ -58.384953, -34.588792 ] ] } },
{ "type": "Feature", "properties": { "TELECOM": null, "nomoficial": "MONTEVIDEO", "COM_PAR": "2", "id_street": "7049", "alt_derfin": "1799", "ZONA": "1", "alt_derini": "1701", "TELEFONICA": null, "alt_izqfin": "1800", "BARRIO": "RECOLETA", "COMUNA": "2", "alt_izqini": "1702", "codigo": "13118", "BARRIO_PAR": "RECOLETA", "id": "7049", "TELECENTRO": null, "EMPRESA": "TELCOS - NO SE IDENTIFICA", "fecha_ingr": null, "long": 0.14, "longitud_m": 141.90315808625945 }, "geometry": { "type": "LineString", "coordinates": [ [ -58.386921, -34.590775 ], [ -58.38594, -34.589786 ] ] } },
{ "type": "Feature", "properties": { "TELECOM": null, "nomoficial": "CERRITO", "COM_PAR": "1", "id_street": "7225", "alt_derfin": "1499", "ZONA": "1", "alt_derini": "1401", "TELEFONICA": null, "alt_izqfin": "1500", "BARRIO": "RETIRO", "COMUNA": "1", "alt_izqini": "1402", "codigo": "3118", "BARRIO_PAR": "RETIRO", "id": "7225", "TELECENTRO": null, "EMPRESA": "TELCOS - NO SE IDENTIFICA", "fecha_ingr": null, "long": 0.17, "longitud_m": 167.54185561635754 }, "geometry": { "type": "LineString", "coordinates": [ [ -58.383152, -34.591554 ], [ -58.38296, -34.590678 ], [ -58.382695, -34.590098 ] ] } },
{ "type": "Feature", "properties": { "TELECOM": null, "nomoficial": "ARROYO", "COM_PAR": "1", "id_street": "7227", "alt_derfin": "1199", "ZONA": "1", "alt_derini": "1101", "TELEFONICA": null, "alt_izqfin": "1200", "BARRIO": "RETIRO", "COMUNA": "1", "alt_izqini": "1102", "codigo": "1124", "BARRIO_PAR": "RETIRO", "id": "7227", "TELECENTRO": null, "EMPRESA": "TELCOS - NO SE IDENTIFICA", "fecha_ingr": null, "long": 0.11, "longitud_m": 108.68891873326581 }, "geometry": { "type": "LineString", "coordinates": [ [ -58.383152, -34.591554 ], [ -58.384336, -34.591519 ] ] } },
{ "type": "Feature", "properties": { "TELECOM": "TELECOM", "nomoficial": "POSADAS", "COM_PAR": "2", "id_street": "6436", "alt_derfin": "1499", "ZONA": "1", "alt_derini": "1401", "TELEFONICA": null, "alt_izqfin": "1500", "BARRIO": "RECOLETA", "COMUNA": "2", "alt_izqini": "1402", "codigo": "17114", "BARRIO_PAR": "RECOLETA", "id": "6436", "TELECENTRO": "TELECENTRO", "EMPRESA": "TELECOM/TELECENTRO", "fecha_ingr": null, "long": 0.11, "longitud_m": 110.98694255410291 }, "geometry": { "type": "LineString", "coordinates": [ [ -58.386097, -34.588121 ], [ -58.387087, -34.587546 ] ] } },
{ "type": "Feature", "properties": { "TELECOM": null, "nomoficial": "LETONIA", "COM_PAR": "1", "id_street": "27486", "alt_derfin": "0", "ZONA": "3", "alt_derini": "0", "TELEFONICA": null, "alt_izqfin": "0", "BARRIO": "RETIRO", "COMUNA": "1", "alt_izqini": "0", "codigo": "50049", "BARRIO_PAR": "RETIRO", "id": "27486", "TELECENTRO": null, "EMPRESA": "TELCOS - NO SE IDENTIFICA", "fecha_ingr": null, "long": 0.15, "longitud_m": 149.78628854016699 }, "geometry": { "type": "LineString", "coordinates": [ [ -58.370072, -34.588113 ], [ -58.371012, -34.589217 ] ] } },
{ "type": "Feature", "properties": { "TELECOM": null, "nomoficial": "RAMOS MEJIA, JOSE MARIA, DR. AV.", "COM_PAR": "1", "id_street": "6602", "alt_derfin": "1699", "ZONA": "3", "alt_derini": "1601", "TELEFONICA": null, "alt_izqfin": "1700", "BARRIO": "RETIRO", "COMUNA": "1", "alt_izqini": "1602", "codigo": "19007", "BARRIO_PAR": "RETIRO", "id": "6602", "TELECENTRO": null, "EMPRESA": "TELCOS - NO SE IDENTIFICA", "fecha_ingr": null, "long": 0.09, "longitud_m": 87.764603968748204 }, "geometry": { "type": "LineString", "coordinates": [ [ -58.372231, -34.588805 ], [ -58.371734, -34.588129 ] ] } },
{ "type": "Feature", "properties": { "TELECOM": null, "nomoficial": "JUNCAL", "COM_PAR": "1", "id_street": "7514", "alt_derfin": "899", "ZONA": "3", "alt_derini": "801", "TELEFONICA": null, "alt_izqfin": "900", "BARRIO": "RETIRO", "COMUNA": "1", "alt_izqini": "802", "codigo": "10014", "BARRIO_PAR": "RETIRO", "id": "7514", "TELECENTRO": null, "EMPRESA": "TELCOS - NO SE IDENTIFICA", "fecha_ingr": null, "long": 0.14, "longitud_m": 137.36446525656743 }, "geometry": { "type": "LineString", "coordinates": [ [ -58.378585, -34.592886 ], [ -58.380082, -34.592859 ] ] } },
{ "type": "Feature", "properties": { "TELECOM": null, "nomoficial": "JUNCAL", "COM_PAR": "1", "id_street": "7519", "alt_derfin": "699", "ZONA": "3", "alt_derini": "601", "TELEFONICA": null, "alt_izqfin": "700", "BARRIO": "RETIRO", "COMUNA": "1", "alt_izqini": "602", "codigo": "10014", "BARRIO_PAR": "RETIRO", "id": "7519", "TELECENTRO": null, "EMPRESA": "TELCOS - NO SE IDENTIFICA", "fecha_ingr": null, "long": 0.16, "longitud_m": 164.53498193979487 }, "geometry": { "type": "LineString", "coordinates": [ [ -58.375335, -34.592765 ], [ -58.375681, -34.592901 ], [ -58.377091, -34.592872 ] ] } },
{ "type": "Feature", "properties": { "TELECOM": null, "nomoficial": "RECONQUISTA", "COM_PAR": "1", "id_street": "7891", "alt_derfin": "1199", "ZONA": "3", "alt_derini": "1101", "TELEFONICA": null, "alt_izqfin": "1200", "BARRIO": "RETIRO", "COMUNA": "1", "alt_izqini": "1102", "codigo": "19017", "BARRIO_PAR": "RETIRO", "id": "7891", "TELECENTRO": null, "EMPRESA": "TELCOS - NO SE IDENTIFICA", "fecha_ingr": null, "long": 0.07, "longitud_m": 67.739676645063 }, "geometry": { "type": "LineString", "coordinates": [ [ -58.373301, -34.595013 ], [ -58.373355, -34.594404 ] ] } },
{ "type": "Feature", "properties": { "TELECOM": null, "nomoficial": "SANTA FE AV.", "COM_PAR": "1", "id_street": "7910", "alt_derfin": "799", "ZONA": "3", "alt_derini": "775", "TELEFONICA": null, "alt_izqfin": "800", "BARRIO": "RETIRO", "COMUNA": "1", "alt_izqini": "776", "codigo": "20057", "BARRIO_PAR": "RETIRO", "id": "7910", "TELECENTRO": null, "EMPRESA": "TELCOS - NO SE IDENTIFICA", "fecha_ingr": null, "long": 0.08, "longitud_m": 75.281165468370773 }, "geometry": { "type": "LineString", "coordinates": [ [ -58.377689, -34.595028 ], [ -58.378505, -34.5951 ] ] } },
{ "type": "Feature", "properties": { "TELECOM": null, "nomoficial": "SANTA FE AV.", "COM_PAR": "1", "id_street": "7933", "alt_derfin": "899", "ZONA": "3", "alt_derini": "801", "TELEFONICA": null, "alt_izqfin": "900", "BARRIO": "RETIRO", "COMUNA": "1", "alt_izqini": "802", "codigo": "20057", "BARRIO_PAR": "RETIRO", "id": "7933", "TELECENTRO": null, "EMPRESA": "TELCOS - NO SE IDENTIFICA", "fecha_ingr": null, "long": 0.13, "longitud_m": 134.04586775524797 }, "geometry": { "type": "LineString", "coordinates": [ [ -58.378505, -34.5951 ], [ -58.379958, -34.595228 ] ] } },
{ "type": "Feature", "properties": { "TELECOM": null, "nomoficial": "SAN MARTIN", "COM_PAR": "1", "id_street": "8414", "alt_derfin": "999", "ZONA": "3", "alt_derini": "901", "TELEFONICA": null, "alt_izqfin": "1000", "BARRIO": "RETIRO", "COMUNA": "1", "alt_izqini": "902", "codigo": "20044", "BARRIO_PAR": "RETIRO", "id": "8414", "TELECENTRO": null, "EMPRESA": "TELCOS - NO SE IDENTIFICA", "fecha_ingr": null, "long": 0.13, "longitud_m": 131.58689193819777 }, "geometry": { "type": "LineString", "coordinates": [ [ -58.374258, -34.597425 ], [ -58.374322, -34.59624 ] ] } },
{ "type": "Feature", "properties": { "TELECOM": null, "nomoficial": "PARAGUAY", "COM_PAR": "1", "id_street": "8430", "alt_derfin": "599", "ZONA": "3", "alt_derini": "501", "TELEFONICA": null, "alt_izqfin": "600", "BARRIO": "RETIRO", "COMUNA": "1", "alt_izqini": "502", "codigo": "17017", "BARRIO_PAR": "RETIRO", "id": "8430", "TELECENTRO": null, "EMPRESA": "TELCOS - NO SE IDENTIFICA", "fecha_ingr": null, "long": 0.11, "longitud_m": 105.62891870788472 }, "geometry": { "type": "LineString", "coordinates": [ [ -58.374258, -34.597425 ], [ -58.375406, -34.597499 ] ] } },
{ "type": "Feature", "properties": { "TELECOM": null, "nomoficial": "PARAGUAY", "COM_PAR": "1", "id_street": "8442", "alt_derfin": "699", "ZONA": "3", "alt_derini": "601", "TELEFONICA": null, "alt_izqfin": "700", "BARRIO": "RETIRO", "COMUNA": "1", "alt_izqini": "602", "codigo": "17017", "BARRIO_PAR": "RETIRO", "id": "8442", "TELECENTRO": null, "EMPRESA": "TELCOS - NO SE IDENTIFICA", "fecha_ingr": null, "long": 0.14, "longitud_m": 137.73899099427965 }, "geometry": { "type": "LineString", "coordinates": [ [ -58.375406, -34.597499 ], [ -58.376904, -34.597584 ] ] } },
{ "type": "Feature", "properties": { "TELECOM": null, "nomoficial": "TRES SARGENTOS", "COM_PAR": "1", "id_street": "8526", "alt_derfin": "499", "ZONA": "3", "alt_derini": "401", "TELEFONICA": null, "alt_izqfin": "500", "BARRIO": "RETIRO", "COMUNA": "1", "alt_izqini": "402", "codigo": "21052", "BARRIO_PAR": "RETIRO", "id": "8526", "TELECENTRO": null, "EMPRESA": "TELCOS - NO SE IDENTIFICA", "fecha_ingr": null, "long": 0.12, "longitud_m": 124.57584424909312 }, "geometry": { "type": "LineString", "coordinates": [ [ -58.372874, -34.597927 ], [ -58.374232, -34.597919 ] ] } },
{ "type": "Feature", "properties": { "TELECOM": null, "nomoficial": "TRES SARGENTOS", "COM_PAR": "1", "id_street": "8545", "alt_derfin": "399", "ZONA": "3", "alt_derini": "301", "TELEFONICA": null, "alt_izqfin": "400", "BARRIO": "RETIRO", "COMUNA": "1", "alt_izqini": "302", "codigo": "21052", "BARRIO_PAR": "RETIRO", "id": "8545", "TELECENTRO": null, "EMPRESA": "TELCOS - NO SE IDENTIFICA", "fecha_ingr": null, "long": 0.1, "longitud_m": 101.48374349400717 }, "geometry": { "type": "LineString", "coordinates": [ [ -58.371851, -34.597621 ], [ -58.372867, -34.597983 ] ] } },
{ "type": "Feature", "properties": { "TELECOM": null, "nomoficial": "PARAGUAY", "COM_PAR": "1", "id_street": "8570", "alt_derfin": "1199", "ZONA": "3", "alt_derini": "1101", "TELEFONICA": null, "alt_izqfin": "1200", "BARRIO": "RETIRO", "COMUNA": "1", "alt_izqini": "1102", "codigo": "17017", "BARRIO_PAR": "RETIRO", "id": "8570", "TELECENTRO": "TELECENTRO", "EMPRESA": "TELECENTRO", "fecha_ingr": null, "long": 0.14, "longitud_m": 138.36381425222825 }, "geometry": { "type": "LineString", "coordinates": [ [ -58.382598, -34.597949 ], [ -58.384098, -34.59808 ] ] } },
{ "type": "Feature", "properties": { "TELECOM": null, "nomoficial": "PARAGUAY", "COM_PAR": "1", "id_street": "8592", "alt_derfin": "1299", "ZONA": "3", "alt_derini": "1201", "TELEFONICA": null, "alt_izqfin": "1300", "BARRIO": "RETIRO", "COMUNA": "1", "alt_izqini": "1202", "codigo": "17017", "BARRIO_PAR": "RETIRO", "id": "8592", "TELECENTRO": "TELECENTRO", "EMPRESA": "TELECENTRO", "fecha_ingr": null, "long": 0.13, "longitud_m": 133.25451325123669 }, "geometry": { "type": "LineString", "coordinates": [ [ -58.384098, -34.59808 ], [ -58.385546, -34.598176 ] ] } },
{ "type": "Feature", "properties": { "TELECOM": null, "nomoficial": "PARAGUAY", "COM_PAR": "1", "id_street": "8613", "alt_derfin": "1399", "ZONA": "3", "alt_derini": "1301", "TELEFONICA": null, "alt_izqfin": "1400", "BARRIO": "RETIRO", "COMUNA": "1", "alt_izqini": "1302", "codigo": "17017", "BARRIO_PAR": "RETIRO", "id": "8613", "TELECENTRO": "TELECENTRO", "EMPRESA": "TELECENTRO", "fecha_ingr": null, "long": 0.13, "longitud_m": 130.50527094124934 }, "geometry": { "type": "LineString", "coordinates": [ [ -58.385546, -34.598176 ], [ -58.386963, -34.598281 ] ] } },
{ "type": "Feature", "properties": { "TELECOM": null, "nomoficial": "CORDOBA AV.", "COM_PAR": "1", "id_street": "8663", "alt_derfin": "399", "ZONA": "3", "alt_derini": "301", "TELEFONICA": null, "alt_izqfin": "400", "BARRIO": "SAN NICOLAS", "COMUNA": "1", "alt_izqini": "302", "codigo": "3165", "BARRIO_PAR": "SAN NICOLAS", "id": "8663", "TELECENTRO": null, "EMPRESA": "TELCOS - NO SE IDENTIFICA", "fecha_ingr": null, "long": 0.12, "longitud_m": 121.03495597397375 }, "geometry": { "type": "LineString", "coordinates": [ [ -58.371484, -34.598417 ], [ -58.372798, -34.598516 ] ] } },
{ "type": "Feature", "properties": { "TELECOM": null, "nomoficial": "CAPDEVILA, ARTURO", "COM_PAR": "2", "id_street": "8811", "alt_derfin": "1699", "ZONA": "1", "alt_derini": "1601", "TELEFONICA": null, "alt_izqfin": "1700", "BARRIO": "RECOLETA", "COMUNA": "2", "alt_izqini": "1602", "codigo": "3025", "BARRIO_PAR": "RECOLETA", "id": "8811", "TELECENTRO": null, "EMPRESA": "TELCOS - NO SE IDENTIFICA", "fecha_ingr": null, "long": 0.11, "longitud_m": 108.53011826956504 }, "geometry": { "type": "LineString", "coordinates": [ [ -58.391081, -34.598577 ], [ -58.391024, -34.599071 ], [ -58.391605, -34.599111 ] ] } },
{ "type": "Feature", "properties": { "TELECOM": null, "nomoficial": "CORDOBA AV.", "COM_PAR": "1", "id_street": "8821", "alt_derfin": "1199", "ZONA": "3", "alt_derini": "1101", "TELEFONICA": null, "alt_izqfin": "1200", "BARRIO": "SAN NICOLAS", "COMUNA": "1", "alt_izqini": "1102", "codigo": "3165", "BARRIO_PAR": "SAN NICOLAS", "id": "8821", "TELECENTRO": "TELECENTRO", "EMPRESA": "TELECENTRO", "fecha_ingr": null, "long": 0.14, "longitud_m": 138.45058207417117 }, "geometry": { "type": "LineString", "coordinates": [ [ -58.382525, -34.59909 ], [ -58.384032, -34.599159 ] ] } },
{ "type": "Feature", "properties": { "TELECOM": null, "nomoficial": "LIBERTAD", "COM_PAR": "1", "id_street": "8822", "alt_derfin": "899", "ZONA": "3", "alt_derini": "801", "TELEFONICA": null, "alt_izqfin": "900", "BARRIO": "RETIRO", "COMUNA": "1", "alt_izqini": "802", "codigo": "12106", "BARRIO_PAR": "RETIRO", "id": "8822", "TELECENTRO": "TELECENTRO", "EMPRESA": "TELECENTRO", "fecha_ingr": null, "long": 0.12, "longitud_m": 119.84998621563514 }, "geometry": { "type": "LineString", "coordinates": [ [ -58.384032, -34.599159 ], [ -58.384098, -34.59808 ] ] } },
{ "type": "Feature", "properties": { "TELECOM": null, "nomoficial": "CORDOBA AV.", "COM_PAR": "1", "id_street": "8836", "alt_derfin": "1299", "ZONA": "3", "alt_derini": "1201", "TELEFONICA": null, "alt_izqfin": "1300", "BARRIO": "SAN NICOLAS", "COMUNA": "1", "alt_izqini": "1202", "codigo": "3165", "BARRIO_PAR": "SAN NICOLAS", "id": "8836", "TELECENTRO": "TELECENTRO", "EMPRESA": "TELECENTRO", "fecha_ingr": null, "long": 0.13, "longitud_m": 132.58269896642202 }, "geometry": { "type": "LineString", "coordinates": [ [ -58.384032, -34.599159 ], [ -58.385475, -34.599227 ] ] } },
{ "type": "Feature", "properties": { "TELECOM": null, "nomoficial": "25 DE MAYO", "COM_PAR": "1", "id_street": "8922", "alt_derfin": "799", "ZONA": "3", "alt_derini": "701", "TELEFONICA": null, "alt_izqfin": "800", "BARRIO": "SAN NICOLAS", "COMUNA": "1", "alt_izqini": "702", "codigo": "23024", "BARRIO_PAR": "SAN NICOLAS", "id": "8922", "TELECENTRO": null, "EMPRESA": "TELCOS - NO SE IDENTIFICA", "fecha_ingr": null, "long": 0.13, "longitud_m": 128.17220117999872 }, "geometry": { "type": "LineString", "coordinates": [ [ -58.371394, -34.59957 ], [ -58.371484, -34.598417 ] ] } },
{ "type": "Feature", "properties": { "TELECOM": null, "nomoficial": "CERRITO", "COM_PAR": "1", "id_street": "9117", "alt_derfin": "799", "ZONA": "3", "alt_derini": "701", "TELEFONICA": null, "alt_izqfin": "800", "BARRIO": "SAN NICOLAS", "COMUNA": "1", "alt_izqini": "702", "codigo": "3118", "BARRIO_PAR": "SAN NICOLAS", "id": "9117", "TELECENTRO": "TELECENTRO", "EMPRESA": "TELECENTRO", "fecha_ingr": null, "long": 0.14, "longitud_m": 137.1348765506992 }, "geometry": { "type": "LineString", "coordinates": [ [ -58.382436, -34.600324 ], [ -58.382525, -34.59909 ] ] } },
{ "type": "Feature", "properties": { "TELECOM": null, "nomoficial": "LIBERTAD", "COM_PAR": "1", "id_street": "9132", "alt_derfin": "799", "ZONA": "3", "alt_derini": "701", "TELEFONICA": null, "alt_izqfin": "800", "BARRIO": "SAN NICOLAS", "COMUNA": "1", "alt_izqini": "702", "codigo": "12106", "BARRIO_PAR": "SAN NICOLAS", "id": "9132", "TELECENTRO": null, "EMPRESA": "TELCOS - NO SE IDENTIFICA", "fecha_ingr": null, "long": 0.14, "longitud_m": 141.2065700217517 }, "geometry": { "type": "LineString", "coordinates": [ [ -58.383948, -34.60043 ], [ -58.384032, -34.599159 ] ] } },
{ "type": "Feature", "properties": { "TELECOM": null, "nomoficial": "TALCAHUANO", "COM_PAR": "1", "id_street": "9153", "alt_derfin": "799", "ZONA": "3", "alt_derini": "701", "TELEFONICA": null, "alt_izqfin": "800", "BARRIO": "SAN NICOLAS", "COMUNA": "1", "alt_izqini": "702", "codigo": "21009", "BARRIO_PAR": "SAN NICOLAS", "id": "9153", "TELECENTRO": "TELECENTRO", "EMPRESA": "TELECENTRO", "fecha_ingr": null, "long": 0.14, "longitud_m": 142.63476154570492 }, "geometry": { "type": "LineString", "coordinates": [ [ -58.385356, -34.600509 ], [ -58.385475, -34.599227 ] ] } },
{ "type": "Feature", "properties": { "TELECOM": null, "nomoficial": "VIAMONTE", "COM_PAR": "1", "id_street": "9171", "alt_derfin": "1399", "ZONA": "3", "alt_derini": "1301", "TELEFONICA": null, "alt_izqfin": "1400", "BARRIO": "SAN NICOLAS", "COMUNA": "1", "alt_izqini": "1302", "codigo": "23045", "BARRIO_PAR": "SAN NICOLAS", "id": "9171", "TELECENTRO": "TELECENTRO", "EMPRESA": "TELECENTRO", "fecha_ingr": null, "long": 0.12, "longitud_m": 124.26824615698079 }, "geometry": { "type": "LineString", "coordinates": [ [ -58.385356, -34.600509 ], [ -58.386708, -34.60058 ] ] } },
{ "type": "Feature", "properties": { "TELECOM": null, "nomoficial": "25 DE MAYO", "COM_PAR": "1", "id_street": "9226", "alt_derfin": "699", "ZONA": "3", "alt_derini": "601", "TELEFONICA": null, "alt_izqfin": "700", "BARRIO": "SAN NICOLAS", "COMUNA": "1", "alt_izqini": "602", "codigo": "23024", "BARRIO_PAR": "SAN NICOLAS", "id": "9226", "TELECENTRO": null, "EMPRESA": "TELCOS - NO SE IDENTIFICA", "fecha_ingr": null, "long": 0.13, "longitud_m": 130.26565101594983 }, "geometry": { "type": "LineString", "coordinates": [ [ -58.371273, -34.60074 ], [ -58.371394, -34.59957 ] ] } },
{ "type": "Feature", "properties": { "TELECOM": "TELECOM", "nomoficial": "CALLAO AV.", "COM_PAR": "3", "id_street": "9251", "alt_derfin": "799", "ZONA": "1", "alt_derini": "701", "TELEFONICA": null, "alt_izqfin": "800", "BARRIO": "BALVANERA", "COMUNA": "3", "alt_izqini": "702", "codigo": "3030", "BARRIO_PAR": "BALVANERA", "id": "9251", "TELECENTRO": "TELECENTRO", "EMPRESA": "TELECOM/TELECENTRO", "fecha_ingr": null, "long": 0.13, "longitud_m": 130.67144514446474 }, "geometry": { "type": "LineString", "coordinates": [ [ -58.392769, -34.600806 ], [ -58.392934, -34.599636 ] ] } },
{ "type": "Feature", "properties": { "TELECOM": "TELECOM", "nomoficial": "VIAMONTE", "COM_PAR": "3", "id_street": "9273", "alt_derfin": "1899", "ZONA": "1", "alt_derini": "1801", "TELEFONICA": null, "alt_izqfin": "1900", "BARRIO": "BALVANERA", "COMUNA": "3", "alt_izqini": "1802", "codigo": "23045", "BARRIO_PAR": "BALVANERA", "id": "9273", "TELECENTRO": "TELECENTRO", "EMPRESA": "TELECOM/TELECENTRO", "fecha_ingr": null, "long": 0.13, "longitud_m": 132.74476099012995 }, "geometry": { "type": "LineString", "coordinates": [ [ -58.392769, -34.600806 ], [ -58.394214, -34.600871 ] ] } },
{ "type": "Feature", "properties": { "TELECOM": null, "nomoficial": "SAN MARTIN", "COM_PAR": "1", "id_street": "9314", "alt_derfin": "699", "ZONA": "3", "alt_derini": "601", "TELEFONICA": null, "alt_izqfin": "700", "BARRIO": "SAN NICOLAS", "COMUNA": "1", "alt_izqini": "602", "codigo": "20044", "BARRIO_PAR": "SAN NICOLAS", "id": "9314", "TELECENTRO": null, "EMPRESA": "TELCOS - NO SE IDENTIFICA", "fecha_ingr": null, "long": 0.13, "longitud_m": 130.60201400651235 }, "geometry": { "type": "LineString", "coordinates": [ [ -58.373998, -34.600961 ], [ -58.374087, -34.599786 ] ] } },
{ "type": "Feature", "properties": { "TELECOM": null, "nomoficial": "URUGUAY AV.", "COM_PAR": "1", "id_street": "9479", "alt_derfin": "699", "ZONA": "3", "alt_derini": "601", "TELEFONICA": null, "alt_izqfin": "700", "BARRIO": "SAN NICOLAS", "COMUNA": "1", "alt_izqini": "602", "codigo": "22015", "BARRIO_PAR": "SAN NICOLAS", "id": "9479", "TELECENTRO": null, "EMPRESA": "TELCOS - NO SE IDENTIFICA", "fecha_ingr": null, "long": 0.12, "longitud_m": 118.81039646976498 }, "geometry": { "type": "LineString", "coordinates": [ [ -58.386697, -34.601653 ], [ -58.386794, -34.600585 ] ] } },
{ "type": "Feature", "properties": { "TELECOM": "TELECOM", "nomoficial": "CALLAO AV.", "COM_PAR": "3", "id_street": "9570", "alt_derfin": "699", "ZONA": "1", "alt_derini": "601", "TELEFONICA": null, "alt_izqfin": "700", "BARRIO": "BALVANERA", "COMUNA": "3", "alt_izqini": "602", "codigo": "3030", "BARRIO_PAR": "BALVANERA", "id": "9570", "TELECENTRO": "TELECENTRO", "EMPRESA": "TELECOM/TELECENTRO", "fecha_ingr": null, "long": 0.13, "longitud_m": 131.85967568627049 }, "geometry": { "type": "LineString", "coordinates": [ [ -58.392596, -34.601986 ], [ -58.392769, -34.600806 ] ] } },
{ "type": "Feature", "properties": { "TELECOM": null, "nomoficial": "LAVALLE", "COM_PAR": "1", "id_street": "9591", "alt_derfin": "399", "ZONA": "3", "alt_derini": "301", "TELEFONICA": null, "alt_izqfin": "400", "BARRIO": "SAN NICOLAS", "COMUNA": "1", "alt_izqini": "302", "codigo": "12089", "BARRIO_PAR": "SAN NICOLAS", "id": "9591", "TELECENTRO": null, "EMPRESA": "TELCOS - NO SE IDENTIFICA", "fecha_ingr": null, "long": 0.12, "longitud_m": 123.82343650392478 }, "geometry": { "type": "LineString", "coordinates": [ [ -58.371181, -34.601943 ], [ -58.372526, -34.602038 ] ] } },
{ "type": "Feature", "properties": { "TELECOM": null, "nomoficial": "SAN MARTIN", "COM_PAR": "1", "id_street": "9624", "alt_derfin": "599", "ZONA": "3", "alt_derini": "501", "TELEFONICA": null, "alt_izqfin": "600", "BARRIO": "SAN NICOLAS", "COMUNA": "1", "alt_izqini": "502", "codigo": "20044", "BARRIO_PAR": "SAN NICOLAS", "id": "9624", "TELECENTRO": null, "EMPRESA": "TELCOS - NO SE IDENTIFICA", "fecha_ingr": null, "long": 0.13, "longitud_m": 129.93200946454218 }, "geometry": { "type": "LineString", "coordinates": [ [ -58.37391, -34.60213 ], [ -58.373998, -34.600961 ] ] } },
{ "type": "Feature", "properties": { "TELECOM": null, "nomoficial": "LAVALLE", "COM_PAR": "1", "id_street": "9769", "alt_derfin": "1199", "ZONA": "3", "alt_derini": "1101", "TELEFONICA": null, "alt_izqfin": "1200", "BARRIO": "SAN NICOLAS", "COMUNA": "1", "alt_izqini": "1102", "codigo": "12089", "BARRIO_PAR": "SAN NICOLAS", "id": "9769", "TELECENTRO": "TELECENTRO", "EMPRESA": "TELECENTRO", "fecha_ingr": null, "long": 0.14, "longitud_m": 139.88962352481863 }, "geometry": { "type": "LineString", "coordinates": [ [ -58.382278, -34.602582 ], [ -58.383802, -34.602629 ] ] } },
{ "type": "Feature", "properties": { "TELECOM": null, "nomoficial": "25 DE MAYO", "COM_PAR": "1", "id_street": "9896", "alt_derfin": "499", "ZONA": "3", "alt_derini": "401", "TELEFONICA": null, "alt_izqfin": "500", "BARRIO": "SAN NICOLAS", "COMUNA": "1", "alt_izqini": "402", "codigo": "23024", "BARRIO_PAR": "SAN NICOLAS", "id": "9896", "TELECENTRO": null, "EMPRESA": "TELCOS - NO SE IDENTIFICA", "fecha_ingr": null, "long": 0.12, "longitud_m": 123.70328614859355 }, "geometry": { "type": "LineString", "coordinates": [ [ -58.371098, -34.603056 ], [ -58.371181, -34.601943 ] ] } },
{ "type": "Feature", "properties": { "TELECOM": "TELECOM", "nomoficial": "CALLAO AV.", "COM_PAR": "3", "id_street": "9909", "alt_derfin": "599", "ZONA": "1", "alt_derini": "501", "TELEFONICA": null, "alt_izqfin": "600", "BARRIO": "BALVANERA", "COMUNA": "3", "alt_izqini": "502", "codigo": "3030", "BARRIO_PAR": "BALVANERA", "id": "9909", "TELECENTRO": "TELECENTRO", "EMPRESA": "TELECOM/TELECENTRO", "fecha_ingr": null, "long": 0.13, "longitud_m": 131.05047275365791 }, "geometry": { "type": "LineString", "coordinates": [ [ -58.39239, -34.603155 ], [ -58.392596, -34.601986 ] ] } },
{ "type": "Feature", "properties": { "TELECOM": null, "nomoficial": "LAVALLE", "COM_PAR": "3", "id_street": "9910", "alt_derfin": "0", "ZONA": "1", "alt_derini": "0", "TELEFONICA": null, "alt_izqfin": "0", "BARRIO": "BALVANERA", "COMUNA": "3", "alt_izqini": "0", "codigo": "12089", "BARRIO_PAR": "BALVANERA", "id": "9910", "TELECENTRO": null, "EMPRESA": "TELCOS - NO SE IDENTIFICA", "fecha_ingr": null, "long": 0.01, "longitud_m": 7.6141250937054421 }, "geometry": { "type": "LineString", "coordinates": [ [ -58.39239, -34.603155 ], [ -58.392473, -34.603154 ] ] } },
{ "type": "Feature", "properties": { "TELECOM": null, "nomoficial": "LAVALLE", "COM_PAR": "1", "id_street": "9911", "alt_derfin": "1799", "ZONA": "1", "alt_derini": "1701", "TELEFONICA": null, "alt_izqfin": "1800", "BARRIO": "SAN NICOLAS", "COMUNA": "1", "alt_izqini": "1718", "codigo": "12089", "BARRIO_PAR": "SAN NICOLAS", "id": "9911", "TELECENTRO": "TELECENTRO", "EMPRESA": "TELECENTRO", "fecha_ingr": null, "long": 0.11, "longitud_m": 110.7559133231739 }, "geometry": { "type": "LineString", "coordinates": [ [ -58.391184, -34.603106 ], [ -58.39239, -34.603155 ] ] } },
{ "type": "Feature", "properties": { "TELECOM": null, "nomoficial": "CORRIENTES AV.", "COM_PAR": "1", "id_street": "9912", "alt_derfin": "399", "ZONA": "4", "alt_derini": "301", "TELEFONICA": null, "alt_izqfin": "400", "BARRIO": "SAN NICOLAS", "COMUNA": "1", "alt_izqini": "302", "codigo": "3174", "BARRIO_PAR": "SAN NICOLAS", "id": "9912", "TELECENTRO": null, "EMPRESA": "TELCOS - NO SE IDENTIFICA", "fecha_ingr": null, "long": 0.13, "longitud_m": 125.7873442871762 }, "geometry": { "type": "LineString", "coordinates": [ [ -58.371098, -34.603056 ], [ -58.372465, -34.603146 ] ] } },
{ "type": "Feature", "properties": { "TELECOM": null, "nomoficial": "SAN MARTIN", "COM_PAR": "1", "id_street": "9935", "alt_derfin": "499", "ZONA": "3", "alt_derini": "401", "TELEFONICA": null, "alt_izqfin": "500", "BARRIO": "SAN NICOLAS", "COMUNA": "1", "alt_izqini": "402", "codigo": "20044", "BARRIO_PAR": "SAN NICOLAS", "id": "9935", "TELECENTRO": null, "EMPRESA": "TELCOS - NO SE IDENTIFICA", "fecha_ingr": null, "long": 0.12, "longitud_m": 122.35638831332328 }, "geometry": { "type": "LineString", "coordinates": [ [ -58.373854, -34.603232 ], [ -58.37391, -34.60213 ] ] } },
{ "type": "Feature", "properties": { "TELECOM": null, "nomoficial": "SAENZ PEÑA, ROQUE, PRES. DIAGONAL NORTE AV.", "COM_PAR": "1", "id_street": "9952", "alt_derfin": "1219", "ZONA": "3", "alt_derini": "1101", "TELEFONICA": null, "alt_izqfin": "1220", "BARRIO": "SAN NICOLAS", "COMUNA": "1", "alt_izqini": "1102", "codigo": "20004", "BARRIO_PAR": "SAN NICOLAS", "id": "9952", "TELECENTRO": null, "EMPRESA": "TELCOS - NO SE IDENTIFICA", "fecha_ingr": null, "long": 0.17, "longitud_m": 165.03002447783535 }, "geometry": { "type": "LineString", "coordinates": [ [ -58.382233, -34.603357 ], [ -58.383802, -34.602629 ] ] } },
{ "type": "Feature", "properties": { "TELECOM": null, "nomoficial": "CORRIENTES AV.", "COM_PAR": "1", "id_street": "9957", "alt_derfin": "599", "ZONA": "4", "alt_derini": "501", "TELEFONICA": null, "alt_izqfin": "600", "BARRIO": "SAN NICOLAS", "COMUNA": "1", "alt_izqini": "502", "codigo": "3174", "BARRIO_PAR": "SAN NICOLAS", "id": "9957", "TELECENTRO": null, "EMPRESA": "TELCOS - NO SE IDENTIFICA", "fecha_ingr": null, "long": 0.13, "longitud_m": 125.64453144748974 }, "geometry": { "type": "LineString", "coordinates": [ [ -58.373854, -34.603232 ], [ -58.37522, -34.603316 ] ] } },
{ "type": "Feature", "properties": { "TELECOM": null, "nomoficial": "MAIPU", "COM_PAR": "1", "id_street": "9977", "alt_derfin": "499", "ZONA": "3", "alt_derini": "401", "TELEFONICA": null, "alt_izqfin": "500", "BARRIO": "SAN NICOLAS", "COMUNA": "1", "alt_izqini": "402", "codigo": "13014", "BARRIO_PAR": "SAN NICOLAS", "id": "9977", "TELECENTRO": null, "EMPRESA": "TELCOS - NO SE IDENTIFICA", "fecha_ingr": null, "long": 0.12, "longitud_m": 122.31512529737421 }, "geometry": { "type": "LineString", "coordinates": [ [ -58.376663, -34.603404 ], [ -58.376707, -34.602302 ] ] } },
{ "type": "Feature", "properties": { "TELECOM": null, "nomoficial": "CORRIENTES AV.", "COM_PAR": "1", "id_street": "10099", "alt_derfin": "1299", "ZONA": "3", "alt_derini": "1201", "TELEFONICA": null, "alt_izqfin": "1300", "BARRIO": "SAN NICOLAS", "COMUNA": "1", "alt_izqini": "1202", "codigo": "3174", "BARRIO_PAR": "SAN NICOLAS", "id": "10099", "TELECENTRO": null, "EMPRESA": "TELCOS - NO SE IDENTIFICA", "fecha_ingr": null, "long": 0.13, "longitud_m": 130.67520788642238 }, "geometry": { "type": "LineString", "coordinates": [ [ -58.383715, -34.603827 ], [ -58.385136, -34.603911 ] ] } },
{ "type": "Feature", "properties": { "TELECOM": null, "nomoficial": "TALCAHUANO", "COM_PAR": "1", "id_street": "10100", "alt_derfin": "499", "ZONA": "3", "alt_derini": "401", "TELEFONICA": null, "alt_izqfin": "500", "BARRIO": "SAN NICOLAS", "COMUNA": "1", "alt_izqini": "402", "codigo": "21009", "BARRIO_PAR": "SAN NICOLAS", "id": "10100", "TELECENTRO": null, "EMPRESA": "TELCOS - NO SE IDENTIFICA", "fecha_ingr": null, "long": 0.14, "longitud_m": 135.46992859890378 }, "geometry": { "type": "LineString", "coordinates": [ [ -58.385136, -34.603911 ], [ -58.385201, -34.602691 ] ] } },
{ "type": "Feature", "properties": { "TELECOM": null, "nomoficial": "CALLAO AV.", "COM_PAR": "3", "id_street": "10224", "alt_derfin": "499", "ZONA": "1", "alt_derini": "401", "TELEFONICA": null, "alt_izqfin": "500", "BARRIO": "BALVANERA", "COMUNA": "3", "alt_izqini": "402", "codigo": "3030", "BARRIO_PAR": "BALVANERA", "id": "10224", "TELECENTRO": "TELECENTRO", "EMPRESA": "TELECENTRO", "fecha_ingr": null, "long": 0.14, "longitud_m": 142.29063156108748 }, "geometry": { "type": "LineString", "coordinates": [ [ -58.39229, -34.604435 ], [ -58.39239, -34.603155 ] ] } },
{ "type": "Feature", "properties": { "TELECOM": "TELECOM", "nomoficial": "CORRIENTES AV.", "COM_PAR": "3", "id_street": "10231", "alt_derfin": "1891", "ZONA": "1", "alt_derini": "1801", "TELEFONICA": null, "alt_izqfin": "1890", "BARRIO": "BALVANERA", "COMUNA": "3", "alt_izqini": "1802", "codigo": "3174", "BARRIO_PAR": "BALVANERA", "id": "10231", "TELECENTRO": "TELECENTRO", "EMPRESA": "TELECOM/TELECENTRO", "fecha_ingr": null, "long": 0.12, "longitud_m": 118.34855519746742 }, "geometry": { "type": "LineString", "coordinates": [ [ -58.39229, -34.604435 ], [ -58.39358, -34.604456 ] ] } },
{ "type": "Feature", "properties": { "TELECOM": "TELECOM", "nomoficial": "SARMIENTO", "COM_PAR": "1", "id_street": "10538", "alt_derfin": "1799", "ZONA": "1", "alt_derini": "1701", "TELEFONICA": null, "alt_izqfin": "1800", "BARRIO": "SAN NICOLAS", "COMUNA": "1", "alt_izqini": "1702", "codigo": "20074", "BARRIO_PAR": "SAN NICOLAS", "id": "10538", "TELECENTRO": "TELECENTRO", "EMPRESA": "TELECOM/TELECENTRO", "fecha_ingr": null, "long": 0.13, "longitud_m": 129.67385638562504 }, "geometry": { "type": "LineString", "coordinates": [ [ -58.39079, -34.605532 ], [ -58.392197, -34.605646 ] ] } },
{ "type": "Feature", "properties": { "TELECOM": "TELECOM", "nomoficial": "SARMIENTO", "COM_PAR": "3", "id_street": "10558", "alt_derfin": "1899", "ZONA": "1", "alt_derini": "1801", "TELEFONICA": null, "alt_izqfin": "1900", "BARRIO": "BALVANERA", "COMUNA": "3", "alt_izqini": "1802", "codigo": "20074", "BARRIO_PAR": "BALVANERA", "id": "10558", "TELECENTRO": "TELECENTRO", "EMPRESA": "TELECOM/TELECENTRO", "fecha_ingr": null, "long": 0.14, "longitud_m": 138.24708260738143 }, "geometry": { "type": "LineString", "coordinates": [ [ -58.392197, -34.605646 ], [ -58.393698, -34.605759 ] ] } },
{ "type": "Feature", "properties": { "TELECOM": null, "nomoficial": "INDEPENDENCIA AV.", "COM_PAR": "1", "id_street": "13591", "alt_derfin": "199", "ZONA": "4", "alt_derini": "101", "TELEFONICA": null, "alt_izqfin": "200", "BARRIO": "SAN TELMO", "COMUNA": "1", "alt_izqini": "102", "codigo": "9010", "BARRIO_PAR": "SAN TELMO", "id": "13591", "TELECENTRO": null, "EMPRESA": "TELCOS - NO SE IDENTIFICA", "fecha_ingr": null, "long": 0.12, "longitud_m": 115.23156811892652 }, "geometry": { "type": "LineString", "coordinates": [ [ -58.367433, -34.616928 ], [ -58.368686, -34.617005 ] ] } },
{ "type": "Feature", "properties": { "TELECOM": null, "nomoficial": "INDEPENDENCIA AV.", "COM_PAR": "1", "id_street": "13634", "alt_derfin": "0", "ZONA": "2", "alt_derini": "0", "TELEFONICA": null, "alt_izqfin": "0", "BARRIO": "SAN TELMO", "COMUNA": "1", "alt_izqini": "0", "codigo": "9010", "BARRIO_PAR": "SAN TELMO", "id": "13634", "TELECENTRO": null, "EMPRESA": "TELCOS - NO SE IDENTIFICA", "fecha_ingr": null, "long": 0.01, "longitud_m": 6.9709416842123977 }, "geometry": { "type": "LineString", "coordinates": [ [ -58.369802, -34.617165 ], [ -58.369878, -34.617166 ] ] } },
{ "type": "Feature", "properties": { "TELECOM": null, "nomoficial": "INDEPENDENCIA AV.", "COM_PAR": "1", "id_street": "13665", "alt_derfin": "599", "ZONA": "4", "alt_derini": "501", "TELEFONICA": null, "alt_izqfin": "600", "BARRIO": "SAN TELMO", "COMUNA": "1", "alt_izqini": "502", "codigo": "9010", "BARRIO_PAR": "SAN TELMO", "id": "13665", "TELECENTRO": null, "EMPRESA": "TELCOS - NO SE IDENTIFICA", "fecha_ingr": null, "long": 0.12, "longitud_m": 124.8062089980872 }, "geometry": { "type": "LineString", "coordinates": [ [ -58.373087, -34.617157 ], [ -58.374443, -34.617252 ] ] } },
{ "type": "Feature", "properties": { "TELECOM": null, "nomoficial": "INDEPENDENCIA AV.", "COM_PAR": "1", "id_street": "13694", "alt_derfin": "699", "ZONA": "4", "alt_derini": "601", "TELEFONICA": null, "alt_izqfin": "700", "BARRIO": "SAN TELMO", "COMUNA": "1", "alt_izqini": "602", "codigo": "9010", "BARRIO_PAR": "SAN TELMO", "id": "13694", "TELECENTRO": null, "EMPRESA": "TELCOS - NO SE IDENTIFICA", "fecha_ingr": null, "long": 0.14, "longitud_m": 135.45383998007597 }, "geometry": { "type": "LineString", "coordinates": [ [ -58.374443, -34.617252 ], [ -58.375915, -34.617352 ] ] } },
{ "type": "Feature", "properties": { "TELECOM": null, "nomoficial": "PASEO COLON AV.", "COM_PAR": "1", "id_street": "13816", "alt_derfin": "849", "ZONA": "2", "alt_derini": "801", "TELEFONICA": null, "alt_izqfin": "0", "BARRIO": "SAN TELMO", "COMUNA": "1", "alt_izqini": "0", "codigo": "17028", "BARRIO_PAR": "SAN TELMO", "id": "13816", "TELECENTRO": null, "EMPRESA": "TELCOS - NO SE IDENTIFICA", "fecha_ingr": null, "long": 0.07, "longitud_m": 69.179362107952599 }, "geometry": { "type": "LineString", "coordinates": [ [ -58.369802, -34.617165 ], [ -58.369544, -34.617751 ] ] } },
{ "type": "Feature", "properties": { "TELECOM": null, "nomoficial": "GIUFFRA, JOSE M.,DR.", "COM_PAR": "1", "id_street": "13833", "alt_derfin": "299", "ZONA": "2", "alt_derini": "201", "TELEFONICA": null, "alt_izqfin": "300", "BARRIO": "SAN TELMO", "COMUNA": "1", "alt_izqini": "202", "codigo": "7053", "BARRIO_PAR": "SAN TELMO", "id": "13833", "TELECENTRO": null, "EMPRESA": "TELCOS - NO SE IDENTIFICA", "fecha_ingr": null, "long": 0.06, "longitud_m": 61.265267644760705 }, "geometry": { "type": "LineString", "coordinates": [ [ -58.369544, -34.617751 ], [ -58.37021, -34.617794 ] ] } },
{ "type": "Feature", "properties": { "TELECOM": null, "nomoficial": "GIUFFRA, JOSE M.,DR.", "COM_PAR": "1", "id_street": "13847", "alt_derfin": "399", "ZONA": "2", "alt_derini": "301", "TELEFONICA": null, "alt_izqfin": "400", "BARRIO": "SAN TELMO", "COMUNA": "1", "alt_izqini": "302", "codigo": "7053", "BARRIO_PAR": "SAN TELMO", "id": "13847", "TELECENTRO": "TELECENTRO", "EMPRESA": "TELECENTRO", "fecha_ingr": null, "long": 0.13, "longitud_m": 131.34420158339489 }, "geometry": { "type": "LineString", "coordinates": [ [ -58.37021, -34.617794 ], [ -58.37164, -34.617859 ] ] } },
{ "type": "Feature", "properties": { "TELECOM": null, "nomoficial": "PASEO COLON AV.", "COM_PAR": "1", "id_street": "13991", "alt_derfin": "899", "ZONA": "2", "alt_derini": "851", "TELEFONICA": null, "alt_izqfin": "0", "BARRIO": "SAN TELMO", "COMUNA": "1", "alt_izqini": "0", "codigo": "17028", "BARRIO_PAR": "SAN TELMO", "id": "13991", "TELECENTRO": null, "EMPRESA": "TELCOS - NO SE IDENTIFICA", "fecha_ingr": null, "long": 0.07, "longitud_m": 73.644777798592287 }, "geometry": { "type": "LineString", "coordinates": [ [ -58.369544, -34.617751 ], [ -58.369302, -34.618384 ] ] } },
{ "type": "Feature", "properties": { "TELECOM": null, "nomoficial": "ESTADOS UNIDOS", "COM_PAR": "1", "id_street": "14009", "alt_derfin": "299", "ZONA": "2", "alt_derini": "201", "TELEFONICA": null, "alt_izqfin": "300", "BARRIO": "SAN TELMO", "COMUNA": "1", "alt_izqini": "202", "codigo": "5087", "BARRIO_PAR": "SAN TELMO", "id": "14009", "TELECENTRO": null, "EMPRESA": "TELCOS - NO SE IDENTIFICA", "fecha_ingr": null, "long": 0.08, "longitud_m": 78.537452957602582 }, "geometry": { "type": "LineString", "coordinates": [ [ -58.369302, -34.618384 ], [ -58.370157, -34.618424 ] ] } },
{ "type": "Feature", "properties": { "TELECOM": null, "nomoficial": "BALCARCE", "COM_PAR": "1", "id_street": "14010", "alt_derfin": "899", "ZONA": "2", "alt_derini": "851", "TELEFONICA": null, "alt_izqfin": "900", "BARRIO": "SAN TELMO", "COMUNA": "1", "alt_izqini": "852", "codigo": "2014", "BARRIO_PAR": "SAN TELMO", "id": "14010", "TELECENTRO": null, "EMPRESA": "TELCOS - NO SE IDENTIFICA", "fecha_ingr": null, "long": 0.07, "longitud_m": 70.056989789545739 }, "geometry": { "type": "LineString", "coordinates": [ [ -58.37021, -34.617794 ], [ -58.370157, -34.618424 ] ] } },
{ "type": "Feature", "properties": { "TELECOM": null, "nomoficial": "ESTADOS UNIDOS", "COM_PAR": "1", "id_street": "14024", "alt_derfin": "399", "ZONA": "2", "alt_derini": "301", "TELEFONICA": null, "alt_izqfin": "400", "BARRIO": "SAN TELMO", "COMUNA": "1", "alt_izqini": "302", "codigo": "5087", "BARRIO_PAR": "SAN TELMO", "id": "14024", "TELECENTRO": null, "EMPRESA": "TELCOS - NO SE IDENTIFICA", "fecha_ingr": null, "long": 0.13, "longitud_m": 132.85476735166233 }, "geometry": { "type": "LineString", "coordinates": [ [ -58.370157, -34.618424 ], [ -58.371604, -34.618481 ] ] } },
{ "type": "Feature", "properties": { "TELECOM": null, "nomoficial": "DEFENSA", "COM_PAR": "1", "id_street": "14025", "alt_derfin": "899", "ZONA": "2", "alt_derini": "851", "TELEFONICA": "TELEFONICA", "alt_izqfin": "900", "BARRIO": "SAN TELMO", "COMUNA": "1", "alt_izqini": "852", "codigo": "4016", "BARRIO_PAR": "SAN TELMO", "id": "14025", "TELECENTRO": null, "EMPRESA": "TELEFONICA", "fecha_ingr": null, "long": 0.07, "longitud_m": 69.079641459267151 }, "geometry": { "type": "LineString", "coordinates": [ [ -58.37164, -34.617859 ], [ -58.371604, -34.618481 ] ] } },
{ "type": "Feature", "properties": { "TELECOM": null, "nomoficial": "BOLIVAR", "COM_PAR": "1", "id_street": "14029", "alt_derfin": "899", "ZONA": "2", "alt_derini": "801", "TELEFONICA": "TELEFONICA", "alt_izqfin": "900", "BARRIO": "SAN TELMO", "COMUNA": "1", "alt_izqini": "802", "codigo": "2092", "BARRIO_PAR": "SAN TELMO", "id": "14029", "TELECENTRO": null, "EMPRESA": "TELEFONICA", "fecha_ingr": null, "long": 0.15, "longitud_m": 149.43193460706743 }, "geometry": { "type": "LineString", "coordinates": [ [ -58.373087, -34.617157 ], [ -58.373023, -34.618503 ] ] } },
{ "type": "Feature", "properties": { "TELECOM": null, "nomoficial": "PERU", "COM_PAR": "1", "id_street": "14040", "alt_derfin": "899", "ZONA": "2", "alt_derini": "801", "TELEFONICA": "TELEFONICA", "alt_izqfin": "900", "BARRIO": "SAN TELMO", "COMUNA": "1", "alt_izqini": "802", "codigo": "17071", "BARRIO_PAR": "SAN TELMO", "id": "14040", "TELECENTRO": null, "EMPRESA": "TELEFONICA", "fecha_ingr": null, "long": 0.14, "longitud_m": 140.40241390760494 }, "geometry": { "type": "LineString", "coordinates": [ [ -58.374443, -34.617252 ], [ -58.374365, -34.618516 ] ] } },
{ "type": "Feature", "properties": { "TELECOM": null, "nomoficial": "CALVO, CARLOS", "COM_PAR": "1", "id_street": "14262", "alt_derfin": "299", "ZONA": "2", "alt_derini": "201", "TELEFONICA": null, "alt_izqfin": "300", "BARRIO": "SAN TELMO", "COMUNA": "1", "alt_izqini": "202", "codigo": "3028", "BARRIO_PAR": "SAN TELMO", "id": "14262", "TELECENTRO": null, "EMPRESA": "TELCOS - NO SE IDENTIFICA", "fecha_ingr": null, "long": 0.11, "longitud_m": 107.19478275575797 }, "geometry": { "type": "LineString", "coordinates": [ [ -58.368964, -34.6192 ], [ -58.370111, -34.619386 ] ] } },
{ "type": "Feature", "properties": { "TELECOM": null, "nomoficial": "BALCARCE", "COM_PAR": "1", "id_street": "14263", "alt_derfin": "999", "ZONA": "2", "alt_derini": "901", "TELEFONICA": "TELEFONICA", "alt_izqfin": "1000", "BARRIO": "SAN TELMO", "COMUNA": "1", "alt_izqini": "902", "codigo": "2014", "BARRIO_PAR": "SAN TELMO", "id": "14263", "TELECENTRO": "TELECENTRO", "EMPRESA": "TELECENTRO/TELEFONICA", "fecha_ingr": null, "long": 0.11, "longitud_m": 106.80148637886825 }, "geometry": { "type": "LineString", "coordinates": [ [ -58.370157, -34.618424 ], [ -58.370111, -34.619386 ] ] } },
{ "type": "Feature", "properties": { "TELECOM": "TELECOM", "nomoficial": "BOLIVAR", "COM_PAR": "1", "id_street": "14318", "alt_derfin": "999", "ZONA": "2", "alt_derini": "901", "TELEFONICA": null, "alt_izqfin": "1000", "BARRIO": "SAN TELMO", "COMUNA": "1", "alt_izqini": "902", "codigo": "2092", "BARRIO_PAR": "SAN TELMO", "id": "14318", "TELECENTRO": "TELECENTRO", "EMPRESA": "TELECOM/TELECENTRO", "fecha_ingr": null, "long": 0.12, "longitud_m": 122.2528740151191 }, "geometry": { "type": "LineString", "coordinates": [ [ -58.373023, -34.618503 ], [ -58.372942, -34.619603 ] ] } },
{ "type": "Feature", "properties": { "TELECOM": null, "nomoficial": "CALVO, CARLOS", "COM_PAR": "1", "id_street": "14330", "alt_derfin": "599", "ZONA": "2", "alt_derini": "501", "TELEFONICA": "TELEFONICA", "alt_izqfin": "600", "BARRIO": "SAN TELMO", "COMUNA": "1", "alt_izqini": "502", "codigo": "3028", "BARRIO_PAR": "SAN TELMO", "id": "14330", "TELECENTRO": null, "EMPRESA": "TELEFONICA", "fecha_ingr": null, "long": 0.13, "longitud_m": 125.27341327478445 }, "geometry": { "type": "LineString", "coordinates": [ [ -58.372942, -34.619603 ], [ -58.374306, -34.619664 ] ] } },
{ "type": "Feature", "properties": { "TELECOM": null, "nomoficial": "PERU", "COM_PAR": "1", "id_street": "14331", "alt_derfin": "999", "ZONA": "2", "alt_derini": "901", "TELEFONICA": "TELEFONICA", "alt_izqfin": "1000", "BARRIO": "SAN TELMO", "COMUNA": "1", "alt_izqini": "902", "codigo": "17071", "BARRIO_PAR": "SAN TELMO", "id": "14331", "TELECENTRO": null, "EMPRESA": "TELEFONICA", "fecha_ingr": null, "long": 0.13, "longitud_m": 127.46668680444228 }, "geometry": { "type": "LineString", "coordinates": [ [ -58.374365, -34.618516 ], [ -58.374306, -34.619664 ] ] } },
{ "type": "Feature", "properties": { "TELECOM": null, "nomoficial": "CHACABUCO", "COM_PAR": "1", "id_street": "14339", "alt_derfin": "999", "ZONA": "2", "alt_derini": "901", "TELEFONICA": "TELEFONICA", "alt_izqfin": "1000", "BARRIO": "SAN TELMO", "COMUNA": "1", "alt_izqini": "902", "codigo": "3214", "BARRIO_PAR": "SAN TELMO", "id": "14339", "TELECENTRO": "TELECENTRO", "EMPRESA": "TELECENTRO/TELEFONICA", "fecha_ingr": null, "long": 0.13, "longitud_m": 127.98537635186966 }, "geometry": { "type": "LineString", "coordinates": [ [ -58.375854, -34.61854 ], [ -58.375805, -34.619693 ] ] } },
{ "type": "Feature", "properties": { "TELECOM": null, "nomoficial": "BETHLEM", "COM_PAR": "1", "id_street": "14508", "alt_derfin": "449", "ZONA": "2", "alt_derini": "401", "TELEFONICA": null, "alt_izqfin": "450", "BARRIO": "SAN TELMO", "COMUNA": "1", "alt_izqini": "402", "codigo": "2138", "BARRIO_PAR": "SAN TELMO", "id": "14508", "TELECENTRO": null, "EMPRESA": "TELCOS - NO SE IDENTIFICA", "fecha_ingr": null, "long": 0.06, "longitud_m": 59.284819694322977 }, "geometry": { "type": "LineString", "coordinates": [ [ -58.371455, -34.620268 ], [ -58.372101, -34.620288 ] ] } },
{ "type": "Feature", "properties": { "TELECOM": null, "nomoficial": "AZOPARDO", "COM_PAR": "1", "id_street": "14556", "alt_derfin": "1099", "ZONA": "2", "alt_derini": "1001", "TELEFONICA": null, "alt_izqfin": "1100", "BARRIO": "SAN TELMO", "COMUNA": "1", "alt_izqini": "1002", "codigo": "1149", "BARRIO_PAR": "SAN TELMO", "id": "14556", "TELECENTRO": null, "EMPRESA": "TELCOS - NO SE IDENTIFICA", "fecha_ingr": null, "long": 0.13, "longitud_m": 131.14591486955115 }, "geometry": { "type": "LineString", "coordinates": [ [ -58.367161, -34.619308 ], [ -58.367027, -34.620485 ] ] } },
{ "type": "Feature", "properties": { "TELECOM": null, "nomoficial": "HUMBERTO 1°", "COM_PAR": "1", "id_street": "14585", "alt_derfin": "199", "ZONA": "2", "alt_derini": "101", "TELEFONICA": null, "alt_izqfin": "200", "BARRIO": "SAN TELMO", "COMUNA": "1", "alt_izqini": "102", "codigo": "8035", "BARRIO_PAR": "SAN TELMO", "id": "14585", "TELECENTRO": null, "EMPRESA": "TELCOS - NO SE IDENTIFICA", "fecha_ingr": null, "long": 0.13, "longitud_m": 129.89267570197927 }, "geometry": { "type": "LineString", "coordinates": [ [ -58.367027, -34.620485 ], [ -58.368437, -34.620596 ] ] } },
{ "type": "Feature", "properties": { "TELECOM": null, "nomoficial": "DEFENSA", "COM_PAR": "1", "id_street": "14604", "alt_derfin": "0", "ZONA": "2", "alt_derini": "0", "TELEFONICA": null, "alt_izqfin": "1100", "BARRIO": "SAN TELMO", "COMUNA": "1", "alt_izqini": "1058", "codigo": "4016", "BARRIO_PAR": "SAN TELMO", "id": "14604", "TELECENTRO": null, "EMPRESA": "TELCOS - NO SE IDENTIFICA", "fecha_ingr": null, "long": 0.04, "longitud_m": 44.919254927491529 }, "geometry": { "type": "LineString", "coordinates": [ [ -58.371455, -34.620268 ], [ -58.371422, -34.620672 ] ] } },
{ "type": "Feature", "properties": { "TELECOM": null, "nomoficial": "HUMBERTO 1°", "COM_PAR": "1", "id_street": "14605", "alt_derfin": "299", "ZONA": "2", "alt_derini": "201", "TELEFONICA": null, "alt_izqfin": "300", "BARRIO": "SAN TELMO", "COMUNA": "1", "alt_izqini": "202", "codigo": "8035", "BARRIO_PAR": "SAN TELMO", "id": "14605", "TELECENTRO": null, "EMPRESA": "TELCOS - NO SE IDENTIFICA", "fecha_ingr": null, "long": 0.14, "longitud_m": 141.57914990204341 }, "geometry": { "type": "LineString", "coordinates": [ [ -58.368437, -34.620596 ], [ -58.369978, -34.620673 ] ] } },
{ "type": "Feature", "properties": { "TELECOM": null, "nomoficial": "BALCARCE", "COM_PAR": "1", "id_street": "14606", "alt_derfin": "1099", "ZONA": "2", "alt_derini": "1001", "TELEFONICA": "TELEFONICA", "alt_izqfin": "1100", "BARRIO": "SAN TELMO", "COMUNA": "1", "alt_izqini": "1002", "codigo": "2014", "BARRIO_PAR": "SAN TELMO", "id": "14606", "TELECENTRO": null, "EMPRESA": "TELEFONICA", "fecha_ingr": null, "long": 0.14, "longitud_m": 143.29165161634893 }, "geometry": { "type": "LineString", "coordinates": [ [ -58.370111, -34.619386 ], [ -58.369978, -34.620673 ] ] } },
{ "type": "Feature", "properties": { "TELECOM": null, "nomoficial": "BOLIVAR", "COM_PAR": "1", "id_street": "14616", "alt_derfin": "1099", "ZONA": "2", "alt_derini": "1001", "TELEFONICA": "TELEFONICA", "alt_izqfin": "1100", "BARRIO": "SAN TELMO", "COMUNA": "1", "alt_izqini": "1002", "codigo": "2092", "BARRIO_PAR": "SAN TELMO", "id": "14616", "TELECENTRO": "TELECENTRO", "EMPRESA": "TELECENTRO/TELEFONICA", "fecha_ingr": null, "long": 0.12, "longitud_m": 124.28609820985918 }, "geometry": { "type": "LineString", "coordinates": [ [ -58.372942, -34.619603 ], [ -58.372854, -34.620721 ] ] } },
{ "type": "Feature", "properties": { "TELECOM": null, "nomoficial": "HUMBERTO 1°", "COM_PAR": "1", "id_street": "14648", "alt_derfin": "699", "ZONA": "2", "alt_derini": "601", "TELEFONICA": "TELEFONICA", "alt_izqfin": "700", "BARRIO": "SAN TELMO", "COMUNA": "1", "alt_izqini": "602", "codigo": "8035", "BARRIO_PAR": "SAN TELMO", "id": "14648", "TELECENTRO": "TELECENTRO", "EMPRESA": "TELECENTRO/TELEFONICA", "fecha_ingr": null, "long": 0.14, "longitud_m": 138.78715855884155 }, "geometry": { "type": "LineString", "coordinates": [ [ -58.374228, -34.620759 ], [ -58.375739, -34.620829 ] ] } },
{ "type": "Feature", "properties": { "TELECOM": null, "nomoficial": "AZOPARDO", "COM_PAR": "1", "id_street": "14852", "alt_derfin": "1199", "ZONA": "2", "alt_derini": "1101", "TELEFONICA": null, "alt_izqfin": "1200", "BARRIO": "SAN TELMO", "COMUNA": "1", "alt_izqini": "1102", "codigo": "1149", "BARRIO_PAR": "SAN TELMO", "id": "14852", "TELECENTRO": null, "EMPRESA": "TELCOS - NO SE IDENTIFICA", "fecha_ingr": null, "long": 0.12, "longitud_m": 122.34338469655864 }, "geometry": { "type": "LineString", "coordinates": [ [ -58.367027, -34.620485 ], [ -58.366902, -34.621583 ] ] } },
{ "type": "Feature", "properties": { "TELECOM": null, "nomoficial": "BALCARCE", "COM_PAR": "1", "id_street": "14886", "alt_derfin": "1199", "ZONA": "2", "alt_derini": "1101", "TELEFONICA": null, "alt_izqfin": "1200", "BARRIO": "SAN TELMO", "COMUNA": "1", "alt_izqini": "1102", "codigo": "2014", "BARRIO_PAR": "SAN TELMO", "id": "14886", "TELECENTRO": null, "EMPRESA": "TELCOS - NO SE IDENTIFICA", "fecha_ingr": null, "long": 0.12, "longitud_m": 122.11887400238898 }, "geometry": { "type": "LineString", "coordinates": [ [ -58.369978, -34.620673 ], [ -58.369753, -34.621758 ] ] } },
{ "type": "Feature", "properties": { "TELECOM": "TELECOM", "nomoficial": "SAN JUAN AV.", "COM_PAR": "1", "id_street": "14909", "alt_derfin": "399", "ZONA": "2", "alt_derini": "301", "TELEFONICA": null, "alt_izqfin": "400", "BARRIO": "SAN TELMO", "COMUNA": "1", "alt_izqini": "302", "codigo": "20040", "BARRIO_PAR": "SAN TELMO", "id": "14909", "TELECENTRO": null, "EMPRESA": "TELECOM", "fecha_ingr": null, "long": 0.15, "longitud_m": 145.51356147228876 }, "geometry": { "type": "LineString", "coordinates": [ [ -58.369753, -34.621758 ], [ -58.371337, -34.621835 ] ] } },
{ "type": "Feature", "properties": { "TELECOM": null, "nomoficial": "DEFENSA", "COM_PAR": "1", "id_street": "14910", "alt_derfin": "1199", "ZONA": "2", "alt_derini": "1101", "TELEFONICA": "TELEFONICA", "alt_izqfin": "1200", "BARRIO": "SAN TELMO", "COMUNA": "1", "alt_izqini": "1102", "codigo": "4016", "BARRIO_PAR": "SAN TELMO", "id": "14910", "TELECENTRO": null, "EMPRESA": "TELEFONICA", "fecha_ingr": null, "long": 0.13, "longitud_m": 129.25111555030418 }, "geometry": { "type": "LineString", "coordinates": [ [ -58.371422, -34.620672 ], [ -58.371337, -34.621835 ] ] } },
{ "type": "Feature", "properties": { "TELECOM": "TELECOM", "nomoficial": "SAN JUAN AV.", "COM_PAR": "1", "id_street": "14934", "alt_derfin": "499", "ZONA": "2", "alt_derini": "401", "TELEFONICA": null, "alt_izqfin": "500", "BARRIO": "SAN TELMO", "COMUNA": "1", "alt_izqini": "402", "codigo": "20040", "BARRIO_PAR": "SAN TELMO", "id": "14934", "TELECENTRO": null, "EMPRESA": "TELECOM", "fecha_ingr": null, "long": 0.13, "longitud_m": 134.48297407939307 }, "geometry": { "type": "LineString", "coordinates": [ [ -58.371337, -34.621835 ], [ -58.372802, -34.621889 ] ] } },
{ "type": "Feature", "properties": { "TELECOM": null, "nomoficial": "PERU", "COM_PAR": "1", "id_street": "14947", "alt_derfin": "1199", "ZONA": "2", "alt_derini": "1101", "TELEFONICA": null, "alt_izqfin": "1200", "BARRIO": "SAN TELMO", "COMUNA": "1", "alt_izqini": "1102", "codigo": "17071", "BARRIO_PAR": "SAN TELMO", "id": "14947", "TELECENTRO": null, "EMPRESA": "TELCOS - NO SE IDENTIFICA", "fecha_ingr": null, "long": 0.13, "longitud_m": 131.35369313308678 }, "geometry": { "type": "LineString", "coordinates": [ [ -58.374228, -34.620759 ], [ -58.374167, -34.621942 ] ] } },
{ "type": "Feature", "properties": { "TELECOM": null, "nomoficial": "SAN JUAN AV.", "COM_PAR": "1", "id_street": "14958", "alt_derfin": "699", "ZONA": "2", "alt_derini": "601", "TELEFONICA": null, "alt_izqfin": "700", "BARRIO": "SAN TELMO", "COMUNA": "1", "alt_izqini": "602", "codigo": "20040", "BARRIO_PAR": "SAN TELMO", "id": "14958", "TELECENTRO": null, "EMPRESA": "TELCOS - NO SE IDENTIFICA", "fecha_ingr": null, "long": 0.14, "longitud_m": 135.97960736124799 }, "geometry": { "type": "LineString", "coordinates": [ [ -58.374167, -34.621942 ], [ -58.375648, -34.622002 ] ] } },
{ "type": "Feature", "properties": { "TELECOM": null, "nomoficial": "CHACABUCO", "COM_PAR": "1", "id_street": "14959", "alt_derfin": "1199", "ZONA": "2", "alt_derini": "1101", "TELEFONICA": null, "alt_izqfin": "1200", "BARRIO": "SAN TELMO", "COMUNA": "1", "alt_izqini": "1102", "codigo": "3214", "BARRIO_PAR": "SAN TELMO", "id": "14959", "TELECENTRO": null, "EMPRESA": "TELCOS - NO SE IDENTIFICA", "fecha_ingr": null, "long": 0.13, "longitud_m": 130.39251212502447 }, "geometry": { "type": "LineString", "coordinates": [ [ -58.375739, -34.620829 ], [ -58.375648, -34.622002 ] ] } },
{ "type": "Feature", "properties": { "TELECOM": null, "nomoficial": "COCHABAMBA", "COM_PAR": "1", "id_street": "15168", "alt_derfin": "199", "ZONA": "2", "alt_derini": "101", "TELEFONICA": null, "alt_izqfin": "200", "BARRIO": "SAN TELMO", "COMUNA": "1", "alt_izqini": "102", "codigo": "3134", "BARRIO_PAR": "SAN TELMO", "id": "15168", "TELECENTRO": null, "EMPRESA": "TELCOS - NO SE IDENTIFICA", "fecha_ingr": null, "long": 0.13, "longitud_m": 130.43702080768574 }, "geometry": { "type": "LineString", "coordinates": [ [ -58.366775, -34.622699 ], [ -58.368191, -34.62281 ] ] } },
{ "type": "Feature", "properties": { "TELECOM": "TELECOM", "nomoficial": "COCHABAMBA", "COM_PAR": "1", "id_street": "15212", "alt_derfin": "299", "ZONA": "2", "alt_derini": "201", "TELEFONICA": null, "alt_izqfin": "300", "BARRIO": "SAN TELMO", "COMUNA": "1", "alt_izqini": "202", "codigo": "3134", "BARRIO_PAR": "SAN TELMO", "id": "15212", "TELECENTRO": "TELECENTRO", "EMPRESA": "TELECOM/TELECENTRO", "fecha_ingr": null, "long": 0.14, "longitud_m": 144.6115893098758 }, "geometry": { "type": "LineString", "coordinates": [ [ -58.368191, -34.62281 ], [ -58.369761, -34.622932 ] ] } },
{ "type": "Feature", "properties": { "TELECOM": "TELECOM", "nomoficial": "COCHABAMBA", "COM_PAR": "1", "id_street": "15271", "alt_derfin": "499", "ZONA": "2", "alt_derini": "401", "TELEFONICA": null, "alt_izqfin": "500", "BARRIO": "SAN TELMO", "COMUNA": "1", "alt_izqini": "402", "codigo": "3134", "BARRIO_PAR": "SAN TELMO", "id": "15271", "TELECENTRO": "TELECENTRO", "EMPRESA": "TELECOM/TELECENTRO", "fecha_ingr": null, "long": 0.13, "longitud_m": 134.51878833213377 }, "geometry": { "type": "LineString", "coordinates": [ [ -58.371273, -34.623049 ], [ -58.372736, -34.623137 ] ] } },
{ "type": "Feature", "properties": { "TELECOM": null, "nomoficial": "BALCARCE", "COM_PAR": "1", "id_street": "15585", "alt_derfin": "1399", "ZONA": "2", "alt_derini": "1301", "TELEFONICA": null, "alt_izqfin": "1400", "BARRIO": "SAN TELMO", "COMUNA": "1", "alt_izqini": "1302", "codigo": "2014", "BARRIO_PAR": "SAN TELMO", "id": "15585", "TELECENTRO": null, "EMPRESA": "TELCOS - NO SE IDENTIFICA", "fecha_ingr": null, "long": 0.14, "longitud_m": 136.11642007007731 }, "geometry": { "type": "LineString", "coordinates": [ [ -58.369761, -34.622932 ], [ -58.369756, -34.624159 ] ] } },
{ "type": "Feature", "properties": { "TELECOM": "TELECOM", "nomoficial": "GARAY, JUAN DE AV.", "COM_PAR": "1", "id_street": "15604", "alt_derfin": "399", "ZONA": "2", "alt_derini": "301", "TELEFONICA": null, "alt_izqfin": "400", "BARRIO": "SAN TELMO", "COMUNA": "1", "alt_izqini": "302", "codigo": "7026", "BARRIO_PAR": "SAN TELMO", "id": "15604", "TELECENTRO": "TELECENTRO", "EMPRESA": "TELECOM/TELECENTRO", "fecha_ingr": null, "long": 0.13, "longitud_m": 131.96306795838447 }, "geometry": { "type": "LineString", "coordinates": [ [ -58.369756, -34.624159 ], [ -58.371192, -34.624236 ] ] } },
{ "type": "Feature", "properties": { "TELECOM": null, "nomoficial": "GARAY, JUAN DE AV.", "COM_PAR": "1", "id_street": "15628", "alt_derfin": "499", "ZONA": "2", "alt_derini": "401", "TELEFONICA": null, "alt_izqfin": "500", "BARRIO": "SAN TELMO", "COMUNA": "1", "alt_izqini": "402", "codigo": "7026", "BARRIO_PAR": "SAN TELMO", "id": "15628", "TELECENTRO": null, "EMPRESA": "TELCOS - NO SE IDENTIFICA", "fecha_ingr": null, "long": 0.14, "longitud_m": 136.24681123630253 }, "geometry": { "type": "LineString", "coordinates": [ [ -58.371192, -34.624236 ], [ -58.372674, -34.624323 ] ] } },
{ "type": "Feature", "properties": { "TELECOM": null, "nomoficial": "BOLIVAR", "COM_PAR": "1", "id_street": "15629", "alt_derfin": "1399", "ZONA": "2", "alt_derini": "1301", "TELEFONICA": null, "alt_izqfin": "1400", "BARRIO": "SAN TELMO", "COMUNA": "1", "alt_izqini": "1302", "codigo": "2092", "BARRIO_PAR": "SAN TELMO", "id": "15629", "TELECENTRO": null, "EMPRESA": "TELCOS - NO SE IDENTIFICA", "fecha_ingr": null, "long": 0.13, "longitud_m": 131.69016491522595 }, "geometry": { "type": "LineString", "coordinates": [ [ -58.372736, -34.623137 ], [ -58.372674, -34.624323 ] ] } },
{ "type": "Feature", "properties": { "TELECOM": null, "nomoficial": "GARAY, JUAN DE AV.", "COM_PAR": "1", "id_street": "15655", "alt_derfin": "599", "ZONA": "2", "alt_derini": "501", "TELEFONICA": null, "alt_izqfin": "600", "BARRIO": "SAN TELMO", "COMUNA": "1", "alt_izqini": "502", "codigo": "7026", "BARRIO_PAR": "SAN TELMO", "id": "15655", "TELECENTRO": null, "EMPRESA": "TELCOS - NO SE IDENTIFICA", "fecha_ingr": null, "long": 0.13, "longitud_m": 125.24268335734729 }, "geometry": { "type": "LineString", "coordinates": [ [ -58.372674, -34.624323 ], [ -58.374033, -34.624435 ] ] } },
{ "type": "Feature", "properties": { "TELECOM": null, "nomoficial": "PERU", "COM_PAR": "1", "id_street": "15656", "alt_derfin": "1399", "ZONA": "2", "alt_derini": "1301", "TELEFONICA": null, "alt_izqfin": "1400", "BARRIO": "SAN TELMO", "COMUNA": "1", "alt_izqini": "1302", "codigo": "17071", "BARRIO_PAR": "SAN TELMO", "id": "15656", "TELECENTRO": null, "EMPRESA": "TELCOS - NO SE IDENTIFICA", "fecha_ingr": null, "long": 0.13, "longitud_m": 130.88056181097411 }, "geometry": { "type": "LineString", "coordinates": [ [ -58.374112, -34.623257 ], [ -58.374033, -34.624435 ] ] } },
{ "type": "Feature", "properties": { "TELECOM": null, "nomoficial": "AZOPARDO", "COM_PAR": "1", "id_street": "15881", "alt_derfin": "1499", "ZONA": "2", "alt_derini": "1401", "TELEFONICA": null, "alt_izqfin": "1500", "BARRIO": "SAN TELMO", "COMUNA": "1", "alt_izqini": "1402", "codigo": "1149", "BARRIO_PAR": "SAN TELMO", "id": "15881", "TELECENTRO": "TELECENTRO", "EMPRESA": "TELECENTRO", "fecha_ingr": null, "long": 0.13, "longitud_m": 129.99069660531489 }, "geometry": { "type": "LineString", "coordinates": [ [ -58.36662, -34.624027 ], [ -58.366492, -34.625194 ] ] } },
{ "type": "Feature", "properties": { "TELECOM": "TELECOM", "nomoficial": "BRASIL AV.", "COM_PAR": "4", "id_street": "15882", "alt_derfin": "199", "ZONA": "2", "alt_derini": "101", "TELEFONICA": null, "alt_izqfin": "200", "BARRIO": "BOCA", "COMUNA": "4", "alt_izqini": "102", "codigo": "2111", "BARRIO_PAR": "BOCA", "id": "15882", "TELECENTRO": "TELECENTRO", "EMPRESA": "TELECOM/TELECENTRO", "fecha_ingr": null, "long": 0.14, "longitud_m": 135.99476356274985 }, "geometry": { "type": "LineString", "coordinates": [ [ -58.366492, -34.625194 ], [ -58.367975, -34.625194 ] ] } },
{ "type": "Feature", "properties": { "TELECOM": null, "nomoficial": "BRASIL AV.", "COM_PAR": "1", "id_street": "15921", "alt_derfin": "399", "ZONA": "2", "alt_derini": "301", "TELEFONICA": null, "alt_izqfin": "400", "BARRIO": "SAN TELMO", "COMUNA": "1", "alt_izqini": "302", "codigo": "2111", "BARRIO_PAR": "SAN TELMO", "id": "15921", "TELECENTRO": null, "EMPRESA": "TELCOS - NO SE IDENTIFICA", "fecha_ingr": null, "long": 0.13, "longitud_m": 125.99160020787745 }, "geometry": { "type": "LineString", "coordinates": [ [ -58.369727, -34.625294 ], [ -58.371098, -34.625368 ] ] } },
{ "type": "Feature", "properties": { "TELECOM": null, "nomoficial": "DEFENSA", "COM_PAR": "1", "id_street": "15922", "alt_derfin": "1499", "ZONA": "2", "alt_derini": "1401", "TELEFONICA": null, "alt_izqfin": "1500", "BARRIO": "SAN TELMO", "COMUNA": "1", "alt_izqini": "1402", "codigo": "4016", "BARRIO_PAR": "SAN TELMO", "id": "15922", "TELECENTRO": null, "EMPRESA": "TELCOS - NO SE IDENTIFICA", "fecha_ingr": null, "long": 0.13, "longitud_m": 125.8724816710511 }, "geometry": { "type": "LineString", "coordinates": [ [ -58.371192, -34.624236 ], [ -58.371098, -34.625368 ] ] } },
{ "type": "Feature", "properties": { "TELECOM": null, "nomoficial": "BRASIL", "COM_PAR": "1", "id_street": "15938", "alt_derfin": "499", "ZONA": "2", "alt_derini": "401", "TELEFONICA": null, "alt_izqfin": "500", "BARRIO": "SAN TELMO", "COMUNA": "1", "alt_izqini": "402", "codigo": "2111", "BARRIO_PAR": "SAN TELMO", "id": "15938", "TELECENTRO": null, "EMPRESA": "TELCOS - NO SE IDENTIFICA", "fecha_ingr": null, "long": 0.14, "longitud_m": 140.7426912554034 }, "geometry": { "type": "LineString", "coordinates": [ [ -58.371098, -34.625368 ], [ -58.372627, -34.625478 ] ] } },
{ "type": "Feature", "properties": { "TELECOM": null, "nomoficial": "BOLIVAR", "COM_PAR": "1", "id_street": "16279", "alt_derfin": "1599", "ZONA": "2", "alt_derini": "1501", "TELEFONICA": null, "alt_izqfin": "1600", "BARRIO": "SAN TELMO", "COMUNA": "1", "alt_izqini": "1502", "codigo": "2092", "BARRIO_PAR": "SAN TELMO", "id": "16279", "TELECENTRO": null, "EMPRESA": "TELCOS - NO SE IDENTIFICA", "fecha_ingr": null, "long": 0.14, "longitud_m": 135.50918448816108 }, "geometry": { "type": "LineString", "coordinates": [ [ -58.372627, -34.625478 ], [ -58.372553, -34.626698 ] ] } },
{ "type": "Feature", "properties": { "TELECOM": null, "nomoficial": "PERU", "COM_PAR": "1", "id_street": "16298", "alt_derfin": "1599", "ZONA": "2", "alt_derini": "1501", "TELEFONICA": null, "alt_izqfin": "1600", "BARRIO": "SAN TELMO", "COMUNA": "1", "alt_izqini": "1502", "codigo": "17071", "BARRIO_PAR": "SAN TELMO", "id": "16298", "TELECENTRO": null, "EMPRESA": "TELCOS - NO SE IDENTIFICA", "fecha_ingr": null, "long": 0.13, "longitud_m": 131.69835714200744 }, "geometry": { "type": "LineString", "coordinates": [ [ -58.37397, -34.625557 ], [ -58.373883, -34.626742 ] ] } },
{ "type": "Feature", "properties": { "TELECOM": "TELECOM", "nomoficial": "DEFENSA", "COM_PAR": "1", "id_street": "16690", "alt_derfin": "1699", "ZONA": "2", "alt_derini": "1601", "TELEFONICA": null, "alt_izqfin": "1700", "BARRIO": "SAN TELMO", "COMUNA": "1", "alt_izqini": "1602", "codigo": "4016", "BARRIO_PAR": "SAN TELMO", "id": "16690", "TELECENTRO": "TELECENTRO", "EMPRESA": "TELECOM/TELECENTRO", "fecha_ingr": null, "long": 0.16, "longitud_m": 163.59520496635915 }, "geometry": { "type": "LineString", "coordinates": [ [ -58.370968, -34.626646 ], [ -58.370798, -34.628114 ] ] } },
{ "type": "Feature", "properties": { "TELECOM": null, "nomoficial": "BOLIVAR", "COM_PAR": "4", "id_street": "17058", "alt_derfin": "1799", "ZONA": "2", "alt_derini": "1789", "TELEFONICA": null, "alt_izqfin": "1808", "BARRIO": "BARRACAS", "COMUNA": "4", "alt_izqini": "1802", "codigo": "2092", "BARRIO_PAR": "BARRACAS", "id": "17058", "TELECENTRO": "TELECENTRO", "EMPRESA": "TELECENTRO", "fecha_ingr": null, "long": 0.02, "longitud_m": 18.763434670789898 }, "geometry": { "type": "LineString", "coordinates": [ [ -58.372031, -34.629268 ], [ -58.371986, -34.629433 ] ] } },
{ "type": "Feature", "properties": { "TELECOM": null, "nomoficial": "ITUZAINGO", "COM_PAR": "4", "id_street": "17069", "alt_derfin": "571", "ZONA": "2", "alt_derini": "501", "TELEFONICA": null, "alt_izqfin": "572", "BARRIO": "BARRACAS", "COMUNA": "4", "alt_izqini": "502", "codigo": "9029", "BARRIO_PAR": "BARRACAS", "id": "17069", "TELECENTRO": "TELECENTRO", "EMPRESA": "TELECENTRO", "fecha_ingr": null, "long": 0.11, "longitud_m": 110.96069075181116 }, "geometry": { "type": "LineString", "coordinates": [ [ -58.37209, -34.629047 ], [ -58.373191, -34.629462 ] ] } },
{ "type": "Feature", "properties": { "TELECOM": null, "nomoficial": "PERU", "COM_PAR": "4", "id_street": "17070", "alt_derfin": "1799", "ZONA": "2", "alt_derini": "1701", "TELEFONICA": null, "alt_izqfin": "1800", "BARRIO": "BARRACAS", "COMUNA": "4", "alt_izqini": "1702", "codigo": "17071", "BARRIO_PAR": "BARRACAS", "id": "17070", "TELECENTRO": "TELECENTRO", "EMPRESA": "TELECENTRO", "fecha_ingr": null, "long": 0.14, "longitud_m": 138.38211174346677 }, "geometry": { "type": "LineString", "coordinates": [ [ -58.3735, -34.628241 ], [ -58.373191, -34.629462 ] ] } },
{ "type": "Feature", "properties": { "TELECOM": null, "nomoficial": "DEFENSA", "COM_PAR": "1", "id_street": "17088", "alt_derfin": "1851", "ZONA": "2", "alt_derini": "1801", "TELEFONICA": null, "alt_izqfin": "1852", "BARRIO": "SAN TELMO", "COMUNA": "1", "alt_izqini": "1802", "codigo": "4016", "BARRIO_PAR": "SAN TELMO", "id": "17088", "TELECENTRO": "TELECENTRO", "EMPRESA": "TELECENTRO", "fecha_ingr": null, "long": 0.03, "longitud_m": 33.876249171186807 }, "geometry": { "type": "LineString", "coordinates": [ [ -58.370697, -34.629188 ], [ -58.370662, -34.629492 ] ] } },
{ "type": "Feature", "properties": { "TELECOM": null, "nomoficial": "PIEDRAS", "COM_PAR": "4", "id_street": "17122", "alt_derfin": "1799", "ZONA": "2", "alt_derini": "1701", "TELEFONICA": null, "alt_izqfin": "1800", "BARRIO": "BARRACAS", "COMUNA": "4", "alt_izqini": "1702", "codigo": "17078", "BARRIO_PAR": "BARRACAS", "id": "17122", "TELECENTRO": "TELECENTRO", "EMPRESA": "TELECENTRO", "fecha_ingr": null, "long": 0.15, "longitud_m": 145.01208473011496 }, "geometry": { "type": "LineString", "coordinates": [ [ -58.374563, -34.628592 ], [ -58.373681, -34.629677 ] ] } },
{ "type": "Feature", "properties": { "TELECOM": null, "nomoficial": "BOLIVAR", "COM_PAR": "4", "id_street": "17368", "alt_derfin": "1899", "ZONA": "2", "alt_derini": "1801", "TELEFONICA": null, "alt_izqfin": "1900", "BARRIO": "BARRACAS", "COMUNA": "4", "alt_izqini": "1810", "codigo": "2092", "BARRIO_PAR": "BARRACAS", "id": "17368", "TELECENTRO": "TELECENTRO", "EMPRESA": "TELECENTRO", "fecha_ingr": null, "long": 0.12, "longitud_m": 124.19004488198217 }, "geometry": { "type": "LineString", "coordinates": [ [ -58.371986, -34.629433 ], [ -58.371667, -34.630521 ] ] } },
{ "type": "Feature", "properties": { "TELECOM": "TELECOM", "nomoficial": "SIN NOMBRE OFICIAL (ALT. PI Y MARGALL 900)", "COM_PAR": "4", "id_street": "17382", "alt_derfin": "999", "ZONA": "2", "alt_derini": "901", "TELEFONICA": null, "alt_izqfin": "1000", "BARRIO": "BOCA", "COMUNA": "4", "alt_izqini": "902", "codigo": "30065", "BARRIO_PAR": "BOCA", "id": "17382", "TELECENTRO": "TELECENTRO", "EMPRESA": "TELECOM/TELECENTRO", "fecha_ingr": null, "long": 0.12, "longitud_m": 116.16788775350975 }, "geometry": { "type": "LineString", "coordinates": [ [ -58.367166, -34.630335 ], [ -58.368391, -34.630602 ] ] } },
{ "type": "Feature", "properties": { "TELECOM": null, "nomoficial": "PIEDRAS", "COM_PAR": "4", "id_street": "17438", "alt_derfin": "1999", "ZONA": "2", "alt_derini": "1901", "TELEFONICA": null, "alt_izqfin": "2000", "BARRIO": "BARRACAS", "COMUNA": "4", "alt_izqini": "1902", "codigo": "17078", "BARRIO_PAR": "BARRACAS", "id": "17438", "TELECENTRO": "TELECENTRO", "EMPRESA": "TELECENTRO", "fecha_ingr": null, "long": 0.1, "longitud_m": 98.403336032685601 }, "geometry": { "type": "LineString", "coordinates": [ [ -58.372778, -34.630252 ], [ -58.371937, -34.630803 ] ] } },
{ "type": "Feature", "properties": { "TELECOM": null, "nomoficial": "PI Y MARGALL", "COM_PAR": "4", "id_street": "17480", "alt_derfin": "1299", "ZONA": "2", "alt_derini": "1201", "TELEFONICA": null, "alt_izqfin": "1300", "BARRIO": "BARRACAS", "COMUNA": "4", "alt_izqini": "1202", "codigo": "17094", "BARRIO_PAR": "BARRACAS", "id": "17480", "TELECENTRO": "TELECENTRO", "EMPRESA": "TELECENTRO", "fecha_ingr": null, "long": 0.1, "longitud_m": 98.667941626528901 }, "geometry": { "type": "LineString", "coordinates": [ [ -58.370537, -34.630808 ], [ -58.3716, -34.630946 ] ] } },
{ "type": "Feature", "properties": { "TELECOM": null, "nomoficial": "LIBERTI, TOMAS", "COM_PAR": "4", "id_street": "17714", "alt_derfin": "1199", "ZONA": "2", "alt_derini": "1101", "TELEFONICA": null, "alt_izqfin": "1200", "BARRIO": "BOCA", "COMUNA": "4", "alt_izqini": "1102", "codigo": "12108", "BARRIO_PAR": "BOCA", "id": "17714", "TELECENTRO": "TELECENTRO", "EMPRESA": "TELECENTRO", "fecha_ingr": null, "long": 0.12, "longitud_m": 123.84645359914175 }, "geometry": { "type": "LineString", "coordinates": [ [ -58.369114, -34.631612 ], [ -58.370456, -34.631738 ] ] } },
{ "type": "Feature", "properties": { "TELECOM": null, "nomoficial": "LIBERTI, TOMAS", "COM_PAR": "4", "id_street": "17745", "alt_derfin": "1299", "ZONA": "2", "alt_derini": "1201", "TELEFONICA": null, "alt_izqfin": "1300", "BARRIO": "BARRACAS", "COMUNA": "4", "alt_izqini": "1202", "codigo": "12108", "BARRIO_PAR": "BARRACAS", "id": "17745", "TELECENTRO": "TELECENTRO", "EMPRESA": "TELECENTRO", "fecha_ingr": null, "long": 0.09, "longitud_m": 87.381519372185508 }, "geometry": { "type": "LineString", "coordinates": [ [ -58.370456, -34.631738 ], [ -58.371402, -34.631833 ] ] } },
{ "type": "Feature", "properties": { "TELECOM": null, "nomoficial": "RUY DIAZ DE GUZMAN", "COM_PAR": "4", "id_street": "17746", "alt_derfin": "99", "ZONA": "2", "alt_derini": "31", "TELEFONICA": null, "alt_izqfin": "100", "BARRIO": "BARRACAS", "COMUNA": "4", "alt_izqini": "32", "codigo": "19098", "BARRIO_PAR": "BARRACAS", "id": "17746", "TELECENTRO": "TELECENTRO", "EMPRESA": "TELECENTRO", "fecha_ingr": null, "long": 0.09, "longitud_m": 90.571735088093391 }, "geometry": { "type": "LineString", "coordinates": [ [ -58.371587, -34.631031 ], [ -58.371402, -34.631833 ] ] } },
{ "type": "Feature", "properties": { "TELECOM": null, "nomoficial": "MADERO, EDUARDO AV.", "COM_PAR": "1", "id_street": "8087", "alt_derfin": "1499", "ZONA": "3", "alt_derini": "1023", "TELEFONICA": null, "alt_izqfin": "1500", "BARRIO": "RETIRO", "COMUNA": "1", "alt_izqini": "1024", "codigo": "13008", "BARRIO_PAR": "RETIRO", "id": "8087", "TELECENTRO": null, "EMPRESA": "TELCOS - NO SE IDENTIFICA", "fecha_ingr": null, "long": 0.49, "longitud_m": 487.94064380413738 }, "geometry": { "type": "LineString", "coordinates": [ [ -58.370483, -34.595927 ], [ -58.372193, -34.591762 ] ] } },
{ "type": "Feature", "properties": { "TELECOM": null, "nomoficial": "ALEM, LEANDRO N. AV.", "COM_PAR": "1", "id_street": "9882", "alt_derfin": "0", "ZONA": "3", "alt_derini": "0", "TELEFONICA": null, "alt_izqfin": "0", "BARRIO": "SAN NICOLAS", "COMUNA": "1", "alt_izqini": "0", "codigo": "1037", "BARRIO_PAR": "SAN NICOLAS", "id": "9882", "TELECENTRO": null, "EMPRESA": "TELCOS - NO SE IDENTIFICA", "fecha_ingr": null, "long": 0.12, "longitud_m": 124.3006100179599 }, "geometry": { "type": "LineString", "coordinates": [ [ -58.370268, -34.603006 ], [ -58.370375, -34.601889 ] ] } },
{ "type": "Feature", "properties": { "TELECOM": null, "nomoficial": "PASEO COLON AV.", "COM_PAR": "1", "id_street": "15169", "alt_derfin": "1299", "ZONA": "2", "alt_derini": "1201", "TELEFONICA": null, "alt_izqfin": "1300", "BARRIO": "SAN TELMO", "COMUNA": "1", "alt_izqini": "1202", "codigo": "17028", "BARRIO_PAR": "SAN TELMO", "id": "15169", "TELECENTRO": null, "EMPRESA": "TELCOS - NO SE IDENTIFICA", "fecha_ingr": null, "long": 0.13, "longitud_m": 125.20690960116812 }, "geometry": { "type": "LineString", "coordinates": [ [ -58.368315, -34.621686 ], [ -58.368191, -34.62281 ] ] } },
{ "type": "Feature", "properties": { "TELECOM": null, "nomoficial": "CASEROS AV.", "COM_PAR": "4", "id_street": "16278", "alt_derfin": "0", "ZONA": "2", "alt_derini": "0", "TELEFONICA": null, "alt_izqfin": "500", "BARRIO": "BARRACAS", "COMUNA": "4", "alt_izqini": "402", "codigo": "3085", "BARRIO_PAR": "BARRACAS", "id": "16278", "TELECENTRO": null, "EMPRESA": "TELCOS - NO SE IDENTIFICA", "fecha_ingr": null, "long": 0.15, "longitud_m": 146.28340207413666 }, "geometry": { "type": "LineString", "coordinates": [ [ -58.370968, -34.626646 ], [ -58.371107, -34.62669 ], [ -58.372549, -34.626783 ] ] } },
{ "type": "Feature", "properties": { "TELECOM": null, "nomoficial": "GARCIA, MARTIN AV.", "COM_PAR": "4", "id_street": "16757", "alt_derfin": "299", "ZONA": "2", "alt_derini": "231", "TELEFONICA": null, "alt_izqfin": "300", "BARRIO": "BOCA", "COMUNA": "4", "alt_izqini": "232", "codigo": "7032", "BARRIO_PAR": "BOCA", "id": "16757", "TELECENTRO": null, "EMPRESA": "TELCOS - NO SE IDENTIFICA", "fecha_ingr": null, "long": 0.11, "longitud_m": 113.04878772063843 }, "geometry": { "type": "LineString", "coordinates": [ [ -58.368617, -34.62757 ], [ -58.369449, -34.628322 ] ] } },
{ "type": "Feature", "properties": { "TELECOM": null, "nomoficial": "GARCIA, MARTIN AV.", "COM_PAR": "4", "id_street": "17437", "alt_derfin": "515", "ZONA": "2", "alt_derini": "501", "TELEFONICA": null, "alt_izqfin": "516", "BARRIO": "BARRACAS", "COMUNA": "4", "alt_izqini": "502", "codigo": "7032", "BARRIO_PAR": "BARRACAS", "id": "17437", "TELECENTRO": "TELECENTRO", "EMPRESA": "TELECENTRO", "fecha_ingr": null, "long": 0.04, "longitud_m": 39.894962173733568 }, "geometry": { "type": "LineString", "coordinates": [ [ -58.371667, -34.630521 ], [ -58.371937, -34.630803 ] ] } },
{ "type": "Feature", "properties": { "TELECOM": null, "nomoficial": "DEL LIBERTADOR AV.", "COM_PAR": "1", "id_street": "7522", "alt_derfin": "99", "ZONA": "3", "alt_derini": "1", "TELEFONICA": null, "alt_izqfin": "100", "BARRIO": "RETIRO", "COMUNA": "1", "alt_izqini": "2", "codigo": "12107", "BARRIO_PAR": "RETIRO", "id": "7522", "TELECENTRO": null, "EMPRESA": "TELCOS - NO SE IDENTIFICA", "fecha_ingr": null, "long": 0.16, "longitud_m": 163.54772526667924 }, "geometry": { "type": "LineString", "coordinates": [ [ -58.373842, -34.593568 ], [ -58.374562, -34.59322 ], [ -58.375335, -34.592765 ] ] } },
{ "type": "Feature", "properties": { "TELECOM": null, "nomoficial": "FLORIDA", "COM_PAR": "1", "id_street": "9665", "alt_derfin": "599", "ZONA": "3", "alt_derini": "501", "TELEFONICA": null, "alt_izqfin": "600", "BARRIO": "SAN NICOLAS", "COMUNA": "1", "alt_izqini": "502", "codigo": "6036", "BARRIO_PAR": "SAN NICOLAS", "id": "9665", "TELECENTRO": null, "EMPRESA": "TELCOS - NO SE IDENTIFICA", "fecha_ingr": null, "long": 0.13, "longitud_m": 130.14629935770662 }, "geometry": { "type": "LineString", "coordinates": [ [ -58.37527, -34.602221 ], [ -58.375334, -34.601049 ] ] } },
{ "type": "Feature", "properties": { "TELECOM": null, "nomoficial": "LAVALLE", "COM_PAR": "1", "id_street": "9683", "alt_derfin": "699", "ZONA": "3", "alt_derini": "601", "TELEFONICA": null, "alt_izqfin": "700", "BARRIO": "SAN NICOLAS", "COMUNA": "1", "alt_izqini": "602", "codigo": "12089", "BARRIO_PAR": "SAN NICOLAS", "id": "9683", "TELECENTRO": null, "EMPRESA": "TELCOS - NO SE IDENTIFICA", "fecha_ingr": null, "long": 0.13, "longitud_m": 132.11860987313887 }, "geometry": { "type": "LineString", "coordinates": [ [ -58.37527, -34.602221 ], [ -58.376707, -34.602302 ] ] } },
{ "type": "Feature", "properties": { "TELECOM": null, "nomoficial": "HUMBERTO 1°", "COM_PAR": "1", "id_street": "14608", "alt_derfin": "449", "ZONA": "2", "alt_derini": "401", "TELEFONICA": null, "alt_izqfin": "450", "BARRIO": "SAN TELMO", "COMUNA": "1", "alt_izqini": "402", "codigo": "8035", "BARRIO_PAR": "SAN TELMO", "id": "14608", "TELECENTRO": null, "EMPRESA": "TELCOS - NO SE IDENTIFICA", "fecha_ingr": null, "long": 0.06, "longitud_m": 61.029921734461567 }, "geometry": { "type": "LineString", "coordinates": [ [ -58.371422, -34.620672 ], [ -58.372087, -34.620693 ] ] } },
{ "type": "Feature", "properties": { "TELECOM": null, "nomoficial": "INDEPENDENCIA AV.", "COM_PAR": "1", "id_street": "28010", "alt_derfin": "0", "ZONA": "2", "alt_derini": "0", "TELEFONICA": null, "alt_izqfin": "0", "BARRIO": "SAN TELMO", "COMUNA": "1", "alt_izqini": "0", "codigo": "9010", "BARRIO_PAR": "SAN TELMO", "id": "28010", "TELECENTRO": null, "EMPRESA": "TELCOS - NO SE IDENTIFICA", "fecha_ingr": null, "long": 0.04, "longitud_m": 40.421568415374765 }, "geometry": { "type": "LineString", "coordinates": [ [ -58.368989, -34.617033 ], [ -58.369417, -34.61712 ] ] } },
{ "type": "Feature", "properties": { "TELECOM": null, "nomoficial": "INDEPENDENCIA AV.", "COM_PAR": "1", "id_street": "28033", "alt_derfin": "0", "ZONA": "4", "alt_derini": "0", "TELEFONICA": null, "alt_izqfin": "0", "BARRIO": "SAN TELMO", "COMUNA": "1", "alt_izqini": "0", "codigo": "9010", "BARRIO_PAR": "SAN TELMO", "id": "28033", "TELECENTRO": null, "EMPRESA": "TELCOS - NO SE IDENTIFICA", "fecha_ingr": null, "long": 0.03, "longitud_m": 27.961632883668727 }, "geometry": { "type": "LineString", "coordinates": [ [ -58.368686, -34.617005 ], [ -58.368989, -34.617033 ] ] } },
{ "type": "Feature", "properties": { "TELECOM": null, "nomoficial": "RAMOS MEJIA, JOSE MARIA, DR. AV.", "COM_PAR": "1", "id_street": "28054", "alt_derfin": "1599", "ZONA": "3", "alt_derini": "1501", "TELEFONICA": null, "alt_izqfin": "0", "BARRIO": "RETIRO", "COMUNA": "1", "alt_izqini": "0", "codigo": "19007", "BARRIO_PAR": "RETIRO", "id": "28054", "TELECENTRO": null, "EMPRESA": "TELCOS - NO SE IDENTIFICA", "fecha_ingr": null, "long": 0.16, "longitud_m": 155.20975707223226 }, "geometry": { "type": "LineString", "coordinates": [ [ -58.373008, -34.59025 ], [ -58.372309, -34.589405 ], [ -58.371877, -34.58929 ] ] } },
{ "type": "Feature", "properties": { "TELECOM": null, "nomoficial": "SAN MARTIN", "COM_PAR": "1", "id_street": "28056", "alt_derfin": "0", "ZONA": "3", "alt_derini": "0", "TELEFONICA": null, "alt_izqfin": "1400", "BARRIO": "RETIRO", "COMUNA": "1", "alt_izqini": "1352", "codigo": "20044", "BARRIO_PAR": "RETIRO", "id": "28056", "TELECENTRO": null, "EMPRESA": "TELCOS - NO SE IDENTIFICA", "fecha_ingr": null, "long": 0.12, "longitud_m": 122.27298796045942 }, "geometry": { "type": "LineString", "coordinates": [ [ -58.371856, -34.590862 ], [ -58.37109, -34.58996 ] ] } },
{ "type": "Feature", "properties": { "TELECOM": null, "nomoficial": "RAMOS MEJIA, JOSE MARIA, DR. AV.", "COM_PAR": "1", "id_street": "29858", "alt_derfin": "0", "ZONA": "3", "alt_derini": "0", "TELEFONICA": null, "alt_izqfin": "0", "BARRIO": "RETIRO", "COMUNA": "1", "alt_izqini": "0", "codigo": "19007", "BARRIO_PAR": "RETIRO", "id": "29858", "TELECENTRO": null, "EMPRESA": "TELCOS - NO SE IDENTIFICA", "fecha_ingr": null, "long": 0.06, "longitud_m": 56.502920202434936 }, "geometry": { "type": "LineString", "coordinates": [ [ -58.371877, -34.58929 ], [ -58.371563, -34.589269 ], [ -58.371305, -34.589397 ] ] } },
{ "type": "Feature", "properties": { "TELECOM": null, "nomoficial": "PASEO COLON AV.", "COM_PAR": "1", "id_street": "28954", "alt_derfin": "0", "ZONA": "2", "alt_derini": "0", "TELEFONICA": null, "alt_izqfin": "1100", "BARRIO": "SAN TELMO", "COMUNA": "1", "alt_izqini": "1002", "codigo": "17028", "BARRIO_PAR": "SAN TELMO", "id": "28954", "TELECENTRO": null, "EMPRESA": "TELCOS - NO SE IDENTIFICA", "fecha_ingr": null, "long": 0.13, "longitud_m": 131.94895114707913 }, "geometry": { "type": "LineString", "coordinates": [ [ -58.368486, -34.619411 ], [ -58.3684, -34.620311 ], [ -58.368437, -34.620596 ] ] } },
{ "type": "Feature", "properties": { "TELECOM": null, "nomoficial": "BALCARCE", "COM_PAR": "1", "id_street": "15213", "alt_derfin": "1249", "ZONA": "2", "alt_derini": "1201", "TELEFONICA": null, "alt_izqfin": "1250", "BARRIO": "SAN TELMO", "COMUNA": "1", "alt_izqini": "1202", "codigo": "2014", "BARRIO_PAR": "SAN TELMO", "id": "15213", "TELECENTRO": null, "EMPRESA": "TELCOS - NO SE IDENTIFICA", "fecha_ingr": null, "long": 0.06, "longitud_m": 58.462116284900922 }, "geometry": { "type": "LineString", "coordinates": [ [ -58.369753, -34.621758 ], [ -58.369752, -34.622285 ] ] } },
{ "type": "Feature", "properties": { "TELECOM": null, "nomoficial": "REGIMIENTO DE PATRICIOS AV.", "COM_PAR": "4", "id_street": "17135", "alt_derfin": "0", "ZONA": "2", "alt_derini": "0", "TELEFONICA": null, "alt_izqfin": "0", "BARRIO": "BOCA", "COMUNA": "4", "alt_izqini": "0", "codigo": "17034", "BARRIO_PAR": "BOCA", "id": "17135", "TELECENTRO": "TELECENTRO", "EMPRESA": "TELECENTRO", "fecha_ingr": null, "long": 0.03, "longitud_m": 26.297186150190186 }, "geometry": { "type": "LineString", "coordinates": [ [ -58.370662, -34.629492 ], [ -58.370635, -34.629728 ] ] } },
{ "type": "Feature", "properties": { "TELECOM": null, "nomoficial": "COMBATE DE COSTA BRAVA", "COM_PAR": "1", "id_street": "6548", "alt_derfin": "99", "ZONA": "3", "alt_derini": "1", "TELEFONICA": null, "alt_izqfin": "100", "BARRIO": "RETIRO", "COMUNA": "1", "alt_izqini": "2", "codigo": "3271", "BARRIO_PAR": "RETIRO", "id": "6548", "TELECENTRO": null, "EMPRESA": "TELCOS - NO SE IDENTIFICA", "fecha_ingr": null, "long": 0.1, "longitud_m": 97.741809850839843 }, "geometry": { "type": "LineString", "coordinates": [ [ -58.369189, -34.588606 ], [ -58.370072, -34.588113 ] ] } },
{ "type": "Feature", "properties": { "TELECOM": null, "nomoficial": "RAMOS MEJIA, JOSE MARIA, DR. AV.", "COM_PAR": "1", "id_street": "6696", "alt_derfin": "0", "ZONA": "3", "alt_derini": "0", "TELEFONICA": null, "alt_izqfin": "0", "BARRIO": "RETIRO", "COMUNA": "1", "alt_izqini": "0", "codigo": "19007", "BARRIO_PAR": "RETIRO", "id": "6696", "TELECENTRO": null, "EMPRESA": "TELCOS - NO SE IDENTIFICA", "fecha_ingr": null, "long": 0.06, "longitud_m": 62.844667008303148 }, "geometry": { "type": "LineString", "coordinates": [ [ -58.371877, -34.58929 ], [ -58.372231, -34.588805 ] ] } },
{ "type": "Feature", "properties": { "TELECOM": null, "nomoficial": "RAMOS MEJIA, JOSE MARIA, DR. AV.", "COM_PAR": "1", "id_street": "6908", "alt_derfin": "0", "ZONA": "3", "alt_derini": "0", "TELEFONICA": null, "alt_izqfin": "1560", "BARRIO": "RETIRO", "COMUNA": "1", "alt_izqini": "1502", "codigo": "19007", "BARRIO_PAR": "RETIRO", "id": "6908", "TELECENTRO": null, "EMPRESA": "TELCOS - NO SE IDENTIFICA", "fecha_ingr": null, "long": 0.11, "longitud_m": 106.24779784439555 }, "geometry": { "type": "LineString", "coordinates": [ [ -58.373264, -34.590113 ], [ -58.372611, -34.589322 ] ] } },
{ "type": "Feature", "properties": { "TELECOM": null, "nomoficial": "RAMOS MEJIA, JOSE MARIA, DR. AV.", "COM_PAR": "1", "id_street": "7099", "alt_derfin": "0", "ZONA": "3", "alt_derini": "0", "TELEFONICA": null, "alt_izqfin": "1500", "BARRIO": "RETIRO", "COMUNA": "1", "alt_izqini": "1402", "codigo": "19007", "BARRIO_PAR": "RETIRO", "id": "7099", "TELECENTRO": null, "EMPRESA": "TELCOS - NO SE IDENTIFICA", "fecha_ingr": null, "long": 0.14, "longitud_m": 138.48977888155076 }, "geometry": { "type": "LineString", "coordinates": [ [ -58.374073, -34.591167 ], [ -58.373264, -34.590113 ] ] } },
{ "type": "Feature", "properties": { "TELECOM": null, "nomoficial": "BASAVILBASO", "COM_PAR": "1", "id_street": "7511", "alt_derfin": "1399", "ZONA": "3", "alt_derini": "1301", "TELEFONICA": null, "alt_izqfin": "1400", "BARRIO": "RETIRO", "COMUNA": "1", "alt_izqini": "1302", "codigo": "2030", "BARRIO_PAR": "RETIRO", "id": "7511", "TELECENTRO": null, "EMPRESA": "TELCOS - NO SE IDENTIFICA", "fecha_ingr": null, "long": 0.12, "longitud_m": 119.23343583369383 }, "geometry": { "type": "LineString", "coordinates": [ [ -58.377091, -34.592872 ], [ -58.376674, -34.591854 ] ] } },
{ "type": "Feature", "properties": { "TELECOM": null, "nomoficial": "JUNCAL", "COM_PAR": "1", "id_street": "7512", "alt_derfin": "799", "ZONA": "3", "alt_derini": "701", "TELEFONICA": null, "alt_izqfin": "800", "BARRIO": "RETIRO", "COMUNA": "1", "alt_izqini": "702", "codigo": "10014", "BARRIO_PAR": "RETIRO", "id": "7512", "TELECENTRO": null, "EMPRESA": "TELCOS - NO SE IDENTIFICA", "fecha_ingr": null, "long": 0.14, "longitud_m": 137.06538098606796 }, "geometry": { "type": "LineString", "coordinates": [ [ -58.377091, -34.592872 ], [ -58.378585, -34.592886 ] ] } },
{ "type": "Feature", "properties": { "TELECOM": null, "nomoficial": "SUIPACHA", "COM_PAR": "1", "id_street": "7833", "alt_derfin": "1199", "ZONA": "3", "alt_derini": "1151", "TELEFONICA": null, "alt_izqfin": "1200", "BARRIO": "RETIRO", "COMUNA": "1", "alt_izqini": "1152", "codigo": "20123", "BARRIO_PAR": "RETIRO", "id": "7833", "TELECENTRO": null, "EMPRESA": "TELCOS - NO SE IDENTIFICA", "fecha_ingr": null, "long": 0.07, "longitud_m": 67.032257351773154 }, "geometry": { "type": "LineString", "coordinates": [ [ -58.379962, -34.594704 ], [ -58.379973, -34.594247 ], [ -58.380038, -34.59411 ] ] } },
{ "type": "Feature", "properties": { "TELECOM": null, "nomoficial": "ROJAS, RICARDO, Dr.", "COM_PAR": "1", "id_street": "7890", "alt_derfin": "0", "ZONA": "3", "alt_derini": "0", "TELEFONICA": null, "alt_izqfin": "0", "BARRIO": "RETIRO", "COMUNA": "1", "alt_izqini": "0", "codigo": "19077", "BARRIO_PAR": "RETIRO", "id": "7890", "TELECENTRO": null, "EMPRESA": "TELCOS - NO SE IDENTIFICA", "fecha_ingr": null, "long": 0.02, "longitud_m": 24.824462786866739 }, "geometry": { "type": "LineString", "coordinates": [ [ -58.373031, -34.594998 ], [ -58.373301, -34.595013 ] ] } },
{ "type": "Feature", "properties": { "TELECOM": null, "nomoficial": "ROJAS, RICARDO, Dr.", "COM_PAR": "1", "id_street": "7900", "alt_derfin": "499", "ZONA": "3", "alt_derini": "401", "TELEFONICA": null, "alt_izqfin": "500", "BARRIO": "RETIRO", "COMUNA": "1", "alt_izqini": "402", "codigo": "19077", "BARRIO_PAR": "RETIRO", "id": "7900", "TELECENTRO": null, "EMPRESA": "TELCOS - NO SE IDENTIFICA", "fecha_ingr": null, "long": 0.1, "longitud_m": 101.31299954811357 }, "geometry": { "type": "LineString", "coordinates": [ [ -58.373301, -34.595013 ], [ -58.374404, -34.595059 ] ] } },
{ "type": "Feature", "properties": { "TELECOM": null, "nomoficial": "ESMERALDA", "COM_PAR": "1", "id_street": "7911", "alt_derfin": "1149", "ZONA": "3", "alt_derini": "1101", "TELEFONICA": null, "alt_izqfin": "1150", "BARRIO": "RETIRO", "COMUNA": "1", "alt_izqini": "1102", "codigo": "5072", "BARRIO_PAR": "RETIRO", "id": "7911", "TELECENTRO": null, "EMPRESA": "TELCOS - NO SE IDENTIFICA", "fecha_ingr": null, "long": 0.05, "longitud_m": 51.491383254071756 }, "geometry": { "type": "LineString", "coordinates": [ [ -58.378505, -34.5951 ], [ -58.37852, -34.594636 ] ] } },
{ "type": "Feature", "properties": { "TELECOM": null, "nomoficial": "RECONQUISTA", "COM_PAR": "1", "id_street": "8123", "alt_derfin": "1099", "ZONA": "3", "alt_derini": "1001", "TELEFONICA": null, "alt_izqfin": "1100", "BARRIO": "RETIRO", "COMUNA": "1", "alt_izqini": "1002", "codigo": "19017", "BARRIO_PAR": "RETIRO", "id": "8123", "TELECENTRO": null, "EMPRESA": "TELCOS - NO SE IDENTIFICA", "fecha_ingr": null, "long": 0.13, "longitud_m": 130.1661204075628 }, "geometry": { "type": "LineString", "coordinates": [ [ -58.373122, -34.596177 ], [ -58.373301, -34.595013 ] ] } },
{ "type": "Feature", "properties": { "TELECOM": null, "nomoficial": "ALVEAR, MARCELO T. De", "COM_PAR": "1", "id_street": "8139", "alt_derfin": "499", "ZONA": "3", "alt_derini": "401", "TELEFONICA": null, "alt_izqfin": "500", "BARRIO": "RETIRO", "COMUNA": "1", "alt_izqini": "402", "codigo": "1062", "BARRIO_PAR": "RETIRO", "id": "8139", "TELECENTRO": null, "EMPRESA": "TELCOS - NO SE IDENTIFICA", "fecha_ingr": null, "long": 0.11, "longitud_m": 110.30284362056237 }, "geometry": { "type": "LineString", "coordinates": [ [ -58.373122, -34.596177 ], [ -58.374322, -34.59624 ] ] } },
{ "type": "Feature", "properties": { "TELECOM": null, "nomoficial": "ALVEAR, MARCELO T. De", "COM_PAR": "1", "id_street": "8177", "alt_derfin": "799", "ZONA": "3", "alt_derini": "701", "TELEFONICA": null, "alt_izqfin": "800", "BARRIO": "RETIRO", "COMUNA": "1", "alt_izqini": "702", "codigo": "1062", "BARRIO_PAR": "RETIRO", "id": "8177", "TELECENTRO": null, "EMPRESA": "TELCOS - NO SE IDENTIFICA", "fecha_ingr": null, "long": 0.14, "longitud_m": 136.4831550097577 }, "geometry": { "type": "LineString", "coordinates": [ [ -58.376958, -34.596279 ], [ -58.378442, -34.596367 ] ] } },
{ "type": "Feature", "properties": { "TELECOM": null, "nomoficial": "ESMERALDA", "COM_PAR": "1", "id_street": "8178", "alt_derfin": "1099", "ZONA": "3", "alt_derini": "1001", "TELEFONICA": null, "alt_izqfin": "1100", "BARRIO": "RETIRO", "COMUNA": "1", "alt_izqini": "1002", "codigo": "5072", "BARRIO_PAR": "RETIRO", "id": "8178", "TELECENTRO": null, "EMPRESA": "TELCOS - NO SE IDENTIFICA", "fecha_ingr": null, "long": 0.14, "longitud_m": 140.67112151933915 }, "geometry": { "type": "LineString", "coordinates": [ [ -58.378442, -34.596367 ], [ -58.378505, -34.5951 ] ] } },
{ "type": "Feature", "properties": { "TELECOM": "TELECOM", "nomoficial": "ALVEAR, MARCELO T. De", "COM_PAR": "2", "id_street": "8362", "alt_derfin": "1679", "ZONA": "1", "alt_derini": "1601", "TELEFONICA": null, "alt_izqfin": "1680", "BARRIO": "RECOLETA", "COMUNA": "2", "alt_izqini": "1602", "codigo": "1062", "BARRIO_PAR": "RECOLETA", "id": "8362", "TELECENTRO": "TELECENTRO", "EMPRESA": "TELECOM/TELECENTRO", "fecha_ingr": null, "long": 0.14, "longitud_m": 143.20802532020181 }, "geometry": { "type": "LineString", "coordinates": [ [ -58.389786, -34.597195 ], [ -58.391347, -34.597212 ] ] } },
{ "type": "Feature", "properties": { "TELECOM": null, "nomoficial": "PARAGUAY", "COM_PAR": "1", "id_street": "8399", "alt_derfin": "399", "ZONA": "3", "alt_derini": "301", "TELEFONICA": null, "alt_izqfin": "400", "BARRIO": "RETIRO", "COMUNA": "1", "alt_izqini": "302", "codigo": "17017", "BARRIO_PAR": "RETIRO", "id": "8399", "TELECENTRO": null, "EMPRESA": "TELCOS - NO SE IDENTIFICA", "fecha_ingr": null, "long": 0.09, "longitud_m": 87.210894818231893 }, "geometry": { "type": "LineString", "coordinates": [ [ -58.372026, -34.597179 ], [ -58.372959, -34.59733 ] ] } },
{ "type": "Feature", "properties": { "TELECOM": null, "nomoficial": "MAIPU", "COM_PAR": "1", "id_street": "8443", "alt_derfin": "999", "ZONA": "3", "alt_derini": "901", "TELEFONICA": null, "alt_izqfin": "1000", "BARRIO": "RETIRO", "COMUNA": "1", "alt_izqini": "902", "codigo": "13014", "BARRIO_PAR": "RETIRO", "id": "8443", "TELECENTRO": null, "EMPRESA": "TELCOS - NO SE IDENTIFICA", "fecha_ingr": null, "long": 0.14, "longitud_m": 144.85256918186394 }, "geometry": { "type": "LineString", "coordinates": [ [ -58.376904, -34.597584 ], [ -58.376958, -34.596279 ] ] } },
{ "type": "Feature", "properties": { "TELECOM": "TELECOM", "nomoficial": "MONTEVIDEO", "COM_PAR": "2", "id_street": "8658", "alt_derfin": "999", "ZONA": "1", "alt_derini": "901", "TELEFONICA": null, "alt_izqfin": "1000", "BARRIO": "RECOLETA", "COMUNA": "2", "alt_izqini": "902", "codigo": "13118", "BARRIO_PAR": "RECOLETA", "id": "8658", "TELECENTRO": "TELECENTRO", "EMPRESA": "TELECOM/TELECENTRO", "fecha_ingr": null, "long": 0.14, "longitud_m": 142.44461587970639 }, "geometry": { "type": "LineString", "coordinates": [ [ -58.389723, -34.598478 ], [ -58.389786, -34.597195 ] ] } },
{ "type": "Feature", "properties": { "TELECOM": null, "nomoficial": "PARAGUAY", "COM_PAR": "2", "id_street": "8678", "alt_derfin": "1679", "ZONA": "1", "alt_derini": "1601", "TELEFONICA": null, "alt_izqfin": "1680", "BARRIO": "RECOLETA", "COMUNA": "2", "alt_izqini": "1602", "codigo": "17017", "BARRIO_PAR": "RECOLETA", "id": "8678", "TELECENTRO": "TELECENTRO", "EMPRESA": "TELECENTRO", "fecha_ingr": null, "long": 0.13, "longitud_m": 125.05495366390012 }, "geometry": { "type": "LineString", "coordinates": [ [ -58.389723, -34.598478 ], [ -58.391081, -34.598577 ] ] } },
{ "type": "Feature", "properties": { "TELECOM": null, "nomoficial": "CORDOBA AV.", "COM_PAR": "1", "id_street": "8695", "alt_derfin": "499", "ZONA": "3", "alt_derini": "401", "TELEFONICA": null, "alt_izqfin": "500", "BARRIO": "SAN NICOLAS", "COMUNA": "1", "alt_izqini": "402", "codigo": "3165", "BARRIO_PAR": "SAN NICOLAS", "id": "8695", "TELECENTRO": null, "EMPRESA": "TELCOS - NO SE IDENTIFICA", "fecha_ingr": null, "long": 0.13, "longitud_m": 128.3222355511289 }, "geometry": { "type": "LineString", "coordinates": [ [ -58.372798, -34.598516 ], [ -58.374191, -34.598622 ] ] } },
{ "type": "Feature", "properties": { "TELECOM": null, "nomoficial": "CORDOBA AV.", "COM_PAR": "1", "id_street": "8719", "alt_derfin": "599", "ZONA": "3", "alt_derini": "501", "TELEFONICA": null, "alt_izqfin": "600", "BARRIO": "SAN NICOLAS", "COMUNA": "1", "alt_izqini": "502", "codigo": "3165", "BARRIO_PAR": "SAN NICOLAS", "id": "8719", "TELECENTRO": null, "EMPRESA": "TELCOS - NO SE IDENTIFICA", "fecha_ingr": null, "long": 0.11, "longitud_m": 108.72564546759719 }, "geometry": { "type": "LineString", "coordinates": [ [ -58.374191, -34.598622 ], [ -58.375372, -34.598705 ] ] } },
{ "type": "Feature", "properties": { "TELECOM": null, "nomoficial": "CORDOBA AV.", "COM_PAR": "1", "id_street": "8740", "alt_derfin": "699", "ZONA": "3", "alt_derini": "601", "TELEFONICA": null, "alt_izqfin": "700", "BARRIO": "SAN NICOLAS", "COMUNA": "1", "alt_izqini": "602", "codigo": "3165", "BARRIO_PAR": "SAN NICOLAS", "id": "8740", "TELECENTRO": null, "EMPRESA": "TELCOS - NO SE IDENTIFICA", "fecha_ingr": null, "long": 0.14, "longitud_m": 135.41069245043559 }, "geometry": { "type": "LineString", "coordinates": [ [ -58.375372, -34.598705 ], [ -58.376843, -34.598807 ] ] } },
{ "type": "Feature", "properties": { "TELECOM": null, "nomoficial": "MAIPU", "COM_PAR": "1", "id_street": "8741", "alt_derfin": "899", "ZONA": "3", "alt_derini": "801", "TELEFONICA": null, "alt_izqfin": "900", "BARRIO": "RETIRO", "COMUNA": "1", "alt_izqini": "802", "codigo": "13014", "BARRIO_PAR": "RETIRO", "id": "8741", "TELECENTRO": null, "EMPRESA": "TELCOS - NO SE IDENTIFICA", "fecha_ingr": null, "long": 0.14, "longitud_m": 135.78669359370295 }, "geometry": { "type": "LineString", "coordinates": [ [ -58.376843, -34.598807 ], [ -58.376904, -34.597584 ] ] } },
{ "type": "Feature", "properties": { "TELECOM": null, "nomoficial": "TALCAHUANO", "COM_PAR": "1", "id_street": "8837", "alt_derfin": "899", "ZONA": "3", "alt_derini": "801", "TELEFONICA": null, "alt_izqfin": "900", "BARRIO": "RETIRO", "COMUNA": "1", "alt_izqini": "802", "codigo": "21009", "BARRIO_PAR": "RETIRO", "id": "8837", "TELECENTRO": "TELECENTRO", "EMPRESA": "TELECENTRO", "fecha_ingr": null, "long": 0.12, "longitud_m": 116.7726110742496 }, "geometry": { "type": "LineString", "coordinates": [ [ -58.385475, -34.599227 ], [ -58.385546, -34.598176 ] ] } },
{ "type": "Feature", "properties": { "TELECOM": null, "nomoficial": "URUGUAY", "COM_PAR": "2", "id_street": "8852", "alt_derfin": "899", "ZONA": "3", "alt_derini": "801", "TELEFONICA": null, "alt_izqfin": "900", "BARRIO": "RECOLETA", "COMUNA": "2", "alt_izqini": "802", "codigo": "22015", "BARRIO_PAR": "RECOLETA", "id": "8852", "TELECENTRO": "TELECENTRO", "EMPRESA": "TELECENTRO", "fecha_ingr": null, "long": 0.11, "longitud_m": 112.49871142274581 }, "geometry": { "type": "LineString", "coordinates": [ [ -58.386867, -34.599292 ], [ -58.386963, -34.598281 ] ] } },
{ "type": "Feature", "properties": { "TELECOM": null, "nomoficial": "VIAMONTE", "COM_PAR": "1", "id_street": "9152", "alt_derfin": "1299", "ZONA": "3", "alt_derini": "1201", "TELEFONICA": null, "alt_izqfin": "1300", "BARRIO": "SAN NICOLAS", "COMUNA": "1", "alt_izqini": "1202", "codigo": "23045", "BARRIO_PAR": "SAN NICOLAS", "id": "9152", "TELECENTRO": null, "EMPRESA": "TELCOS - NO SE IDENTIFICA", "fecha_ingr": null, "long": 0.13, "longitud_m": 129.45235057999815 }, "geometry": { "type": "LineString", "coordinates": [ [ -58.383948, -34.60043 ], [ -58.385356, -34.600509 ] ] } },
{ "type": "Feature", "properties": { "TELECOM": null, "nomoficial": "URUGUAY AV.", "COM_PAR": "1", "id_street": "9172", "alt_derfin": "799", "ZONA": "3", "alt_derini": "701", "TELEFONICA": null, "alt_izqfin": "800", "BARRIO": "SAN NICOLAS", "COMUNA": "1", "alt_izqini": "702", "codigo": "22015", "BARRIO_PAR": "SAN NICOLAS", "id": "9172", "TELECENTRO": null, "EMPRESA": "TELCOS - NO SE IDENTIFICA", "fecha_ingr": null, "long": 0.14, "longitud_m": 143.51421085350597 }, "geometry": { "type": "LineString", "coordinates": [ [ -58.386708, -34.60058 ], [ -58.386809, -34.599289 ] ] } },
{ "type": "Feature", "properties": { "TELECOM": "TELECOM", "nomoficial": "VIAMONTE", "COM_PAR": "1", "id_street": "9250", "alt_derfin": "1799", "ZONA": "1", "alt_derini": "1701", "TELEFONICA": null, "alt_izqfin": "1800", "BARRIO": "SAN NICOLAS", "COMUNA": "1", "alt_izqini": "1702", "codigo": "23045", "BARRIO_PAR": "SAN NICOLAS", "id": "9250", "TELECENTRO": "TELECENTRO", "EMPRESA": "TELECOM/TELECENTRO", "fecha_ingr": null, "long": 0.12, "longitud_m": 123.22671097056902 }, "geometry": { "type": "LineString", "coordinates": [ [ -58.391427, -34.600756 ], [ -58.391573, -34.60076 ], [ -58.392769, -34.600806 ] ] } },
{ "type": "Feature", "properties": { "TELECOM": null, "nomoficial": "LIBERTAD", "COM_PAR": "1", "id_street": "9264", "alt_derfin": "699", "ZONA": "3", "alt_derini": "651", "TELEFONICA": null, "alt_izqfin": "700", "BARRIO": "SAN NICOLAS", "COMUNA": "1", "alt_izqini": "652", "codigo": "12106", "BARRIO_PAR": "SAN NICOLAS", "id": "9264", "TELECENTRO": null, "EMPRESA": "TELCOS - NO SE IDENTIFICA", "fecha_ingr": null, "long": 0.05, "longitud_m": 46.099046885803837 }, "geometry": { "type": "LineString", "coordinates": [ [ -58.383922, -34.600845 ], [ -58.383948, -34.60043 ] ] } },
{ "type": "Feature", "properties": { "TELECOM": null, "nomoficial": "TUCUMAN", "COM_PAR": "1", "id_street": "9313", "alt_derfin": "499", "ZONA": "3", "alt_derini": "401", "TELEFONICA": null, "alt_izqfin": "500", "BARRIO": "SAN NICOLAS", "COMUNA": "1", "alt_izqini": "402", "codigo": "21060", "BARRIO_PAR": "SAN NICOLAS", "id": "9313", "TELECENTRO": null, "EMPRESA": "TELCOS - NO SE IDENTIFICA", "fecha_ingr": null, "long": 0.13, "longitud_m": 129.33361200996646 }, "geometry": { "type": "LineString", "coordinates": [ [ -58.372594, -34.600854 ], [ -58.373998, -34.600961 ] ] } },
{ "type": "Feature", "properties": { "TELECOM": null, "nomoficial": "TUCUMAN", "COM_PAR": "1", "id_street": "9335", "alt_derfin": "599", "ZONA": "3", "alt_derini": "501", "TELEFONICA": null, "alt_izqfin": "600", "BARRIO": "SAN NICOLAS", "COMUNA": "1", "alt_izqini": "502", "codigo": "21060", "BARRIO_PAR": "SAN NICOLAS", "id": "9335", "TELECENTRO": null, "EMPRESA": "TELCOS - NO SE IDENTIFICA", "fecha_ingr": null, "long": 0.12, "longitud_m": 122.93824454760377 }, "geometry": { "type": "LineString", "coordinates": [ [ -58.373998, -34.600961 ], [ -58.375334, -34.601049 ] ] } },
{ "type": "Feature", "properties": { "TELECOM": null, "nomoficial": "LIBERTAD", "COM_PAR": "1", "id_street": "9438", "alt_derfin": "649", "ZONA": "3", "alt_derini": "601", "TELEFONICA": null, "alt_izqfin": "650", "BARRIO": "SAN NICOLAS", "COMUNA": "1", "alt_izqini": "602", "codigo": "12106", "BARRIO_PAR": "SAN NICOLAS", "id": "9438", "TELECENTRO": null, "EMPRESA": "TELCOS - NO SE IDENTIFICA", "fecha_ingr": null, "long": 0.07, "longitud_m": 67.426666065055983 }, "geometry": { "type": "LineString", "coordinates": [ [ -58.383884, -34.601452 ], [ -58.383922, -34.600845 ] ] } },
{ "type": "Feature", "properties": { "TELECOM": null, "nomoficial": "TUCUMAN", "COM_PAR": "1", "id_street": "9478", "alt_derfin": "1399", "ZONA": "3", "alt_derini": "1301", "TELEFONICA": null, "alt_izqfin": "1400", "BARRIO": "SAN NICOLAS", "COMUNA": "1", "alt_izqini": "1302", "codigo": "21060", "BARRIO_PAR": "SAN NICOLAS", "id": "9478", "TELECENTRO": "TELECENTRO", "EMPRESA": "TELECENTRO", "fecha_ingr": null, "long": 0.13, "longitud_m": 130.21756058871802 }, "geometry": { "type": "LineString", "coordinates": [ [ -58.38528, -34.601582 ], [ -58.386697, -34.601653 ] ] } },
{ "type": "Feature", "properties": { "TELECOM": null, "nomoficial": "25 DE MAYO", "COM_PAR": "1", "id_street": "9567", "alt_derfin": "599", "ZONA": "3", "alt_derini": "501", "TELEFONICA": null, "alt_izqfin": "600", "BARRIO": "SAN NICOLAS", "COMUNA": "1", "alt_izqini": "502", "codigo": "23024", "BARRIO_PAR": "SAN NICOLAS", "id": "9567", "TELECENTRO": null, "EMPRESA": "TELCOS - NO SE IDENTIFICA", "fecha_ingr": null, "long": 0.13, "longitud_m": 133.71931249962483 }, "geometry": { "type": "LineString", "coordinates": [ [ -58.371181, -34.601943 ], [ -58.371273, -34.60074 ] ] } },
{ "type": "Feature", "properties": { "TELECOM": null, "nomoficial": "TUCUMAN", "COM_PAR": "1", "id_street": "9569", "alt_derfin": "1799", "ZONA": "1", "alt_derini": "1701", "TELEFONICA": null, "alt_izqfin": "1800", "BARRIO": "SAN NICOLAS", "COMUNA": "1", "alt_izqini": "1702", "codigo": "21060", "BARRIO_PAR": "SAN NICOLAS", "id": "9569", "TELECENTRO": "TELECENTRO", "EMPRESA": "TELECENTRO", "fecha_ingr": null, "long": 0.12, "longitud_m": 118.97200709495102 }, "geometry": { "type": "LineString", "coordinates": [ [ -58.391302, -34.601913 ], [ -58.392596, -34.601986 ] ] } },
{ "type": "Feature", "properties": { "TELECOM": null, "nomoficial": "TUCUMAN", "COM_PAR": "3", "id_street": "9598", "alt_derfin": "1899", "ZONA": "1", "alt_derini": "1801", "TELEFONICA": null, "alt_izqfin": "1900", "BARRIO": "BALVANERA", "COMUNA": "3", "alt_izqini": "1802", "codigo": "21060", "BARRIO_PAR": "BALVANERA", "id": "9598", "TELECENTRO": "TELECENTRO", "EMPRESA": "TELECENTRO", "fecha_ingr": null, "long": 0.14, "longitud_m": 138.69463353542153 }, "geometry": { "type": "LineString", "coordinates": [ [ -58.392596, -34.601986 ], [ -58.394105, -34.602065 ] ] } },
{ "type": "Feature", "properties": { "TELECOM": null, "nomoficial": "LAVALLE", "COM_PAR": "1", "id_street": "9623", "alt_derfin": "499", "ZONA": "3", "alt_derini": "401", "TELEFONICA": null, "alt_izqfin": "500", "BARRIO": "SAN NICOLAS", "COMUNA": "1", "alt_izqini": "402", "codigo": "12089", "BARRIO_PAR": "SAN NICOLAS", "id": "9623", "TELECENTRO": null, "EMPRESA": "TELCOS - NO SE IDENTIFICA", "fecha_ingr": null, "long": 0.13, "longitud_m": 127.36096941046408 }, "geometry": { "type": "LineString", "coordinates": [ [ -58.372526, -34.602038 ], [ -58.37391, -34.60213 ] ] } },
{ "type": "Feature", "properties": { "TELECOM": null, "nomoficial": "MAIPU", "COM_PAR": "1", "id_street": "9684", "alt_derfin": "599", "ZONA": "3", "alt_derini": "501", "TELEFONICA": null, "alt_izqfin": "600", "BARRIO": "SAN NICOLAS", "COMUNA": "1", "alt_izqini": "502", "codigo": "13014", "BARRIO_PAR": "SAN NICOLAS", "id": "9684", "TELECENTRO": null, "EMPRESA": "TELCOS - NO SE IDENTIFICA", "fecha_ingr": null, "long": 0.13, "longitud_m": 130.31010037973778 }, "geometry": { "type": "LineString", "coordinates": [ [ -58.376707, -34.602302 ], [ -58.376755, -34.601128 ] ] } },
{ "type": "Feature", "properties": { "TELECOM": null, "nomoficial": "CERRITO", "COM_PAR": "1", "id_street": "9756", "alt_derfin": "599", "ZONA": "3", "alt_derini": "501", "TELEFONICA": null, "alt_izqfin": "600", "BARRIO": "SAN NICOLAS", "COMUNA": "1", "alt_izqini": "502", "codigo": "3118", "BARRIO_PAR": "SAN NICOLAS", "id": "9756", "TELECENTRO": null, "EMPRESA": "TELCOS - NO SE IDENTIFICA", "fecha_ingr": null, "long": 0.13, "longitud_m": 131.42899247501447 }, "geometry": { "type": "LineString", "coordinates": [ [ -58.382278, -34.602582 ], [ -58.382356, -34.601399 ] ] } },
{ "type": "Feature", "properties": { "TELECOM": null, "nomoficial": "LAVALLE", "COM_PAR": "1", "id_street": "9784", "alt_derfin": "1299", "ZONA": "3", "alt_derini": "1201", "TELEFONICA": null, "alt_izqfin": "1300", "BARRIO": "SAN NICOLAS", "COMUNA": "1", "alt_izqini": "1202", "codigo": "12089", "BARRIO_PAR": "SAN NICOLAS", "id": "9784", "TELECENTRO": "TELECENTRO", "EMPRESA": "TELECENTRO", "fecha_ingr": null, "long": 0.13, "longitud_m": 128.51061105964382 }, "geometry": { "type": "LineString", "coordinates": [ [ -58.383802, -34.602629 ], [ -58.385201, -34.602691 ] ] } },
{ "type": "Feature", "properties": { "TELECOM": null, "nomoficial": "TALCAHUANO", "COM_PAR": "1", "id_street": "9785", "alt_derfin": "599", "ZONA": "3", "alt_derini": "501", "TELEFONICA": null, "alt_izqfin": "600", "BARRIO": "SAN NICOLAS", "COMUNA": "1", "alt_izqini": "502", "codigo": "21009", "BARRIO_PAR": "SAN NICOLAS", "id": "9785", "TELECENTRO": null, "EMPRESA": "TELCOS - NO SE IDENTIFICA", "fecha_ingr": null, "long": 0.12, "longitud_m": 123.2382729795562 }, "geometry": { "type": "LineString", "coordinates": [ [ -58.385201, -34.602691 ], [ -58.38528, -34.601582 ] ] } },
{ "type": "Feature", "properties": { "TELECOM": null, "nomoficial": "LAVALLE", "COM_PAR": "1", "id_street": "9801", "alt_derfin": "1399", "ZONA": "3", "alt_derini": "1301", "TELEFONICA": null, "alt_izqfin": "1400", "BARRIO": "SAN NICOLAS", "COMUNA": "1", "alt_izqini": "1302", "codigo": "12089", "BARRIO_PAR": "SAN NICOLAS", "id": "9801", "TELECENTRO": "TELECENTRO", "EMPRESA": "TELECENTRO", "fecha_ingr": null, "long": 0.13, "longitud_m": 132.68217321665347 }, "geometry": { "type": "LineString", "coordinates": [ [ -58.385201, -34.602691 ], [ -58.386644, -34.602774 ] ] } },
{ "type": "Feature", "properties": { "TELECOM": null, "nomoficial": "URUGUAY AV.", "COM_PAR": "1", "id_street": "9802", "alt_derfin": "599", "ZONA": "3", "alt_derini": "501", "TELEFONICA": null, "alt_izqfin": "600", "BARRIO": "SAN NICOLAS", "COMUNA": "1", "alt_izqini": "502", "codigo": "22015", "BARRIO_PAR": "SAN NICOLAS", "id": "9802", "TELECENTRO": null, "EMPRESA": "TELCOS - NO SE IDENTIFICA", "fecha_ingr": null, "long": 0.12, "longitud_m": 124.4512327258584 }, "geometry": { "type": "LineString", "coordinates": [ [ -58.386644, -34.602774 ], [ -58.386697, -34.601653 ] ] } },
{ "type": "Feature", "properties": { "TELECOM": null, "nomoficial": "CORRIENTES AV.", "COM_PAR": "1", "id_street": "9895", "alt_derfin": "299", "ZONA": "4", "alt_derini": "201", "TELEFONICA": null, "alt_izqfin": "300", "BARRIO": "SAN NICOLAS", "COMUNA": "1", "alt_izqini": "202", "codigo": "3174", "BARRIO_PAR": "SAN NICOLAS", "id": "9895", "TELECENTRO": null, "EMPRESA": "TELCOS - NO SE IDENTIFICA", "fecha_ingr": null, "long": 0.06, "longitud_m": 63.005394622942312 }, "geometry": { "type": "LineString", "coordinates": [ [ -58.370413, -34.603014 ], [ -58.371098, -34.603056 ] ] } },
{ "type": "Feature", "properties": { "TELECOM": null, "nomoficial": "CORRIENTES AV.", "COM_PAR": "1", "id_street": "9934", "alt_derfin": "499", "ZONA": "4", "alt_derini": "401", "TELEFONICA": null, "alt_izqfin": "500", "BARRIO": "SAN NICOLAS", "COMUNA": "1", "alt_izqini": "402", "codigo": "3174", "BARRIO_PAR": "SAN NICOLAS", "id": "9934", "TELECENTRO": null, "EMPRESA": "TELCOS - NO SE IDENTIFICA", "fecha_ingr": null, "long": 0.13, "longitud_m": 127.76503317228405 }, "geometry": { "type": "LineString", "coordinates": [ [ -58.372465, -34.603146 ], [ -58.373854, -34.603232 ] ] } },
{ "type": "Feature", "properties": { "TELECOM": null, "nomoficial": "CORRIENTES AV.", "COM_PAR": "1", "id_street": "9976", "alt_derfin": "699", "ZONA": "4", "alt_derini": "601", "TELEFONICA": null, "alt_izqfin": "700", "BARRIO": "SAN NICOLAS", "COMUNA": "1", "alt_izqini": "602", "codigo": "3174", "BARRIO_PAR": "SAN NICOLAS", "id": "9976", "TELECENTRO": null, "EMPRESA": "TELCOS - NO SE IDENTIFICA", "fecha_ingr": null, "long": 0.13, "longitud_m": 132.72082487027615 }, "geometry": { "type": "LineString", "coordinates": [ [ -58.37522, -34.603316 ], [ -58.376663, -34.603404 ] ] } },
{ "type": "Feature", "properties": { "TELECOM": null, "nomoficial": "CERRITO", "COM_PAR": "1", "id_street": "10062", "alt_derfin": "499", "ZONA": "3", "alt_derini": "451", "TELEFONICA": null, "alt_izqfin": "500", "BARRIO": "SAN NICOLAS", "COMUNA": "1", "alt_izqini": "452", "codigo": "3118", "BARRIO_PAR": "SAN NICOLAS", "id": "10062", "TELECENTRO": null, "EMPRESA": "TELCOS - NO SE IDENTIFICA", "fecha_ingr": null, "long": 0.09, "longitud_m": 86.072357490140689 }, "geometry": { "type": "LineString", "coordinates": [ [ -58.382233, -34.603357 ], [ -58.382278, -34.602582 ] ] } },
{ "type": "Feature", "properties": { "TELECOM": null, "nomoficial": "LIBERTAD", "COM_PAR": "1", "id_street": "10082", "alt_derfin": "499", "ZONA": "3", "alt_derini": "401", "TELEFONICA": null, "alt_izqfin": "500", "BARRIO": "SAN NICOLAS", "COMUNA": "1", "alt_izqini": "402", "codigo": "12106", "BARRIO_PAR": "SAN NICOLAS", "id": "10082", "TELECENTRO": null, "EMPRESA": "TELCOS - NO SE IDENTIFICA", "fecha_ingr": null, "long": 0.13, "longitud_m": 133.13750804851156 }, "geometry": { "type": "LineString", "coordinates": [ [ -58.383715, -34.603827 ], [ -58.383802, -34.602629 ] ] } },
{ "type": "Feature", "properties": { "TELECOM": null, "nomoficial": "CORRIENTES AV.", "COM_PAR": "1", "id_street": "10113", "alt_derfin": "1399", "ZONA": "3", "alt_derini": "1301", "TELEFONICA": null, "alt_izqfin": "1400", "BARRIO": "SAN NICOLAS", "COMUNA": "1", "alt_izqini": "1302", "codigo": "3174", "BARRIO_PAR": "SAN NICOLAS", "id": "10113", "TELECENTRO": null, "EMPRESA": "TELCOS - NO SE IDENTIFICA", "fecha_ingr": null, "long": 0.13, "longitud_m": 127.81515081013536 }, "geometry": { "type": "LineString", "coordinates": [ [ -58.385136, -34.603911 ], [ -58.386526, -34.603992 ] ] } },
{ "type": "Feature", "properties": { "TELECOM": null, "nomoficial": "URUGUAY AV.", "COM_PAR": "1", "id_street": "10115", "alt_derfin": "499", "ZONA": "3", "alt_derini": "401", "TELEFONICA": null, "alt_izqfin": "500", "BARRIO": "SAN NICOLAS", "COMUNA": "1", "alt_izqini": "402", "codigo": "22015", "BARRIO_PAR": "SAN NICOLAS", "id": "10115", "TELECENTRO": null, "EMPRESA": "TELCOS - NO SE IDENTIFICA", "fecha_ingr": null, "long": 0.14, "longitud_m": 135.85676566229802 }, "geometry": { "type": "LineString", "coordinates": [ [ -58.386595, -34.603998 ], [ -58.386644, -34.602774 ] ] } },
{ "type": "Feature", "properties": { "TELECOM": null, "nomoficial": "DISCEPOLO, ENRIQUE SANTOS", "COM_PAR": "3", "id_street": "10232", "alt_derfin": "1899", "ZONA": "1", "alt_derini": "1801", "TELEFONICA": null, "alt_izqfin": "1900", "BARRIO": "BALVANERA", "COMUNA": "3", "alt_izqini": "1802", "codigo": "19012", "BARRIO_PAR": "BALVANERA", "id": "10232", "TELECENTRO": null, "EMPRESA": "TELCOS - NO SE IDENTIFICA", "fecha_ingr": null, "long": 0.18, "longitud_m": 182.93081133092136 }, "geometry": { "type": "LineString", "coordinates": [ [ -58.392473, -34.603154 ], [ -58.392991, -34.603534 ], [ -58.393362, -34.6041 ], [ -58.393598, -34.604313 ], [ -58.39358, -34.604456 ] ] } },
{ "type": "Feature", "properties": { "TELECOM": "TELECOM", "nomoficial": "CALLAO AV.", "COM_PAR": "3", "id_street": "10539", "alt_derfin": "399", "ZONA": "1", "alt_derini": "301", "TELEFONICA": null, "alt_izqfin": "400", "BARRIO": "BALVANERA", "COMUNA": "3", "alt_izqini": "302", "codigo": "3030", "BARRIO_PAR": "BALVANERA", "id": "10539", "TELECENTRO": "TELECENTRO", "EMPRESA": "TELECOM/TELECENTRO", "fecha_ingr": null, "long": 0.13, "longitud_m": 134.61086090707803 }, "geometry": { "type": "LineString", "coordinates": [ [ -58.392197, -34.605646 ], [ -58.39229, -34.604435 ] ] } },
{ "type": "Feature", "properties": { "TELECOM": null, "nomoficial": "INDEPENDENCIA AV.", "COM_PAR": "1", "id_street": "13633", "alt_derfin": "299", "ZONA": "2", "alt_derini": "201", "TELEFONICA": null, "alt_izqfin": "300", "BARRIO": "SAN TELMO", "COMUNA": "1", "alt_izqini": "202", "codigo": "9010", "BARRIO_PAR": "SAN TELMO", "id": "13633", "TELECENTRO": null, "EMPRESA": "TELCOS - NO SE IDENTIFICA", "fecha_ingr": null, "long": 0.04, "longitud_m": 35.660003351918988 }, "geometry": { "type": "LineString", "coordinates": [ [ -58.369417, -34.61712 ], [ -58.369802, -34.617165 ] ] } },
{ "type": "Feature", "properties": { "TELECOM": null, "nomoficial": "INDEPENDENCIA AV.", "COM_PAR": "1", "id_street": "13651", "alt_derfin": "499", "ZONA": "2", "alt_derini": "401", "TELEFONICA": null, "alt_izqfin": "500", "BARRIO": "SAN TELMO", "COMUNA": "1", "alt_izqini": "402", "codigo": "9010", "BARRIO_PAR": "SAN TELMO", "id": "13651", "TELECENTRO": null, "EMPRESA": "TELCOS - NO SE IDENTIFICA", "fecha_ingr": null, "long": 0.13, "longitud_m": 129.96780403607062 }, "geometry": { "type": "LineString", "coordinates": [ [ -58.371671, -34.617204 ], [ -58.373087, -34.617157 ] ] } },
{ "type": "Feature", "properties": { "TELECOM": null, "nomoficial": "INDEPENDENCIA AV.", "COM_PAR": "1", "id_street": "13652", "alt_derfin": "399", "ZONA": "2", "alt_derini": "301", "TELEFONICA": null, "alt_izqfin": "400", "BARRIO": "SAN TELMO", "COMUNA": "1", "alt_izqini": "302", "codigo": "9010", "BARRIO_PAR": "SAN TELMO", "id": "13652", "TELECENTRO": null, "EMPRESA": "TELCOS - NO SE IDENTIFICA", "fecha_ingr": null, "long": 0.16, "longitud_m": 164.49235014472555 }, "geometry": { "type": "LineString", "coordinates": [ [ -58.369878, -34.617166 ], [ -58.371671, -34.617204 ] ] } },
{ "type": "Feature", "properties": { "TELECOM": null, "nomoficial": "DEFENSA", "COM_PAR": "1", "id_street": "13848", "alt_derfin": "849", "ZONA": "2", "alt_derini": "801", "TELEFONICA": "TELEFONICA", "alt_izqfin": "850", "BARRIO": "SAN TELMO", "COMUNA": "1", "alt_izqini": "802", "codigo": "4016", "BARRIO_PAR": "SAN TELMO", "id": "13848", "TELECENTRO": null, "EMPRESA": "TELEFONICA", "fecha_ingr": null, "long": 0.07, "longitud_m": 72.717099324719754 }, "geometry": { "type": "LineString", "coordinates": [ [ -58.371671, -34.617204 ], [ -58.37164, -34.617859 ] ] } },
{ "type": "Feature", "properties": { "TELECOM": null, "nomoficial": "AZOPARDO", "COM_PAR": "1", "id_street": "13943", "alt_derfin": "899", "ZONA": "2", "alt_derini": "801", "TELEFONICA": null, "alt_izqfin": "900", "BARRIO": "SAN TELMO", "COMUNA": "1", "alt_izqini": "802", "codigo": "1149", "BARRIO_PAR": "SAN TELMO", "id": "13943", "TELECENTRO": null, "EMPRESA": "TELCOS - NO SE IDENTIFICA", "fecha_ingr": null, "long": 0.14, "longitud_m": 141.18053898846151 }, "geometry": { "type": "LineString", "coordinates": [ [ -58.367433, -34.616928 ], [ -58.367288, -34.618195 ] ] } },
{ "type": "Feature", "properties": { "TELECOM": null, "nomoficial": "PASEO COLON AV.", "COM_PAR": "1", "id_street": "13979", "alt_derfin": "0", "ZONA": "2", "alt_derini": "0", "TELEFONICA": null, "alt_izqfin": "0", "BARRIO": "SAN TELMO", "COMUNA": "1", "alt_izqini": "0", "codigo": "17028", "BARRIO_PAR": "SAN TELMO", "id": "13979", "TELECENTRO": null, "EMPRESA": "TELCOS - NO SE IDENTIFICA", "fecha_ingr": null, "long": 0.15, "longitud_m": 148.76581059558046 }, "geometry": { "type": "LineString", "coordinates": [ [ -58.368989, -34.617033 ], [ -58.368721, -34.617685 ], [ -58.368773, -34.618336 ] ] } },
{ "type": "Feature", "properties": { "TELECOM": null, "nomoficial": "ESTADOS UNIDOS", "COM_PAR": "1", "id_street": "14032", "alt_derfin": "499", "ZONA": "2", "alt_derini": "401", "TELEFONICA": "TELEFONICA", "alt_izqfin": "500", "BARRIO": "SAN TELMO", "COMUNA": "1", "alt_izqini": "402", "codigo": "5087", "BARRIO_PAR": "SAN TELMO", "id": "14032", "TELECENTRO": "TELECENTRO", "EMPRESA": "TELECENTRO/TELEFONICA", "fecha_ingr": null, "long": 0.13, "longitud_m": 130.15914960135757 }, "geometry": { "type": "LineString", "coordinates": [ [ -58.371604, -34.618481 ], [ -58.373023, -34.618503 ] ] } },
{ "type": "Feature", "properties": { "TELECOM": null, "nomoficial": "ESTADOS UNIDOS", "COM_PAR": "1", "id_street": "14039", "alt_derfin": "599", "ZONA": "2", "alt_derini": "501", "TELEFONICA": "TELEFONICA", "alt_izqfin": "600", "BARRIO": "SAN TELMO", "COMUNA": "1", "alt_izqini": "502", "codigo": "5087", "BARRIO_PAR": "SAN TELMO", "id": "14039", "TELECENTRO": null, "EMPRESA": "TELEFONICA", "fecha_ingr": null, "long": 0.12, "longitud_m": 123.08303217215133 }, "geometry": { "type": "LineString", "coordinates": [ [ -58.373023, -34.618503 ], [ -58.374365, -34.618516 ] ] } },
{ "type": "Feature", "properties": { "TELECOM": null, "nomoficial": "ESTADOS UNIDOS", "COM_PAR": "1", "id_street": "14053", "alt_derfin": "699", "ZONA": "2", "alt_derini": "601", "TELEFONICA": "TELEFONICA", "alt_izqfin": "700", "BARRIO": "SAN TELMO", "COMUNA": "1", "alt_izqini": "602", "codigo": "5087", "BARRIO_PAR": "SAN TELMO", "id": "14053", "TELECENTRO": null, "EMPRESA": "TELEFONICA", "fecha_ingr": null, "long": 0.14, "longitud_m": 136.5818488278301 }, "geometry": { "type": "LineString", "coordinates": [ [ -58.374365, -34.618516 ], [ -58.375854, -34.61854 ] ] } },
{ "type": "Feature", "properties": { "TELECOM": null, "nomoficial": "CHACABUCO", "COM_PAR": "1", "id_street": "14054", "alt_derfin": "899", "ZONA": "2", "alt_derini": "801", "TELEFONICA": "TELEFONICA", "alt_izqfin": "900", "BARRIO": "SAN TELMO", "COMUNA": "1", "alt_izqini": "802", "codigo": "3214", "BARRIO_PAR": "SAN TELMO", "id": "14054", "TELECENTRO": null, "EMPRESA": "TELEFONICA", "fecha_ingr": null, "long": 0.13, "longitud_m": 131.9077963649394 }, "geometry": { "type": "LineString", "coordinates": [ [ -58.375915, -34.617352 ], [ -58.375854, -34.61854 ] ] } },
{ "type": "Feature", "properties": { "TELECOM": null, "nomoficial": "AZOPARDO", "COM_PAR": "1", "id_street": "14251", "alt_derfin": "999", "ZONA": "2", "alt_derini": "901", "TELEFONICA": null, "alt_izqfin": "1000", "BARRIO": "SAN TELMO", "COMUNA": "1", "alt_izqini": "902", "codigo": "1149", "BARRIO_PAR": "SAN TELMO", "id": "14251", "TELECENTRO": null, "EMPRESA": "TELCOS - NO SE IDENTIFICA", "fecha_ingr": null, "long": 0.12, "longitud_m": 124.01724125373528 }, "geometry": { "type": "LineString", "coordinates": [ [ -58.367288, -34.618195 ], [ -58.367161, -34.619308 ] ] } },
{ "type": "Feature", "properties": { "TELECOM": null, "nomoficial": "CALVO, CARLOS", "COM_PAR": "1", "id_street": "14301", "alt_derfin": "399", "ZONA": "2", "alt_derini": "301", "TELEFONICA": null, "alt_izqfin": "400", "BARRIO": "SAN TELMO", "COMUNA": "1", "alt_izqini": "302", "codigo": "3028", "BARRIO_PAR": "SAN TELMO", "id": "14301", "TELECENTRO": null, "EMPRESA": "TELCOS - NO SE IDENTIFICA", "fecha_ingr": null, "long": 0.13, "longitud_m": 130.00421726453251 }, "geometry": { "type": "LineString", "coordinates": [ [ -58.370111, -34.619386 ], [ -58.371521, -34.619507 ] ] } },
{ "type": "Feature", "properties": { "TELECOM": null, "nomoficial": "DEFENSA", "COM_PAR": "1", "id_street": "14302", "alt_derfin": "999", "ZONA": "2", "alt_derini": "901", "TELEFONICA": "TELEFONICA", "alt_izqfin": "1000", "BARRIO": "SAN TELMO", "COMUNA": "1", "alt_izqini": "902", "codigo": "4016", "BARRIO_PAR": "SAN TELMO", "id": "14302", "TELECENTRO": null, "EMPRESA": "TELEFONICA", "fecha_ingr": null, "long": 0.11, "longitud_m": 114.07213734078802 }, "geometry": { "type": "LineString", "coordinates": [ [ -58.371604, -34.618481 ], [ -58.371521, -34.619507 ] ] } },
{ "type": "Feature", "properties": { "TELECOM": "TELECOM", "nomoficial": "CALVO, CARLOS", "COM_PAR": "1", "id_street": "14317", "alt_derfin": "499", "ZONA": "2", "alt_derini": "401", "TELEFONICA": "TELEFONICA", "alt_izqfin": "500", "BARRIO": "SAN TELMO", "COMUNA": "1", "alt_izqini": "402", "codigo": "3028", "BARRIO_PAR": "SAN TELMO", "id": "14317", "TELECENTRO": "TELECENTRO", "EMPRESA": "TELECOM/TELECENTRO/TELEFONICA", "fecha_ingr": null, "long": 0.13, "longitud_m": 130.75244649629394 }, "geometry": { "type": "LineString", "coordinates": [ [ -58.371521, -34.619507 ], [ -58.372942, -34.619603 ] ] } },
{ "type": "Feature", "properties": { "TELECOM": null, "nomoficial": "CALVO, CARLOS", "COM_PAR": "1", "id_street": "14338", "alt_derfin": "699", "ZONA": "2", "alt_derini": "601", "TELEFONICA": "TELEFONICA", "alt_izqfin": "700", "BARRIO": "SAN TELMO", "COMUNA": "1", "alt_izqini": "602", "codigo": "3028", "BARRIO_PAR": "SAN TELMO", "id": "14338", "TELECENTRO": null, "EMPRESA": "TELEFONICA", "fecha_ingr": null, "long": 0.14, "longitud_m": 137.50873565586377 }, "geometry": { "type": "LineString", "coordinates": [ [ -58.374306, -34.619664 ], [ -58.375805, -34.619693 ] ] } },
{ "type": "Feature", "properties": { "TELECOM": null, "nomoficial": "DEFENSA", "COM_PAR": "1", "id_street": "14503", "alt_derfin": "1099", "ZONA": "2", "alt_derini": "1001", "TELEFONICA": "TELEFONICA", "alt_izqfin": "1056", "BARRIO": "SAN TELMO", "COMUNA": "1", "alt_izqini": "1002", "codigo": "4016", "BARRIO_PAR": "SAN TELMO", "id": "14503", "TELECENTRO": "TELECENTRO", "EMPRESA": "TELECENTRO/TELEFONICA", "fecha_ingr": null, "long": 0.08, "longitud_m": 84.63719934796346 }, "geometry": { "type": "LineString", "coordinates": [ [ -58.371521, -34.619507 ], [ -58.371455, -34.620268 ] ] } },
{ "type": "Feature", "properties": { "TELECOM": null, "nomoficial": "PERU", "COM_PAR": "1", "id_street": "14626", "alt_derfin": "1099", "ZONA": "2", "alt_derini": "1001", "TELEFONICA": "TELEFONICA", "alt_izqfin": "1100", "BARRIO": "SAN TELMO", "COMUNA": "1", "alt_izqini": "1002", "codigo": "17071", "BARRIO_PAR": "SAN TELMO", "id": "14626", "TELECENTRO": "TELECENTRO", "EMPRESA": "TELECENTRO/TELEFONICA", "fecha_ingr": null, "long": 0.12, "longitud_m": 121.68276898117325 }, "geometry": { "type": "LineString", "coordinates": [ [ -58.374306, -34.619664 ], [ -58.374228, -34.620759 ] ] } },
{ "type": "Feature", "properties": { "TELECOM": "TELECOM", "nomoficial": "CHACABUCO", "COM_PAR": "1", "id_street": "14649", "alt_derfin": "1099", "ZONA": "2", "alt_derini": "1001", "TELEFONICA": "TELEFONICA", "alt_izqfin": "1100", "BARRIO": "SAN TELMO", "COMUNA": "1", "alt_izqini": "1002", "codigo": "3214", "BARRIO_PAR": "SAN TELMO", "id": "14649", "TELECENTRO": "TELECENTRO", "EMPRESA": "TELECOM/TELECENTRO/TELEFONICA", "fecha_ingr": null, "long": 0.13, "longitud_m": 126.165884453503 }, "geometry": { "type": "LineString", "coordinates": [ [ -58.375805, -34.619693 ], [ -58.375739, -34.620829 ] ] } },
{ "type": "Feature", "properties": { "TELECOM": null, "nomoficial": "SAN JUAN AV.", "COM_PAR": "1", "id_street": "14866", "alt_derfin": "199", "ZONA": "2", "alt_derini": "101", "TELEFONICA": null, "alt_izqfin": "200", "BARRIO": "SAN TELMO", "COMUNA": "1", "alt_izqini": "102", "codigo": "20040", "BARRIO_PAR": "SAN TELMO", "id": "14866", "TELECENTRO": null, "EMPRESA": "TELCOS - NO SE IDENTIFICA", "fecha_ingr": null, "long": 0.13, "longitud_m": 130.08391481726204 }, "geometry": { "type": "LineString", "coordinates": [ [ -58.366902, -34.621583 ], [ -58.368315, -34.621686 ] ] } },
{ "type": "Feature", "properties": { "TELECOM": null, "nomoficial": "SAN JUAN AV.", "COM_PAR": "1", "id_street": "14885", "alt_derfin": "299", "ZONA": "2", "alt_derini": "201", "TELEFONICA": null, "alt_izqfin": "300", "BARRIO": "SAN TELMO", "COMUNA": "1", "alt_izqini": "202", "codigo": "20040", "BARRIO_PAR": "SAN TELMO", "id": "14885", "TELECENTRO": null, "EMPRESA": "TELCOS - NO SE IDENTIFICA", "fecha_ingr": null, "long": 0.13, "longitud_m": 132.11530550906991 }, "geometry": { "type": "LineString", "coordinates": [ [ -58.368315, -34.621686 ], [ -58.369753, -34.621758 ] ] } },
{ "type": "Feature", "properties": { "TELECOM": null, "nomoficial": "BOLIVAR", "COM_PAR": "1", "id_street": "14935", "alt_derfin": "1199", "ZONA": "2", "alt_derini": "1101", "TELEFONICA": null, "alt_izqfin": "1200", "BARRIO": "SAN TELMO", "COMUNA": "1", "alt_izqini": "1102", "codigo": "2092", "BARRIO_PAR": "SAN TELMO", "id": "14935", "TELECENTRO": "TELECENTRO", "EMPRESA": "TELECENTRO", "fecha_ingr": null, "long": 0.13, "longitud_m": 129.65823745799577 }, "geometry": { "type": "LineString", "coordinates": [ [ -58.372854, -34.620721 ], [ -58.372802, -34.621889 ] ] } },
{ "type": "Feature", "properties": { "TELECOM": "TELECOM", "nomoficial": "SAN JUAN AV.", "COM_PAR": "1", "id_street": "14946", "alt_derfin": "599", "ZONA": "2", "alt_derini": "501", "TELEFONICA": null, "alt_izqfin": "600", "BARRIO": "SAN TELMO", "COMUNA": "1", "alt_izqini": "502", "codigo": "20040", "BARRIO_PAR": "SAN TELMO", "id": "14946", "TELECENTRO": null, "EMPRESA": "TELECOM", "fecha_ingr": null, "long": 0.13, "longitud_m": 125.31679491579521 }, "geometry": { "type": "LineString", "coordinates": [ [ -58.372802, -34.621889 ], [ -58.374167, -34.621942 ] ] } },
{ "type": "Feature", "properties": { "TELECOM": null, "nomoficial": "COCHABAMBA", "COM_PAR": "1", "id_street": "15146", "alt_derfin": "99", "ZONA": "2", "alt_derini": "1", "TELEFONICA": null, "alt_izqfin": "100", "BARRIO": "SAN TELMO", "COMUNA": "1", "alt_izqini": "2", "codigo": "3134", "BARRIO_PAR": "SAN TELMO", "id": "15146", "TELECENTRO": null, "EMPRESA": "TELCOS - NO SE IDENTIFICA", "fecha_ingr": null, "long": 0.08, "longitud_m": 76.598251395556304 }, "geometry": { "type": "LineString", "coordinates": [ [ -58.365941, -34.622661 ], [ -58.366775, -34.622699 ] ] } },
{ "type": "Feature", "properties": { "TELECOM": null, "nomoficial": "BALCARCE", "COM_PAR": "1", "id_street": "29105", "alt_derfin": "1299", "ZONA": "2", "alt_derini": "1251", "TELEFONICA": null, "alt_izqfin": "1300", "BARRIO": "SAN TELMO", "COMUNA": "1", "alt_izqini": "1252", "codigo": "2014", "BARRIO_PAR": "SAN TELMO", "id": "29105", "TELECENTRO": null, "EMPRESA": "TELCOS - NO SE IDENTIFICA", "fecha_ingr": null, "long": 0.07, "longitud_m": 71.778837018610474 }, "geometry": { "type": "LineString", "coordinates": [ [ -58.369752, -34.622285 ], [ -58.369761, -34.622932 ] ] } },
{ "type": "Feature", "properties": { "TELECOM": "TELECOM", "nomoficial": "COCHABAMBA", "COM_PAR": "1", "id_street": "15250", "alt_derfin": "399", "ZONA": "2", "alt_derini": "301", "TELEFONICA": null, "alt_izqfin": "400", "BARRIO": "SAN TELMO", "COMUNA": "1", "alt_izqini": "302", "codigo": "3134", "BARRIO_PAR": "SAN TELMO", "id": "15250", "TELECENTRO": null, "EMPRESA": "TELECOM", "fecha_ingr": null, "long": 0.14, "longitud_m": 139.26394481874726 }, "geometry": { "type": "LineString", "coordinates": [ [ -58.369761, -34.622932 ], [ -58.371273, -34.623049 ] ] } },
{ "type": "Feature", "properties": { "TELECOM": "TELECOM", "nomoficial": "DEFENSA", "COM_PAR": "1", "id_street": "15251", "alt_derfin": "1299", "ZONA": "2", "alt_derini": "1201", "TELEFONICA": null, "alt_izqfin": "1300", "BARRIO": "SAN TELMO", "COMUNA": "1", "alt_izqini": "1202", "codigo": "4016", "BARRIO_PAR": "SAN TELMO", "id": "15251", "TELECENTRO": null, "EMPRESA": "TELECOM", "fecha_ingr": null, "long": 0.13, "longitud_m": 134.80131522137279 }, "geometry": { "type": "LineString", "coordinates": [ [ -58.371337, -34.621835 ], [ -58.371273, -34.623049 ] ] } },
{ "type": "Feature", "properties": { "TELECOM": "TELECOM", "nomoficial": "BOLIVAR", "COM_PAR": "1", "id_street": "15272", "alt_derfin": "1299", "ZONA": "2", "alt_derini": "1201", "TELEFONICA": "TELEFONICA", "alt_izqfin": "1300", "BARRIO": "SAN TELMO", "COMUNA": "1", "alt_izqini": "1202", "codigo": "2092", "BARRIO_PAR": "SAN TELMO", "id": "15272", "TELECENTRO": null, "EMPRESA": "TELECOM/TELEFONICA", "fecha_ingr": null, "long": 0.14, "longitud_m": 138.57747186955396 }, "geometry": { "type": "LineString", "coordinates": [ [ -58.372802, -34.621889 ], [ -58.372736, -34.623137 ] ] } },
{ "type": "Feature", "properties": { "TELECOM": "TELECOM", "nomoficial": "COCHABAMBA", "COM_PAR": "1", "id_street": "15306", "alt_derfin": "599", "ZONA": "2", "alt_derini": "501", "TELEFONICA": "TELEFONICA", "alt_izqfin": "600", "BARRIO": "SAN TELMO", "COMUNA": "1", "alt_izqini": "502", "codigo": "3134", "BARRIO_PAR": "SAN TELMO", "id": "15306", "TELECENTRO": "TELECENTRO", "EMPRESA": "TELECOM/TELECENTRO/TELEFONICA", "fecha_ingr": null, "long": 0.13, "longitud_m": 126.88586106013935 }, "geometry": { "type": "LineString", "coordinates": [ [ -58.372736, -34.623137 ], [ -58.374112, -34.623257 ] ] } },
{ "type": "Feature", "properties": { "TELECOM": "TELECOM", "nomoficial": "PERU", "COM_PAR": "1", "id_street": "15307", "alt_derfin": "1299", "ZONA": "2", "alt_derini": "1201", "TELEFONICA": "TELEFONICA", "alt_izqfin": "1300", "BARRIO": "SAN TELMO", "COMUNA": "1", "alt_izqini": "1202", "codigo": "17071", "BARRIO_PAR": "SAN TELMO", "id": "15307", "TELECENTRO": null, "EMPRESA": "TELECOM/TELEFONICA", "fecha_ingr": null, "long": 0.15, "longitud_m": 145.96496027065092 }, "geometry": { "type": "LineString", "coordinates": [ [ -58.374167, -34.621942 ], [ -58.374112, -34.623257 ] ] } },
{ "type": "Feature", "properties": { "TELECOM": "TELECOM", "nomoficial": "COCHABAMBA", "COM_PAR": "1", "id_street": "15332", "alt_derfin": "699", "ZONA": "2", "alt_derini": "601", "TELEFONICA": null, "alt_izqfin": "700", "BARRIO": "SAN TELMO", "COMUNA": "1", "alt_izqini": "602", "codigo": "3134", "BARRIO_PAR": "SAN TELMO", "id": "15332", "TELECENTRO": "TELECENTRO", "EMPRESA": "TELECOM/TELECENTRO", "fecha_ingr": null, "long": 0.13, "longitud_m": 133.11314321666782 }, "geometry": { "type": "LineString", "coordinates": [ [ -58.374112, -34.623257 ], [ -58.375555, -34.623387 ] ] } },
{ "type": "Feature", "properties": { "TELECOM": "TELECOM", "nomoficial": "CHACABUCO", "COM_PAR": "1", "id_street": "15333", "alt_derfin": "1299", "ZONA": "2", "alt_derini": "1201", "TELEFONICA": null, "alt_izqfin": "1300", "BARRIO": "SAN TELMO", "COMUNA": "1", "alt_izqini": "1202", "codigo": "3214", "BARRIO_PAR": "SAN TELMO", "id": "15333", "TELECENTRO": null, "EMPRESA": "TELECOM", "fecha_ingr": null, "long": 0.15, "longitud_m": 153.87967541824338 }, "geometry": { "type": "LineString", "coordinates": [ [ -58.375648, -34.622002 ], [ -58.375555, -34.623387 ] ] } },
{ "type": "Feature", "properties": { "TELECOM": null, "nomoficial": "AZOPARDO", "COM_PAR": "1", "id_street": "15546", "alt_derfin": "1399", "ZONA": "2", "alt_derini": "1301", "TELEFONICA": null, "alt_izqfin": "1400", "BARRIO": "SAN TELMO", "COMUNA": "1", "alt_izqini": "1302", "codigo": "1149", "BARRIO_PAR": "SAN TELMO", "id": "15546", "TELECENTRO": "TELECENTRO", "EMPRESA": "TELECENTRO", "fecha_ingr": null, "long": 0.15, "longitud_m": 148.00408810294527 }, "geometry": { "type": "LineString", "coordinates": [ [ -58.366775, -34.622699 ], [ -58.36662, -34.624027 ] ] } },
{ "type": "Feature", "properties": { "TELECOM": null, "nomoficial": "GARAY, JUAN DE AV.", "COM_PAR": "1", "id_street": "15584", "alt_derfin": "299", "ZONA": "2", "alt_derini": "201", "TELEFONICA": null, "alt_izqfin": "300", "BARRIO": "SAN TELMO", "COMUNA": "1", "alt_izqini": "202", "codigo": "7026", "BARRIO_PAR": "SAN TELMO", "id": "15584", "TELECENTRO": "TELECENTRO", "EMPRESA": "TELECENTRO", "fecha_ingr": null, "long": 0.16, "longitud_m": 155.46938190056764 }, "geometry": { "type": "LineString", "coordinates": [ [ -58.368064, -34.624071 ], [ -58.369756, -34.624159 ] ] } },
{ "type": "Feature", "properties": { "TELECOM": null, "nomoficial": "DEFENSA", "COM_PAR": "1", "id_street": "15605", "alt_derfin": "1399", "ZONA": "2", "alt_derini": "1301", "TELEFONICA": null, "alt_izqfin": "1400", "BARRIO": "SAN TELMO", "COMUNA": "1", "alt_izqini": "1302", "codigo": "4016", "BARRIO_PAR": "SAN TELMO", "id": "15605", "TELECENTRO": null, "EMPRESA": "TELCOS - NO SE IDENTIFICA", "fecha_ingr": null, "long": 0.13, "longitud_m": 131.88764520538939 }, "geometry": { "type": "LineString", "coordinates": [ [ -58.371273, -34.623049 ], [ -58.371192, -34.624236 ] ] } },
{ "type": "Feature", "properties": { "TELECOM": null, "nomoficial": "BOLIVAR", "COM_PAR": "1", "id_street": "15939", "alt_derfin": "1499", "ZONA": "2", "alt_derini": "1401", "TELEFONICA": null, "alt_izqfin": "1500", "BARRIO": "SAN TELMO", "COMUNA": "1", "alt_izqini": "1402", "codigo": "2092", "BARRIO_PAR": "SAN TELMO", "id": "15939", "TELECENTRO": null, "EMPRESA": "TELCOS - NO SE IDENTIFICA", "fecha_ingr": null, "long": 0.13, "longitud_m": 128.20092072719393 }, "geometry": { "type": "LineString", "coordinates": [ [ -58.372674, -34.624323 ], [ -58.372627, -34.625478 ] ] } },
{ "type": "Feature", "properties": { "TELECOM": null, "nomoficial": "BRASIL", "COM_PAR": "1", "id_street": "15955", "alt_derfin": "599", "ZONA": "2", "alt_derini": "501", "TELEFONICA": null, "alt_izqfin": "600", "BARRIO": "SAN TELMO", "COMUNA": "1", "alt_izqini": "502", "codigo": "2111", "BARRIO_PAR": "SAN TELMO", "id": "15955", "TELECENTRO": null, "EMPRESA": "TELCOS - NO SE IDENTIFICA", "fecha_ingr": null, "long": 0.12, "longitud_m": 123.46736034567751 }, "geometry": { "type": "LineString", "coordinates": [ [ -58.372627, -34.625478 ], [ -58.37397, -34.625557 ] ] } },
{ "type": "Feature", "properties": { "TELECOM": null, "nomoficial": "PERU", "COM_PAR": "1", "id_street": "15956", "alt_derfin": "1499", "ZONA": "2", "alt_derini": "1401", "TELEFONICA": null, "alt_izqfin": "1500", "BARRIO": "SAN TELMO", "COMUNA": "1", "alt_izqini": "1402", "codigo": "17071", "BARRIO_PAR": "SAN TELMO", "id": "15956", "TELECENTRO": null, "EMPRESA": "TELCOS - NO SE IDENTIFICA", "fecha_ingr": null, "long": 0.12, "longitud_m": 124.60164536789117 }, "geometry": { "type": "LineString", "coordinates": [ [ -58.374033, -34.624435 ], [ -58.37397, -34.625557 ] ] } },
{ "type": "Feature", "properties": { "TELECOM": null, "nomoficial": "BOLIVAR", "COM_PAR": "4", "id_street": "16945", "alt_derfin": "1769", "ZONA": "2", "alt_derini": "1735", "TELEFONICA": null, "alt_izqfin": "1784", "BARRIO": "BARRACAS", "COMUNA": "4", "alt_izqini": "1702", "codigo": "2092", "BARRIO_PAR": "BARRACAS", "id": "16945", "TELECENTRO": "TELECENTRO", "EMPRESA": "TELECENTRO", "fecha_ingr": null, "long": 0.1, "longitud_m": 95.461037646304376 }, "geometry": { "type": "LineString", "coordinates": [ [ -58.372316, -34.628207 ], [ -58.37209, -34.629047 ] ] } },
{ "type": "Feature", "properties": { "TELECOM": null, "nomoficial": "DEFENSA", "COM_PAR": "1", "id_street": "16994", "alt_derfin": "1799", "ZONA": "2", "alt_derini": "1701", "TELEFONICA": null, "alt_izqfin": "1800", "BARRIO": "SAN TELMO", "COMUNA": "1", "alt_izqini": "1702", "codigo": "4016", "BARRIO_PAR": "SAN TELMO", "id": "16994", "TELECENTRO": "TELECENTRO", "EMPRESA": "TELECENTRO", "fecha_ingr": null, "long": 0.12, "longitud_m": 119.50232329708047 }, "geometry": { "type": "LineString", "coordinates": [ [ -58.370798, -34.628114 ], [ -58.370697, -34.629188 ] ] } },
{ "type": "Feature", "properties": { "TELECOM": null, "nomoficial": "USPALLATA", "COM_PAR": "4", "id_street": "17011", "alt_derfin": "499", "ZONA": "2", "alt_derini": "401", "TELEFONICA": null, "alt_izqfin": "500", "BARRIO": "BARRACAS", "COMUNA": "4", "alt_izqini": "402", "codigo": "22018", "BARRIO_PAR": "BARRACAS", "id": "17011", "TELECENTRO": "TELECENTRO", "EMPRESA": "TELECENTRO", "fecha_ingr": null, "long": 0.12, "longitud_m": 122.6466827928807 }, "geometry": { "type": "LineString", "coordinates": [ [ -58.370697, -34.629188 ], [ -58.372031, -34.629268 ] ] } },
{ "type": "Feature", "properties": { "TELECOM": null, "nomoficial": "BOLIVAR", "COM_PAR": "4", "id_street": "17012", "alt_derfin": "1787", "ZONA": "2", "alt_derini": "1771", "TELEFONICA": null, "alt_izqfin": "1800", "BARRIO": "BARRACAS", "COMUNA": "4", "alt_izqini": "1786", "codigo": "2092", "BARRIO_PAR": "BARRACAS", "id": "17012", "TELECENTRO": "TELECENTRO", "EMPRESA": "TELECENTRO", "fecha_ingr": null, "long": 0.03, "longitud_m": 25.106224989599941 }, "geometry": { "type": "LineString", "coordinates": [ [ -58.37209, -34.629047 ], [ -58.372031, -34.629268 ] ] } },
{ "type": "Feature", "properties": { "TELECOM": null, "nomoficial": "ITUZAINGO", "COM_PAR": "4", "id_street": "17121", "alt_derfin": "599", "ZONA": "2", "alt_derini": "573", "TELEFONICA": null, "alt_izqfin": "600", "BARRIO": "BARRACAS", "COMUNA": "4", "alt_izqini": "574", "codigo": "9029", "BARRIO_PAR": "BARRACAS", "id": "17121", "TELECENTRO": "TELECENTRO", "EMPRESA": "TELECENTRO", "fecha_ingr": null, "long": 0.05, "longitud_m": 50.869740147603324 }, "geometry": { "type": "LineString", "coordinates": [ [ -58.373191, -34.629462 ], [ -58.373681, -34.629677 ] ] } },
{ "type": "Feature", "properties": { "TELECOM": null, "nomoficial": "USPALLATA", "COM_PAR": "4", "id_street": "17277", "alt_derfin": "599", "ZONA": "2", "alt_derini": "501", "TELEFONICA": null, "alt_izqfin": "600", "BARRIO": "BARRACAS", "COMUNA": "4", "alt_izqini": "502", "codigo": "22018", "BARRIO_PAR": "BARRACAS", "id": "17277", "TELECENTRO": "TELECENTRO", "EMPRESA": "TELECENTRO", "fecha_ingr": null, "long": 0.12, "longitud_m": 116.31372751971527 }, "geometry": { "type": "LineString", "coordinates": [ [ -58.371986, -34.629433 ], [ -58.372778, -34.630252 ] ] } },
{ "type": "Feature", "properties": { "TELECOM": null, "nomoficial": "PIEDRAS", "COM_PAR": "4", "id_street": "17278", "alt_derfin": "1899", "ZONA": "2", "alt_derini": "1801", "TELEFONICA": null, "alt_izqfin": "1900", "BARRIO": "BARRACAS", "COMUNA": "4", "alt_izqini": "1802", "codigo": "17078", "BARRIO_PAR": "BARRACAS", "id": "17278", "TELECENTRO": "TELECENTRO", "EMPRESA": "TELECENTRO", "fecha_ingr": null, "long": 0.1, "longitud_m": 104.52293205673038 }, "geometry": { "type": "LineString", "coordinates": [ [ -58.373681, -34.629677 ], [ -58.372778, -34.630252 ] ] } },
{ "type": "Feature", "properties": { "TELECOM": "TELECOM", "nomoficial": "ABDALA, GERMAN", "COM_PAR": "4", "id_street": "17301", "alt_derfin": "199", "ZONA": "2", "alt_derini": "101", "TELEFONICA": null, "alt_izqfin": "200", "BARRIO": "BOCA", "COMUNA": "4", "alt_izqini": "102", "codigo": "30066", "BARRIO_PAR": "BOCA", "id": "17301", "TELECENTRO": "TELECENTRO", "EMPRESA": "TELECOM/TELECENTRO", "fecha_ingr": null, "long": 0.12, "longitud_m": 115.39562762211237 }, "geometry": { "type": "LineString", "coordinates": [ [ -58.367472, -34.629326 ], [ -58.367166, -34.630335 ] ] } },
{ "type": "Feature", "properties": { "TELECOM": "TELECOM", "nomoficial": "PI Y MARGALL", "COM_PAR": "4", "id_street": "17441", "alt_derfin": "1199", "ZONA": "2", "alt_derini": "1101", "TELEFONICA": null, "alt_izqfin": "1200", "BARRIO": "BOCA", "COMUNA": "4", "alt_izqini": "1102", "codigo": "17094", "BARRIO_PAR": "BOCA", "id": "17441", "TELECENTRO": "TELECENTRO", "EMPRESA": "TELECOM/TELECENTRO", "fecha_ingr": null, "long": 0.11, "longitud_m": 107.26032220063966 }, "geometry": { "type": "LineString", "coordinates": [ [ -58.369375, -34.630697 ], [ -58.370537, -34.630808 ] ] } },
{ "type": "Feature", "properties": { "TELECOM": null, "nomoficial": "RUY DIAZ DE GUZMAN", "COM_PAR": "4", "id_street": "17481", "alt_derfin": "29", "ZONA": "2", "alt_derini": "1", "TELEFONICA": null, "alt_izqfin": "30", "BARRIO": "BARRACAS", "COMUNA": "4", "alt_izqini": "2", "codigo": "19098", "BARRIO_PAR": "BARRACAS", "id": "17481", "TELECENTRO": null, "EMPRESA": "TELCOS - NO SE IDENTIFICA", "fecha_ingr": null, "long": 0.05, "longitud_m": 47.545479016976628 }, "geometry": { "type": "LineString", "coordinates": [ [ -58.371667, -34.630521 ], [ -58.3716, -34.630946 ] ] } },
{ "type": "Feature", "properties": { "TELECOM": null, "nomoficial": "HERNANDARIAS", "COM_PAR": "4", "id_street": "17670", "alt_derfin": "299", "ZONA": "2", "alt_derini": "201", "TELEFONICA": "TELEFONICA", "alt_izqfin": "300", "BARRIO": "BOCA", "COMUNA": "4", "alt_izqini": "202", "codigo": "8010", "BARRIO_PAR": "BOCA", "id": "17670", "TELECENTRO": "TELECENTRO", "EMPRESA": "TELECENTRO/TELEFONICA", "fecha_ingr": null, "long": 0.1, "longitud_m": 104.28771014998669 }, "geometry": { "type": "LineString", "coordinates": [ [ -58.369375, -34.630697 ], [ -58.369114, -34.631612 ] ] } },
{ "type": "Feature", "properties": { "TELECOM": null, "nomoficial": "TALCAHUANO", "COM_PAR": "1", "id_street": "9453", "alt_derfin": "699", "ZONA": "3", "alt_derini": "601", "TELEFONICA": null, "alt_izqfin": "700", "BARRIO": "SAN NICOLAS", "COMUNA": "1", "alt_izqini": "602", "codigo": "21009", "BARRIO_PAR": "SAN NICOLAS", "id": "9453", "TELECENTRO": "TELECENTRO", "EMPRESA": "TELECENTRO", "fecha_ingr": null, "long": 0.12, "longitud_m": 119.23539357067759 }, "geometry": { "type": "LineString", "coordinates": [ [ -58.38528, -34.601582 ], [ -58.385356, -34.600509 ] ] } },
{ "type": "Feature", "properties": { "TELECOM": null, "nomoficial": "CORDOBA AV.", "COM_PAR": "1", "id_street": "8850", "alt_derfin": "1399", "ZONA": "3", "alt_derini": "1301", "TELEFONICA": null, "alt_izqfin": "1400", "BARRIO": "SAN NICOLAS", "COMUNA": "1", "alt_izqini": "1302", "codigo": "3165", "BARRIO_PAR": "SAN NICOLAS", "id": "8850", "TELECENTRO": "TELECENTRO", "EMPRESA": "TELECENTRO", "fecha_ingr": null, "long": 0.12, "longitud_m": 122.56228174446589 }, "geometry": { "type": "LineString", "coordinates": [ [ -58.385475, -34.599227 ], [ -58.386809, -34.599289 ] ] } },
{ "type": "Feature", "properties": { "TELECOM": null, "nomoficial": "LIBERTAD", "COM_PAR": "1", "id_street": "9727", "alt_derfin": "599", "ZONA": "3", "alt_derini": "501", "TELEFONICA": null, "alt_izqfin": "600", "BARRIO": "SAN NICOLAS", "COMUNA": "1", "alt_izqini": "502", "codigo": "12106", "BARRIO_PAR": "SAN NICOLAS", "id": "9727", "TELECENTRO": null, "EMPRESA": "TELCOS - NO SE IDENTIFICA", "fecha_ingr": null, "long": 0.13, "longitud_m": 130.78497422300956 }, "geometry": { "type": "LineString", "coordinates": [ [ -58.383802, -34.602629 ], [ -58.383884, -34.601452 ] ] } },
{ "type": "Feature", "properties": { "TELECOM": "TELECOM", "nomoficial": "LAVALLE", "COM_PAR": "3", "id_street": "9908", "alt_derfin": "1899", "ZONA": "1", "alt_derini": "1801", "TELEFONICA": null, "alt_izqfin": "1900", "BARRIO": "BALVANERA", "COMUNA": "3", "alt_izqini": "1802", "codigo": "12089", "BARRIO_PAR": "BALVANERA", "id": "9908", "TELECENTRO": "TELECENTRO", "EMPRESA": "TELECOM/TELECENTRO", "fecha_ingr": null, "long": 0.14, "longitud_m": 138.99395107949093 }, "geometry": { "type": "LineString", "coordinates": [ [ -58.392473, -34.603154 ], [ -58.393987, -34.603206 ] ] } },
{ "type": "Feature", "properties": { "TELECOM": null, "nomoficial": "SLOTOPOLSKY DE EPELBAUM, RENEE", "COM_PAR": "1", "id_street": "7059", "alt_derfin": "1299", "ZONA": "3", "alt_derini": "1201", "TELEFONICA": null, "alt_izqfin": "1300", "BARRIO": "RETIRO", "COMUNA": "1", "alt_izqini": "1202", "codigo": "13154", "BARRIO_PAR": "RETIRO", "id": "7059", "TELECENTRO": null, "EMPRESA": "TELCOS - NO SE IDENTIFICA", "fecha_ingr": null, "long": 0.13, "longitud_m": 125.61266306952879 }, "geometry": { "type": "LineString", "coordinates": [ [ -58.371856, -34.590862 ], [ -58.373008, -34.59025 ] ] } },
{ "type": "Feature", "properties": { "TELECOM": null, "nomoficial": "ALEM, LEANDRO N. AV.", "COM_PAR": "1", "id_street": "8909", "alt_derfin": "0", "ZONA": "3", "alt_derini": "0", "TELEFONICA": null, "alt_izqfin": "0", "BARRIO": "SAN NICOLAS", "COMUNA": "1", "alt_izqini": "0", "codigo": "1037", "BARRIO_PAR": "SAN NICOLAS", "id": "8909", "TELECENTRO": null, "EMPRESA": "TELCOS - NO SE IDENTIFICA", "fecha_ingr": null, "long": 0.13, "longitud_m": 129.11263730102792 }, "geometry": { "type": "LineString", "coordinates": [ [ -58.3708, -34.599515 ], [ -58.370974, -34.598837 ], [ -58.37117, -34.598395 ] ] } },
{ "type": "Feature", "properties": { "TELECOM": null, "nomoficial": "ALEM, LEANDRO N. AV.", "COM_PAR": "1", "id_street": "9196", "alt_derfin": "0", "ZONA": "3", "alt_derini": "0", "TELEFONICA": null, "alt_izqfin": "0", "BARRIO": "SAN NICOLAS", "COMUNA": "1", "alt_izqini": "0", "codigo": "1037", "BARRIO_PAR": "SAN NICOLAS", "id": "9196", "TELECENTRO": null, "EMPRESA": "TELCOS - NO SE IDENTIFICA", "fecha_ingr": null, "long": 0.13, "longitud_m": 128.99549646860476 }, "geometry": { "type": "LineString", "coordinates": [ [ -58.370511, -34.600653 ], [ -58.3708, -34.599515 ] ] } },
{ "type": "Feature", "properties": { "TELECOM": null, "nomoficial": "DON ANSELMO AIETA", "COM_PAR": "1", "id_street": "14609", "alt_derfin": "1099", "ZONA": "2", "alt_derini": "1051", "TELEFONICA": null, "alt_izqfin": "1100", "BARRIO": "SAN TELMO", "COMUNA": "1", "alt_izqini": "1052", "codigo": "1000", "BARRIO_PAR": "SAN TELMO", "id": "14609", "TELECENTRO": null, "EMPRESA": "TELCOS - NO SE IDENTIFICA", "fecha_ingr": null, "long": 0.04, "longitud_m": 44.94646656218935 }, "geometry": { "type": "LineString", "coordinates": [ [ -58.372101, -34.620288 ], [ -58.372087, -34.620693 ] ] } },
{ "type": "Feature", "properties": { "TELECOM": null, "nomoficial": "PASEO COLON AV.", "COM_PAR": "1", "id_street": "14867", "alt_derfin": "1199", "ZONA": "2", "alt_derini": "1101", "TELEFONICA": null, "alt_izqfin": "1200", "BARRIO": "SAN TELMO", "COMUNA": "1", "alt_izqini": "1102", "codigo": "17028", "BARRIO_PAR": "SAN TELMO", "id": "14867", "TELECENTRO": null, "EMPRESA": "TELCOS - NO SE IDENTIFICA", "fecha_ingr": null, "long": 0.12, "longitud_m": 121.43419199029228 }, "geometry": { "type": "LineString", "coordinates": [ [ -58.368437, -34.620596 ], [ -58.368315, -34.621686 ] ] } },
{ "type": "Feature", "properties": { "TELECOM": null, "nomoficial": "PASEO COLON AV.", "COM_PAR": "1", "id_street": "15567", "alt_derfin": "1399", "ZONA": "2", "alt_derini": "1301", "TELEFONICA": null, "alt_izqfin": "1400", "BARRIO": "SAN TELMO", "COMUNA": "1", "alt_izqini": "1302", "codigo": "17028", "BARRIO_PAR": "SAN TELMO", "id": "15567", "TELECENTRO": null, "EMPRESA": "TELCOS - NO SE IDENTIFICA", "fecha_ingr": null, "long": 0.14, "longitud_m": 140.37137241262232 }, "geometry": { "type": "LineString", "coordinates": [ [ -58.368191, -34.62281 ], [ -58.368064, -34.624071 ] ] } },
{ "type": "Feature", "properties": { "TELECOM": null, "nomoficial": "GARCIA, MARTIN AV.", "COM_PAR": "4", "id_street": "17087", "alt_derfin": "399", "ZONA": "2", "alt_derini": "301", "TELEFONICA": null, "alt_izqfin": "400", "BARRIO": "BOCA", "COMUNA": "4", "alt_izqini": "302", "codigo": "7032", "BARRIO_PAR": "BOCA", "id": "17087", "TELECENTRO": "TELECENTRO", "EMPRESA": "TELECENTRO", "fecha_ingr": null, "long": 0.17, "longitud_m": 170.93346114653303 }, "geometry": { "type": "LineString", "coordinates": [ [ -58.369449, -34.628322 ], [ -58.370662, -34.629492 ] ] } },
{ "type": "Feature", "properties": { "TELECOM": null, "nomoficial": "GARCIA, MARTIN AV.", "COM_PAR": "4", "id_street": "17367", "alt_derfin": "499", "ZONA": "2", "alt_derini": "401", "TELEFONICA": null, "alt_izqfin": "500", "BARRIO": "BARRACAS", "COMUNA": "4", "alt_izqini": "402", "codigo": "7032", "BARRIO_PAR": "BARRACAS", "id": "17367", "TELECENTRO": "TELECENTRO", "EMPRESA": "TELECENTRO", "fecha_ingr": null, "long": 0.15, "longitud_m": 146.70750886945567 }, "geometry": { "type": "LineString", "coordinates": [ [ -58.370662, -34.629492 ], [ -58.371667, -34.630521 ] ] } },
{ "type": "Feature", "properties": { "TELECOM": null, "nomoficial": "REGIMIENTO DE PATRICIOS AV.", "COM_PAR": "4", "id_street": "17442", "alt_derfin": "99", "ZONA": "2", "alt_derini": "1", "TELEFONICA": null, "alt_izqfin": "100", "BARRIO": "BOCA", "COMUNA": "4", "alt_izqini": "2", "codigo": "17034", "BARRIO_PAR": "BOCA", "id": "17442", "TELECENTRO": "TELECENTRO", "EMPRESA": "TELECENTRO", "fecha_ingr": null, "long": 0.12, "longitud_m": 120.14506440931481 }, "geometry": { "type": "LineString", "coordinates": [ [ -58.370635, -34.629728 ], [ -58.370537, -34.630808 ] ] } },
{ "type": "Feature", "properties": { "TELECOM": null, "nomoficial": "REGIMIENTO DE PATRICIOS AV.", "COM_PAR": "4", "id_street": "17715", "alt_derfin": "199", "ZONA": "2", "alt_derini": "101", "TELEFONICA": null, "alt_izqfin": "200", "BARRIO": "BOCA", "COMUNA": "4", "alt_izqini": "102", "codigo": "17034", "BARRIO_PAR": "BOCA", "id": "17715", "TELECENTRO": "TELECENTRO", "EMPRESA": "TELECENTRO", "fecha_ingr": null, "long": 0.1, "longitud_m": 103.43548194164647 }, "geometry": { "type": "LineString", "coordinates": [ [ -58.370537, -34.630808 ], [ -58.370456, -34.631738 ] ] } },
{ "type": "Feature", "properties": { "TELECOM": null, "nomoficial": "LAVALLE", "COM_PAR": "1", "id_street": "9664", "alt_derfin": "599", "ZONA": "3", "alt_derini": "501", "TELEFONICA": null, "alt_izqfin": "600", "BARRIO": "SAN NICOLAS", "COMUNA": "1", "alt_izqini": "502", "codigo": "12089", "BARRIO_PAR": "SAN NICOLAS", "id": "9664", "TELECENTRO": null, "EMPRESA": "TELCOS - NO SE IDENTIFICA", "fecha_ingr": null, "long": 0.13, "longitud_m": 125.15757120938734 }, "geometry": { "type": "LineString", "coordinates": [ [ -58.37391, -34.60213 ], [ -58.37527, -34.602221 ] ] } },
{ "type": "Feature", "properties": { "TELECOM": null, "nomoficial": "FLORIDA", "COM_PAR": "1", "id_street": "9958", "alt_derfin": "499", "ZONA": "3", "alt_derini": "401", "TELEFONICA": null, "alt_izqfin": "500", "BARRIO": "SAN NICOLAS", "COMUNA": "1", "alt_izqini": "402", "codigo": "6036", "BARRIO_PAR": "SAN NICOLAS", "id": "9958", "TELECENTRO": null, "EMPRESA": "TELCOS - NO SE IDENTIFICA", "fecha_ingr": null, "long": 0.12, "longitud_m": 121.55853669701094 }, "geometry": { "type": "LineString", "coordinates": [ [ -58.37522, -34.603316 ], [ -58.37527, -34.602221 ] ] } },
{ "type": "Feature", "properties": { "TELECOM": null, "nomoficial": "HUMBERTO 1°", "COM_PAR": "1", "id_street": "14607", "alt_derfin": "399", "ZONA": "2", "alt_derini": "301", "TELEFONICA": null, "alt_izqfin": "400", "BARRIO": "SAN TELMO", "COMUNA": "1", "alt_izqini": "302", "codigo": "8035", "BARRIO_PAR": "SAN TELMO", "id": "14607", "TELECENTRO": null, "EMPRESA": "TELCOS - NO SE IDENTIFICA", "fecha_ingr": null, "long": 0.13, "longitud_m": 132.42559610946836 }, "geometry": { "type": "LineString", "coordinates": [ [ -58.369978, -34.620673 ], [ -58.371422, -34.620672 ] ] } },
{ "type": "Feature", "properties": { "TELECOM": null, "nomoficial": "HUMBERTO 1°", "COM_PAR": "1", "id_street": "14615", "alt_derfin": "499", "ZONA": "2", "alt_derini": "451", "TELEFONICA": null, "alt_izqfin": "500", "BARRIO": "SAN TELMO", "COMUNA": "1", "alt_izqini": "452", "codigo": "8035", "BARRIO_PAR": "SAN TELMO", "id": "14615", "TELECENTRO": null, "EMPRESA": "TELCOS - NO SE IDENTIFICA", "fecha_ingr": null, "long": 0.07, "longitud_m": 70.408129738534726 }, "geometry": { "type": "LineString", "coordinates": [ [ -58.372087, -34.620693 ], [ -58.372854, -34.620721 ] ] } },
{ "type": "Feature", "properties": { "TELECOM": null, "nomoficial": "HUMBERTO 1°", "COM_PAR": "1", "id_street": "14627", "alt_derfin": "599", "ZONA": "2", "alt_derini": "501", "TELEFONICA": null, "alt_izqfin": "600", "BARRIO": "SAN TELMO", "COMUNA": "1", "alt_izqini": "502", "codigo": "8035", "BARRIO_PAR": "SAN TELMO", "id": "14627", "TELECENTRO": null, "EMPRESA": "TELCOS - NO SE IDENTIFICA", "fecha_ingr": null, "long": 0.13, "longitud_m": 126.07642038961031 }, "geometry": { "type": "LineString", "coordinates": [ [ -58.372854, -34.620721 ], [ -58.374228, -34.620759 ] ] } },
{ "type": "Feature", "properties": { "TELECOM": null, "nomoficial": "RAMOS MEJIA, JOSE MARIA, DR. AV.", "COM_PAR": "1", "id_street": "28053", "alt_derfin": "1499", "ZONA": "3", "alt_derini": "1401", "TELEFONICA": null, "alt_izqfin": "0", "BARRIO": "RETIRO", "COMUNA": "1", "alt_izqini": "0", "codigo": "19007", "BARRIO_PAR": "RETIRO", "id": "28053", "TELECENTRO": null, "EMPRESA": "TELCOS - NO SE IDENTIFICA", "fecha_ingr": null, "long": 0.1, "longitud_m": 98.533723342226338 }, "geometry": { "type": "LineString", "coordinates": [ [ -58.373542, -34.591004 ], [ -58.37354, -34.590904 ], [ -58.373008, -34.59025 ] ] } },
{ "type": "Feature", "properties": { "TELECOM": null, "nomoficial": "SAN MARTIN", "COM_PAR": "1", "id_street": "28055", "alt_derfin": "0", "ZONA": "3", "alt_derini": "0", "TELEFONICA": null, "alt_izqfin": "1350", "BARRIO": "RETIRO", "COMUNA": "1", "alt_izqini": "1302", "codigo": "20044", "BARRIO_PAR": "RETIRO", "id": "28055", "TELECENTRO": null, "EMPRESA": "TELCOS - NO SE IDENTIFICA", "fecha_ingr": null, "long": 0.09, "longitud_m": 87.480883584986799 }, "geometry": { "type": "LineString", "coordinates": [ [ -58.372355, -34.591534 ], [ -58.371856, -34.590862 ] ] } },
{ "type": "Feature", "properties": { "TELECOM": null, "nomoficial": "CERRITO", "COM_PAR": "1", "id_street": "9770", "alt_derfin": "449", "ZONA": "3", "alt_derini": "401", "TELEFONICA": null, "alt_izqfin": "450", "BARRIO": "SAN NICOLAS", "COMUNA": "1", "alt_izqini": "402", "codigo": "3118", "BARRIO_PAR": "SAN NICOLAS", "id": "9770", "TELECENTRO": null, "EMPRESA": "TELCOS - NO SE IDENTIFICA", "fecha_ingr": null, "long": 0.04, "longitud_m": 42.433676424522695 }, "geometry": { "type": "LineString", "coordinates": [ [ -58.382209, -34.603739 ], [ -58.382233, -34.603357 ] ] } },
{ "type": "Feature", "properties": { "TELECOM": null, "nomoficial": "PASEO COLON AV.", "COM_PAR": "1", "id_street": "14282", "alt_derfin": "0", "ZONA": "2", "alt_derini": "0", "TELEFONICA": null, "alt_izqfin": "900", "BARRIO": "SAN TELMO", "COMUNA": "1", "alt_izqini": "802", "codigo": "17028", "BARRIO_PAR": "SAN TELMO", "id": "14282", "TELECENTRO": null, "EMPRESA": "TELCOS - NO SE IDENTIFICA", "fecha_ingr": null, "long": 0.15, "longitud_m": 145.56773377061157 }, "geometry": { "type": "LineString", "coordinates": [ [ -58.368686, -34.617005 ], [ -58.368594, -34.618315 ] ] } },
{ "type": "Feature", "properties": { "TELECOM": null, "nomoficial": "ANTARTIDA ARGENTINA AV.", "COM_PAR": "1", "id_street": "29859", "alt_derfin": "0", "ZONA": "3", "alt_derini": "0", "TELEFONICA": null, "alt_izqfin": "1150", "BARRIO": "RETIRO", "COMUNA": "1", "alt_izqini": "1126", "codigo": "1087", "BARRIO_PAR": "RETIRO", "id": "29859", "TELECENTRO": null, "EMPRESA": "TELCOS - NO SE IDENTIFICA", "fecha_ingr": null, "long": 0.07, "longitud_m": 65.495959021497598 }, "geometry": { "type": "LineString", "coordinates": [ [ -58.37109, -34.58996 ], [ -58.371305, -34.589397 ] ] } },
{ "type": "Feature", "properties": { "TELECOM": null, "nomoficial": "ALEM, LEANDRO N. AV.", "COM_PAR": "1", "id_street": "30394", "alt_derfin": "0", "ZONA": "3", "alt_derini": "0", "TELEFONICA": null, "alt_izqfin": "1200", "BARRIO": "RETIRO", "COMUNA": "1", "alt_izqini": "1152", "codigo": "1037", "BARRIO_PAR": "RETIRO", "id": "30394", "TELECENTRO": null, "EMPRESA": "TELCOS - NO SE IDENTIFICA", "fecha_ingr": null, "long": 0.1, "longitud_m": 102.94007356591273 }, "geometry": { "type": "LineString", "coordinates": [ [ -58.373355, -34.594404 ], [ -58.373842, -34.593568 ] ] } },
{ "type": "Feature", "properties": { "TELECOM": null, "nomoficial": "ALEM, LEANDRO N. AV.", "COM_PAR": "1", "id_street": "30393", "alt_derfin": "1199", "ZONA": "3", "alt_derini": "1117", "TELEFONICA": null, "alt_izqfin": "0", "BARRIO": "RETIRO", "COMUNA": "1", "alt_izqini": "0", "codigo": "1037", "BARRIO_PAR": "RETIRO", "id": "30393", "TELECENTRO": null, "EMPRESA": "TELCOS - NO SE IDENTIFICA", "fecha_ingr": null, "long": 0.17, "longitud_m": 167.53729168343983 }, "geometry": { "type": "LineString", "coordinates": [ [ -58.372702, -34.59471 ], [ -58.373067, -34.594113 ], [ -58.373842, -34.593568 ] ] } },
{ "type": "Feature", "properties": { "TELECOM": null, "nomoficial": "ALEM, LEANDRO N. AV.", "COM_PAR": "1", "id_street": "30399", "alt_derfin": "0", "ZONA": "3", "alt_derini": "0", "TELEFONICA": null, "alt_izqfin": "850", "BARRIO": "RETIRO", "COMUNA": "1", "alt_izqini": "802", "codigo": "1037", "BARRIO_PAR": "RETIRO", "id": "30399", "TELECENTRO": null, "EMPRESA": "TELCOS - NO SE IDENTIFICA", "fecha_ingr": null, "long": 0.09, "longitud_m": 94.502795492714725 }, "geometry": { "type": "LineString", "coordinates": [ [ -58.371484, -34.598417 ], [ -58.371851, -34.597621 ] ] } },
{ "type": "Feature", "properties": { "TELECOM": null, "nomoficial": "ALEM, LEANDRO N. AV.", "COM_PAR": "1", "id_street": "30409", "alt_derfin": "0", "ZONA": "3", "alt_derini": "0", "TELEFONICA": null, "alt_izqfin": "500", "BARRIO": "SAN NICOLAS", "COMUNA": "1", "alt_izqini": "402", "codigo": "1037", "BARRIO_PAR": "SAN NICOLAS", "id": "30409", "TELECENTRO": null, "EMPRESA": "TELCOS - NO SE IDENTIFICA", "fecha_ingr": null, "long": 0.12, "longitud_m": 124.32486583930401 }, "geometry": { "type": "LineString", "coordinates": [ [ -58.370413, -34.603014 ], [ -58.370488, -34.601895 ] ] } },
{ "type": "Feature", "properties": { "TELECOM": null, "nomoficial": "ALEM, LEANDRO N. AV.", "COM_PAR": "1", "id_street": "30408", "alt_derfin": "499", "ZONA": "3", "alt_derini": "401", "TELEFONICA": null, "alt_izqfin": "0", "BARRIO": "SAN NICOLAS", "COMUNA": "1", "alt_izqini": "0", "codigo": "1037", "BARRIO_PAR": "SAN NICOLAS", "id": "30408", "TELECENTRO": null, "EMPRESA": "TELCOS - NO SE IDENTIFICA", "fecha_ingr": null, "long": 0.12, "longitud_m": 124.37585545874518 }, "geometry": { "type": "LineString", "coordinates": [ [ -58.370093, -34.602997 ], [ -58.370195, -34.601879 ] ] } },
{ "type": "Feature", "properties": { "TELECOM": null, "nomoficial": "ALEM, LEANDRO N. AV.", "COM_PAR": "1", "id_street": "30413", "alt_derfin": "0", "ZONA": "3", "alt_derini": "0", "TELEFONICA": null, "alt_izqfin": "700", "BARRIO": "SAN NICOLAS", "COMUNA": "1", "alt_izqini": "602", "codigo": "1037", "BARRIO_PAR": "SAN NICOLAS", "id": "30413", "TELECENTRO": null, "EMPRESA": "TELCOS - NO SE IDENTIFICA", "fecha_ingr": null, "long": 0.13, "longitud_m": 129.38498470726677 }, "geometry": { "type": "LineString", "coordinates": [ [ -58.370622, -34.600665 ], [ -58.370931, -34.599527 ] ] } },
{ "type": "Feature", "properties": { "TELECOM": null, "nomoficial": "ALEM, LEANDRO N. AV.", "COM_PAR": "1", "id_street": "30412", "alt_derfin": "699", "ZONA": "3", "alt_derini": "601", "TELEFONICA": null, "alt_izqfin": "0", "BARRIO": "SAN NICOLAS", "COMUNA": "1", "alt_izqini": "0", "codigo": "1037", "BARRIO_PAR": "SAN NICOLAS", "id": "30412", "TELECENTRO": null, "EMPRESA": "TELCOS - NO SE IDENTIFICA", "fecha_ingr": null, "long": 0.13, "longitud_m": 128.57610624471224 }, "geometry": { "type": "LineString", "coordinates": [ [ -58.370356, -34.600635 ], [ -58.37064, -34.5995 ] ] } },
{ "type": "Feature", "properties": { "TELECOM": null, "nomoficial": "ALEM, LEANDRO N. AV.", "COM_PAR": "1", "id_street": "30415", "alt_derfin": "0", "ZONA": "3", "alt_derini": "0", "TELEFONICA": null, "alt_izqfin": "800", "BARRIO": "SAN NICOLAS", "COMUNA": "1", "alt_izqini": "702", "codigo": "1037", "BARRIO_PAR": "SAN NICOLAS", "id": "30415", "TELECENTRO": null, "EMPRESA": "TELCOS - NO SE IDENTIFICA", "fecha_ingr": null, "long": 0.13, "longitud_m": 127.79597719986329 }, "geometry": { "type": "LineString", "coordinates": [ [ -58.370931, -34.599527 ], [ -58.371169, -34.598569 ], [ -58.37117, -34.598395 ] ] } },
{ "type": "Feature", "properties": { "TELECOM": null, "nomoficial": "ALEM, LEANDRO N. AV.", "COM_PAR": "1", "id_street": "30414", "alt_derfin": "799", "ZONA": "3", "alt_derini": "701", "TELEFONICA": null, "alt_izqfin": "0", "BARRIO": "SAN NICOLAS", "COMUNA": "1", "alt_izqini": "0", "codigo": "1037", "BARRIO_PAR": "SAN NICOLAS", "id": "30414", "TELECENTRO": null, "EMPRESA": "TELCOS - NO SE IDENTIFICA", "fecha_ingr": null, "long": 0.13, "longitud_m": 127.08375192133575 }, "geometry": { "type": "LineString", "coordinates": [ [ -58.37064, -34.5995 ], [ -58.370958, -34.598385 ] ] } },
{ "type": "Feature", "properties": { "TELECOM": null, "nomoficial": "CASEROS AV.", "COM_PAR": "1", "id_street": "31242", "alt_derfin": "499", "ZONA": "2", "alt_derini": "401", "TELEFONICA": null, "alt_izqfin": "0", "BARRIO": "SAN TELMO", "COMUNA": "1", "alt_izqini": "0", "codigo": "3085", "BARRIO_PAR": "SAN TELMO", "id": "31242", "TELECENTRO": null, "EMPRESA": "TELCOS - NO SE IDENTIFICA", "fecha_ingr": null, "long": 0.15, "longitud_m": 146.07938478477374 }, "geometry": { "type": "LineString", "coordinates": [ [ -58.370968, -34.626646 ], [ -58.371109, -34.626616 ], [ -58.372553, -34.626698 ] ] } },
{ "type": "Feature", "properties": { "TELECOM": null, "nomoficial": "RAMOS MEJIA, JOSE MARIA, DR. AV.", "COM_PAR": "1", "id_street": "32313", "alt_derfin": "0", "ZONA": "3", "alt_derini": "0", "TELEFONICA": null, "alt_izqfin": "1580", "BARRIO": "RETIRO", "COMUNA": "1", "alt_izqini": "1572", "codigo": "19007", "BARRIO_PAR": "RETIRO", "id": "32313", "TELECENTRO": null, "EMPRESA": "TELCOS - NO SE IDENTIFICA", "fecha_ingr": null, "long": 0.02, "longitud_m": 17.135175916245036 }, "geometry": { "type": "LineString", "coordinates": [ [ -58.372518, -34.589195 ], [ -58.372421, -34.589063 ] ] } },
{ "type": "Feature", "properties": { "TELECOM": null, "nomoficial": "RAMOS MEJIA, JOSE MARIA, DR. AV.", "COM_PAR": "1", "id_street": "32312", "alt_derfin": "0", "ZONA": "3", "alt_derini": "0", "TELEFONICA": null, "alt_izqfin": "1570", "BARRIO": "RETIRO", "COMUNA": "1", "alt_izqini": "1562", "codigo": "19007", "BARRIO_PAR": "RETIRO", "id": "32312", "TELECENTRO": null, "EMPRESA": "TELCOS - NO SE IDENTIFICA", "fecha_ingr": null, "long": 0.02, "longitud_m": 16.470608581369518 }, "geometry": { "type": "LineString", "coordinates": [ [ -58.372611, -34.589322 ], [ -58.372518, -34.589195 ] ] } },
{ "type": "Feature", "properties": { "TELECOM": null, "nomoficial": "RAMOS MEJIA, JOSE MARIA, DR. AV.", "COM_PAR": "1", "id_street": "32314", "alt_derfin": "0", "ZONA": "3", "alt_derini": "0", "TELEFONICA": null, "alt_izqfin": "1600", "BARRIO": "RETIRO", "COMUNA": "1", "alt_izqini": "1582", "codigo": "19007", "BARRIO_PAR": "RETIRO", "id": "32314", "TELECENTRO": null, "EMPRESA": "TELCOS - NO SE IDENTIFICA", "fecha_ingr": null, "long": 0.03, "longitud_m": 33.511007241922442 }, "geometry": { "type": "LineString", "coordinates": [ [ -58.372421, -34.589063 ], [ -58.372231, -34.588805 ] ] } },
{ "type": "Feature", "properties": { "TELECOM": null, "nomoficial": "GARCIA, MARTIN AV.", "COM_PAR": "1", "id_street": "31958", "alt_derfin": "229", "ZONA": "2", "alt_derini": "207", "TELEFONICA": null, "alt_izqfin": "0", "BARRIO": "SAN TELMO", "COMUNA": "1", "alt_izqini": "0", "codigo": "7032", "BARRIO_PAR": "SAN TELMO", "id": "31958", "TELECENTRO": null, "EMPRESA": "TELCOS - NO SE IDENTIFICA", "fecha_ingr": null, "long": 0.06, "longitud_m": 64.949212805389323 }, "geometry": { "type": "LineString", "coordinates": [ [ -58.368161, -34.627127 ], [ -58.36847, -34.627377 ], [ -58.368617, -34.62757 ] ] } },
{ "type": "Feature", "properties": { "TELECOM": null, "nomoficial": "SARMIENTO", "COM_PAR": "1", "id_street": "10209", "alt_derfin": "399", "ZONA": "4", "alt_derini": "301", "TELEFONICA": null, "alt_izqfin": "400", "BARRIO": "SAN NICOLAS", "COMUNA": "1", "alt_izqini": "302", "codigo": "20074", "BARRIO_PAR": "SAN NICOLAS", "id": "10209", "TELECENTRO": null, "EMPRESA": "TELCOS - NO SE IDENTIFICA", "fecha_ingr": null, "long": 0.13, "longitud_m": 126.81139455527311 }, "geometry": { "type": "LineString", "coordinates": [ [ -58.37101622003, -34.604246599424705 ], [ -58.372392432122297, -34.604355591843166 ] ] } },
{ "type": "Feature", "properties": { "TELECOM": null, "nomoficial": "SARMIENTO", "COM_PAR": "1", "id_street": "10238", "alt_derfin": "499", "ZONA": "4", "alt_derini": "401", "TELEFONICA": null, "alt_izqfin": "500", "BARRIO": "SAN NICOLAS", "COMUNA": "1", "alt_izqini": "402", "codigo": "20074", "BARRIO_PAR": "SAN NICOLAS", "id": "10238", "TELECENTRO": null, "EMPRESA": "TELCOS - NO SE IDENTIFICA", "fecha_ingr": null, "long": 0.13, "longitud_m": 128.73593346751383 }, "geometry": { "type": "LineString", "coordinates": [ [ -58.372392432122297, -34.604355591843166 ], [ -58.373789770247434, -34.604464161698878 ] ] } },
{ "type": "Feature", "properties": { "TELECOM": null, "nomoficial": "SARMIENTO", "COM_PAR": "1", "id_street": "10270", "alt_derfin": "599", "ZONA": "4", "alt_derini": "501", "TELEFONICA": null, "alt_izqfin": "600", "BARRIO": "SAN NICOLAS", "COMUNA": "1", "alt_izqini": "502", "codigo": "20074", "BARRIO_PAR": "SAN NICOLAS", "id": "10270", "TELECENTRO": null, "EMPRESA": "TELCOS - NO SE IDENTIFICA", "fecha_ingr": null, "long": 0.13, "longitud_m": 126.69279760216288 }, "geometry": { "type": "LineString", "coordinates": [ [ -58.373789770247434, -34.604464161698878 ], [ -58.375165744158998, -34.60456361548502 ] ] } },
{ "type": "Feature", "properties": { "TELECOM": null, "nomoficial": "SARMIENTO", "COM_PAR": "1", "id_street": "10296", "alt_derfin": "699", "ZONA": "4", "alt_derini": "601", "TELEFONICA": null, "alt_izqfin": "700", "BARRIO": "SAN NICOLAS", "COMUNA": "1", "alt_izqini": "602", "codigo": "20074", "BARRIO_PAR": "SAN NICOLAS", "id": "10296", "TELECENTRO": null, "EMPRESA": "TELCOS - NO SE IDENTIFICA", "fecha_ingr": null, "long": 0.13, "longitud_m": 130.43973812263724 }, "geometry": { "type": "LineString", "coordinates": [ [ -58.375165744158998, -34.60456361548502 ], [ -58.376583376081555, -34.604656463555592 ] ] } },
{ "type": "Feature", "properties": { "TELECOM": null, "nomoficial": "FLORIDA", "COM_PAR": "1", "id_street": "10271", "alt_derfin": "399", "ZONA": "4", "alt_derini": "301", "TELEFONICA": null, "alt_izqfin": "400", "BARRIO": "SAN NICOLAS", "COMUNA": "1", "alt_izqini": "302", "codigo": "6036", "BARRIO_PAR": "SAN NICOLAS", "id": "10271", "TELECENTRO": null, "EMPRESA": "TELCOS - NO SE IDENTIFICA", "fecha_ingr": null, "long": 0.14, "longitud_m": 138.52063090656497 }, "geometry": { "type": "LineString", "coordinates": [ [ -58.375165744158998, -34.60456361548502 ], [ -58.375210871506063, -34.603526802093029 ], [ -58.375220377674225, -34.60331574954359 ] ] } },
{ "type": "Feature", "properties": { "TELECOM": null, "nomoficial": "RECONQUISTA", "COM_PAR": "1", "id_street": "10210", "alt_derfin": "399", "ZONA": "4", "alt_derini": "301", "TELEFONICA": null, "alt_izqfin": "400", "BARRIO": "SAN NICOLAS", "COMUNA": "1", "alt_izqini": "302", "codigo": "19017", "BARRIO_PAR": "SAN NICOLAS", "id": "10210", "TELECENTRO": null, "EMPRESA": "TELCOS - NO SE IDENTIFICA", "fecha_ingr": null, "long": 0.13, "longitud_m": 134.31122540398619 }, "geometry": { "type": "LineString", "coordinates": [ [ -58.372392432122297, -34.604355591843166 ], [ -58.372464779848848, -34.60314633243528 ] ] } },
{ "type": "Feature", "properties": { "TELECOM": null, "nomoficial": "SAN MARTIN", "COM_PAR": "1", "id_street": "10239", "alt_derfin": "399", "ZONA": "4", "alt_derini": "301", "TELEFONICA": null, "alt_izqfin": "400", "BARRIO": "SAN NICOLAS", "COMUNA": "1", "alt_izqini": "302", "codigo": "20044", "BARRIO_PAR": "SAN NICOLAS", "id": "10239", "TELECENTRO": null, "EMPRESA": "TELCOS - NO SE IDENTIFICA", "fecha_ingr": null, "long": 0.14, "longitud_m": 136.81331398539916 }, "geometry": { "type": "LineString", "coordinates": [ [ -58.373789770247434, -34.604464161698878 ], [ -58.373853861070771, -34.603232007757263 ] ] } },
{ "type": "Feature", "properties": { "TELECOM": null, "nomoficial": "MAIPU", "COM_PAR": "1", "id_street": "10297", "alt_derfin": "399", "ZONA": "4", "alt_derini": "301", "TELEFONICA": null, "alt_izqfin": "400", "BARRIO": "SAN NICOLAS", "COMUNA": "1", "alt_izqini": "302", "codigo": "13014", "BARRIO_PAR": "SAN NICOLAS", "id": "10297", "TELECENTRO": null, "EMPRESA": "TELCOS - NO SE IDENTIFICA", "fecha_ingr": null, "long": 0.14, "longitud_m": 139.11061634496502 }, "geometry": { "type": "LineString", "coordinates": [ [ -58.376583376081555, -34.604656463555592 ], [ -58.376662691806118, -34.603404177825354 ] ] } },
{ "type": "Feature", "properties": { "TELECOM": "TELECOM", "nomoficial": "BOUCHARD", "COM_PAR": "1", "id_street": "9854", "alt_derfin": "499", "ZONA": "3", "alt_derini": "401", "TELEFONICA": null, "alt_izqfin": "500", "BARRIO": "SAN NICOLAS", "COMUNA": "1", "alt_izqini": "402", "codigo": "2105", "BARRIO_PAR": "SAN NICOLAS", "id": "9854", "TELECENTRO": null, "EMPRESA": "TELECOM", "fecha_ingr": null, "long": 0.12, "longitud_m": 122.94131188771495 }, "geometry": { "type": "LineString", "coordinates": [ [ -58.36901515496271, -34.602907585385012 ], [ -58.369158628264429, -34.601805708157663 ] ] } },
{ "type": "Feature", "properties": { "TELECOM": null, "nomoficial": "25 DE MAYO", "COM_PAR": "1", "id_street": "10484", "alt_derfin": "299", "ZONA": "4", "alt_derini": "201", "TELEFONICA": null, "alt_izqfin": "300", "BARRIO": "SAN NICOLAS", "COMUNA": "1", "alt_izqini": "202", "codigo": "23024", "BARRIO_PAR": "SAN NICOLAS", "id": "10484", "TELECENTRO": null, "EMPRESA": "TELCOS - NO SE IDENTIFICA", "fecha_ingr": null, "long": 0.13, "longitud_m": 128.32312949723394 }, "geometry": { "type": "LineString", "coordinates": [ [ -58.370935138065917, -34.605401413732146 ], [ -58.37101622003, -34.604246599424705 ] ] } },
{ "type": "Feature", "properties": { "TELECOM": null, "nomoficial": "PERON, JUAN DOMINGO, TTE. GENERAL", "COM_PAR": "1", "id_street": "10569", "alt_derfin": "699", "ZONA": "4", "alt_derini": "601", "TELEFONICA": null, "alt_izqfin": "700", "BARRIO": "SAN NICOLAS", "COMUNA": "1", "alt_izqini": "602", "codigo": "3050", "BARRIO_PAR": "SAN NICOLAS", "id": "10569", "TELECENTRO": null, "EMPRESA": "TELCOS - NO SE IDENTIFICA", "fecha_ingr": null, "long": 0.13, "longitud_m": 131.30645385477465 }, "geometry": { "type": "LineString", "coordinates": [ [ -58.375105914689506, -34.605729856512937 ], [ -58.376532847824834, -34.605824754173774 ] ] } },
{ "type": "Feature", "properties": { "TELECOM": null, "nomoficial": "MAIPU", "COM_PAR": "1", "id_street": "10570", "alt_derfin": "299", "ZONA": "4", "alt_derini": "201", "TELEFONICA": null, "alt_izqfin": "300", "BARRIO": "SAN NICOLAS", "COMUNA": "1", "alt_izqini": "202", "codigo": "13014", "BARRIO_PAR": "SAN NICOLAS", "id": "10570", "TELECENTRO": null, "EMPRESA": "TELCOS - NO SE IDENTIFICA", "fecha_ingr": null, "long": 0.13, "longitud_m": 129.68525250693767 }, "geometry": { "type": "LineString", "coordinates": [ [ -58.376532847824834, -34.605824754173774 ], [ -58.376583376081555, -34.604656463555592 ] ] } },
{ "type": "Feature", "properties": { "TELECOM": null, "nomoficial": "25 DE MAYO", "COM_PAR": "1", "id_street": "10762", "alt_derfin": "199", "ZONA": "4", "alt_derini": "101", "TELEFONICA": null, "alt_izqfin": "200", "BARRIO": "SAN NICOLAS", "COMUNA": "1", "alt_izqini": "102", "codigo": "23024", "BARRIO_PAR": "SAN NICOLAS", "id": "10762", "TELECENTRO": null, "EMPRESA": "TELCOS - NO SE IDENTIFICA", "fecha_ingr": null, "long": 0.13, "longitud_m": 128.97502743159012 }, "geometry": { "type": "LineString", "coordinates": [ [ -58.370871591767205, -34.606562860860308 ], [ -58.370935138065917, -34.605401413732146 ] ] } },
{ "type": "Feature", "properties": { "TELECOM": null, "nomoficial": "MITRE, BARTOLOME", "COM_PAR": "1", "id_street": "10854", "alt_derfin": "649", "ZONA": "4", "alt_derini": "601", "TELEFONICA": null, "alt_izqfin": "650", "BARRIO": "SAN NICOLAS", "COMUNA": "1", "alt_izqini": "602", "codigo": "13094", "BARRIO_PAR": "SAN NICOLAS", "id": "10854", "TELECENTRO": null, "EMPRESA": "TELCOS - NO SE IDENTIFICA", "fecha_ingr": null, "long": 0.05, "longitud_m": 49.990276819774152 }, "geometry": { "type": "LineString", "coordinates": [ [ -58.375040239156412, -34.60686538840212 ], [ -58.375583683597874, -34.606899583599528 ] ] } },
{ "type": "Feature", "properties": { "TELECOM": null, "nomoficial": "MITRE, BARTOLOME", "COM_PAR": "1", "id_street": "10909", "alt_derfin": "899", "ZONA": "5", "alt_derini": "801", "TELEFONICA": null, "alt_izqfin": "900", "BARRIO": "SAN NICOLAS", "COMUNA": "1", "alt_izqini": "802", "codigo": "13094", "BARRIO_PAR": "SAN NICOLAS", "id": "10909", "TELECENTRO": null, "EMPRESA": "TELCOS - NO SE IDENTIFICA", "fecha_ingr": null, "long": 0.13, "longitud_m": 130.69623466449016 }, "geometry": { "type": "LineString", "coordinates": [ [ -58.377861017013359, -34.607053736931405 ], [ -58.379280558663588, -34.607155921326672 ] ] } },
{ "type": "Feature", "properties": { "TELECOM": null, "nomoficial": "MITRE, BARTOLOME", "COM_PAR": "1", "id_street": "10929", "alt_derfin": "999", "ZONA": "5", "alt_derini": "901", "TELEFONICA": null, "alt_izqfin": "1000", "BARRIO": "SAN NICOLAS", "COMUNA": "1", "alt_izqini": "902", "codigo": "13094", "BARRIO_PAR": "SAN NICOLAS", "id": "10929", "TELECENTRO": null, "EMPRESA": "TELCOS - NO SE IDENTIFICA", "fecha_ingr": null, "long": 0.14, "longitud_m": 137.664006833082 }, "geometry": { "type": "LineString", "coordinates": [ [ -58.379280558663588, -34.607155921326672 ], [ -58.380776504795193, -34.607256450744039 ] ] } },
{ "type": "Feature", "properties": { "TELECOM": null, "nomoficial": "MITRE, BARTOLOME", "COM_PAR": "1", "id_street": "11000", "alt_derfin": "1299", "ZONA": "5", "alt_derini": "1201", "TELEFONICA": null, "alt_izqfin": "1300", "BARRIO": "SAN NICOLAS", "COMUNA": "1", "alt_izqini": "1202", "codigo": "13094", "BARRIO_PAR": "SAN NICOLAS", "id": "11000", "TELECENTRO": null, "EMPRESA": "TELCOS - NO SE IDENTIFICA", "fecha_ingr": null, "long": 0.13, "longitud_m": 129.40010052599496 }, "geometry": { "type": "LineString", "coordinates": [ [ -58.383512481420283, -34.607440597095632 ], [ -58.384919360461467, -34.607527355279949 ] ] } },
{ "type": "Feature", "properties": { "TELECOM": null, "nomoficial": "SUIPACHA", "COM_PAR": "1", "id_street": "11182", "alt_derfin": "99", "ZONA": "5", "alt_derini": "1", "TELEFONICA": null, "alt_izqfin": "100", "BARRIO": "SAN NICOLAS", "COMUNA": "1", "alt_izqini": "2", "codigo": "20123", "BARRIO_PAR": "SAN NICOLAS", "id": "11182", "TELECENTRO": null, "EMPRESA": "TELCOS - NO SE IDENTIFICA", "fecha_ingr": null, "long": 0.13, "longitud_m": 126.68857418864525 }, "geometry": { "type": "LineString", "coordinates": [ [ -58.37922098061339, -34.608296882051796 ], [ -58.379280558663588, -34.607155921326672 ] ] } },
{ "type": "Feature", "properties": { "TELECOM": null, "nomoficial": "RIVADAVIA", "COM_PAR": "1", "id_street": "11199", "alt_derfin": "999", "ZONA": "5", "alt_derini": "901", "TELEFONICA": null, "alt_izqfin": "1000", "BARRIO": "MONSERRAT", "COMUNA": "1", "alt_izqini": "902", "codigo": "19046", "BARRIO_PAR": "MONSERRAT", "id": "11199", "TELECENTRO": null, "EMPRESA": "TELCOS - NO SE IDENTIFICA", "fecha_ingr": null, "long": 0.14, "longitud_m": 137.46663420294277 }, "geometry": { "type": "LineString", "coordinates": [ [ -58.37922098061339, -34.608296882051796 ], [ -58.380716713366461, -34.608375439917637 ] ] } },
{ "type": "Feature", "properties": { "TELECOM": null, "nomoficial": "PELLEGRINI, CARLOS", "COM_PAR": "1", "id_street": "11200", "alt_derfin": "99", "ZONA": "5", "alt_derini": "1", "TELEFONICA": null, "alt_izqfin": "100", "BARRIO": "SAN NICOLAS", "COMUNA": "1", "alt_izqini": "2", "codigo": "17052", "BARRIO_PAR": "SAN NICOLAS", "id": "11200", "TELECENTRO": null, "EMPRESA": "TELCOS - NO SE IDENTIFICA", "fecha_ingr": null, "long": 0.12, "longitud_m": 124.25437186331492 }, "geometry": { "type": "LineString", "coordinates": [ [ -58.380716713366461, -34.608375439917637 ], [ -58.380776504795193, -34.607256450744039 ] ] } },
{ "type": "Feature", "properties": { "TELECOM": null, "nomoficial": "LIBERTAD", "COM_PAR": "1", "id_street": "11253", "alt_derfin": "99", "ZONA": "5", "alt_derini": "1", "TELEFONICA": null, "alt_izqfin": "100", "BARRIO": "SAN NICOLAS", "COMUNA": "1", "alt_izqini": "2", "codigo": "12106", "BARRIO_PAR": "SAN NICOLAS", "id": "11253", "TELECENTRO": null, "EMPRESA": "TELCOS - NO SE IDENTIFICA", "fecha_ingr": null, "long": 0.13, "longitud_m": 126.11470670700126 }, "geometry": { "type": "LineString", "coordinates": [ [ -58.38346795607179, -34.608576851352034 ], [ -58.383512481420283, -34.607440597095632 ] ] } },
{ "type": "Feature", "properties": { "TELECOM": null, "nomoficial": "PERU", "COM_PAR": "1", "id_street": "11261", "alt_derfin": "49", "ZONA": "4", "alt_derini": "1", "TELEFONICA": null, "alt_izqfin": "50", "BARRIO": "MONSERRAT", "COMUNA": "1", "alt_izqini": "2", "codigo": "17071", "BARRIO_PAR": "MONSERRAT", "id": "11261", "TELECENTRO": null, "EMPRESA": "TELCOS - NO SE IDENTIFICA", "fecha_ingr": null, "long": 0.06, "longitud_m": 63.402367142355011 }, "geometry": { "type": "LineString", "coordinates": [ [ -58.374985600407669, -34.60803290030367 ], [ -58.374934489069901, -34.60860287113681 ] ] } },
{ "type": "Feature", "properties": { "TELECOM": null, "nomoficial": "TALCAHUANO", "COM_PAR": "1", "id_street": "11285", "alt_derfin": "99", "ZONA": "5", "alt_derini": "1", "TELEFONICA": null, "alt_izqfin": "100", "BARRIO": "SAN NICOLAS", "COMUNA": "1", "alt_izqini": "2", "codigo": "21009", "BARRIO_PAR": "SAN NICOLAS", "id": "11285", "TELECENTRO": null, "EMPRESA": "TELCOS - NO SE IDENTIFICA", "fecha_ingr": null, "long": 0.13, "longitud_m": 128.75426509323563 }, "geometry": { "type": "LineString", "coordinates": [ [ -58.384869551224106, -34.608687268948756 ], [ -58.384919360461467, -34.607527355279949 ] ] } },
{ "type": "Feature", "properties": { "TELECOM": null, "nomoficial": "DE MAYO AV.", "COM_PAR": "1", "id_street": "11293", "alt_derfin": "699", "ZONA": "4", "alt_derini": "601", "TELEFONICA": null, "alt_izqfin": "700", "BARRIO": "MONSERRAT", "COMUNA": "1", "alt_izqini": "602", "codigo": "4064", "BARRIO_PAR": "MONSERRAT", "id": "11293", "TELECENTRO": "TELECENTRO", "EMPRESA": "TELECENTRO", "fecha_ingr": null, "long": 0.13, "longitud_m": 132.27807680475021 }, "geometry": { "type": "LineString", "coordinates": [ [ -58.374934489069901, -34.60860287113681 ], [ -58.376371687634148, -34.608701933097493 ] ] } },
{ "type": "Feature", "properties": { "TELECOM": null, "nomoficial": "DE MAYO AV.", "COM_PAR": "1", "id_street": "11345", "alt_derfin": "899", "ZONA": "5", "alt_derini": "801", "TELEFONICA": null, "alt_izqfin": "900", "BARRIO": "MONSERRAT", "COMUNA": "1", "alt_izqini": "802", "codigo": "4064", "BARRIO_PAR": "MONSERRAT", "id": "11345", "TELECENTRO": null, "EMPRESA": "TELCOS - NO SE IDENTIFICA", "fecha_ingr": null, "long": 0.13, "longitud_m": 129.44553697605741 }, "geometry": { "type": "LineString", "coordinates": [ [ -58.377785041262243, -34.608800750148376 ], [ -58.37919132935523, -34.608899052992527 ] ] } },
{ "type": "Feature", "properties": { "TELECOM": null, "nomoficial": "RIVADAVIA", "COM_PAR": "1", "id_street": "11349", "alt_derfin": "1499", "ZONA": "5", "alt_derini": "1401", "TELEFONICA": null, "alt_izqfin": "1500", "BARRIO": "MONSERRAT", "COMUNA": "1", "alt_izqini": "1402", "codigo": "19046", "BARRIO_PAR": "MONSERRAT", "id": "11349", "TELECENTRO": null, "EMPRESA": "TELCOS - NO SE IDENTIFICA", "fecha_ingr": null, "long": 0.13, "longitud_m": 127.63394384267001 }, "geometry": { "type": "LineString", "coordinates": [ [ -58.386279338879731, -34.608784576844833 ], [ -58.387232963421646, -34.60885545778185 ], [ -58.387659965840555, -34.608920019916205 ] ] } },
{ "type": "Feature", "properties": { "TELECOM": null, "nomoficial": "IRIGOYEN, BERNARDO de", "COM_PAR": "1", "id_street": "11364", "alt_derfin": "49", "ZONA": "5", "alt_derini": "1", "TELEFONICA": null, "alt_izqfin": "50", "BARRIO": "MONSERRAT", "COMUNA": "1", "alt_izqini": "2", "codigo": "9019", "BARRIO_PAR": "MONSERRAT", "id": "11364", "TELECENTRO": null, "EMPRESA": "TELCOS - NO SE IDENTIFICA", "fecha_ingr": null, "long": 0.07, "longitud_m": 69.554317875686522 }, "geometry": { "type": "LineString", "coordinates": [ [ -58.380716713366461, -34.608375439917637 ], [ -58.380685686031605, -34.6090019063979 ] ] } },
{ "type": "Feature", "properties": { "TELECOM": null, "nomoficial": "SALTA", "COM_PAR": "1", "id_street": "11422", "alt_derfin": "49", "ZONA": "5", "alt_derini": "1", "TELEFONICA": null, "alt_izqfin": "50", "BARRIO": "MONSERRAT", "COMUNA": "1", "alt_izqini": "2", "codigo": "20017", "BARRIO_PAR": "MONSERRAT", "id": "11422", "TELECENTRO": null, "EMPRESA": "TELCOS - NO SE IDENTIFICA", "fecha_ingr": null, "long": 0.07, "longitud_m": 68.163718347709548 }, "geometry": { "type": "LineString", "coordinates": [ [ -58.38346795607179, -34.608576851352034 ], [ -58.383441816107243, -34.609190927189609 ] ] } },
{ "type": "Feature", "properties": { "TELECOM": null, "nomoficial": "CHACABUCO", "COM_PAR": "1", "id_street": "11456", "alt_derfin": "99", "ZONA": "4", "alt_derini": "51", "TELEFONICA": null, "alt_izqfin": "100", "BARRIO": "MONSERRAT", "COMUNA": "1", "alt_izqini": "52", "codigo": "3214", "BARRIO_PAR": "MONSERRAT", "id": "11456", "TELECENTRO": "TELECENTRO", "EMPRESA": "TELECENTRO", "fecha_ingr": null, "long": 0.07, "longitud_m": 66.291632503603992 }, "geometry": { "type": "LineString", "coordinates": [ [ -58.376371687634148, -34.608701933097493 ], [ -58.376336825543639, -34.609298817813404 ] ] } },
{ "type": "Feature", "properties": { "TELECOM": null, "nomoficial": "DE MAYO AV.", "COM_PAR": "1", "id_street": "11472", "alt_derfin": "1399", "ZONA": "5", "alt_derini": "1301", "TELEFONICA": null, "alt_izqfin": "1400", "BARRIO": "MONSERRAT", "COMUNA": "1", "alt_izqini": "1302", "codigo": "4064", "BARRIO_PAR": "MONSERRAT", "id": "11472", "TELECENTRO": null, "EMPRESA": "TELCOS - NO SE IDENTIFICA", "fecha_ingr": null, "long": 0.13, "longitud_m": 130.08790501895831 }, "geometry": { "type": "LineString", "coordinates": [ [ -58.384844542186279, -34.609287120263332 ], [ -58.386258002765473, -34.609384078647786 ] ] } },
{ "type": "Feature", "properties": { "TELECOM": null, "nomoficial": "YRIGOYEN, HIPOLITO", "COM_PAR": "1", "id_street": "11503", "alt_derfin": "899", "ZONA": "5", "alt_derini": "801", "TELEFONICA": null, "alt_izqfin": "900", "BARRIO": "MONSERRAT", "COMUNA": "1", "alt_izqini": "802", "codigo": "26005", "BARRIO_PAR": "MONSERRAT", "id": "11503", "TELECENTRO": null, "EMPRESA": "TELCOS - NO SE IDENTIFICA", "fecha_ingr": null, "long": 0.13, "longitud_m": 129.51331117007339 }, "geometry": { "type": "LineString", "coordinates": [ [ -58.377756573839854, -34.609401020077712 ], [ -58.379164413395927, -34.609491155192742 ] ] } },
{ "type": "Feature", "properties": { "TELECOM": null, "nomoficial": "IRIGOYEN, BERNARDO de", "COM_PAR": "1", "id_street": "11531", "alt_derfin": "99", "ZONA": "5", "alt_derini": "51", "TELEFONICA": null, "alt_izqfin": "100", "BARRIO": "MONSERRAT", "COMUNA": "1", "alt_izqini": "52", "codigo": "9019", "BARRIO_PAR": "MONSERRAT", "id": "11531", "TELECENTRO": null, "EMPRESA": "TELCOS - NO SE IDENTIFICA", "fecha_ingr": null, "long": 0.07, "longitud_m": 66.891895516713518 }, "geometry": { "type": "LineString", "coordinates": [ [ -58.380685686031605, -34.6090019063979 ], [ -58.380654852365119, -34.609604358525466 ] ] } },
{ "type": "Feature", "properties": { "TELECOM": null, "nomoficial": "YRIGOYEN, HIPOLITO", "COM_PAR": "1", "id_street": "11583", "alt_derfin": "1299", "ZONA": "5", "alt_derini": "1201", "TELEFONICA": null, "alt_izqfin": "1300", "BARRIO": "MONSERRAT", "COMUNA": "1", "alt_izqini": "1202", "codigo": "26005", "BARRIO_PAR": "MONSERRAT", "id": "11583", "TELECENTRO": null, "EMPRESA": "TELCOS - NO SE IDENTIFICA", "fecha_ingr": null, "long": 0.13, "longitud_m": 129.42804246810422 }, "geometry": { "type": "LineString", "coordinates": [ [ -58.383417676515819, -34.609761412127128 ], [ -58.38482390339373, -34.609858593656952 ] ] } },
{ "type": "Feature", "properties": { "TELECOM": null, "nomoficial": "BALCARCE", "COM_PAR": "1", "id_street": "11650", "alt_derfin": "199", "ZONA": "4", "alt_derini": "101", "TELEFONICA": null, "alt_izqfin": "200", "BARRIO": "MONSERRAT", "COMUNA": "1", "alt_izqini": "102", "codigo": "2014", "BARRIO_PAR": "MONSERRAT", "id": "11650", "TELECENTRO": null, "EMPRESA": "TELCOS - NO SE IDENTIFICA", "fecha_ingr": null, "long": 0.14, "longitud_m": 136.2452365512309 }, "geometry": { "type": "LineString", "coordinates": [ [ -58.370777342240508, -34.60883472222271 ], [ -58.370657250435841, -34.610058873004917 ] ] } },
{ "type": "Feature", "properties": { "TELECOM": null, "nomoficial": "ALSINA, ADOLFO", "COM_PAR": "1", "id_street": "11678", "alt_derfin": "399", "ZONA": "4", "alt_derini": "301", "TELEFONICA": null, "alt_izqfin": "400", "BARRIO": "MONSERRAT", "COMUNA": "1", "alt_izqini": "302", "codigo": "1046", "BARRIO_PAR": "MONSERRAT", "id": "11678", "TELECENTRO": null, "EMPRESA": "TELCOS - NO SE IDENTIFICA", "fecha_ingr": null, "long": 0.13, "longitud_m": 128.77276819801352 }, "geometry": { "type": "LineString", "coordinates": [ [ -58.370657250435841, -34.610058873004917 ], [ -58.372057346476609, -34.610145281374606 ] ] } },
{ "type": "Feature", "properties": { "TELECOM": null, "nomoficial": "BOLIVAR", "COM_PAR": "1", "id_street": "11697", "alt_derfin": "199", "ZONA": "4", "alt_derini": "101", "TELEFONICA": null, "alt_izqfin": "200", "BARRIO": "MONSERRAT", "COMUNA": "1", "alt_izqini": "102", "codigo": "2092", "BARRIO_PAR": "MONSERRAT", "id": "11697", "TELECENTRO": null, "EMPRESA": "TELCOS - NO SE IDENTIFICA", "fecha_ingr": null, "long": 0.13, "longitud_m": 128.27233171788913 }, "geometry": { "type": "LineString", "coordinates": [ [ -58.373504839273494, -34.609090214265812 ], [ -58.373517852141077, -34.609503257620268 ], [ -58.373452661921704, -34.610244416807802 ] ] } },
{ "type": "Feature", "properties": { "TELECOM": null, "nomoficial": "PERU", "COM_PAR": "1", "id_street": "11698", "alt_derfin": "199", "ZONA": "4", "alt_derini": "101", "TELEFONICA": null, "alt_izqfin": "200", "BARRIO": "MONSERRAT", "COMUNA": "1", "alt_izqini": "102", "codigo": "17071", "BARRIO_PAR": "MONSERRAT", "id": "11698", "TELECENTRO": null, "EMPRESA": "TELCOS - NO SE IDENTIFICA", "fecha_ingr": null, "long": 0.12, "longitud_m": 117.16393654187935 }, "geometry": { "type": "LineString", "coordinates": [ [ -58.374895281971597, -34.60919116062913 ], [ -58.374854215942072, -34.610246778944429 ] ] } },
{ "type": "Feature", "properties": { "TELECOM": null, "nomoficial": "ROCA, JULIO A., PRESIDENTE DIAGONAL SUR AV.", "COM_PAR": "1", "id_street": "11705", "alt_derfin": "599", "ZONA": "4", "alt_derini": "501", "TELEFONICA": null, "alt_izqfin": "600", "BARRIO": "MONSERRAT", "COMUNA": "1", "alt_izqini": "502", "codigo": "19058", "BARRIO_PAR": "MONSERRAT", "id": "11705", "TELECENTRO": null, "EMPRESA": "TELCOS - NO SE IDENTIFICA", "fecha_ingr": null, "long": 0.18, "longitud_m": 175.63248771112919 }, "geometry": { "type": "LineString", "coordinates": [ [ -58.373504839273494, -34.609090214265812 ], [ -58.374785457850642, -34.610267292736204 ] ] } },
{ "type": "Feature", "properties": { "TELECOM": null, "nomoficial": "TACUARI", "COM_PAR": "1", "id_street": "11805", "alt_derfin": "199", "ZONA": "5", "alt_derini": "101", "TELEFONICA": null, "alt_izqfin": "200", "BARRIO": "MONSERRAT", "COMUNA": "1", "alt_izqini": "102", "codigo": "21004", "BARRIO_PAR": "MONSERRAT", "id": "11805", "TELECENTRO": null, "EMPRESA": "TELCOS - NO SE IDENTIFICA", "fecha_ingr": null, "long": 0.13, "longitud_m": 126.7816964724199 }, "geometry": { "type": "LineString", "coordinates": [ [ -58.379164413395927, -34.609491155192742 ], [ -58.379124335778926, -34.610633537344739 ] ] } },
{ "type": "Feature", "properties": { "TELECOM": "TELECOM", "nomoficial": "SALTA", "COM_PAR": "1", "id_street": "11900", "alt_derfin": "199", "ZONA": "5", "alt_derini": "101", "TELEFONICA": null, "alt_izqfin": "200", "BARRIO": "MONSERRAT", "COMUNA": "1", "alt_izqini": "102", "codigo": "20017", "BARRIO_PAR": "MONSERRAT", "id": "11900", "TELECENTRO": "TELECENTRO", "EMPRESA": "TELECOM/TELECENTRO", "fecha_ingr": null, "long": 0.13, "longitud_m": 128.82616466039704 }, "geometry": { "type": "LineString", "coordinates": [ [ -58.383417676515819, -34.609761412127128 ], [ -58.383367333337446, -34.610921958201104 ] ] } },
{ "type": "Feature", "properties": { "TELECOM": null, "nomoficial": "MORENO", "COM_PAR": "1", "id_street": "12036", "alt_derfin": "499", "ZONA": "4", "alt_derini": "401", "TELEFONICA": null, "alt_izqfin": "500", "BARRIO": "MONSERRAT", "COMUNA": "1", "alt_izqini": "402", "codigo": "13126", "BARRIO_PAR": "MONSERRAT", "id": "12036", "TELECENTRO": null, "EMPRESA": "TELCOS - NO SE IDENTIFICA", "fecha_ingr": null, "long": 0.13, "longitud_m": 127.97669719831113 }, "geometry": { "type": "LineString", "coordinates": [ [ -58.371992199317575, -34.611301586077758 ], [ -58.373383543650178, -34.61138874733691 ] ] } },
{ "type": "Feature", "properties": { "TELECOM": null, "nomoficial": "CHACABUCO", "COM_PAR": "1", "id_street": "12083", "alt_derfin": "299", "ZONA": "4", "alt_derini": "201", "TELEFONICA": null, "alt_izqfin": "300", "BARRIO": "MONSERRAT", "COMUNA": "1", "alt_izqini": "202", "codigo": "3214", "BARRIO_PAR": "MONSERRAT", "id": "12083", "TELECENTRO": "TELECENTRO", "EMPRESA": "TELECENTRO", "fecha_ingr": null, "long": 0.12, "longitud_m": 123.69549943528996 }, "geometry": { "type": "LineString", "coordinates": [ [ -58.376267824818278, -34.61045082643048 ], [ -58.376209168212917, -34.611564813500685 ] ] } },
{ "type": "Feature", "properties": { "TELECOM": null, "nomoficial": "BELGRANO AV.", "COM_PAR": "1", "id_street": "12357", "alt_derfin": "499", "ZONA": "4", "alt_derini": "401", "TELEFONICA": null, "alt_izqfin": "500", "BARRIO": "MONSERRAT", "COMUNA": "1", "alt_izqini": "402", "codigo": "2051", "BARRIO_PAR": "MONSERRAT", "id": "12357", "TELECENTRO": null, "EMPRESA": "TELCOS - NO SE IDENTIFICA", "fecha_ingr": null, "long": 0.13, "longitud_m": 128.18270521026022 }, "geometry": { "type": "LineString", "coordinates": [ [ -58.371926443040223, -34.612467960621849 ], [ -58.373320193321511, -34.612553645512101 ] ] } },
{ "type": "Feature", "properties": { "TELECOM": null, "nomoficial": "BELGRANO AV.", "COM_PAR": "1", "id_street": "12374", "alt_derfin": "599", "ZONA": "4", "alt_derini": "501", "TELEFONICA": null, "alt_izqfin": "600", "BARRIO": "MONSERRAT", "COMUNA": "1", "alt_izqini": "502", "codigo": "2051", "BARRIO_PAR": "MONSERRAT", "id": "12374", "TELECENTRO": null, "EMPRESA": "TELCOS - NO SE IDENTIFICA", "fecha_ingr": null, "long": 0.13, "longitud_m": 128.64887790748486 }, "geometry": { "type": "LineString", "coordinates": [ [ -58.373320193321511, -34.612553645512101 ], [ -58.374718023652413, -34.612650021808506 ] ] } },
{ "type": "Feature", "properties": { "TELECOM": null, "nomoficial": "BELGRANO AV.", "COM_PAR": "1", "id_street": "12405", "alt_derfin": "699", "ZONA": "4", "alt_derini": "601", "TELEFONICA": null, "alt_izqfin": "700", "BARRIO": "MONSERRAT", "COMUNA": "1", "alt_izqini": "602", "codigo": "2051", "BARRIO_PAR": "MONSERRAT", "id": "12405", "TELECENTRO": null, "EMPRESA": "TELCOS - NO SE IDENTIFICA", "fecha_ingr": null, "long": 0.13, "longitud_m": 132.81855497482374 }, "geometry": { "type": "LineString", "coordinates": [ [ -58.374718023652413, -34.612650021808506 ], [ -58.376160910391327, -34.612751977732977 ] ] } },
{ "type": "Feature", "properties": { "TELECOM": null, "nomoficial": "ALSINA, ADOLFO", "COM_PAR": "1", "id_street": "11696", "alt_derfin": "499", "ZONA": "4", "alt_derini": "401", "TELEFONICA": null, "alt_izqfin": "500", "BARRIO": "MONSERRAT", "COMUNA": "1", "alt_izqini": "402", "codigo": "1046", "BARRIO_PAR": "MONSERRAT", "id": "11696", "TELECENTRO": "TELECENTRO", "EMPRESA": "TELECENTRO", "fecha_ingr": null, "long": 0.13, "longitud_m": 128.44854524467323 }, "geometry": { "type": "LineString", "coordinates": [ [ -58.372057346476609, -34.610145281374606 ], [ -58.373452661921704, -34.610244416807802 ] ] } },
{ "type": "Feature", "properties": { "TELECOM": null, "nomoficial": "25 DE MAYO", "COM_PAR": "1", "id_street": "10179", "alt_derfin": "399", "ZONA": "4", "alt_derini": "301", "TELEFONICA": null, "alt_izqfin": "400", "BARRIO": "SAN NICOLAS", "COMUNA": "1", "alt_izqini": "302", "codigo": "23024", "BARRIO_PAR": "SAN NICOLAS", "id": "10179", "TELECENTRO": null, "EMPRESA": "TELCOS - NO SE IDENTIFICA", "fecha_ingr": null, "long": 0.13, "longitud_m": 132.24350077748176 }, "geometry": { "type": "LineString", "coordinates": [ [ -58.37101622003, -34.604246599424705 ], [ -58.371098275628569, -34.603056432949224 ] ] } },
{ "type": "Feature", "properties": { "TELECOM": null, "nomoficial": "PERON, JUAN DOMINGO, TTE. GENERAL", "COM_PAR": "1", "id_street": "10483", "alt_derfin": "299", "ZONA": "4", "alt_derini": "201", "TELEFONICA": null, "alt_izqfin": "300", "BARRIO": "SAN NICOLAS", "COMUNA": "1", "alt_izqini": "202", "codigo": "3050", "BARRIO_PAR": "SAN NICOLAS", "id": "10483", "TELECENTRO": null, "EMPRESA": "TELCOS - NO SE IDENTIFICA", "fecha_ingr": null, "long": 0.06, "longitud_m": 60.466937801952128 }, "geometry": { "type": "LineString", "coordinates": [ [ -58.370277706342783, -34.605361234911911 ], [ -58.370935138065917, -34.605401413732146 ] ] } },
{ "type": "Feature", "properties": { "TELECOM": null, "nomoficial": "PERON, JUAN DOMINGO, TTE. GENERAL", "COM_PAR": "1", "id_street": "10507", "alt_derfin": "399", "ZONA": "4", "alt_derini": "301", "TELEFONICA": null, "alt_izqfin": "400", "BARRIO": "SAN NICOLAS", "COMUNA": "1", "alt_izqini": "302", "codigo": "3050", "BARRIO_PAR": "SAN NICOLAS", "id": "10507", "TELECENTRO": null, "EMPRESA": "TELCOS - NO SE IDENTIFICA", "fecha_ingr": null, "long": 0.13, "longitud_m": 128.37397833652224 }, "geometry": { "type": "LineString", "coordinates": [ [ -58.370935138065917, -34.605401413732146 ], [ -58.372328488387261, -34.605510349416029 ] ] } },
{ "type": "Feature", "properties": { "TELECOM": null, "nomoficial": "RECONQUISTA", "COM_PAR": "1", "id_street": "10508", "alt_derfin": "299", "ZONA": "4", "alt_derini": "201", "TELEFONICA": null, "alt_izqfin": "300", "BARRIO": "SAN NICOLAS", "COMUNA": "1", "alt_izqini": "202", "codigo": "19017", "BARRIO_PAR": "SAN NICOLAS", "id": "10508", "TELECENTRO": null, "EMPRESA": "TELCOS - NO SE IDENTIFICA", "fecha_ingr": null, "long": 0.13, "longitud_m": 128.23533852932582 }, "geometry": { "type": "LineString", "coordinates": [ [ -58.372328488387261, -34.605510349416029 ], [ -58.372392432122297, -34.604355591843166 ] ] } },
{ "type": "Feature", "properties": { "TELECOM": null, "nomoficial": "PERON, JUAN DOMINGO, TTE. GENERAL", "COM_PAR": "1", "id_street": "10534", "alt_derfin": "499", "ZONA": "4", "alt_derini": "401", "TELEFONICA": null, "alt_izqfin": "500", "BARRIO": "SAN NICOLAS", "COMUNA": "1", "alt_izqini": "402", "codigo": "3050", "BARRIO_PAR": "SAN NICOLAS", "id": "10534", "TELECENTRO": null, "EMPRESA": "TELCOS - NO SE IDENTIFICA", "fecha_ingr": null, "long": 0.13, "longitud_m": 127.9697151246142 }, "geometry": { "type": "LineString", "coordinates": [ [ -58.372328488387261, -34.605510349416029 ], [ -58.373717929464561, -34.605614688789316 ] ] } },
{ "type": "Feature", "properties": { "TELECOM": null, "nomoficial": "SAN MARTIN", "COM_PAR": "1", "id_street": "10535", "alt_derfin": "299", "ZONA": "4", "alt_derini": "201", "TELEFONICA": null, "alt_izqfin": "300", "BARRIO": "SAN NICOLAS", "COMUNA": "1", "alt_izqini": "202", "codigo": "20044", "BARRIO_PAR": "SAN NICOLAS", "id": "10535", "TELECENTRO": null, "EMPRESA": "TELCOS - NO SE IDENTIFICA", "fecha_ingr": null, "long": 0.13, "longitud_m": 127.80183215196519 }, "geometry": { "type": "LineString", "coordinates": [ [ -58.373717929464561, -34.605614688789316 ], [ -58.373789770247434, -34.604464161698878 ] ] } },
{ "type": "Feature", "properties": { "TELECOM": null, "nomoficial": "PERON, JUAN DOMINGO, TTE. GENERAL", "COM_PAR": "1", "id_street": "10554", "alt_derfin": "599", "ZONA": "4", "alt_derini": "501", "TELEFONICA": null, "alt_izqfin": "600", "BARRIO": "SAN NICOLAS", "COMUNA": "1", "alt_izqini": "502", "codigo": "3050", "BARRIO_PAR": "SAN NICOLAS", "id": "10554", "TELECENTRO": null, "EMPRESA": "TELCOS - NO SE IDENTIFICA", "fecha_ingr": null, "long": 0.13, "longitud_m": 127.95091478387009 }, "geometry": { "type": "LineString", "coordinates": [ [ -58.373717929464561, -34.605614688789316 ], [ -58.375105914689506, -34.605729856512937 ] ] } },
{ "type": "Feature", "properties": { "TELECOM": null, "nomoficial": "MITRE, BARTOLOME", "COM_PAR": "1", "id_street": "10792", "alt_derfin": "399", "ZONA": "4", "alt_derini": "301", "TELEFONICA": null, "alt_izqfin": "400", "BARRIO": "SAN NICOLAS", "COMUNA": "1", "alt_izqini": "302", "codigo": "13094", "BARRIO_PAR": "SAN NICOLAS", "id": "10792", "TELECENTRO": null, "EMPRESA": "TELCOS - NO SE IDENTIFICA", "fecha_ingr": null, "long": 0.13, "longitud_m": 127.66274881008873 }, "geometry": { "type": "LineString", "coordinates": [ [ -58.370871591767205, -34.606562860860308 ], [ -58.372257469161752, -34.606669186018877 ] ] } },
{ "type": "Feature", "properties": { "TELECOM": null, "nomoficial": "RECONQUISTA", "COM_PAR": "1", "id_street": "10793", "alt_derfin": "199", "ZONA": "4", "alt_derini": "101", "TELEFONICA": null, "alt_izqfin": "200", "BARRIO": "SAN NICOLAS", "COMUNA": "1", "alt_izqini": "102", "codigo": "19017", "BARRIO_PAR": "SAN NICOLAS", "id": "10793", "TELECENTRO": null, "EMPRESA": "TELCOS - NO SE IDENTIFICA", "fecha_ingr": null, "long": 0.13, "longitud_m": 128.71859924693905 }, "geometry": { "type": "LineString", "coordinates": [ [ -58.372257469161752, -34.606669186018877 ], [ -58.372328488387261, -34.605510349416029 ] ] } },
{ "type": "Feature", "properties": { "TELECOM": null, "nomoficial": "SAENZ PEÑA, ROQUE, PRES. DIAGONAL NORTE AV.", "COM_PAR": "1", "id_street": "10855", "alt_derfin": "699", "ZONA": "4", "alt_derini": "601", "TELEFONICA": null, "alt_izqfin": "700", "BARRIO": "SAN NICOLAS", "COMUNA": "1", "alt_izqini": "652", "codigo": "20004", "BARRIO_PAR": "SAN NICOLAS", "id": "10855", "TELECENTRO": null, "EMPRESA": "TELCOS - NO SE IDENTIFICA", "fecha_ingr": null, "long": 0.1, "longitud_m": 100.1542216834542 }, "geometry": { "type": "LineString", "coordinates": [ [ -58.375583683597874, -34.606899583599528 ], [ -58.376506254939351, -34.606416645032965 ] ] } },
{ "type": "Feature", "properties": { "TELECOM": null, "nomoficial": "MITRE, BARTOLOME", "COM_PAR": "1", "id_street": "10863", "alt_derfin": "699", "ZONA": "4", "alt_derini": "651", "TELEFONICA": null, "alt_izqfin": "700", "BARRIO": "SAN NICOLAS", "COMUNA": "1", "alt_izqini": "652", "codigo": "13094", "BARRIO_PAR": "SAN NICOLAS", "id": "10863", "TELECENTRO": null, "EMPRESA": "TELCOS - NO SE IDENTIFICA", "fecha_ingr": null, "long": 0.08, "longitud_m": 82.233151765934551 }, "geometry": { "type": "LineString", "coordinates": [ [ -58.375583683597874, -34.606899583599528 ], [ -58.37647758661636, -34.606956420946318 ] ] } },
{ "type": "Feature", "properties": { "TELECOM": null, "nomoficial": "MITRE, BARTOLOME", "COM_PAR": "1", "id_street": "11009", "alt_derfin": "1329", "ZONA": "5", "alt_derini": "1301", "TELEFONICA": null, "alt_izqfin": "1330", "BARRIO": "SAN NICOLAS", "COMUNA": "1", "alt_izqini": "1302", "codigo": "13094", "BARRIO_PAR": "SAN NICOLAS", "id": "11009", "TELECENTRO": null, "EMPRESA": "TELCOS - NO SE IDENTIFICA", "fecha_ingr": null, "long": 0.04, "longitud_m": 42.708717899210328 }, "geometry": { "type": "LineString", "coordinates": [ [ -58.384919360461467, -34.607527355279949 ], [ -58.385383693256315, -34.607556103793641 ] ] } },
{ "type": "Feature", "properties": { "TELECOM": null, "nomoficial": "MITRE, BARTOLOME", "COM_PAR": "1", "id_street": "11021", "alt_derfin": "1399", "ZONA": "5", "alt_derini": "1331", "TELEFONICA": null, "alt_izqfin": "1400", "BARRIO": "SAN NICOLAS", "COMUNA": "1", "alt_izqini": "1332", "codigo": "13094", "BARRIO_PAR": "SAN NICOLAS", "id": "11021", "TELECENTRO": null, "EMPRESA": "TELCOS - NO SE IDENTIFICA", "fecha_ingr": null, "long": 0.09, "longitud_m": 85.441852307043533 }, "geometry": { "type": "LineString", "coordinates": [ [ -58.385383693256315, -34.607556103793641 ], [ -58.386312959533186, -34.607609793028885 ] ] } },
{ "type": "Feature", "properties": { "TELECOM": null, "nomoficial": "MITRE, BARTOLOME", "COM_PAR": "1", "id_street": "11039", "alt_derfin": "1499", "ZONA": "5", "alt_derini": "1401", "TELEFONICA": null, "alt_izqfin": "1500", "BARRIO": "SAN NICOLAS", "COMUNA": "1", "alt_izqini": "1402", "codigo": "13094", "BARRIO_PAR": "SAN NICOLAS", "id": "11039", "TELECENTRO": null, "EMPRESA": "TELCOS - NO SE IDENTIFICA", "fecha_ingr": null, "long": 0.13, "longitud_m": 131.23772403270996 }, "geometry": { "type": "LineString", "coordinates": [ [ -58.386312959533186, -34.607609793028885 ], [ -58.38773899921528, -34.607706460506648 ] ] } },
{ "type": "Feature", "properties": { "TELECOM": null, "nomoficial": "SAENZ PEÑA, ROQUE, PRES. DIAGONAL NORTE AV.", "COM_PAR": "1", "id_street": "11063", "alt_derfin": "599", "ZONA": "4", "alt_derini": "501", "TELEFONICA": null, "alt_izqfin": "600", "BARRIO": "SAN NICOLAS", "COMUNA": "1", "alt_izqini": "502", "codigo": "20004", "BARRIO_PAR": "SAN NICOLAS", "id": "11063", "TELECENTRO": null, "EMPRESA": "TELCOS - NO SE IDENTIFICA", "fecha_ingr": null, "long": 0.15, "longitud_m": 154.6396429862443 }, "geometry": { "type": "LineString", "coordinates": [ [ -58.373574982794928, -34.607939545869733 ], [ -58.375005728876488, -34.607202128700152 ] ] } },
{ "type": "Feature", "properties": { "TELECOM": null, "nomoficial": "RECONQUISTA", "COM_PAR": "1", "id_street": "11101", "alt_derfin": "99", "ZONA": "4", "alt_derini": "1", "TELEFONICA": null, "alt_izqfin": "100", "BARRIO": "SAN NICOLAS", "COMUNA": "1", "alt_izqini": "2", "codigo": "19017", "BARRIO_PAR": "SAN NICOLAS", "id": "11101", "TELECENTRO": null, "EMPRESA": "TELCOS - NO SE IDENTIFICA", "fecha_ingr": null, "long": 0.14, "longitud_m": 139.85690011321176 }, "geometry": { "type": "LineString", "coordinates": [ [ -58.37218207967166, -34.607928372591239 ], [ -58.372257469161752, -34.606669186018877 ] ] } },
{ "type": "Feature", "properties": { "TELECOM": null, "nomoficial": "RIVADAVIA", "COM_PAR": "1", "id_street": "11122", "alt_derfin": "599", "ZONA": "4", "alt_derini": "501", "TELEFONICA": null, "alt_izqfin": "600", "BARRIO": "MONSERRAT", "COMUNA": "1", "alt_izqini": "502", "codigo": "19046", "BARRIO_PAR": "MONSERRAT", "id": "11122", "TELECENTRO": null, "EMPRESA": "TELCOS - NO SE IDENTIFICA", "fecha_ingr": null, "long": 0.12, "longitud_m": 123.84189789870874 }, "geometry": { "type": "LineString", "coordinates": [ [ -58.373574982794928, -34.607939545869733 ], [ -58.374920873562523, -34.608028628024151 ] ] } },
{ "type": "Feature", "properties": { "TELECOM": null, "nomoficial": "RIVADAVIA", "COM_PAR": "1", "id_street": "11181", "alt_derfin": "899", "ZONA": "5", "alt_derini": "801", "TELEFONICA": null, "alt_izqfin": "900", "BARRIO": "MONSERRAT", "COMUNA": "1", "alt_izqini": "802", "codigo": "19046", "BARRIO_PAR": "MONSERRAT", "id": "11181", "TELECENTRO": null, "EMPRESA": "TELCOS - NO SE IDENTIFICA", "fecha_ingr": null, "long": 0.13, "longitud_m": 129.49907672789047 }, "geometry": { "type": "LineString", "coordinates": [ [ -58.377812987122965, -34.608210339078248 ], [ -58.37922098061339, -34.608296882051796 ] ] } },
{ "type": "Feature", "properties": { "TELECOM": null, "nomoficial": "RIVADAVIA", "COM_PAR": "1", "id_street": "11252", "alt_derfin": "1199", "ZONA": "5", "alt_derini": "1101", "TELEFONICA": null, "alt_izqfin": "1200", "BARRIO": "MONSERRAT", "COMUNA": "1", "alt_izqini": "1102", "codigo": "19046", "BARRIO_PAR": "MONSERRAT", "id": "11252", "TELECENTRO": null, "EMPRESA": "TELCOS - NO SE IDENTIFICA", "fecha_ingr": null, "long": 0.14, "longitud_m": 137.6407161029818 }, "geometry": { "type": "LineString", "coordinates": [ [ -58.381974301305178, -34.608457201269935 ], [ -58.38346795607179, -34.608576851352034 ] ] } },
{ "type": "Feature", "properties": { "TELECOM": null, "nomoficial": "DE MAYO AV.", "COM_PAR": "1", "id_street": "11260", "alt_derfin": "599", "ZONA": "4", "alt_derini": "501", "TELEFONICA": null, "alt_izqfin": "600", "BARRIO": "MONSERRAT", "COMUNA": "1", "alt_izqini": "502", "codigo": "4064", "BARRIO_PAR": "MONSERRAT", "id": "11260", "TELECENTRO": "TELECENTRO", "EMPRESA": "TELECENTRO", "fecha_ingr": null, "long": 0.13, "longitud_m": 131.21676341395158 }, "geometry": { "type": "LineString", "coordinates": [ [ -58.373508102092543, -34.608512039754473 ], [ -58.374934489069901, -34.60860287113681 ] ] } },
{ "type": "Feature", "properties": { "TELECOM": null, "nomoficial": "RIVADAVIA", "COM_PAR": "1", "id_street": "11318", "alt_derfin": "1399", "ZONA": "5", "alt_derini": "1301", "TELEFONICA": null, "alt_izqfin": "1400", "BARRIO": "MONSERRAT", "COMUNA": "1", "alt_izqini": "1302", "codigo": "19046", "BARRIO_PAR": "MONSERRAT", "id": "11318", "TELECENTRO": null, "EMPRESA": "TELCOS - NO SE IDENTIFICA", "fecha_ingr": null, "long": 0.13, "longitud_m": 129.7563274795551 }, "geometry": { "type": "LineString", "coordinates": [ [ -58.384869551224106, -34.608687268948756 ], [ -58.386279338879731, -34.608784576844833 ] ] } },
{ "type": "Feature", "properties": { "TELECOM": null, "nomoficial": "URUGUAY", "COM_PAR": "1", "id_street": "11319", "alt_derfin": "99", "ZONA": "5", "alt_derini": "1", "TELEFONICA": null, "alt_izqfin": "100", "BARRIO": "SAN NICOLAS", "COMUNA": "1", "alt_izqini": "2", "codigo": "22015", "BARRIO_PAR": "SAN NICOLAS", "id": "11319", "TELECENTRO": null, "EMPRESA": "TELCOS - NO SE IDENTIFICA", "fecha_ingr": null, "long": 0.13, "longitud_m": 130.35926366498038 }, "geometry": { "type": "LineString", "coordinates": [ [ -58.386279338879731, -34.608784576844833 ], [ -58.386312959533186, -34.607609793028885 ] ] } },
{ "type": "Feature", "properties": { "TELECOM": null, "nomoficial": "DE MAYO AV.", "COM_PAR": "1", "id_street": "11324", "alt_derfin": "799", "ZONA": "5", "alt_derini": "701", "TELEFONICA": null, "alt_izqfin": "800", "BARRIO": "MONSERRAT", "COMUNA": "1", "alt_izqini": "702", "codigo": "4064", "BARRIO_PAR": "MONSERRAT", "id": "11324", "TELECENTRO": null, "EMPRESA": "TELCOS - NO SE IDENTIFICA", "fecha_ingr": null, "long": 0.13, "longitud_m": 130.0962454391474 }, "geometry": { "type": "LineString", "coordinates": [ [ -58.376371687634148, -34.608701933097493 ], [ -58.377785041262243, -34.608800750148376 ] ] } },
{ "type": "Feature", "properties": { "TELECOM": null, "nomoficial": "TACUARI", "COM_PAR": "1", "id_street": "11346", "alt_derfin": "49", "ZONA": "5", "alt_derini": "1", "TELEFONICA": null, "alt_izqfin": "50", "BARRIO": "MONSERRAT", "COMUNA": "1", "alt_izqini": "2", "codigo": "21004", "BARRIO_PAR": "MONSERRAT", "id": "11346", "TELECENTRO": null, "EMPRESA": "TELCOS - NO SE IDENTIFICA", "fecha_ingr": null, "long": 0.07, "longitud_m": 66.856224191237715 }, "geometry": { "type": "LineString", "coordinates": [ [ -58.37922098061339, -34.608296882051796 ], [ -58.37919132935523, -34.608899052992527 ] ] } },
{ "type": "Feature", "properties": { "TELECOM": null, "nomoficial": "YRIGOYEN, HIPOLITO", "COM_PAR": "1", "id_street": "11425", "alt_derfin": "599", "ZONA": "4", "alt_derini": "501", "TELEFONICA": null, "alt_izqfin": "600", "BARRIO": "MONSERRAT", "COMUNA": "1", "alt_izqini": "502", "codigo": "26005", "BARRIO_PAR": "MONSERRAT", "id": "11425", "TELECENTRO": null, "EMPRESA": "TELCOS - NO SE IDENTIFICA", "fecha_ingr": null, "long": 0.13, "longitud_m": 128.02229045657336 }, "geometry": { "type": "LineString", "coordinates": [ [ -58.373504839273494, -34.609090214265812 ], [ -58.374895281971597, -34.60919116062913 ] ] } },
{ "type": "Feature", "properties": { "TELECOM": null, "nomoficial": "DE MAYO AV.", "COM_PAR": "1", "id_street": "11451", "alt_derfin": "1299", "ZONA": "5", "alt_derini": "1201", "TELEFONICA": null, "alt_izqfin": "1300", "BARRIO": "MONSERRAT", "COMUNA": "1", "alt_izqini": "1202", "codigo": "4064", "BARRIO_PAR": "MONSERRAT", "id": "11451", "TELECENTRO": null, "EMPRESA": "TELCOS - NO SE IDENTIFICA", "fecha_ingr": null, "long": 0.13, "longitud_m": 129.09983768037227 }, "geometry": { "type": "LineString", "coordinates": [ [ -58.383441816107243, -34.609190927189609 ], [ -58.384844542186279, -34.609287120263332 ] ] } },
{ "type": "Feature", "properties": { "TELECOM": null, "nomoficial": "SANTIAGO DEL ESTERO", "COM_PAR": "1", "id_street": "11452", "alt_derfin": "49", "ZONA": "5", "alt_derini": "1", "TELEFONICA": null, "alt_izqfin": "50", "BARRIO": "MONSERRAT", "COMUNA": "1", "alt_izqini": "2", "codigo": "20066", "BARRIO_PAR": "MONSERRAT", "id": "11452", "TELECENTRO": null, "EMPRESA": "TELCOS - NO SE IDENTIFICA", "fecha_ingr": null, "long": 0.07, "longitud_m": 66.583089550155421 }, "geometry": { "type": "LineString", "coordinates": [ [ -58.384869551224106, -34.608687268948756 ], [ -58.384844542186279, -34.609287120263332 ] ] } },
{ "type": "Feature", "properties": { "TELECOM": null, "nomoficial": "YRIGOYEN, HIPOLITO", "COM_PAR": "1", "id_street": "11455", "alt_derfin": "699", "ZONA": "4", "alt_derini": "601", "TELEFONICA": null, "alt_izqfin": "700", "BARRIO": "MONSERRAT", "COMUNA": "1", "alt_izqini": "602", "codigo": "26005", "BARRIO_PAR": "MONSERRAT", "id": "11455", "TELECENTRO": null, "EMPRESA": "TELCOS - NO SE IDENTIFICA", "fecha_ingr": null, "long": 0.13, "longitud_m": 132.75667220027239 }, "geometry": { "type": "LineString", "coordinates": [ [ -58.374895281971597, -34.60919116062913 ], [ -58.376336825543639, -34.609298817813404 ] ] } },
{ "type": "Feature", "properties": { "TELECOM": null, "nomoficial": "YRIGOYEN, HIPOLITO", "COM_PAR": "1", "id_street": "11477", "alt_derfin": "799", "ZONA": "5", "alt_derini": "701", "TELEFONICA": null, "alt_izqfin": "800", "BARRIO": "MONSERRAT", "COMUNA": "1", "alt_izqini": "702", "codigo": "26005", "BARRIO_PAR": "MONSERRAT", "id": "11477", "TELECENTRO": null, "EMPRESA": "TELCOS - NO SE IDENTIFICA", "fecha_ingr": null, "long": 0.13, "longitud_m": 130.71179766885297 }, "geometry": { "type": "LineString", "coordinates": [ [ -58.376336825543639, -34.609298817813404 ], [ -58.377756573839854, -34.609401020077712 ] ] } },
{ "type": "Feature", "properties": { "TELECOM": null, "nomoficial": "PIEDRAS", "COM_PAR": "1", "id_street": "11478", "alt_derfin": "99", "ZONA": "5", "alt_derini": "51", "TELEFONICA": null, "alt_izqfin": "100", "BARRIO": "MONSERRAT", "COMUNA": "1", "alt_izqini": "52", "codigo": "17078", "BARRIO_PAR": "MONSERRAT", "id": "11478", "TELECENTRO": null, "EMPRESA": "TELCOS - NO SE IDENTIFICA", "fecha_ingr": null, "long": 0.07, "longitud_m": 66.641175815570733 }, "geometry": { "type": "LineString", "coordinates": [ [ -58.377785041262243, -34.608800750148376 ], [ -58.377756573839854, -34.609401020077712 ] ] } },
{ "type": "Feature", "properties": { "TELECOM": null, "nomoficial": "TACUARI", "COM_PAR": "1", "id_street": "11504", "alt_derfin": "99", "ZONA": "5", "alt_derini": "51", "TELEFONICA": null, "alt_izqfin": "100", "BARRIO": "MONSERRAT", "COMUNA": "1", "alt_izqini": "52", "codigo": "21004", "BARRIO_PAR": "MONSERRAT", "id": "11504", "TELECENTRO": null, "EMPRESA": "TELCOS - NO SE IDENTIFICA", "fecha_ingr": null, "long": 0.07, "longitud_m": 65.730309389238158 }, "geometry": { "type": "LineString", "coordinates": [ [ -58.37919132935523, -34.608899052992527 ], [ -58.379164413395927, -34.609491155192742 ] ] } },
{ "type": "Feature", "properties": { "TELECOM": null, "nomoficial": "YRIGOYEN, HIPOLITO", "COM_PAR": "1", "id_street": "11570", "alt_derfin": "1199", "ZONA": "5", "alt_derini": "1101", "TELEFONICA": null, "alt_izqfin": "1200", "BARRIO": "MONSERRAT", "COMUNA": "1", "alt_izqini": "1102", "codigo": "26005", "BARRIO_PAR": "MONSERRAT", "id": "11570", "TELECENTRO": null, "EMPRESA": "TELCOS - NO SE IDENTIFICA", "fecha_ingr": null, "long": 0.14, "longitud_m": 137.96443685601341 }, "geometry": { "type": "LineString", "coordinates": [ [ -58.381916896157122, -34.609677602242407 ], [ -58.383417676515819, -34.609761412127128 ] ] } },
{ "type": "Feature", "properties": { "TELECOM": "TELECOM", "nomoficial": "SALTA", "COM_PAR": "1", "id_street": "11571", "alt_derfin": "99", "ZONA": "5", "alt_derini": "51", "TELEFONICA": null, "alt_izqfin": "100", "BARRIO": "MONSERRAT", "COMUNA": "1", "alt_izqini": "52", "codigo": "20017", "BARRIO_PAR": "MONSERRAT", "id": "11571", "TELECENTRO": "TELECENTRO", "EMPRESA": "TELECOM/TELECENTRO", "fecha_ingr": null, "long": 0.06, "longitud_m": 63.324575989395534 }, "geometry": { "type": "LineString", "coordinates": [ [ -58.383441816107243, -34.609190927189609 ], [ -58.383417676515819, -34.609761412127128 ] ] } },
{ "type": "Feature", "properties": { "TELECOM": null, "nomoficial": "ALSINA, ADOLFO", "COM_PAR": "1", "id_street": "11649", "alt_derfin": "299", "ZONA": "4", "alt_derini": "201", "TELEFONICA": null, "alt_izqfin": "300", "BARRIO": "MONSERRAT", "COMUNA": "1", "alt_izqini": "202", "codigo": "1046", "BARRIO_PAR": "MONSERRAT", "id": "11649", "TELECENTRO": null, "EMPRESA": "TELCOS - NO SE IDENTIFICA", "fecha_ingr": null, "long": 0.1, "longitud_m": 95.888373538068365 }, "geometry": { "type": "LineString", "coordinates": [ [ -58.369615775392703, -34.609983509327783 ], [ -58.370657250435841, -34.610058873004917 ] ] } },
{ "type": "Feature", "properties": { "TELECOM": null, "nomoficial": "DEFENSA", "COM_PAR": "1", "id_street": "11679", "alt_derfin": "199", "ZONA": "4", "alt_derini": "101", "TELEFONICA": null, "alt_izqfin": "200", "BARRIO": "MONSERRAT", "COMUNA": "1", "alt_izqini": "102", "codigo": "4016", "BARRIO_PAR": "MONSERRAT", "id": "11679", "TELECENTRO": null, "EMPRESA": "TELCOS - NO SE IDENTIFICA", "fecha_ingr": null, "long": 0.14, "longitud_m": 135.1332051387125 }, "geometry": { "type": "LineString", "coordinates": [ [ -58.37213030857405, -34.608928629319948 ], [ -58.372057346476609, -34.610145281374606 ] ] } },
{ "type": "Feature", "properties": { "TELECOM": null, "nomoficial": "ALSINA, ADOLFO", "COM_PAR": "1", "id_street": "11754", "alt_derfin": "699", "ZONA": "4", "alt_derini": "601", "TELEFONICA": null, "alt_izqfin": "700", "BARRIO": "MONSERRAT", "COMUNA": "1", "alt_izqini": "602", "codigo": "1046", "BARRIO_PAR": "MONSERRAT", "id": "11754", "TELECENTRO": null, "EMPRESA": "TELCOS - NO SE IDENTIFICA", "fecha_ingr": null, "long": 0.12, "longitud_m": 119.66095527429984 }, "geometry": { "type": "LineString", "coordinates": [ [ -58.374968321051981, -34.61035510250035 ], [ -58.376267824818278, -34.61045082643048 ] ] } },
{ "type": "Feature", "properties": { "TELECOM": null, "nomoficial": "ALSINA, ADOLFO", "COM_PAR": "1", "id_street": "11785", "alt_derfin": "799", "ZONA": "5", "alt_derini": "701", "TELEFONICA": null, "alt_izqfin": "800", "BARRIO": "MONSERRAT", "COMUNA": "1", "alt_izqini": "702", "codigo": "1046", "BARRIO_PAR": "MONSERRAT", "id": "11785", "TELECENTRO": null, "EMPRESA": "TELCOS - NO SE IDENTIFICA", "fecha_ingr": null, "long": 0.13, "longitud_m": 131.99733884841649 }, "geometry": { "type": "LineString", "coordinates": [ [ -58.376267824818278, -34.61045082643048 ], [ -58.37770233484089, -34.610546349620762 ] ] } },
{ "type": "Feature", "properties": { "TELECOM": null, "nomoficial": "PIEDRAS", "COM_PAR": "1", "id_street": "11786", "alt_derfin": "199", "ZONA": "5", "alt_derini": "101", "TELEFONICA": null, "alt_izqfin": "200", "BARRIO": "MONSERRAT", "COMUNA": "1", "alt_izqini": "102", "codigo": "17078", "BARRIO_PAR": "MONSERRAT", "id": "11786", "TELECENTRO": null, "EMPRESA": "TELCOS - NO SE IDENTIFICA", "fecha_ingr": null, "long": 0.13, "longitud_m": 127.15271294823032 }, "geometry": { "type": "LineString", "coordinates": [ [ -58.377756573839854, -34.609401020077712 ], [ -58.37770233484089, -34.610546349620762 ] ] } },
{ "type": "Feature", "properties": { "TELECOM": null, "nomoficial": "IRIGOYEN, BERNARDO de", "COM_PAR": "1", "id_street": "11841", "alt_derfin": "199", "ZONA": "5", "alt_derini": "101", "TELEFONICA": null, "alt_izqfin": "200", "BARRIO": "MONSERRAT", "COMUNA": "1", "alt_izqini": "102", "codigo": "9019", "BARRIO_PAR": "MONSERRAT", "id": "11841", "TELECENTRO": null, "EMPRESA": "TELCOS - NO SE IDENTIFICA", "fecha_ingr": null, "long": 0.12, "longitud_m": 124.96417441575626 }, "geometry": { "type": "LineString", "coordinates": [ [ -58.380654852365119, -34.609604358525466 ], [ -58.380597180519629, -34.610729827600736 ] ] } },
{ "type": "Feature", "properties": { "TELECOM": null, "nomoficial": "MORENO", "COM_PAR": "1", "id_street": "12057", "alt_derfin": "599", "ZONA": "4", "alt_derini": "501", "TELEFONICA": null, "alt_izqfin": "600", "BARRIO": "MONSERRAT", "COMUNA": "1", "alt_izqini": "502", "codigo": "13126", "BARRIO_PAR": "MONSERRAT", "id": "12057", "TELECENTRO": null, "EMPRESA": "TELCOS - NO SE IDENTIFICA", "fecha_ingr": null, "long": 0.13, "longitud_m": 129.43469883784459 }, "geometry": { "type": "LineString", "coordinates": [ [ -58.373383543650178, -34.61138874733691 ], [ -58.37479081874671, -34.611476045135234 ] ] } },
{ "type": "Feature", "properties": { "TELECOM": null, "nomoficial": "PERU", "COM_PAR": "1", "id_street": "12058", "alt_derfin": "299", "ZONA": "4", "alt_derini": "201", "TELEFONICA": null, "alt_izqfin": "300", "BARRIO": "MONSERRAT", "COMUNA": "1", "alt_izqini": "202", "codigo": "17071", "BARRIO_PAR": "MONSERRAT", "id": "12058", "TELECENTRO": null, "EMPRESA": "TELCOS - NO SE IDENTIFICA", "fecha_ingr": null, "long": 0.12, "longitud_m": 115.83970498876238 }, "geometry": { "type": "LineString", "coordinates": [ [ -58.374848396993912, -34.610432903984432 ], [ -58.37479081874671, -34.611476045135234 ] ] } },
{ "type": "Feature", "properties": { "TELECOM": null, "nomoficial": "MORENO", "COM_PAR": "1", "id_street": "12081", "alt_derfin": "699", "ZONA": "4", "alt_derini": "601", "TELEFONICA": null, "alt_izqfin": "700", "BARRIO": "MONSERRAT", "COMUNA": "1", "alt_izqini": "602", "codigo": "13126", "BARRIO_PAR": "MONSERRAT", "id": "12081", "TELECENTRO": null, "EMPRESA": "TELCOS - NO SE IDENTIFICA", "fecha_ingr": null, "long": 0.13, "longitud_m": 130.45966415389489 }, "geometry": { "type": "LineString", "coordinates": [ [ -58.37479081874671, -34.611476045135234 ], [ -58.376209168212917, -34.611564813500685 ] ] } },
{ "type": "Feature", "properties": { "TELECOM": null, "nomoficial": "ROCA, JULIO A., PRESIDENTE DIAGONAL SUR AV.", "COM_PAR": "1", "id_street": "12082", "alt_derfin": "699", "ZONA": "4", "alt_derini": "601", "TELEFONICA": null, "alt_izqfin": "700", "BARRIO": "MONSERRAT", "COMUNA": "1", "alt_izqini": "602", "codigo": "19058", "BARRIO_PAR": "MONSERRAT", "id": "12082", "TELECENTRO": "TELECENTRO", "EMPRESA": "TELECENTRO", "fecha_ingr": null, "long": 0.17, "longitud_m": 172.36531754869205 }, "geometry": { "type": "LineString", "coordinates": [ [ -58.374945430843809, -34.610414805036534 ], [ -58.376209168212917, -34.611564813500685 ] ] } },
{ "type": "Feature", "properties": { "TELECOM": null, "nomoficial": "MORENO", "COM_PAR": "1", "id_street": "12109", "alt_derfin": "799", "ZONA": "4", "alt_derini": "701", "TELEFONICA": null, "alt_izqfin": "800", "BARRIO": "MONSERRAT", "COMUNA": "1", "alt_izqini": "702", "codigo": "13126", "BARRIO_PAR": "MONSERRAT", "id": "12109", "TELECENTRO": "TELECENTRO", "EMPRESA": "TELECENTRO", "fecha_ingr": null, "long": 0.13, "longitud_m": 132.51439057934459 }, "geometry": { "type": "LineString", "coordinates": [ [ -58.376209168212917, -34.611564813500685 ], [ -58.377649921429487, -34.611654285343064 ] ] } },
{ "type": "Feature", "properties": { "TELECOM": null, "nomoficial": "DEFENSA", "COM_PAR": "1", "id_street": "12336", "alt_derfin": "399", "ZONA": "4", "alt_derini": "301", "TELEFONICA": null, "alt_izqfin": "400", "BARRIO": "MONSERRAT", "COMUNA": "1", "alt_izqini": "302", "codigo": "4016", "BARRIO_PAR": "MONSERRAT", "id": "12336", "TELECENTRO": "TELECENTRO", "EMPRESA": "TELECENTRO", "fecha_ingr": null, "long": 0.13, "longitud_m": 129.53047211173629 }, "geometry": { "type": "LineString", "coordinates": [ [ -58.371992199317575, -34.611301586077758 ], [ -58.371926443040223, -34.612467960621849 ] ] } },
{ "type": "Feature", "properties": { "TELECOM": null, "nomoficial": "BOLIVAR", "COM_PAR": "1", "id_street": "12358", "alt_derfin": "399", "ZONA": "4", "alt_derini": "301", "TELEFONICA": null, "alt_izqfin": "400", "BARRIO": "MONSERRAT", "COMUNA": "1", "alt_izqini": "302", "codigo": "2092", "BARRIO_PAR": "MONSERRAT", "id": "12358", "TELECENTRO": null, "EMPRESA": "TELCOS - NO SE IDENTIFICA", "fecha_ingr": null, "long": 0.13, "longitud_m": 129.35677328047535 }, "geometry": { "type": "LineString", "coordinates": [ [ -58.373383543650178, -34.61138874733691 ], [ -58.373320193321511, -34.612553645512101 ] ] } },
{ "type": "Feature", "properties": { "TELECOM": null, "nomoficial": "ROCA, JULIO A., PRESIDENTE DIAGONAL SUR AV.", "COM_PAR": "1", "id_street": "12433", "alt_derfin": "799", "ZONA": "4", "alt_derini": "701", "TELEFONICA": null, "alt_izqfin": "800", "BARRIO": "MONSERRAT", "COMUNA": "1", "alt_izqini": "702", "codigo": "19058", "BARRIO_PAR": "MONSERRAT", "id": "12433", "TELECENTRO": "TELECENTRO", "EMPRESA": "TELECENTRO", "fecha_ingr": null, "long": 0.19, "longitud_m": 190.41475100459363 }, "geometry": { "type": "LineString", "coordinates": [ [ -58.376209168212917, -34.611564813500685 ], [ -58.377585321110658, -34.612850030324275 ] ] } },
{ "type": "Feature", "properties": { "TELECOM": null, "nomoficial": "FLORIDA", "COM_PAR": "1", "id_street": "10555", "alt_derfin": "299", "ZONA": "4", "alt_derini": "201", "TELEFONICA": null, "alt_izqfin": "300", "BARRIO": "SAN NICOLAS", "COMUNA": "1", "alt_izqini": "202", "codigo": "6036", "BARRIO_PAR": "SAN NICOLAS", "id": "10555", "TELECENTRO": null, "EMPRESA": "TELCOS - NO SE IDENTIFICA", "fecha_ingr": null, "long": 0.13, "longitud_m": 129.49137844240326 }, "geometry": { "type": "LineString", "coordinates": [ [ -58.375105914689506, -34.605729856512937 ], [ -58.375165744158998, -34.60456361548502 ] ] } },
{ "type": "Feature", "properties": { "TELECOM": null, "nomoficial": "FLORIDA", "COM_PAR": "1", "id_street": "10844", "alt_derfin": "199", "ZONA": "4", "alt_derini": "101", "TELEFONICA": null, "alt_izqfin": "200", "BARRIO": "SAN NICOLAS", "COMUNA": "1", "alt_izqini": "102", "codigo": "6036", "BARRIO_PAR": "SAN NICOLAS", "id": "10844", "TELECENTRO": null, "EMPRESA": "TELCOS - NO SE IDENTIFICA", "fecha_ingr": null, "long": 0.13, "longitud_m": 126.11235006501164 }, "geometry": { "type": "LineString", "coordinates": [ [ -58.375040239156412, -34.60686538840212 ], [ -58.375105914689506, -34.605729856512937 ] ] } },
{ "type": "Feature", "properties": { "TELECOM": null, "nomoficial": "ALSINA, ADOLFO", "COM_PAR": "1", "id_street": "11804", "alt_derfin": "899", "ZONA": "5", "alt_derini": "801", "TELEFONICA": null, "alt_izqfin": "900", "BARRIO": "MONSERRAT", "COMUNA": "1", "alt_izqini": "802", "codigo": "1046", "BARRIO_PAR": "MONSERRAT", "id": "11804", "TELECENTRO": null, "EMPRESA": "TELCOS - NO SE IDENTIFICA", "fecha_ingr": null, "long": 0.13, "longitud_m": 130.78198126813658 }, "geometry": { "type": "LineString", "coordinates": [ [ -58.37770233484089, -34.610546349620762 ], [ -58.379124335778926, -34.610633537344739 ] ] } },
{ "type": "Feature", "properties": { "TELECOM": null, "nomoficial": "ALSINA, ADOLFO", "COM_PAR": "1", "id_street": "11840", "alt_derfin": "999", "ZONA": "5", "alt_derini": "901", "TELEFONICA": null, "alt_izqfin": "1000", "BARRIO": "MONSERRAT", "COMUNA": "1", "alt_izqini": "902", "codigo": "1046", "BARRIO_PAR": "MONSERRAT", "id": "11840", "TELECENTRO": null, "EMPRESA": "TELCOS - NO SE IDENTIFICA", "fecha_ingr": null, "long": 0.14, "longitud_m": 135.50867796392421 }, "geometry": { "type": "LineString", "coordinates": [ [ -58.379124335778926, -34.610633537344739 ], [ -58.380597180519629, -34.610729827600736 ] ] } },
{ "type": "Feature", "properties": { "TELECOM": "TELECOM", "nomoficial": "SANTIAGO DEL ESTERO", "COM_PAR": "1", "id_street": "11918", "alt_derfin": "199", "ZONA": "5", "alt_derini": "101", "TELEFONICA": null, "alt_izqfin": "200", "BARRIO": "MONSERRAT", "COMUNA": "1", "alt_izqini": "102", "codigo": "20066", "BARRIO_PAR": "MONSERRAT", "id": "11918", "TELECENTRO": "TELECENTRO", "EMPRESA": "TELECOM/TELECENTRO", "fecha_ingr": null, "long": 0.13, "longitud_m": 127.09110885309842 }, "geometry": { "type": "LineString", "coordinates": [ [ -58.38482390339373, -34.609858593656952 ], [ -58.384819759087229, -34.61100424025593 ] ] } },
{ "type": "Feature", "properties": { "TELECOM": null, "nomoficial": "REPUBLICA BOLIVARIANA DE VENEZUELA", "COM_PAR": "1", "id_street": "12658", "alt_derfin": "499", "ZONA": "4", "alt_derini": "401", "TELEFONICA": null, "alt_izqfin": "500", "BARRIO": "MONSERRAT", "COMUNA": "1", "alt_izqini": "402", "codigo": "23033", "BARRIO_PAR": "MONSERRAT", "id": "12658", "TELECENTRO": null, "EMPRESA": "TELCOS - NO SE IDENTIFICA", "fecha_ingr": null, "long": 0.13, "longitud_m": 128.31374779550495 }, "geometry": { "type": "LineString", "coordinates": [ [ -58.371858996836927, -34.613620178526588 ], [ -58.373252836347305, -34.61371987851733 ] ] } },
{ "type": "Feature", "properties": { "TELECOM": null, "nomoficial": "REPUBLICA BOLIVARIANA DE VENEZUELA", "COM_PAR": "1", "id_street": "12679", "alt_derfin": "599", "ZONA": "4", "alt_derini": "501", "TELEFONICA": null, "alt_izqfin": "600", "BARRIO": "MONSERRAT", "COMUNA": "1", "alt_izqini": "502", "codigo": "23033", "BARRIO_PAR": "MONSERRAT", "id": "12679", "TELECENTRO": null, "EMPRESA": "TELCOS - NO SE IDENTIFICA", "fecha_ingr": null, "long": 0.13, "longitud_m": 128.31023933140145 }, "geometry": { "type": "LineString", "coordinates": [ [ -58.373252836347305, -34.61371987851733 ], [ -58.374647023908892, -34.613815830395097 ] ] } },
{ "type": "Feature", "properties": { "TELECOM": null, "nomoficial": "PERU", "COM_PAR": "1", "id_street": "12680", "alt_derfin": "499", "ZONA": "4", "alt_derini": "401", "TELEFONICA": null, "alt_izqfin": "500", "BARRIO": "MONSERRAT", "COMUNA": "1", "alt_izqini": "402", "codigo": "17071", "BARRIO_PAR": "MONSERRAT", "id": "12680", "TELECENTRO": null, "EMPRESA": "TELCOS - NO SE IDENTIFICA", "fecha_ingr": null, "long": 0.13, "longitud_m": 129.49107341119185 }, "geometry": { "type": "LineString", "coordinates": [ [ -58.374718023652413, -34.612650021808506 ], [ -58.374647023908892, -34.613815830395097 ] ] } },
{ "type": "Feature", "properties": { "TELECOM": null, "nomoficial": "CHACABUCO", "COM_PAR": "1", "id_street": "12708", "alt_derfin": "499", "ZONA": "4", "alt_derini": "401", "TELEFONICA": null, "alt_izqfin": "500", "BARRIO": "MONSERRAT", "COMUNA": "1", "alt_izqini": "402", "codigo": "3214", "BARRIO_PAR": "MONSERRAT", "id": "12708", "TELECENTRO": null, "EMPRESA": "TELCOS - NO SE IDENTIFICA", "fecha_ingr": null, "long": 0.13, "longitud_m": 128.18001508147583 }, "geometry": { "type": "LineString", "coordinates": [ [ -58.376160910391327, -34.612751977732977 ], [ -58.376095309142762, -34.613906171147143 ] ] } },
{ "type": "Feature", "properties": { "TELECOM": null, "nomoficial": "MEXICO", "COM_PAR": "1", "id_street": "12955", "alt_derfin": "299", "ZONA": "4", "alt_derini": "201", "TELEFONICA": null, "alt_izqfin": "300", "BARRIO": "MONSERRAT", "COMUNA": "1", "alt_izqini": "202", "codigo": "13076", "BARRIO_PAR": "MONSERRAT", "id": "12955", "TELECENTRO": null, "EMPRESA": "TELCOS - NO SE IDENTIFICA", "fecha_ingr": null, "long": 0.11, "longitud_m": 108.93145058923892 }, "geometry": { "type": "LineString", "coordinates": [ [ -58.369471987964317, -34.614770515298297 ], [ -58.370659580657282, -34.614785485685751 ] ] } },
{ "type": "Feature", "properties": { "TELECOM": null, "nomoficial": "BALCARCE", "COM_PAR": "1", "id_street": "12956", "alt_derfin": "599", "ZONA": "4", "alt_derini": "501", "TELEFONICA": null, "alt_izqfin": "600", "BARRIO": "MONSERRAT", "COMUNA": "1", "alt_izqini": "502", "codigo": "2014", "BARRIO_PAR": "MONSERRAT", "id": "12956", "TELECENTRO": null, "EMPRESA": "TELCOS - NO SE IDENTIFICA", "fecha_ingr": null, "long": 0.13, "longitud_m": 134.17838816860476 }, "geometry": { "type": "LineString", "coordinates": [ [ -58.370741756627531, -34.613577856609247 ], [ -58.370659580657282, -34.614785485685751 ] ] } },
{ "type": "Feature", "properties": { "TELECOM": null, "nomoficial": "DEFENSA", "COM_PAR": "1", "id_street": "12964", "alt_derfin": "599", "ZONA": "4", "alt_derini": "501", "TELEFONICA": null, "alt_izqfin": "600", "BARRIO": "MONSERRAT", "COMUNA": "1", "alt_izqini": "502", "codigo": "4016", "BARRIO_PAR": "MONSERRAT", "id": "12964", "TELECENTRO": null, "EMPRESA": "TELCOS - NO SE IDENTIFICA", "fecha_ingr": null, "long": 0.13, "longitud_m": 132.51099539454069 }, "geometry": { "type": "LineString", "coordinates": [ [ -58.371858996836927, -34.613620178526588 ], [ -58.371791503756214, -34.61481338257267 ] ] } },
{ "type": "Feature", "properties": { "TELECOM": null, "nomoficial": "BOLIVAR", "COM_PAR": "1", "id_street": "12978", "alt_derfin": "599", "ZONA": "4", "alt_derini": "501", "TELEFONICA": null, "alt_izqfin": "600", "BARRIO": "MONSERRAT", "COMUNA": "1", "alt_izqini": "502", "codigo": "2092", "BARRIO_PAR": "MONSERRAT", "id": "12978", "TELECENTRO": null, "EMPRESA": "TELCOS - NO SE IDENTIFICA", "fecha_ingr": null, "long": 0.13, "longitud_m": 125.92249970430299 }, "geometry": { "type": "LineString", "coordinates": [ [ -58.373252836347305, -34.61371987851733 ], [ -58.373187727133008, -34.614853718143678 ] ] } },
{ "type": "Feature", "properties": { "TELECOM": null, "nomoficial": "CHACABUCO", "COM_PAR": "1", "id_street": "13009", "alt_derfin": "599", "ZONA": "4", "alt_derini": "501", "TELEFONICA": null, "alt_izqfin": "600", "BARRIO": "MONSERRAT", "COMUNA": "1", "alt_izqini": "502", "codigo": "3214", "BARRIO_PAR": "MONSERRAT", "id": "13009", "TELECENTRO": null, "EMPRESA": "TELCOS - NO SE IDENTIFICA", "fecha_ingr": null, "long": 0.12, "longitud_m": 121.38636015657691 }, "geometry": { "type": "LineString", "coordinates": [ [ -58.376095309142762, -34.613906171147143 ], [ -58.376040417283477, -34.614999455701358 ] ] } },
{ "type": "Feature", "properties": { "TELECOM": null, "nomoficial": "CHILE AV.", "COM_PAR": "1", "id_street": "13283", "alt_derfin": "299", "ZONA": "4", "alt_derini": "271", "TELEFONICA": null, "alt_izqfin": "300", "BARRIO": "SAN TELMO", "COMUNA": "1", "alt_izqini": "272", "codigo": "3230", "BARRIO_PAR": "SAN TELMO", "id": "13283", "TELECENTRO": null, "EMPRESA": "TELCOS - NO SE IDENTIFICA", "fecha_ingr": null, "long": 0.03, "longitud_m": 29.360102593167948 }, "geometry": { "type": "LineString", "coordinates": [ [ -58.370251307741192, -34.615859906776194 ], [ -58.370568910202323, -34.615893106762478 ] ] } },
{ "type": "Feature", "properties": { "TELECOM": null, "nomoficial": "DEFENSA", "COM_PAR": "1", "id_street": "13321", "alt_derfin": "695", "ZONA": "4", "alt_derini": "601", "TELEFONICA": null, "alt_izqfin": "696", "BARRIO": "MONSERRAT", "COMUNA": "1", "alt_izqini": "602", "codigo": "4016", "BARRIO_PAR": "MONSERRAT", "id": "13321", "TELECENTRO": null, "EMPRESA": "TELCOS - NO SE IDENTIFICA", "fecha_ingr": null, "long": 0.13, "longitud_m": 129.40216070043442 }, "geometry": { "type": "LineString", "coordinates": [ [ -58.371791503756214, -34.61481338257267 ], [ -58.37172114349012, -34.615978414827765 ] ] } },
{ "type": "Feature", "properties": { "TELECOM": null, "nomoficial": "CHILE", "COM_PAR": "1", "id_street": "13335", "alt_derfin": "499", "ZONA": "4", "alt_derini": "401", "TELEFONICA": null, "alt_izqfin": "500", "BARRIO": "SAN TELMO", "COMUNA": "1", "alt_izqini": "402", "codigo": "3230", "BARRIO_PAR": "SAN TELMO", "id": "13335", "TELECENTRO": null, "EMPRESA": "TELCOS - NO SE IDENTIFICA", "fecha_ingr": null, "long": 0.13, "longitud_m": 129.62783178194269 }, "geometry": { "type": "LineString", "coordinates": [ [ -58.371718196987779, -34.616024258257369 ], [ -58.373131600741104, -34.61602876185831 ] ] } },
{ "type": "Feature", "properties": { "TELECOM": null, "nomoficial": "CHILE", "COM_PAR": "1", "id_street": "13353", "alt_derfin": "599", "ZONA": "4", "alt_derini": "501", "TELEFONICA": "TELEFONICA", "alt_izqfin": "600", "BARRIO": "SAN TELMO", "COMUNA": "1", "alt_izqini": "502", "codigo": "3230", "BARRIO_PAR": "SAN TELMO", "id": "13353", "TELECENTRO": null, "EMPRESA": "TELEFONICA", "fecha_ingr": null, "long": 0.13, "longitud_m": 129.08871806345374 }, "geometry": { "type": "LineString", "coordinates": [ [ -58.373131600741104, -34.61602876185831 ], [ -58.374537366230669, -34.616087117438219 ] ] } },
{ "type": "Feature", "properties": { "TELECOM": null, "nomoficial": "CHACABUCO", "COM_PAR": "1", "id_street": "13379", "alt_derfin": "699", "ZONA": "4", "alt_derini": "601", "TELEFONICA": "TELEFONICA", "alt_izqfin": "700", "BARRIO": "MONSERRAT", "COMUNA": "1", "alt_izqini": "602", "codigo": "3214", "BARRIO_PAR": "MONSERRAT", "id": "13379", "TELECENTRO": null, "EMPRESA": "TELEFONICA", "fecha_ingr": null, "long": 0.14, "longitud_m": 135.41010459340245 }, "geometry": { "type": "LineString", "coordinates": [ [ -58.376040417283477, -34.614999455701358 ], [ -58.375980025247678, -34.616219075699853 ] ] } },
{ "type": "Feature", "properties": { "TELECOM": null, "nomoficial": "REPUBLICA BOLIVARIANA DE VENEZUELA", "COM_PAR": "1", "id_street": "12625", "alt_derfin": "299", "ZONA": "4", "alt_derini": "201", "TELEFONICA": null, "alt_izqfin": "300", "BARRIO": "MONSERRAT", "COMUNA": "1", "alt_izqini": "202", "codigo": "23033", "BARRIO_PAR": "MONSERRAT", "id": "12625", "TELECENTRO": null, "EMPRESA": "TELCOS - NO SE IDENTIFICA", "fecha_ingr": null, "long": 0.11, "longitud_m": 111.8639366804576 }, "geometry": { "type": "LineString", "coordinates": [ [ -58.36952208280853, -34.613582629973394 ], [ -58.370741756627531, -34.613577856609247 ] ] } },
{ "type": "Feature", "properties": { "TELECOM": null, "nomoficial": "SAN JOSE", "COM_PAR": "1", "id_street": "11624", "alt_derfin": "99", "ZONA": "5", "alt_derini": "51", "TELEFONICA": null, "alt_izqfin": "100", "BARRIO": "MONSERRAT", "COMUNA": "1", "alt_izqini": "52", "codigo": "20038", "BARRIO_PAR": "MONSERRAT", "id": "11624", "TELECENTRO": null, "EMPRESA": "TELCOS - NO SE IDENTIFICA", "fecha_ingr": null, "long": 0.06, "longitud_m": 63.675117255759716 }, "geometry": { "type": "LineString", "coordinates": [ [ -58.386258002765473, -34.609384078647786 ], [ -58.386227491535195, -34.609957517899822 ] ] } },
{ "type": "Feature", "properties": { "TELECOM": null, "nomoficial": "YRIGOYEN, HIPOLITO", "COM_PAR": "1", "id_street": "11630", "alt_derfin": "1449", "ZONA": "5", "alt_derini": "1401", "TELEFONICA": null, "alt_izqfin": "1450", "BARRIO": "MONSERRAT", "COMUNA": "1", "alt_izqini": "1402", "codigo": "26005", "BARRIO_PAR": "MONSERRAT", "id": "11630", "TELECENTRO": null, "EMPRESA": "TELCOS - NO SE IDENTIFICA", "fecha_ingr": null, "long": 0.07, "longitud_m": 69.519328227768938 }, "geometry": { "type": "LineString", "coordinates": [ [ -58.386227491535195, -34.609957517899822 ], [ -58.386982945722878, -34.610008416013578 ] ] } },
{ "type": "Feature", "properties": { "TELECOM": null, "nomoficial": "ALSINA, ADOLFO", "COM_PAR": "1", "id_street": "11917", "alt_derfin": "1299", "ZONA": "5", "alt_derini": "1201", "TELEFONICA": "TELEFONICA", "alt_izqfin": "1300", "BARRIO": "MONSERRAT", "COMUNA": "1", "alt_izqini": "1202", "codigo": "1046", "BARRIO_PAR": "MONSERRAT", "id": "11917", "TELECENTRO": null, "EMPRESA": "TELEFONICA", "fecha_ingr": null, "long": 0.13, "longitud_m": 133.52611854924587 }, "geometry": { "type": "LineString", "coordinates": [ [ -58.383367333337446, -34.610921958201104 ], [ -58.384819759087229, -34.61100424025593 ] ] } },
{ "type": "Feature", "properties": { "TELECOM": null, "nomoficial": "ALSINA, ADOLFO", "COM_PAR": "1", "id_street": "11937", "alt_derfin": "1399", "ZONA": "5", "alt_derini": "1301", "TELEFONICA": null, "alt_izqfin": "1400", "BARRIO": "MONSERRAT", "COMUNA": "1", "alt_izqini": "1302", "codigo": "1046", "BARRIO_PAR": "MONSERRAT", "id": "11937", "TELECENTRO": null, "EMPRESA": "TELCOS - NO SE IDENTIFICA", "fecha_ingr": null, "long": 0.12, "longitud_m": 123.09163249056823 }, "geometry": { "type": "LineString", "coordinates": [ [ -58.384819759087229, -34.61100424025593 ], [ -58.386157965049186, -34.611088334287537 ] ] } },
{ "type": "Feature", "properties": { "TELECOM": null, "nomoficial": "SAN JOSE", "COM_PAR": "1", "id_street": "11938", "alt_derfin": "199", "ZONA": "5", "alt_derini": "101", "TELEFONICA": null, "alt_izqfin": "200", "BARRIO": "MONSERRAT", "COMUNA": "1", "alt_izqini": "102", "codigo": "20038", "BARRIO_PAR": "MONSERRAT", "id": "11938", "TELECENTRO": "TELECENTRO", "EMPRESA": "TELECENTRO", "fecha_ingr": null, "long": 0.13, "longitud_m": 125.60735161668252 }, "geometry": { "type": "LineString", "coordinates": [ [ -58.386227491535195, -34.609957517899822 ], [ -58.386157965049186, -34.611088334287537 ] ] } },
{ "type": "Feature", "properties": { "TELECOM": null, "nomoficial": "BALCARCE", "COM_PAR": "1", "id_street": "12626", "alt_derfin": "499", "ZONA": "4", "alt_derini": "401", "TELEFONICA": null, "alt_izqfin": "500", "BARRIO": "MONSERRAT", "COMUNA": "1", "alt_izqini": "402", "codigo": "2014", "BARRIO_PAR": "MONSERRAT", "id": "12626", "TELECENTRO": null, "EMPRESA": "TELCOS - NO SE IDENTIFICA", "fecha_ingr": null, "long": 0.13, "longitud_m": 134.26657229060277 }, "geometry": { "type": "LineString", "coordinates": [ [ -58.370531158709561, -34.612385638969705 ], [ -58.370586930296632, -34.612479837522059 ], [ -58.370741756627531, -34.613577856609247 ] ] } },
{ "type": "Feature", "properties": { "TELECOM": null, "nomoficial": "REPUBLICA BOLIVARIANA DE VENEZUELA", "COM_PAR": "1", "id_street": "12629", "alt_derfin": "329", "ZONA": "4", "alt_derini": "301", "TELEFONICA": null, "alt_izqfin": "330", "BARRIO": "MONSERRAT", "COMUNA": "1", "alt_izqini": "302", "codigo": "23033", "BARRIO_PAR": "MONSERRAT", "id": "12629", "TELECENTRO": null, "EMPRESA": "TELCOS - NO SE IDENTIFICA", "fecha_ingr": null, "long": 0.04, "longitud_m": 35.344520465400493 }, "geometry": { "type": "LineString", "coordinates": [ [ -58.370741756627531, -34.613577856609247 ], [ -58.37112692235182, -34.613588289193757 ] ] } },
{ "type": "Feature", "properties": { "TELECOM": null, "nomoficial": "5 DE JULIO", "COM_PAR": "1", "id_street": "12630", "alt_derfin": "499", "ZONA": "4", "alt_derini": "401", "TELEFONICA": null, "alt_izqfin": "500", "BARRIO": "MONSERRAT", "COMUNA": "1", "alt_izqini": "402", "codigo": "3270", "BARRIO_PAR": "MONSERRAT", "id": "12630", "TELECENTRO": null, "EMPRESA": "TELCOS - NO SE IDENTIFICA", "fecha_ingr": null, "long": 0.13, "longitud_m": 129.1659618984977 }, "geometry": { "type": "LineString", "coordinates": [ [ -58.371221901400268, -34.612426585312882 ], [ -58.37112692235182, -34.613588289193757 ] ] } },
{ "type": "Feature", "properties": { "TELECOM": null, "nomoficial": "REPUBLICA BOLIVARIANA DE VENEZUELA", "COM_PAR": "1", "id_street": "12636", "alt_derfin": "399", "ZONA": "4", "alt_derini": "331", "TELEFONICA": null, "alt_izqfin": "400", "BARRIO": "MONSERRAT", "COMUNA": "1", "alt_izqini": "332", "codigo": "23033", "BARRIO_PAR": "MONSERRAT", "id": "12636", "TELECENTRO": null, "EMPRESA": "TELCOS - NO SE IDENTIFICA", "fecha_ingr": null, "long": 0.07, "longitud_m": 67.235501390033093 }, "geometry": { "type": "LineString", "coordinates": [ [ -58.37112692235182, -34.613588289193757 ], [ -58.371858996836927, -34.613620178526588 ] ] } },
{ "type": "Feature", "properties": { "TELECOM": null, "nomoficial": "DEFENSA", "COM_PAR": "1", "id_street": "12637", "alt_derfin": "499", "ZONA": "4", "alt_derini": "401", "TELEFONICA": null, "alt_izqfin": "500", "BARRIO": "MONSERRAT", "COMUNA": "1", "alt_izqini": "402", "codigo": "4016", "BARRIO_PAR": "MONSERRAT", "id": "12637", "TELECENTRO": null, "EMPRESA": "TELCOS - NO SE IDENTIFICA", "fecha_ingr": null, "long": 0.13, "longitud_m": 127.96916972201765 }, "geometry": { "type": "LineString", "coordinates": [ [ -58.371926443040223, -34.612467960621849 ], [ -58.371858996836927, -34.613620178526588 ] ] } },
{ "type": "Feature", "properties": { "TELECOM": null, "nomoficial": "BOLIVAR", "COM_PAR": "1", "id_street": "12659", "alt_derfin": "499", "ZONA": "4", "alt_derini": "401", "TELEFONICA": null, "alt_izqfin": "500", "BARRIO": "MONSERRAT", "COMUNA": "1", "alt_izqini": "402", "codigo": "2092", "BARRIO_PAR": "MONSERRAT", "id": "12659", "TELECENTRO": null, "EMPRESA": "TELCOS - NO SE IDENTIFICA", "fecha_ingr": null, "long": 0.13, "longitud_m": 129.52172931669637 }, "geometry": { "type": "LineString", "coordinates": [ [ -58.373320193321511, -34.612553645512101 ], [ -58.373252836347305, -34.61371987851733 ] ] } },
{ "type": "Feature", "properties": { "TELECOM": null, "nomoficial": "REPUBLICA BOLIVARIANA DE VENEZUELA", "COM_PAR": "1", "id_street": "12707", "alt_derfin": "699", "ZONA": "4", "alt_derini": "601", "TELEFONICA": null, "alt_izqfin": "700", "BARRIO": "MONSERRAT", "COMUNA": "1", "alt_izqini": "602", "codigo": "23033", "BARRIO_PAR": "MONSERRAT", "id": "12707", "TELECENTRO": null, "EMPRESA": "TELCOS - NO SE IDENTIFICA", "fecha_ingr": null, "long": 0.13, "longitud_m": 133.2069186870948 }, "geometry": { "type": "LineString", "coordinates": [ [ -58.374647023908892, -34.613815830395097 ], [ -58.376095309142762, -34.613906171147143 ] ] } },
{ "type": "Feature", "properties": { "TELECOM": null, "nomoficial": "MEXICO", "COM_PAR": "1", "id_street": "12963", "alt_derfin": "399", "ZONA": "4", "alt_derini": "301", "TELEFONICA": null, "alt_izqfin": "400", "BARRIO": "MONSERRAT", "COMUNA": "1", "alt_izqini": "302", "codigo": "13076", "BARRIO_PAR": "MONSERRAT", "id": "12963", "TELECENTRO": null, "EMPRESA": "TELCOS - NO SE IDENTIFICA", "fecha_ingr": null, "long": 0.1, "longitud_m": 103.85920351838233 }, "geometry": { "type": "LineString", "coordinates": [ [ -58.370659580657282, -34.614785485685751 ], [ -58.371791503756214, -34.61481338257267 ] ] } },
{ "type": "Feature", "properties": { "TELECOM": null, "nomoficial": "MEXICO", "COM_PAR": "1", "id_street": "12977", "alt_derfin": "499", "ZONA": "4", "alt_derini": "401", "TELEFONICA": null, "alt_izqfin": "500", "BARRIO": "MONSERRAT", "COMUNA": "1", "alt_izqini": "402", "codigo": "13076", "BARRIO_PAR": "MONSERRAT", "id": "12977", "TELECENTRO": null, "EMPRESA": "TELCOS - NO SE IDENTIFICA", "fecha_ingr": null, "long": 0.13, "longitud_m": 128.13119850625793 }, "geometry": { "type": "LineString", "coordinates": [ [ -58.371791503756214, -34.61481338257267 ], [ -58.373187727133008, -34.614853718143678 ] ] } },
{ "type": "Feature", "properties": { "TELECOM": null, "nomoficial": "MEXICO", "COM_PAR": "1", "id_street": "12996", "alt_derfin": "599", "ZONA": "4", "alt_derini": "501", "TELEFONICA": "TELEFONICA", "alt_izqfin": "600", "BARRIO": "MONSERRAT", "COMUNA": "1", "alt_izqini": "502", "codigo": "13076", "BARRIO_PAR": "MONSERRAT", "id": "12996", "TELECENTRO": null, "EMPRESA": "TELEFONICA", "fecha_ingr": null, "long": 0.13, "longitud_m": 127.96076169995415 }, "geometry": { "type": "LineString", "coordinates": [ [ -58.373187727133008, -34.614853718143678 ], [ -58.374580255898515, -34.614925303050946 ] ] } },
{ "type": "Feature", "properties": { "TELECOM": null, "nomoficial": "PERU", "COM_PAR": "1", "id_street": "12997", "alt_derfin": "599", "ZONA": "4", "alt_derini": "501", "TELEFONICA": null, "alt_izqfin": "600", "BARRIO": "MONSERRAT", "COMUNA": "1", "alt_izqini": "502", "codigo": "17071", "BARRIO_PAR": "MONSERRAT", "id": "12997", "TELECENTRO": null, "EMPRESA": "TELCOS - NO SE IDENTIFICA", "fecha_ingr": null, "long": 0.12, "longitud_m": 123.22996113356848 }, "geometry": { "type": "LineString", "coordinates": [ [ -58.374647023908892, -34.613815830395097 ], [ -58.374580255898515, -34.614925303050946 ] ] } },
{ "type": "Feature", "properties": { "TELECOM": null, "nomoficial": "MEXICO", "COM_PAR": "1", "id_street": "13008", "alt_derfin": "699", "ZONA": "4", "alt_derini": "601", "TELEFONICA": null, "alt_izqfin": "700", "BARRIO": "MONSERRAT", "COMUNA": "1", "alt_izqini": "602", "codigo": "13076", "BARRIO_PAR": "MONSERRAT", "id": "13008", "TELECENTRO": null, "EMPRESA": "TELCOS - NO SE IDENTIFICA", "fecha_ingr": null, "long": 0.13, "longitud_m": 134.169248842304 }, "geometry": { "type": "LineString", "coordinates": [ [ -58.374580255898515, -34.614925303050946 ], [ -58.376040417283477, -34.614999455701358 ] ] } },
{ "type": "Feature", "properties": { "TELECOM": null, "nomoficial": "BALCARCE", "COM_PAR": "1", "id_street": "13284", "alt_derfin": "699", "ZONA": "4", "alt_derini": "601", "TELEFONICA": null, "alt_izqfin": "700", "BARRIO": "MONSERRAT", "COMUNA": "1", "alt_izqini": "602", "codigo": "2014", "BARRIO_PAR": "MONSERRAT", "id": "13284", "TELECENTRO": null, "EMPRESA": "TELCOS - NO SE IDENTIFICA", "fecha_ingr": null, "long": 0.12, "longitud_m": 123.15340755764659 }, "geometry": { "type": "LineString", "coordinates": [ [ -58.370659580657282, -34.614785485685751 ], [ -58.370568910202323, -34.615893106762478 ] ] } },
{ "type": "Feature", "properties": { "TELECOM": null, "nomoficial": "CHILE AV.", "COM_PAR": "1", "id_street": "13320", "alt_derfin": "399", "ZONA": "4", "alt_derini": "301", "TELEFONICA": null, "alt_izqfin": "400", "BARRIO": "SAN TELMO", "COMUNA": "1", "alt_izqini": "302", "codigo": "3230", "BARRIO_PAR": "SAN TELMO", "id": "13320", "TELECENTRO": null, "EMPRESA": "TELCOS - NO SE IDENTIFICA", "fecha_ingr": null, "long": 0.11, "longitud_m": 106.09727399347248 }, "geometry": { "type": "LineString", "coordinates": [ [ -58.370568910202323, -34.615893106762478 ], [ -58.37172114349012, -34.615978414827765 ] ] } },
{ "type": "Feature", "properties": { "TELECOM": null, "nomoficial": "BOLIVAR", "COM_PAR": "1", "id_street": "13336", "alt_derfin": "699", "ZONA": "4", "alt_derini": "601", "TELEFONICA": null, "alt_izqfin": "700", "BARRIO": "MONSERRAT", "COMUNA": "1", "alt_izqini": "602", "codigo": "2092", "BARRIO_PAR": "MONSERRAT", "id": "13336", "TELECENTRO": null, "EMPRESA": "TELCOS - NO SE IDENTIFICA", "fecha_ingr": null, "long": 0.13, "longitud_m": 130.4533686107952 }, "geometry": { "type": "LineString", "coordinates": [ [ -58.373187727133008, -34.614853718143678 ], [ -58.373131600741104, -34.61602876185831 ] ] } },
{ "type": "Feature", "properties": { "TELECOM": "TELECOM", "nomoficial": "PERU", "COM_PAR": "1", "id_street": "13354", "alt_derfin": "699", "ZONA": "4", "alt_derini": "601", "TELEFONICA": null, "alt_izqfin": "700", "BARRIO": "MONSERRAT", "COMUNA": "1", "alt_izqini": "602", "codigo": "17071", "BARRIO_PAR": "MONSERRAT", "id": "13354", "TELECENTRO": null, "EMPRESA": "TELECOM", "fecha_ingr": null, "long": 0.13, "longitud_m": 128.94420845071224 }, "geometry": { "type": "LineString", "coordinates": [ [ -58.374580255898515, -34.614925303050946 ], [ -58.374537366230669, -34.616087117438219 ] ] } },
{ "type": "Feature", "properties": { "TELECOM": "TELECOM", "nomoficial": "CHILE", "COM_PAR": "1", "id_street": "13378", "alt_derfin": "699", "ZONA": "4", "alt_derini": "601", "TELEFONICA": "TELEFONICA", "alt_izqfin": "700", "BARRIO": "SAN TELMO", "COMUNA": "1", "alt_izqini": "602", "codigo": "3230", "BARRIO_PAR": "SAN TELMO", "id": "13378", "TELECENTRO": null, "EMPRESA": "TELECOM/TELEFONICA", "fecha_ingr": null, "long": 0.13, "longitud_m": 133.20146584240527 }, "geometry": { "type": "LineString", "coordinates": [ [ -58.374537366230669, -34.616087117438219 ], [ -58.375255396115257, -34.616131300273764 ], [ -58.375980025247678, -34.616219075699853 ] ] } },
{ "type": "Feature", "properties": { "TELECOM": null, "nomoficial": "MORENO", "COM_PAR": "1", "id_street": "12006", "alt_derfin": "399", "ZONA": "4", "alt_derini": "301", "TELEFONICA": null, "alt_izqfin": "400", "BARRIO": "MONSERRAT", "COMUNA": "1", "alt_izqini": "302", "codigo": "13126", "BARRIO_PAR": "MONSERRAT", "id": "12006", "TELECENTRO": null, "EMPRESA": "TELCOS - NO SE IDENTIFICA", "fecha_ingr": null, "long": 0.13, "longitud_m": 128.5075400284548 }, "geometry": { "type": "LineString", "coordinates": [ [ -58.37059377117572, -34.611229826309312 ], [ -58.371992199317575, -34.611301586077758 ] ] } },
{ "type": "Feature", "properties": { "TELECOM": null, "nomoficial": "BELGRANO AV.", "COM_PAR": "1", "id_street": "12315", "alt_derfin": "299", "ZONA": "4", "alt_derini": "201", "TELEFONICA": null, "alt_izqfin": "300", "BARRIO": "MONSERRAT", "COMUNA": "1", "alt_izqini": "202", "codigo": "2051", "BARRIO_PAR": "MONSERRAT", "id": "12315", "TELECENTRO": null, "EMPRESA": "TELCOS - NO SE IDENTIFICA", "fecha_ingr": null, "long": 0.09, "longitud_m": 89.12388190408501 }, "geometry": { "type": "LineString", "coordinates": [ [ -58.369561866503268, -34.612328751683641 ], [ -58.370531158709561, -34.612385638969705 ] ] } },
{ "type": "Feature", "properties": { "TELECOM": null, "nomoficial": "BELGRANO AV.", "COM_PAR": "1", "id_street": "12324", "alt_derfin": "349", "ZONA": "4", "alt_derini": "301", "TELEFONICA": null, "alt_izqfin": "350", "BARRIO": "MONSERRAT", "COMUNA": "1", "alt_izqini": "302", "codigo": "2051", "BARRIO_PAR": "MONSERRAT", "id": "12324", "TELECENTRO": null, "EMPRESA": "TELCOS - NO SE IDENTIFICA", "fecha_ingr": null, "long": 0.06, "longitud_m": 63.515158689891607 }, "geometry": { "type": "LineString", "coordinates": [ [ -58.370531158709561, -34.612385638969705 ], [ -58.371221901400268, -34.612426585312882 ] ] } },
{ "type": "Feature", "properties": { "TELECOM": null, "nomoficial": "PASEO COLON AV.", "COM_PAR": "1", "id_street": "28022", "alt_derfin": "499", "ZONA": "4", "alt_derini": "401", "TELEFONICA": null, "alt_izqfin": "0", "BARRIO": "MONSERRAT", "COMUNA": "1", "alt_izqini": "0", "codigo": "17028", "BARRIO_PAR": "MONSERRAT", "id": "28022", "TELECENTRO": null, "EMPRESA": "TELCOS - NO SE IDENTIFICA", "fecha_ingr": null, "long": 0.14, "longitud_m": 139.14496340894377 }, "geometry": { "type": "LineString", "coordinates": [ [ -58.369561866503268, -34.612328751683641 ], [ -58.36952208280853, -34.613582629973394 ] ] } },
{ "type": "Feature", "properties": { "TELECOM": null, "nomoficial": "MORENO", "COM_PAR": "1", "id_street": "11977", "alt_derfin": "299", "ZONA": "4", "alt_derini": "201", "TELEFONICA": null, "alt_izqfin": "300", "BARRIO": "MONSERRAT", "COMUNA": "1", "alt_izqini": "202", "codigo": "13126", "BARRIO_PAR": "MONSERRAT", "id": "11977", "TELECENTRO": null, "EMPRESA": "TELCOS - NO SE IDENTIFICA", "fecha_ingr": null, "long": 0.09, "longitud_m": 90.424501747963589 }, "geometry": { "type": "LineString", "coordinates": [ [ -58.369609375621955, -34.611184833998855 ], [ -58.37059377117572, -34.611229826309312 ] ] } },
{ "type": "Feature", "properties": { "TELECOM": null, "nomoficial": "BALCARCE", "COM_PAR": "1", "id_street": "12316", "alt_derfin": "399", "ZONA": "4", "alt_derini": "301", "TELEFONICA": null, "alt_izqfin": "400", "BARRIO": "MONSERRAT", "COMUNA": "1", "alt_izqini": "302", "codigo": "2014", "BARRIO_PAR": "MONSERRAT", "id": "12316", "TELECENTRO": "TELECENTRO", "EMPRESA": "TELECENTRO", "fecha_ingr": null, "long": 0.13, "longitud_m": 128.34686195227403 }, "geometry": { "type": "LineString", "coordinates": [ [ -58.37059377117572, -34.611229826309312 ], [ -58.370531158709561, -34.612385638969705 ] ] } },
{ "type": "Feature", "properties": { "TELECOM": null, "nomoficial": "BELGRANO AV.", "COM_PAR": "1", "id_street": "12335", "alt_derfin": "399", "ZONA": "4", "alt_derini": "351", "TELEFONICA": null, "alt_izqfin": "400", "BARRIO": "MONSERRAT", "COMUNA": "1", "alt_izqini": "352", "codigo": "2051", "BARRIO_PAR": "MONSERRAT", "id": "12335", "TELECENTRO": null, "EMPRESA": "TELCOS - NO SE IDENTIFICA", "fecha_ingr": null, "long": 0.06, "longitud_m": 64.780895633032344 }, "geometry": { "type": "LineString", "coordinates": [ [ -58.371221901400268, -34.612426585312882 ], [ -58.371926443040223, -34.612467960621849 ] ] } },
{ "type": "Feature", "properties": { "TELECOM": null, "nomoficial": "PERON, JUAN DOMINGO, TTE. GENERAL", "COM_PAR": "1", "id_street": "10798", "alt_derfin": "1699", "ZONA": "5", "alt_derini": "1601", "TELEFONICA": null, "alt_izqfin": "1700", "BARRIO": "SAN NICOLAS", "COMUNA": "1", "alt_izqini": "1602", "codigo": "3050", "BARRIO_PAR": "SAN NICOLAS", "id": "10798", "TELECENTRO": null, "EMPRESA": "TELCOS - NO SE IDENTIFICA", "fecha_ingr": null, "long": 0.13, "longitud_m": 131.92870376699949 }, "geometry": { "type": "LineString", "coordinates": [ [ -58.389310876965261, -34.606629239672586 ], [ -58.390746548875349, -34.606701652150491 ] ] } },
{ "type": "Feature", "properties": { "TELECOM": null, "nomoficial": "PERON, JUAN DOMINGO, TTE. GENERAL", "COM_PAR": "1", "id_street": "10829", "alt_derfin": "1799", "ZONA": "5", "alt_derini": "1701", "TELEFONICA": null, "alt_izqfin": "1800", "BARRIO": "SAN NICOLAS", "COMUNA": "1", "alt_izqini": "1702", "codigo": "3050", "BARRIO_PAR": "SAN NICOLAS", "id": "10829", "TELECENTRO": null, "EMPRESA": "TELCOS - NO SE IDENTIFICA", "fecha_ingr": null, "long": 0.13, "longitud_m": 125.92147378640969 }, "geometry": { "type": "LineString", "coordinates": [ [ -58.390746548875349, -34.606701652150491 ], [ -58.392115437039905, -34.606787811802747 ] ] } },
{ "type": "Feature", "properties": { "TELECOM": "TELECOM", "nomoficial": "PERON, JUAN DOMINGO, TTE. GENERAL", "COM_PAR": "3", "id_street": "10856", "alt_derfin": "1899", "ZONA": "5", "alt_derini": "1801", "TELEFONICA": null, "alt_izqfin": "1900", "BARRIO": "BALVANERA", "COMUNA": "3", "alt_izqini": "1802", "codigo": "3050", "BARRIO_PAR": "BALVANERA", "id": "10856", "TELECENTRO": "TELECENTRO", "EMPRESA": "TELECOM/TELECENTRO", "fecha_ingr": null, "long": 0.13, "longitud_m": 134.05221594933602 }, "geometry": { "type": "LineString", "coordinates": [ [ -58.392115437039905, -34.606787811802747 ], [ -58.393567755298825, -34.606923018586663 ] ] } },
{ "type": "Feature", "properties": { "TELECOM": "TELECOM", "nomoficial": "RODRIGUEZ PEÑA", "COM_PAR": "1", "id_street": "11091", "alt_derfin": "199", "ZONA": "5", "alt_derini": "101", "TELEFONICA": null, "alt_izqfin": "200", "BARRIO": "SAN NICOLAS", "COMUNA": "1", "alt_izqini": "102", "codigo": "19071", "BARRIO_PAR": "SAN NICOLAS", "id": "11091", "TELECENTRO": "TELECENTRO", "EMPRESA": "TELECOM/TELECENTRO", "fecha_ingr": null, "long": 0.13, "longitud_m": 134.22809800757247 }, "geometry": { "type": "LineString", "coordinates": [ [ -58.390673867428717, -34.607910147027312 ], [ -58.390746548875349, -34.606701652150491 ] ] } },
{ "type": "Feature", "properties": { "TELECOM": null, "nomoficial": "MITRE, BARTOLOME", "COM_PAR": "1", "id_street": "11109", "alt_derfin": "1799", "ZONA": "5", "alt_derini": "1701", "TELEFONICA": null, "alt_izqfin": "1800", "BARRIO": "SAN NICOLAS", "COMUNA": "1", "alt_izqini": "1702", "codigo": "13094", "BARRIO_PAR": "SAN NICOLAS", "id": "11109", "TELECENTRO": null, "EMPRESA": "TELCOS - NO SE IDENTIFICA", "fecha_ingr": null, "long": 0.13, "longitud_m": 125.2926094721164 }, "geometry": { "type": "LineString", "coordinates": [ [ -58.390673867428717, -34.607910147027312 ], [ -58.392036822337147, -34.607985670074129 ] ] } },
{ "type": "Feature", "properties": { "TELECOM": "TELECOM", "nomoficial": "RIOBAMBA", "COM_PAR": "3", "id_street": "11130", "alt_derfin": "199", "ZONA": "5", "alt_derini": "101", "TELEFONICA": null, "alt_izqfin": "200", "BARRIO": "BALVANERA", "COMUNA": "3", "alt_izqini": "102", "codigo": "19036", "BARRIO_PAR": "BALVANERA", "id": "11130", "TELECENTRO": "TELECENTRO", "EMPRESA": "TELECOM/TELECENTRO", "fecha_ingr": null, "long": 0.13, "longitud_m": 126.23397189815768 }, "geometry": { "type": "LineString", "coordinates": [ [ -58.393464939867357, -34.608057764458863 ], [ -58.393567755298825, -34.606923018586663 ] ] } },
{ "type": "Feature", "properties": { "TELECOM": null, "nomoficial": "MONTEVIDEO", "COM_PAR": "1", "id_street": "11392", "alt_derfin": "99", "ZONA": "5", "alt_derini": "1", "TELEFONICA": null, "alt_izqfin": "100", "BARRIO": "SAN NICOLAS", "COMUNA": "1", "alt_izqini": "2", "codigo": "13118", "BARRIO_PAR": "SAN NICOLAS", "id": "11392", "TELECENTRO": null, "EMPRESA": "TELCOS - NO SE IDENTIFICA", "fecha_ingr": null, "long": 0.14, "longitud_m": 140.3557409059284 }, "geometry": { "type": "LineString", "coordinates": [ [ -58.389175663227341, -34.609077853751231 ], [ -58.38927081602548, -34.607815077118772 ] ] } },
{ "type": "Feature", "properties": { "TELECOM": "TELECOM", "nomoficial": "CALLAO AV.", "COM_PAR": "3", "id_street": "11414", "alt_derfin": "99", "ZONA": "5", "alt_derini": "1", "TELEFONICA": null, "alt_izqfin": "100", "BARRIO": "BALVANERA", "COMUNA": "3", "alt_izqini": "2", "codigo": "3030", "BARRIO_PAR": "BALVANERA", "id": "11414", "TELECENTRO": null, "EMPRESA": "TELECOM", "fecha_ingr": null, "long": 0.14, "longitud_m": 138.68714328081984 }, "geometry": { "type": "LineString", "coordinates": [ [ -58.391959161626325, -34.60923420356832 ], [ -58.392036822337147, -34.607985670074129 ] ] } },
{ "type": "Feature", "properties": { "TELECOM": null, "nomoficial": "RODRIGUEZ PEÑA", "COM_PAR": "1", "id_street": "11420", "alt_derfin": "99", "ZONA": "5", "alt_derini": "1", "TELEFONICA": null, "alt_izqfin": "100", "BARRIO": "SAN NICOLAS", "COMUNA": "1", "alt_izqini": "2", "codigo": "19071", "BARRIO_PAR": "SAN NICOLAS", "id": "11420", "TELECENTRO": null, "EMPRESA": "TELCOS - NO SE IDENTIFICA", "fecha_ingr": null, "long": 0.14, "longitud_m": 142.70272214934337 }, "geometry": { "type": "LineString", "coordinates": [ [ -58.390556147270104, -34.609192841146495 ], [ -58.390673867428717, -34.607910147027312 ] ] } },
{ "type": "Feature", "properties": { "TELECOM": "TELECOM", "nomoficial": "RIVADAVIA AV.", "COM_PAR": "3", "id_street": "11442", "alt_derfin": "1899", "ZONA": "5", "alt_derini": "1801", "TELEFONICA": null, "alt_izqfin": "1900", "BARRIO": "BALVANERA", "COMUNA": "3", "alt_izqini": "1802", "codigo": "19046", "BARRIO_PAR": "BALVANERA", "id": "11442", "TELECENTRO": "TELECENTRO", "EMPRESA": "TELECOM/TELECENTRO", "fecha_ingr": null, "long": 0.13, "longitud_m": 131.56784524493969 }, "geometry": { "type": "LineString", "coordinates": [ [ -58.391959161626325, -34.60923420356832 ], [ -58.392128079168877, -34.609180877064546 ], [ -58.393376446176653, -34.609275829244908 ] ] } },
{ "type": "Feature", "properties": { "TELECOM": "TELECOM", "nomoficial": "RIOBAMBA", "COM_PAR": "3", "id_street": "11443", "alt_derfin": "99", "ZONA": "5", "alt_derini": "1", "TELEFONICA": null, "alt_izqfin": "100", "BARRIO": "BALVANERA", "COMUNA": "3", "alt_izqini": "2", "codigo": "19036", "BARRIO_PAR": "BALVANERA", "id": "11443", "TELECENTRO": "TELECENTRO", "EMPRESA": "TELECOM/TELECENTRO", "fecha_ingr": null, "long": 0.14, "longitud_m": 135.36766063486644 }, "geometry": { "type": "LineString", "coordinates": [ [ -58.393376446176653, -34.609275829244908 ], [ -58.393464939867357, -34.608057764458863 ] ] } },
{ "type": "Feature", "properties": { "TELECOM": null, "nomoficial": "YRIGOYEN, HIPOLITO AV.", "COM_PAR": "1", "id_street": "11653", "alt_derfin": "1599", "ZONA": "5", "alt_derini": "1501", "TELEFONICA": null, "alt_izqfin": "1600", "BARRIO": "MONSERRAT", "COMUNA": "1", "alt_izqini": "1502", "codigo": "26005", "BARRIO_PAR": "MONSERRAT", "id": "11653", "TELECENTRO": null, "EMPRESA": "TELCOS - NO SE IDENTIFICA", "fecha_ingr": null, "long": 0.14, "longitud_m": 136.73176773161501 }, "geometry": { "type": "LineString", "coordinates": [ [ -58.387563563845184, -34.610029411905828 ], [ -58.38905314402993, -34.61007856758463 ] ] } },
{ "type": "Feature", "properties": { "TELECOM": "TELECOM", "nomoficial": "YRIGOYEN, HIPOLITO", "COM_PAR": "3", "id_street": "11751", "alt_derfin": "1899", "ZONA": "5", "alt_derini": "1801", "TELEFONICA": null, "alt_izqfin": "1900", "BARRIO": "BALVANERA", "COMUNA": "3", "alt_izqini": "1802", "codigo": "26005", "BARRIO_PAR": "BALVANERA", "id": "11751", "TELECENTRO": "TELECENTRO", "EMPRESA": "TELECOM/TELECENTRO", "fecha_ingr": null, "long": 0.13, "longitud_m": 134.61836587866111 }, "geometry": { "type": "LineString", "coordinates": [ [ -58.391878429433518, -34.610339553516305 ], [ -58.393341918021818, -34.610431740734818 ] ] } },
{ "type": "Feature", "properties": { "TELECOM": "TELECOM", "nomoficial": "CEVALLOS, Virrey", "COM_PAR": "1", "id_street": "12003", "alt_derfin": "199", "ZONA": "5", "alt_derini": "101", "TELEFONICA": null, "alt_izqfin": "200", "BARRIO": "MONSERRAT", "COMUNA": "1", "alt_izqini": "102", "codigo": "3122", "BARRIO_PAR": "MONSERRAT", "id": "12003", "TELECENTRO": "TELECENTRO", "EMPRESA": "TELECOM/TELECENTRO", "fecha_ingr": null, "long": 0.13, "longitud_m": 134.32390920544211 }, "geometry": { "type": "LineString", "coordinates": [ [ -58.38905314402993, -34.61007856758463 ], [ -58.388942873276896, -34.611285981505496 ] ] } },
{ "type": "Feature", "properties": { "TELECOM": "TELECOM", "nomoficial": "ALSINA, ADOLFO", "COM_PAR": "1", "id_street": "12063", "alt_derfin": "1799", "ZONA": "5", "alt_derini": "1701", "TELEFONICA": null, "alt_izqfin": "1800", "BARRIO": "MONSERRAT", "COMUNA": "1", "alt_izqini": "1702", "codigo": "1046", "BARRIO_PAR": "MONSERRAT", "id": "12063", "TELECENTRO": "TELECENTRO", "EMPRESA": "TELECOM/TELECENTRO", "fecha_ingr": null, "long": 0.13, "longitud_m": 131.76787333934141 }, "geometry": { "type": "LineString", "coordinates": [ [ -58.390367440196776, -34.611388955462942 ], [ -58.391797967213698, -34.611498676933969 ] ] } },
{ "type": "Feature", "properties": { "TELECOM": null, "nomoficial": "ENTRE RIOS AV.", "COM_PAR": "1", "id_street": "12064", "alt_derfin": "199", "ZONA": "5", "alt_derini": "101", "TELEFONICA": null, "alt_izqfin": "200", "BARRIO": "MONSERRAT", "COMUNA": "1", "alt_izqini": "102", "codigo": "5061", "BARRIO_PAR": "MONSERRAT", "id": "12064", "TELECENTRO": null, "EMPRESA": "TELCOS - NO SE IDENTIFICA", "fecha_ingr": null, "long": 0.13, "longitud_m": 128.79718068456989 }, "geometry": { "type": "LineString", "coordinates": [ [ -58.391878429433518, -34.610339553516305 ], [ -58.391797967213698, -34.611498676933969 ] ] } },
{ "type": "Feature", "properties": { "TELECOM": null, "nomoficial": "MONTEVIDEO", "COM_PAR": "1", "id_street": "11078", "alt_derfin": "199", "ZONA": "5", "alt_derini": "101", "TELEFONICA": null, "alt_izqfin": "200", "BARRIO": "SAN NICOLAS", "COMUNA": "1", "alt_izqini": "102", "codigo": "13118", "BARRIO_PAR": "SAN NICOLAS", "id": "11078", "TELECENTRO": null, "EMPRESA": "TELCOS - NO SE IDENTIFICA", "fecha_ingr": null, "long": 0.13, "longitud_m": 131.60028932295677 }, "geometry": { "type": "LineString", "coordinates": [ [ -58.38927081602548, -34.607815077118772 ], [ -58.389310876965261, -34.606629239672586 ] ] } },
{ "type": "Feature", "properties": { "TELECOM": "TELECOM", "nomoficial": "CALLAO AV.", "COM_PAR": "3", "id_street": "11110", "alt_derfin": "199", "ZONA": "5", "alt_derini": "101", "TELEFONICA": null, "alt_izqfin": "200", "BARRIO": "BALVANERA", "COMUNA": "3", "alt_izqini": "102", "codigo": "3030", "BARRIO_PAR": "BALVANERA", "id": "11110", "TELECENTRO": "TELECENTRO", "EMPRESA": "TELECOM/TELECENTRO", "fecha_ingr": null, "long": 0.13, "longitud_m": 133.07799148276624 }, "geometry": { "type": "LineString", "coordinates": [ [ -58.392036822337147, -34.607985670074129 ], [ -58.392115437039905, -34.606787811802747 ] ] } },
{ "type": "Feature", "properties": { "TELECOM": "TELECOM", "nomoficial": "COMBATE DE LOS POZOS", "COM_PAR": "3", "id_street": "11752", "alt_derfin": "99", "ZONA": "5", "alt_derini": "1", "TELEFONICA": null, "alt_izqfin": "100", "BARRIO": "BALVANERA", "COMUNA": "3", "alt_izqini": "2", "codigo": "3150", "BARRIO_PAR": "BALVANERA", "id": "11752", "TELECENTRO": "TELECENTRO", "EMPRESA": "TELECOM/TELECENTRO", "fecha_ingr": null, "long": 0.13, "longitud_m": 128.26834889262014 }, "geometry": { "type": "LineString", "coordinates": [ [ -58.393376446176653, -34.609275829244908 ], [ -58.393341918021818, -34.610431740734818 ] ] } },
{ "type": "Feature", "properties": { "TELECOM": null, "nomoficial": "SAENZ PEÑA, LUIS, PRES.", "COM_PAR": "1", "id_street": "11959", "alt_derfin": "199", "ZONA": "5", "alt_derini": "101", "TELEFONICA": null, "alt_izqfin": "200", "BARRIO": "MONSERRAT", "COMUNA": "1", "alt_izqini": "102", "codigo": "20003", "BARRIO_PAR": "MONSERRAT", "id": "11959", "TELECENTRO": "TELECENTRO", "EMPRESA": "TELECENTRO", "fecha_ingr": null, "long": 0.13, "longitud_m": 127.89778273916815 }, "geometry": { "type": "LineString", "coordinates": [ [ -58.387563563845184, -34.610029411905828 ], [ -58.387482027283497, -34.611180362705994 ] ] } },
{ "type": "Feature", "properties": { "TELECOM": "TELECOM", "nomoficial": "ALSINA, ADOLFO", "COM_PAR": "1", "id_street": "12002", "alt_derfin": "1599", "ZONA": "5", "alt_derini": "1501", "TELEFONICA": null, "alt_izqfin": "1600", "BARRIO": "MONSERRAT", "COMUNA": "1", "alt_izqini": "1502", "codigo": "1046", "BARRIO_PAR": "MONSERRAT", "id": "12002", "TELECENTRO": "TELECENTRO", "EMPRESA": "TELECOM/TELECENTRO", "fecha_ingr": null, "long": 0.13, "longitud_m": 134.49693792279587 }, "geometry": { "type": "LineString", "coordinates": [ [ -58.387482027283497, -34.611180362705994 ], [ -58.388942873276896, -34.611285981505496 ] ] } },
{ "type": "Feature", "properties": { "TELECOM": "TELECOM", "nomoficial": "ALSINA, ADOLFO", "COM_PAR": "1", "id_street": "12029", "alt_derfin": "1699", "ZONA": "5", "alt_derini": "1601", "TELEFONICA": null, "alt_izqfin": "1700", "BARRIO": "MONSERRAT", "COMUNA": "1", "alt_izqini": "1602", "codigo": "1046", "BARRIO_PAR": "MONSERRAT", "id": "12029", "TELECENTRO": "TELECENTRO", "EMPRESA": "TELECOM/TELECENTRO", "fecha_ingr": null, "long": 0.13, "longitud_m": 131.15642779189091 }, "geometry": { "type": "LineString", "coordinates": [ [ -58.388942873276896, -34.611285981505496 ], [ -58.390367440196776, -34.611388955462942 ] ] } },
{ "type": "Feature", "properties": { "TELECOM": "TELECOM", "nomoficial": "SOLIS", "COM_PAR": "1", "id_street": "12030", "alt_derfin": "199", "ZONA": "5", "alt_derini": "101", "TELEFONICA": null, "alt_izqfin": "200", "BARRIO": "MONSERRAT", "COMUNA": "1", "alt_izqini": "102", "codigo": "20106", "BARRIO_PAR": "MONSERRAT", "id": "12030", "TELECENTRO": "TELECENTRO", "EMPRESA": "TELECOM/TELECENTRO", "fecha_ingr": null, "long": 0.13, "longitud_m": 134.5428009409998 }, "geometry": { "type": "LineString", "coordinates": [ [ -58.390420627204904, -34.610176928648784 ], [ -58.390367440196776, -34.611388955462942 ] ] } },
{ "type": "Feature", "properties": { "TELECOM": "TELECOM", "nomoficial": "ALSINA, ADOLFO", "COM_PAR": "3", "id_street": "12088", "alt_derfin": "1899", "ZONA": "5", "alt_derini": "1801", "TELEFONICA": null, "alt_izqfin": "1900", "BARRIO": "BALVANERA", "COMUNA": "3", "alt_izqini": "1802", "codigo": "1046", "BARRIO_PAR": "BALVANERA", "id": "12088", "TELECENTRO": "TELECENTRO", "EMPRESA": "TELECOM/TELECENTRO", "fecha_ingr": null, "long": 0.14, "longitud_m": 138.8780086890342 }, "geometry": { "type": "LineString", "coordinates": [ [ -58.391797967213698, -34.611498676933969 ], [ -58.393306950587657, -34.611602440672243 ] ] } },
{ "type": "Feature", "properties": { "TELECOM": "TELECOM", "nomoficial": "COMBATE DE LOS POZOS", "COM_PAR": "3", "id_street": "12089", "alt_derfin": "199", "ZONA": "5", "alt_derini": "101", "TELEFONICA": null, "alt_izqfin": "200", "BARRIO": "BALVANERA", "COMUNA": "3", "alt_izqini": "102", "codigo": "3150", "BARRIO_PAR": "BALVANERA", "id": "12089", "TELECENTRO": "TELECENTRO", "EMPRESA": "TELECOM/TELECENTRO", "fecha_ingr": null, "long": 0.13, "longitud_m": 129.90940073937784 }, "geometry": { "type": "LineString", "coordinates": [ [ -58.393341918021818, -34.610431740734818 ], [ -58.393306950587657, -34.611602440672243 ] ] } },
{ "type": "Feature", "properties": { "TELECOM": null, "nomoficial": "JUNCAL", "COM_PAR": "1", "id_street": "7494", "alt_derfin": "1199", "ZONA": "1", "alt_derini": "1101", "TELEFONICA": null, "alt_izqfin": "1200", "BARRIO": "RETIRO", "COMUNA": "1", "alt_izqini": "1102", "codigo": "10014", "BARRIO_PAR": "RETIRO", "id": "7494", "TELECENTRO": null, "EMPRESA": "TELCOS - NO SE IDENTIFICA", "fecha_ingr": null, "long": 0.15, "longitud_m": 147.38806701956332 }, "geometry": { "type": "LineString", "coordinates": [ [ -58.382840250853441, -34.592833384668857 ], [ -58.384446837338579, -34.592824996590181 ] ] } },
{ "type": "Feature", "properties": { "TELECOM": null, "nomoficial": "ALSINA, ADOLFO", "COM_PAR": "1", "id_street": "11958", "alt_derfin": "1499", "ZONA": "5", "alt_derini": "1401", "TELEFONICA": null, "alt_izqfin": "1500", "BARRIO": "MONSERRAT", "COMUNA": "1", "alt_izqini": "1402", "codigo": "1046", "BARRIO_PAR": "MONSERRAT", "id": "11958", "TELECENTRO": null, "EMPRESA": "TELCOS - NO SE IDENTIFICA", "fecha_ingr": null, "long": 0.12, "longitud_m": 121.86861637308178 }, "geometry": { "type": "LineString", "coordinates": [ [ -58.386157965049186, -34.611088334287537 ], [ -58.387482027283497, -34.611180362705994 ] ] } },
{ "type": "Feature", "properties": { "TELECOM": null, "nomoficial": "LIBERTAD", "COM_PAR": "1", "id_street": "7555", "alt_derfin": "1299", "ZONA": "1", "alt_derini": "1201", "TELEFONICA": null, "alt_izqfin": "1300", "BARRIO": "RETIRO", "COMUNA": "1", "alt_izqini": "1202", "codigo": "12106", "BARRIO_PAR": "RETIRO", "id": "7555", "TELECENTRO": null, "EMPRESA": "TELCOS - NO SE IDENTIFICA", "fecha_ingr": null, "long": 0.18, "longitud_m": 178.35274755025475 }, "geometry": { "type": "LineString", "coordinates": [ [ -58.384417302263294, -34.594431341654335 ], [ -58.384470416637456, -34.593105298103175 ], [ -58.384446837338579, -34.592824996590181 ] ] } },
{ "type": "Feature", "properties": { "TELECOM": null, "nomoficial": "QUINTANA, MANUEL, PRES.", "COM_PAR": "1", "id_street": "7206", "alt_derfin": "199", "ZONA": "1", "alt_derini": "101", "TELEFONICA": null, "alt_izqfin": "200", "BARRIO": "RETIRO", "COMUNA": "1", "alt_izqini": "102", "codigo": "18012", "BARRIO_PAR": "RETIRO", "id": "7206", "TELECENTRO": null, "EMPRESA": "TELCOS - NO SE IDENTIFICA", "fecha_ingr": null, "long": 0.12, "longitud_m": 115.24013688473543 }, "geometry": { "type": "LineString", "coordinates": [ [ -58.386012242054335, -34.591491750667608 ], [ -58.386084422033328, -34.591434612309932 ], [ -58.386921086859736, -34.590774634840159 ] ] } },
{ "type": "Feature", "properties": { "TELECOM": null, "nomoficial": "QUINTANA, MANUEL, PRES.", "COM_PAR": "1", "id_street": "7449", "alt_derfin": "99", "ZONA": "1", "alt_derini": "1", "TELEFONICA": null, "alt_izqfin": "100", "BARRIO": "RETIRO", "COMUNA": "1", "alt_izqini": "2", "codigo": "18012", "BARRIO_PAR": "RETIRO", "id": "7449", "TELECENTRO": null, "EMPRESA": "TELCOS - NO SE IDENTIFICA", "fecha_ingr": null, "long": 0.2, "longitud_m": 199.76716604409572 }, "geometry": { "type": "LineString", "coordinates": [ [ -58.384439426477449, -34.592737173459447 ], [ -58.386012242054335, -34.591491750667608 ] ] } },
{ "type": "Feature", "properties": { "TELECOM": "TELECOM", "nomoficial": "MITRE, BARTOLOME", "COM_PAR": "3", "id_street": "11129", "alt_derfin": "1899", "ZONA": "5", "alt_derini": "1801", "TELEFONICA": null, "alt_izqfin": "1900", "BARRIO": "BALVANERA", "COMUNA": "3", "alt_izqini": "1802", "codigo": null, "BARRIO_PAR": "BALVANERA", "id": "11129", "TELECENTRO": "TELECENTRO", "EMPRESA": "TELECOM/TELECENTRO", "fecha_ingr": null, "long": 0.13, "longitud_m": 131.23280592822303 }, "geometry": { "type": "LineString", "coordinates": [ [ -58.392036822337147, -34.607985670074129 ], [ -58.393464939867357, -34.608057764458863 ] ] } },
{ "type": "Feature", "properties": { "TELECOM": "TELECOM", "nomoficial": "RODRIGUEZ PEÑA", "COM_PAR": "2", "id_street": "8687", "alt_derfin": "999", "ZONA": "1", "alt_derini": "901", "TELEFONICA": null, "alt_izqfin": "1000", "BARRIO": "RECOLETA", "COMUNA": "2", "alt_izqini": "902", "codigo": null, "BARRIO_PAR": "RECOLETA", "id": "8687", "TELECENTRO": "TELECENTRO", "EMPRESA": "TELECOM/TELECENTRO", "fecha_ingr": null, "long": 0.16, "longitud_m": 155.94953190738855 }, "geometry": { "type": "LineString", "coordinates": [ [ -58.391658352477961, -34.598618620336943 ], [ -58.391809694966831, -34.597218405540808 ] ] } },
{ "type": "Feature", "properties": { "TELECOM": "TELECOM", "nomoficial": "RODRIGUEZ PEÑA", "COM_PAR": "2", "id_street": "8812", "alt_derfin": "899", "ZONA": "1", "alt_derini": "851", "TELEFONICA": null, "alt_izqfin": "900", "BARRIO": "RECOLETA", "COMUNA": "2", "alt_izqini": "852", "codigo": null, "BARRIO_PAR": "RECOLETA", "id": "8812", "TELECENTRO": "TELECENTRO", "EMPRESA": "TELECOM/TELECENTRO", "fecha_ingr": null, "long": 0.05, "longitud_m": 54.838057819616765 }, "geometry": { "type": "LineString", "coordinates": [ [ -58.391605128191202, -34.599110991054673 ], [ -58.391658352477961, -34.598618620336943 ] ] } },
{ "type": "Feature", "properties": { "TELECOM": "TELECOM", "nomoficial": "RODRIGUEZ PEÑA", "COM_PAR": "2", "id_street": "8916", "alt_derfin": "849", "ZONA": "1", "alt_derini": "801", "TELEFONICA": null, "alt_izqfin": "850", "BARRIO": "RECOLETA", "COMUNA": "2", "alt_izqini": "802", "codigo": null, "BARRIO_PAR": "RECOLETA", "id": "8916", "TELECENTRO": "TELECENTRO", "EMPRESA": "TELECOM/TELECENTRO", "fecha_ingr": null, "long": 0.05, "longitud_m": 50.413940225709638 }, "geometry": { "type": "LineString", "coordinates": [ [ -58.391556280798831, -34.599563645363169 ], [ -58.391605128191202, -34.599110991054673 ] ] } },
{ "type": "Feature", "properties": { "TELECOM": "TELECOM", "nomoficial": "ALVEAR, MARCELO T. De", "COM_PAR": "2", "id_street": "8366", "alt_derfin": "1699", "ZONA": "1", "alt_derini": "1681", "TELEFONICA": null, "alt_izqfin": "1700", "BARRIO": "RECOLETA", "COMUNA": "2", "alt_izqini": "1682", "codigo": null, "BARRIO_PAR": "RECOLETA", "id": "8366", "TELECENTRO": "TELECENTRO", "EMPRESA": "TELECOM/TELECENTRO", "fecha_ingr": null, "long": 0.04, "longitud_m": 42.479589774456933 }, "geometry": { "type": "LineString", "coordinates": [ [ -58.391346675310771, -34.597212358657231 ], [ -58.391809694966831, -34.597218405540808 ] ] } },
{ "type": "Feature", "properties": { "TELECOM": "TELECOM", "nomoficial": "MONTEVIDEO", "COM_PAR": "2", "id_street": "8359", "alt_derfin": "1099", "ZONA": "1", "alt_derini": "1001", "TELEFONICA": null, "alt_izqfin": "1100", "BARRIO": "RECOLETA", "COMUNA": "2", "alt_izqini": "1002", "codigo": null, "BARRIO_PAR": "RECOLETA", "id": "8359", "TELECENTRO": "TELECENTRO", "EMPRESA": "TELECOM/TELECENTRO", "fecha_ingr": null, "long": 0.16, "longitud_m": 155.43655354174797 }, "geometry": { "type": "LineString", "coordinates": [ [ -58.389786355598382, -34.597195090341359 ], [ -58.389812039207079, -34.597041723116845 ], [ -58.389952454407101, -34.595800802015255 ] ] } },
{ "type": "Feature", "properties": { "TELECOM": "TELECOM", "nomoficial": "RODRIGUEZ PEÑA", "COM_PAR": "2", "id_street": "8367", "alt_derfin": "1099", "ZONA": "1", "alt_derini": "1001", "TELEFONICA": null, "alt_izqfin": "1100", "BARRIO": "RECOLETA", "COMUNA": "2", "alt_izqini": "1002", "codigo": null, "BARRIO_PAR": "RECOLETA", "id": "8367", "TELECENTRO": "TELECENTRO", "EMPRESA": "TELECOM/TELECENTRO", "fecha_ingr": null, "long": 0.15, "longitud_m": 153.71447296800122 }, "geometry": { "type": "LineString", "coordinates": [ [ -58.391809694966831, -34.597218405540808 ], [ -58.391958886166925, -34.595838259715663 ] ] } },
{ "type": "Feature", "properties": { "TELECOM": "TELECOM", "nomoficial": "RODRIGUEZ PEÑA", "COM_PAR": "1", "id_street": "9232", "alt_derfin": "799", "ZONA": "1", "alt_derini": "701", "TELEFONICA": null, "alt_izqfin": "800", "BARRIO": "SAN NICOLAS", "COMUNA": "1", "alt_izqini": "702", "codigo": null, "BARRIO_PAR": "SAN NICOLAS", "id": "9232", "TELECENTRO": "TELECENTRO", "EMPRESA": "TELECOM/TELECENTRO", "fecha_ingr": null, "long": 0.13, "longitud_m": 132.81316824946325 }, "geometry": { "type": "LineString", "coordinates": [ [ -58.391427336920664, -34.600756122871708 ], [ -58.391556280798831, -34.599563645363169 ] ] } },
{ "type": "Feature", "properties": { "TELECOM": "TELECOM", "nomoficial": "RODRIGUEZ PEÑA", "COM_PAR": "1", "id_street": "9557", "alt_derfin": "699", "ZONA": "1", "alt_derini": "601", "TELEFONICA": null, "alt_izqfin": "700", "BARRIO": "SAN NICOLAS", "COMUNA": "1", "alt_izqini": "602", "codigo": null, "BARRIO_PAR": "SAN NICOLAS", "id": "9557", "TELECENTRO": "TELECENTRO", "EMPRESA": "TELECOM/TELECENTRO", "fecha_ingr": null, "long": 0.13, "longitud_m": 128.82827991299476 }, "geometry": { "type": "LineString", "coordinates": [ [ -58.39130233786311, -34.601912827152105 ], [ -58.391427336920664, -34.600756122871708 ] ] } },
{ "type": "Feature", "properties": { "TELECOM": null, "nomoficial": "RODRIGUEZ PEÑA", "COM_PAR": "2", "id_street": "7076", "alt_derfin": "1799", "ZONA": "1", "alt_derini": "1701", "TELEFONICA": null, "alt_izqfin": "1800", "BARRIO": "RECOLETA", "COMUNA": "2", "alt_izqini": "1702", "codigo": null, "BARRIO_PAR": "RECOLETA", "id": "7076", "TELECENTRO": null, "EMPRESA": "TELCOS - NO SE IDENTIFICA", "fecha_ingr": null, "long": 0.13, "longitud_m": 133.83963589866249 }, "geometry": { "type": "LineString", "coordinates": [ [ -58.38893980014079, -34.590844544724192 ], [ -58.387930900409145, -34.589973066078443 ] ] } },
{ "type": "Feature", "properties": { "TELECOM": "TELECOM", "nomoficial": "PINZON", "COM_PAR": "4", "id_street": "19179", "alt_derfin": "1499", "ZONA": "6", "alt_derini": "1401", "TELEFONICA": null, "alt_izqfin": "1500", "BARRIO": "BARRACAS", "COMUNA": "4", "alt_izqini": "1402", "codigo": null, "BARRIO_PAR": "BARRACAS", "id": "19179", "TELECENTRO": "TELECENTRO", "EMPRESA": "TELECOM/TELECENTRO", "fecha_ingr": null, "long": 0.09, "longitud_m": 91.407370522651647 }, "geometry": { "type": "LineString", "coordinates": [ [ -58.371712790234888, -34.63676222346173 ], [ -58.372696388990633, -34.636896480459569 ] ] } },
{ "type": "Feature", "properties": { "TELECOM": "TELECOM", "nomoficial": "PINZON", "COM_PAR": "4", "id_street": "19150", "alt_derfin": "1399", "ZONA": "6", "alt_derini": "1301", "TELEFONICA": null, "alt_izqfin": "1400", "BARRIO": "BARRACAS", "COMUNA": "4", "alt_izqini": "1302", "codigo": null, "BARRIO_PAR": "BARRACAS", "id": "19150", "TELECENTRO": "TELECENTRO", "EMPRESA": "TELECOM/TELECENTRO", "fecha_ingr": null, "long": 0.09, "longitud_m": 85.803652931139254 }, "geometry": { "type": "LineString", "coordinates": [ [ -58.370789851377324, -34.636634413066162 ], [ -58.371712790234888, -34.63676222346173 ] ] } },
{ "type": "Feature", "properties": { "TELECOM": "TELECOM", "nomoficial": "PINZON", "COM_PAR": "4", "id_street": "19222", "alt_derfin": "1599", "ZONA": "6", "alt_derini": "1501", "TELEFONICA": null, "alt_izqfin": "1600", "BARRIO": "BARRACAS", "COMUNA": "4", "alt_izqini": "1502", "codigo": null, "BARRIO_PAR": "BARRACAS", "id": "19222", "TELECENTRO": "TELECENTRO", "EMPRESA": "TELECOM/TELECENTRO", "fecha_ingr": null, "long": 0.09, "longitud_m": 92.239595553463587 }, "geometry": { "type": "LineString", "coordinates": [ [ -58.372696388990633, -34.636896480459569 ], [ -58.373688935824667, -34.637032003716442 ] ] } },
{ "type": "Feature", "properties": { "TELECOM": "TELECOM", "nomoficial": "PINZON", "COM_PAR": "4", "id_street": "19277", "alt_derfin": "1699", "ZONA": "6", "alt_derini": "1601", "TELEFONICA": null, "alt_izqfin": "1700", "BARRIO": "BARRACAS", "COMUNA": "4", "alt_izqini": "1602", "codigo": null, "BARRIO_PAR": "BARRACAS", "id": "19277", "TELECENTRO": "TELECENTRO", "EMPRESA": "TELECOM/TELECENTRO", "fecha_ingr": null, "long": 0.11, "longitud_m": 108.72124723795577 }, "geometry": { "type": "LineString", "coordinates": [ [ -58.373688935824667, -34.637032003716442 ], [ -58.374858852152308, -34.637191661945444 ] ] } },
{ "type": "Feature", "properties": { "TELECOM": "TELECOM", "nomoficial": "ISABEL LA CATOLICA", "COM_PAR": "4", "id_street": "19223", "alt_derfin": "499", "ZONA": "6", "alt_derini": "401", "TELEFONICA": null, "alt_izqfin": "500", "BARRIO": "BARRACAS", "COMUNA": "4", "alt_izqini": "402", "codigo": null, "BARRIO_PAR": "BARRACAS", "id": "19223", "TELECENTRO": "TELECENTRO", "EMPRESA": "TELECOM/TELECENTRO", "fecha_ingr": null, "long": 0.1, "longitud_m": 103.493953390775 }, "geometry": { "type": "LineString", "coordinates": [ [ -58.373870979329077, -34.636111283899709 ], [ -58.373688935824667, -34.637032003716442 ] ] } },
{ "type": "Feature", "properties": { "TELECOM": "TELECOM", "nomoficial": "ISABEL LA CATOLICA", "COM_PAR": "4", "id_street": "19656", "alt_derfin": "699", "ZONA": "6", "alt_derini": "601", "TELEFONICA": null, "alt_izqfin": "700", "BARRIO": "BARRACAS", "COMUNA": "4", "alt_izqini": "602", "codigo": null, "BARRIO_PAR": "BARRACAS", "id": "19656", "TELECENTRO": "TELECENTRO", "EMPRESA": "TELECOM/TELECENTRO", "fecha_ingr": null, "long": 0.09, "longitud_m": 87.661749335252935 }, "geometry": { "type": "LineString", "coordinates": [ [ -58.373549209883834, -34.637738174898686 ], [ -58.373381627576734, -34.63851615691749 ] ] } },
{ "type": "Feature", "properties": { "TELECOM": "TELECOM", "nomoficial": "JOVELLANOS, GASPAR M. de", "COM_PAR": "4", "id_street": "19180", "alt_derfin": "599", "ZONA": "6", "alt_derini": "501", "TELEFONICA": "TELEFONICA", "alt_izqfin": "600", "BARRIO": "BARRACAS", "COMUNA": "4", "alt_izqini": "502", "codigo": null, "BARRIO_PAR": "BARRACAS", "id": "19180", "TELECENTRO": "TELECENTRO", "EMPRESA": "TELECOM/TELECENTRO/TELEFONICA", "fecha_ingr": null, "long": 0.1, "longitud_m": 103.87590207362051 }, "geometry": { "type": "LineString", "coordinates": [ [ -58.372884921289213, -34.635973161265255 ], [ -58.372696388990633, -34.636896480459569 ] ] } },
{ "type": "Feature", "properties": { "TELECOM": "TELECOM", "nomoficial": "BRANDSEN", "COM_PAR": "4", "id_street": "19375", "alt_derfin": "1399", "ZONA": "6", "alt_derini": "1301", "TELEFONICA": null, "alt_izqfin": "1400", "BARRIO": "BARRACAS", "COMUNA": "4", "alt_izqini": "1302", "codigo": null, "BARRIO_PAR": "BARRACAS", "id": "19375", "TELECENTRO": "TELECENTRO", "EMPRESA": "TELECOM/TELECENTRO", "fecha_ingr": null, "long": 0.08, "longitud_m": 83.324157937482951 }, "geometry": { "type": "LineString", "coordinates": [ [ -58.370646385750447, -34.637464029917652 ], [ -58.371549272429434, -34.637549361138767 ] ] } },
{ "type": "Feature", "properties": { "TELECOM": "TELECOM", "nomoficial": "BRANDSEN", "COM_PAR": "4", "id_street": "19420", "alt_derfin": "1599", "ZONA": "6", "alt_derini": "1401", "TELEFONICA": null, "alt_izqfin": "1600", "BARRIO": "BARRACAS", "COMUNA": "4", "alt_izqini": "1402", "codigo": null, "BARRIO_PAR": "BARRACAS", "id": "19420", "TELECENTRO": "TELECENTRO", "EMPRESA": "TELECOM/TELECENTRO", "fecha_ingr": null, "long": 0.18, "longitud_m": 184.56421427925335 }, "geometry": { "type": "LineString", "coordinates": [ [ -58.371549272429434, -34.637549361138767 ], [ -58.373549209883834, -34.637738174898686 ] ] } },
{ "type": "Feature", "properties": { "TELECOM": "TELECOM", "nomoficial": "BRANDSEN", "COM_PAR": "4", "id_street": "19447", "alt_derfin": "1699", "ZONA": "6", "alt_derini": "1601", "TELEFONICA": null, "alt_izqfin": "1700", "BARRIO": "BARRACAS", "COMUNA": "4", "alt_izqini": "1602", "codigo": null, "BARRIO_PAR": "BARRACAS", "id": "19447", "TELECENTRO": "TELECENTRO", "EMPRESA": "TELECOM/TELECENTRO", "fecha_ingr": null, "long": 0.11, "longitud_m": 109.18294487340607 }, "geometry": { "type": "LineString", "coordinates": [ [ -58.373549209883834, -34.637738174898686 ], [ -58.374732823330497, -34.637846153804958 ] ] } },
{ "type": "Feature", "properties": { "TELECOM": "TELECOM", "nomoficial": "AZARA", "COM_PAR": "4", "id_street": "19376", "alt_derfin": "599", "ZONA": "6", "alt_derini": "501", "TELEFONICA": null, "alt_izqfin": "600", "BARRIO": "BARRACAS", "COMUNA": "4", "alt_izqini": "502", "codigo": null, "BARRIO_PAR": "BARRACAS", "id": "19376", "TELECENTRO": "TELECENTRO", "EMPRESA": "TELECOM/TELECENTRO", "fecha_ingr": null, "long": 0.09, "longitud_m": 88.598069506114541 }, "geometry": { "type": "LineString", "coordinates": [ [ -58.371712790234888, -34.63676222346173 ], [ -58.371549272429434, -34.637549361138767 ] ] } },
{ "type": "Feature", "properties": { "TELECOM": "TELECOM", "nomoficial": "AZARA", "COM_PAR": "4", "id_street": "19559", "alt_derfin": "699", "ZONA": "6", "alt_derini": "601", "TELEFONICA": null, "alt_izqfin": "700", "BARRIO": "BARRACAS", "COMUNA": "4", "alt_izqini": "602", "codigo": null, "BARRIO_PAR": "BARRACAS", "id": "19559", "TELECENTRO": "TELECENTRO", "EMPRESA": "TELECOM/TELECENTRO", "fecha_ingr": null, "long": 0.08, "longitud_m": 79.583975195997795 }, "geometry": { "type": "LineString", "coordinates": [ [ -58.371549272429434, -34.637549361138767 ], [ -58.371404584348298, -34.638256723248581 ] ] } },
{ "type": "Feature", "properties": { "TELECOM": "TELECOM", "nomoficial": "AZARA", "COM_PAR": "4", "id_street": "19151", "alt_derfin": "499", "ZONA": "6", "alt_derini": "401", "TELEFONICA": "TELEFONICA", "alt_izqfin": "500", "BARRIO": "BARRACAS", "COMUNA": "4", "alt_izqini": "402", "codigo": null, "BARRIO_PAR": "BARRACAS", "id": "19151", "TELECENTRO": "TELECENTRO", "EMPRESA": "TELECOM/TELECENTRO/TELEFONICA", "fecha_ingr": null, "long": 0.1, "longitud_m": 104.69269891309762 }, "geometry": { "type": "LineString", "coordinates": [ [ -58.371902363570307, -34.635831582545372 ], [ -58.371712790234888, -34.63676222346173 ] ] } },
{ "type": "Feature", "properties": { "TELECOM": null, "nomoficial": "CERRITO", "COM_PAR": "1", "id_street": "8803", "alt_derfin": "899", "ZONA": "3", "alt_derini": "801", "TELEFONICA": null, "alt_izqfin": "900", "BARRIO": "RETIRO", "COMUNA": "1", "alt_izqini": "802", "codigo": null, "BARRIO_PAR": "RETIRO", "id": "8803", "TELECENTRO": "TELECENTRO", "EMPRESA": "TELECENTRO", "fecha_ingr": null, "long": 0.13, "longitud_m": 126.74720232906958 }, "geometry": { "type": "LineString", "coordinates": [ [ -58.382524648358263, -34.599089543017108 ], [ -58.382597715234901, -34.597948587829912 ] ] } },
{ "type": "Feature", "properties": { "TELECOM": "TELECOM", "nomoficial": "MONTES DE OCA, MANUEL AV.", "COM_PAR": "4", "id_street": "19278", "alt_derfin": "805", "ZONA": "6", "alt_derini": "701", "TELEFONICA": null, "alt_izqfin": "800", "BARRIO": "BARRACAS", "COMUNA": "4", "alt_izqini": "702", "codigo": null, "BARRIO_PAR": "BARRACAS", "id": "19278", "TELECENTRO": null, "EMPRESA": "TELECOM", "fecha_ingr": null, "long": 0.1, "longitud_m": 104.06802033369183 }, "geometry": { "type": "LineString", "coordinates": [ [ -58.375037395860552, -34.636265233586336 ], [ -58.374858852152308, -34.637191661945444 ] ] } },
{ "type": "Feature", "properties": { "TELECOM": "TELECOM", "nomoficial": "MONTES DE OCA, MANUEL AV.", "COM_PAR": "4", "id_street": "19694", "alt_derfin": "899", "ZONA": "6", "alt_derini": "851", "TELEFONICA": null, "alt_izqfin": "900", "BARRIO": "BARRACAS", "COMUNA": "4", "alt_izqini": "802", "codigo": null, "BARRIO_PAR": "BARRACAS", "id": "19694", "TELECENTRO": null, "EMPRESA": "TELECOM", "fecha_ingr": null, "long": 0.09, "longitud_m": 92.823203202662185 }, "geometry": { "type": "LineString", "coordinates": [ [ -58.374732823330497, -34.637846153804958 ], [ -58.374583943877397, -34.638673799373144 ] ] } },
{ "type": "Feature", "properties": { "TELECOM": "TELECOM", "nomoficial": "MONTES DE OCA, MANUEL AV.", "COM_PAR": "4", "id_street": "19448", "alt_derfin": "849", "ZONA": "6", "alt_derini": "807", "TELEFONICA": null, "alt_izqfin": "0", "BARRIO": "BARRACAS", "COMUNA": "4", "alt_izqini": "0", "codigo": null, "BARRIO_PAR": "BARRACAS", "id": "19448", "TELECENTRO": null, "EMPRESA": "TELECOM", "fecha_ingr": null, "long": 0.07, "longitud_m": 73.519167146561273 }, "geometry": { "type": "LineString", "coordinates": [ [ -58.374858852152308, -34.637191661945444 ], [ -58.374732823330497, -34.637846153804958 ] ] } },
{ "type": "Feature", "properties": { "TELECOM": "TELECOM", "nomoficial": "ISABEL LA CATOLICA", "COM_PAR": "4", "id_street": "19421", "alt_derfin": "599", "ZONA": "6", "alt_derini": "501", "TELEFONICA": null, "alt_izqfin": "600", "BARRIO": "BARRACAS", "COMUNA": "4", "alt_izqini": "502", "codigo": null, "BARRIO_PAR": "BARRACAS", "id": "19421", "TELECENTRO": "TELECENTRO", "EMPRESA": "TELECOM/TELECENTRO", "fecha_ingr": null, "long": 0.08, "longitud_m": 79.379020566624291 }, "geometry": { "type": "LineString", "coordinates": [ [ -58.373688935824667, -34.637032003716442 ], [ -58.373549209883834, -34.637738174898686 ] ] } },
{ "type": "Feature", "properties": { "TELECOM": "TELECOM", "nomoficial": "SAN JOSE", "COM_PAR": "1", "id_street": "12279", "alt_derfin": "299", "ZONA": "5", "alt_derini": "201", "TELEFONICA": null, "alt_izqfin": "300", "BARRIO": "MONSERRAT", "COMUNA": "1", "alt_izqini": "202", "codigo": null, "BARRIO_PAR": "MONSERRAT", "id": "12279", "TELECENTRO": "TELECENTRO", "EMPRESA": "TELECOM/TELECENTRO", "fecha_ingr": null, "long": 0.13, "longitud_m": 132.1767880844809 }, "geometry": { "type": "LineString", "coordinates": [ [ -58.386157965049186, -34.611088334287537 ], [ -58.386159162725491, -34.612279829766145 ] ] } },
{ "type": "Feature", "properties": { "TELECOM": null, "nomoficial": "ZAPIOLA", "COM_PAR": "13", "id_street": "2874", "alt_derfin": "1999", "ZONA": "11", "alt_derini": "1901", "TELEFONICA": null, "alt_izqfin": "2000", "BARRIO": "BELGRANO", "COMUNA": "13", "alt_izqini": "1902", "codigo": null, "BARRIO_PAR": "BELGRANO", "id": "2874", "TELECENTRO": null, "EMPRESA": "TELCOS - NO SE IDENTIFICA", "fecha_ingr": null, "long": 0.13, "longitud_m": 129.98924585556912 }, "geometry": { "type": "LineString", "coordinates": [ [ -58.461727356891195, -34.567871049520789 ], [ -58.462551272198425, -34.566917868393361 ] ] } },
{ "type": "Feature", "properties": { "TELECOM": null, "nomoficial": "ZAPIOLA", "COM_PAR": "13", "id_street": "2745", "alt_derfin": "2099", "ZONA": "11", "alt_derini": "2001", "TELEFONICA": null, "alt_izqfin": "2100", "BARRIO": "BELGRANO", "COMUNA": "13", "alt_izqini": "2002", "codigo": null, "BARRIO_PAR": "BELGRANO", "id": "2745", "TELECENTRO": null, "EMPRESA": "TELCOS - NO SE IDENTIFICA", "fecha_ingr": null, "long": 0.13, "longitud_m": 127.45730289223609 }, "geometry": { "type": "LineString", "coordinates": [ [ -58.462551272198425, -34.566917868393361 ], [ -58.46335916428059, -34.565983273506774 ] ] } },
{ "type": "Feature", "properties": { "TELECOM": null, "nomoficial": "SUCRE, ANTONIO JOSE de, Mcal.", "COM_PAR": "13", "id_street": "2873", "alt_derfin": "3099", "ZONA": "11", "alt_derini": "3001", "TELEFONICA": null, "alt_izqfin": "3100", "BARRIO": "BELGRANO", "COMUNA": "13", "alt_izqini": "3002", "codigo": null, "BARRIO_PAR": "BELGRANO", "id": "2873", "TELECENTRO": null, "EMPRESA": "TELCOS - NO SE IDENTIFICA", "fecha_ingr": null, "long": 0.12, "longitud_m": 116.96282298017813 }, "geometry": { "type": "LineString", "coordinates": [ [ -58.460690809743745, -34.567257497817536 ], [ -58.461727356891195, -34.567871049520789 ] ] } },
{ "type": "Feature", "properties": { "TELECOM": null, "nomoficial": "SUCRE, ANTONIO JOSE de, Mcal.", "COM_PAR": "13", "id_street": "3052", "alt_derfin": "3299", "ZONA": "11", "alt_derini": "3201", "TELEFONICA": null, "alt_izqfin": "3300", "BARRIO": "BELGRANO", "COMUNA": "13", "alt_izqini": "3202", "codigo": null, "BARRIO_PAR": "BELGRANO", "id": "3052", "TELECENTRO": null, "EMPRESA": "TELCOS - NO SE IDENTIFICA", "fecha_ingr": null, "long": 0.13, "longitud_m": 125.63848847236267 }, "geometry": { "type": "LineString", "coordinates": [ [ -58.46276460033728, -34.56848276133978 ], [ -58.46387984127378, -34.569139746563096 ] ] } },
{ "type": "Feature", "properties": { "TELECOM": null, "nomoficial": "OLAZABAL AV.", "COM_PAR": "13", "id_street": "2748", "alt_derfin": "3499", "ZONA": "11", "alt_derini": "3401", "TELEFONICA": null, "alt_izqfin": "3500", "BARRIO": "BELGRANO", "COMUNA": "13", "alt_izqini": "3402", "codigo": null, "BARRIO_PAR": "BELGRANO", "id": "2748", "TELECENTRO": null, "EMPRESA": "TELCOS - NO SE IDENTIFICA", "fecha_ingr": null, "long": 0.11, "longitud_m": 106.82398058677171 }, "geometry": { "type": "LineString", "coordinates": [ [ -58.468709659717241, -34.566358220998062 ], [ -58.469651960291579, -34.566923621049533 ] ] } },
{ "type": "Feature", "properties": { "TELECOM": "TELECOM", "nomoficial": "MELIAN AV.", "COM_PAR": "13", "id_street": "2749", "alt_derfin": "2399", "ZONA": "11", "alt_derini": "2301", "TELEFONICA": null, "alt_izqfin": "2400", "BARRIO": "BELGRANO", "COMUNA": "13", "alt_izqini": "2302", "codigo": null, "BARRIO_PAR": "BELGRANO", "id": "2749", "TELECENTRO": "TELECENTRO", "EMPRESA": "TELECOM", "fecha_ingr": null, "long": 0.11, "longitud_m": 105.667015153669 }, "geometry": { "type": "LineString", "coordinates": [ [ -58.469651960291579, -34.566923621049533 ], [ -58.470438851447682, -34.566228210812234 ] ] } },
{ "type": "Feature", "properties": { "TELECOM": null, "nomoficial": "MELIAN AV.", "COM_PAR": "13", "id_street": "2975", "alt_derfin": "2199", "ZONA": "11", "alt_derini": "2101", "TELEFONICA": "TELEFONICA", "alt_izqfin": "2200", "BARRIO": "BELGRANO", "COMUNA": "13", "alt_izqini": "2102", "codigo": null, "BARRIO_PAR": "BELGRANO", "id": "2975", "TELECENTRO": null, "EMPRESA": "TELEFONICA", "fecha_ingr": null, "long": 0.12, "longitud_m": 123.22629050670676 }, "geometry": { "type": "LineString", "coordinates": [ [ -58.467762738103943, -34.568592964916228 ], [ -58.46868050108106, -34.567782065982392 ] ] } },
{ "type": "Feature", "properties": { "TELECOM": null, "nomoficial": "LA PAMPA", "COM_PAR": "13", "id_street": "3413", "alt_derfin": "3599", "ZONA": "11", "alt_derini": "3501", "TELEFONICA": null, "alt_izqfin": "3600", "BARRIO": "BELGRANO", "COMUNA": "13", "alt_izqini": "3502", "codigo": null, "BARRIO_PAR": "BELGRANO", "id": "3413", "TELECENTRO": null, "EMPRESA": "TELCOS - NO SE IDENTIFICA", "fecha_ingr": null, "long": 0.12, "longitud_m": 119.00524763706929 }, "geometry": { "type": "LineString", "coordinates": [ [ -58.464937148915602, -34.571089565623829 ], [ -58.46600025207929, -34.571703995809045 ] ] } },
{ "type": "Feature", "properties": { "TELECOM": null, "nomoficial": "LA PAMPA", "COM_PAR": "13", "id_street": "3323", "alt_derfin": "3499", "ZONA": "11", "alt_derini": "3401", "TELEFONICA": null, "alt_izqfin": "3500", "BARRIO": "BELGRANO", "COMUNA": "13", "alt_izqini": "3402", "codigo": null, "BARRIO_PAR": "BELGRANO", "id": "3323", "TELECENTRO": null, "EMPRESA": "TELCOS - NO SE IDENTIFICA", "fecha_ingr": null, "long": 0.09, "longitud_m": 87.734133714208284 }, "geometry": { "type": "LineString", "coordinates": [ [ -58.46415458146587, -34.570635198164823 ], [ -58.464937148915602, -34.571089565623829 ] ] } },
{ "type": "Feature", "properties": { "TELECOM": "TELECOM", "nomoficial": "JURAMENTO", "COM_PAR": "13", "id_street": "2974", "alt_derfin": "3499", "ZONA": "11", "alt_derini": "3401", "TELEFONICA": null, "alt_izqfin": "3500", "BARRIO": "BELGRANO", "COMUNA": "13", "alt_izqini": "3402", "codigo": null, "BARRIO_PAR": "BELGRANO", "id": "2974", "TELECENTRO": null, "EMPRESA": "TELECOM", "fecha_ingr": null, "long": 0.14, "longitud_m": 137.30187427358356 }, "geometry": { "type": "LineString", "coordinates": [ [ -58.466546249521009, -34.567872354543816 ], [ -58.467762738103943, -34.568592964916228 ] ] } },
{ "type": "Feature", "properties": { "TELECOM": null, "nomoficial": "JURAMENTO", "COM_PAR": "13", "id_street": "2875", "alt_derfin": "3399", "ZONA": "11", "alt_derini": "3301", "TELEFONICA": null, "alt_izqfin": "3400", "BARRIO": "BELGRANO", "COMUNA": "13", "alt_izqini": "3302", "codigo": null, "BARRIO_PAR": "BELGRANO", "id": "2875", "TELECENTRO": null, "EMPRESA": "TELCOS - NO SE IDENTIFICA", "fecha_ingr": null, "long": 0.12, "longitud_m": 117.15540871265671 }, "geometry": { "type": "LineString", "coordinates": [ [ -58.465508304827651, -34.567257435304043 ], [ -58.466546249521009, -34.567872354543816 ] ] } },
{ "type": "Feature", "properties": { "TELECOM": "TELECOM", "nomoficial": "JURAMENTO", "COM_PAR": "13", "id_street": "3038", "alt_derfin": "3599", "ZONA": "11", "alt_derini": "3501", "TELEFONICA": null, "alt_izqfin": "3552", "BARRIO": "BELGRANO", "COMUNA": "13", "alt_izqini": "3502", "codigo": null, "BARRIO_PAR": "BELGRANO", "id": "3038", "TELECENTRO": null, "EMPRESA": "TELECOM", "fecha_ingr": null, "long": 0.08, "longitud_m": 84.108758720985634 }, "geometry": { "type": "LineString", "coordinates": [ [ -58.467762738103943, -34.568592964916228 ], [ -58.468509804592038, -34.569032240183375 ] ] } },
{ "type": "Feature", "properties": { "TELECOM": null, "nomoficial": "FREIRE, RAMON, CAP. GRAL.", "COM_PAR": "13", "id_street": "2964", "alt_derfin": "1999", "ZONA": "11", "alt_derini": "1901", "TELEFONICA": null, "alt_izqfin": "2000", "BARRIO": "BELGRANO", "COMUNA": "13", "alt_izqini": "1902", "codigo": null, "BARRIO_PAR": "BELGRANO", "id": "2964", "TELECENTRO": null, "EMPRESA": "TELCOS - NO SE IDENTIFICA", "fecha_ingr": null, "long": 0.13, "longitud_m": 129.70511422453023 }, "geometry": { "type": "LineString", "coordinates": [ [ -58.46276460033728, -34.56848276133978 ], [ -58.463587828799483, -34.567532319845611 ] ] } },
{ "type": "Feature", "properties": { "TELECOM": null, "nomoficial": "FREIRE, RAMON, CAP. GRAL.", "COM_PAR": "13", "id_street": "3085", "alt_derfin": "1899", "ZONA": "11", "alt_derini": "1801", "TELEFONICA": null, "alt_izqfin": "1900", "BARRIO": "BELGRANO", "COMUNA": "13", "alt_izqini": "1802", "codigo": null, "BARRIO_PAR": "BELGRANO", "id": "3085", "TELECENTRO": null, "EMPRESA": "TELCOS - NO SE IDENTIFICA", "fecha_ingr": null, "long": 0.12, "longitud_m": 120.95033801725346 }, "geometry": { "type": "LineString", "coordinates": [ [ -58.461998819247086, -34.569370168291989 ], [ -58.46276460033728, -34.56848276133978 ] ] } },
{ "type": "Feature", "properties": { "TELECOM": null, "nomoficial": "ECHEVERRIA", "COM_PAR": "13", "id_street": "2744", "alt_derfin": "3099", "ZONA": "11", "alt_derini": "3001", "TELEFONICA": null, "alt_izqfin": "3100", "BARRIO": "BELGRANO", "COMUNA": "13", "alt_izqini": "3002", "codigo": null, "BARRIO_PAR": "BELGRANO", "id": "2744", "TELECENTRO": null, "EMPRESA": "TELCOS - NO SE IDENTIFICA", "fecha_ingr": null, "long": 0.12, "longitud_m": 116.86659875617532 }, "geometry": { "type": "LineString", "coordinates": [ [ -58.461515837515833, -34.566304534878142 ], [ -58.462551272198425, -34.566917868393361 ] ] } },
{ "type": "Feature", "properties": { "TELECOM": null, "nomoficial": "ECHEVERRIA", "COM_PAR": "13", "id_street": "2825", "alt_derfin": "3199", "ZONA": "11", "alt_derini": "3101", "TELEFONICA": null, "alt_izqfin": "3200", "BARRIO": "BELGRANO", "COMUNA": "13", "alt_izqini": "3102", "codigo": null, "BARRIO_PAR": "BELGRANO", "id": "2825", "TELECENTRO": null, "EMPRESA": "TELCOS - NO SE IDENTIFICA", "fecha_ingr": null, "long": 0.12, "longitud_m": 117.02195029872389 }, "geometry": { "type": "LineString", "coordinates": [ [ -58.462551272198425, -34.566917868393361 ], [ -58.463587828799483, -34.567532319845611 ] ] } },
{ "type": "Feature", "properties": { "TELECOM": null, "nomoficial": "ECHEVERRIA", "COM_PAR": "13", "id_street": "2999", "alt_derfin": "3399", "ZONA": "11", "alt_derini": "3301", "TELEFONICA": null, "alt_izqfin": "3400", "BARRIO": "BELGRANO", "COMUNA": "13", "alt_izqini": "3302", "codigo": null, "BARRIO_PAR": "BELGRANO", "id": "2999", "TELECENTRO": null, "EMPRESA": "TELCOS - NO SE IDENTIFICA", "fecha_ingr": null, "long": 0.12, "longitud_m": 117.11448206763676 }, "geometry": { "type": "LineString", "coordinates": [ [ -58.464700764977778, -34.568190917429355 ], [ -58.465738715307722, -34.568805209624642 ] ] } },
{ "type": "Feature", "properties": { "TELECOM": null, "nomoficial": "ECHEVERRIA", "COM_PAR": "13", "id_street": "3184", "alt_derfin": "3599", "ZONA": "11", "alt_derini": "3501", "TELEFONICA": "TELEFONICA", "alt_izqfin": "3600", "BARRIO": "BELGRANO", "COMUNA": "13", "alt_izqini": "3502", "codigo": null, "BARRIO_PAR": "BELGRANO", "id": "3184", "TELECENTRO": null, "EMPRESA": "TELEFONICA", "fecha_ingr": null, "long": 0.11, "longitud_m": 111.8298760209744 }, "geometry": { "type": "LineString", "coordinates": [ [ -58.466815417088441, -34.569429984995857 ], [ -58.467774905077547, -34.570051515655543 ] ] } },
{ "type": "Feature", "properties": { "TELECOM": null, "nomoficial": "CONDE", "COM_PAR": "13", "id_street": "2788", "alt_derfin": "2199", "ZONA": "11", "alt_derini": "2101", "TELEFONICA": null, "alt_izqfin": "2200", "BARRIO": "BELGRANO", "COMUNA": "13", "alt_izqini": "2102", "codigo": null, "BARRIO_PAR": "BELGRANO", "id": "2788", "TELECENTRO": null, "EMPRESA": "TELCOS - NO SE IDENTIFICA", "fecha_ingr": null, "long": 0.08, "longitud_m": 76.644956759327783 }, "geometry": { "type": "LineString", "coordinates": [ [ -58.465508304827651, -34.567257435304043 ], [ -58.465994386423567, -34.566695582761099 ] ] } },
{ "type": "Feature", "properties": { "TELECOM": null, "nomoficial": "SUCRE, ANTONIO JOSE de, Mcal.", "COM_PAR": "13", "id_street": "2891", "alt_derfin": "3199", "ZONA": "11", "alt_derini": "3101", "TELEFONICA": null, "alt_izqfin": "3200", "BARRIO": "BELGRANO", "COMUNA": "13", "alt_izqini": "3102", "codigo": null, "BARRIO_PAR": "BELGRANO", "id": "2891", "TELECENTRO": null, "EMPRESA": "TELCOS - NO SE IDENTIFICA", "fecha_ingr": null, "long": 0.09, "longitud_m": 86.112478405354096 }, "geometry": { "type": "LineString", "coordinates": [ [ -58.462000501812739, -34.568032137808856 ], [ -58.46276460033728, -34.56848276133978 ] ] } },
{ "type": "Feature", "properties": { "TELECOM": null, "nomoficial": "ECHEVERRIA", "COM_PAR": "13", "id_street": "2916", "alt_derfin": "3299", "ZONA": "11", "alt_derini": "3201", "TELEFONICA": null, "alt_izqfin": "3300", "BARRIO": "BELGRANO", "COMUNA": "13", "alt_izqini": "3202", "codigo": null, "BARRIO_PAR": "BELGRANO", "id": "2916", "TELECENTRO": null, "EMPRESA": "TELCOS - NO SE IDENTIFICA", "fecha_ingr": null, "long": 0.13, "longitud_m": 125.57119493119745 }, "geometry": { "type": "LineString", "coordinates": [ [ -58.463587828799483, -34.567532319845611 ], [ -58.464700764977778, -34.568190917429355 ] ] } },
{ "type": "Feature", "properties": { "TELECOM": "TELECOM", "nomoficial": "JURAMENTO", "COM_PAR": "13", "id_street": "1760", "alt_derfin": "1699", "ZONA": "11", "alt_derini": "1601", "TELEFONICA": null, "alt_izqfin": "1700", "BARRIO": "BELGRANO", "COMUNA": "13", "alt_izqini": "1602", "codigo": "10017", "BARRIO_PAR": "BELGRANO", "id": "1760", "TELECENTRO": "TELECENTRO", "EMPRESA": "TELECOM/TELECENTRO", "fecha_ingr": null, "long": 0.13, "longitud_m": 129.8392711556784 }, "geometry": { "type": "LineString", "coordinates": [ [ -58.448901823094459, -34.557403152418054 ], [ -58.450047786878045, -34.558089494812762 ] ] } },
{ "type": "Feature", "properties": { "TELECOM": "TELECOM", "nomoficial": "MENDOZA", "COM_PAR": "13", "id_street": "1781", "alt_derfin": "1899", "ZONA": "11", "alt_derini": "1801", "TELEFONICA": null, "alt_izqfin": "1900", "BARRIO": "BELGRANO", "COMUNA": "13", "alt_izqini": "1802", "codigo": "13071", "BARRIO_PAR": "BELGRANO", "id": "1781", "TELECENTRO": "TELECENTRO", "EMPRESA": "TELECOM/TELECENTRO", "fecha_ingr": null, "long": 0.1, "longitud_m": 102.08850167328087 }, "geometry": { "type": "LineString", "coordinates": [ [ -58.45200171364926, -34.557813206180633 ], [ -58.452903595916311, -34.558351889954963 ] ] } },
{ "type": "Feature", "properties": { "TELECOM": "TELECOM", "nomoficial": "11 DE SEPTIEMBRE DE 1888", "COM_PAR": "13", "id_street": "1823", "alt_derfin": "2199", "ZONA": "11", "alt_derini": "2101", "TELEFONICA": null, "alt_izqfin": "2200", "BARRIO": "BELGRANO", "COMUNA": "13", "alt_izqini": "2102", "codigo": "16025", "BARRIO_PAR": "BELGRANO", "id": "1823", "TELECENTRO": "TELECENTRO", "EMPRESA": "TELECOM/TELECENTRO", "fecha_ingr": null, "long": 0.13, "longitud_m": 133.24752810379525 }, "geometry": { "type": "LineString", "coordinates": [ [ -58.4511537600374, -34.558788217046732 ], [ -58.45200171364926, -34.557813206180633 ] ] } },
{ "type": "Feature", "properties": { "TELECOM": "TELECOM", "nomoficial": "MENDOZA", "COM_PAR": "13", "id_street": "1832", "alt_derfin": "1999", "ZONA": "11", "alt_derini": "1901", "TELEFONICA": null, "alt_izqfin": "2000", "BARRIO": "BELGRANO", "COMUNA": "13", "alt_izqini": "1902", "codigo": "13071", "BARRIO_PAR": "BELGRANO", "id": "1832", "TELECENTRO": "TELECENTRO", "EMPRESA": "TELECOM/TELECENTRO", "fecha_ingr": null, "long": 0.09, "longitud_m": 94.196618234264577 }, "geometry": { "type": "LineString", "coordinates": [ [ -58.452903595916311, -34.558351889954963 ], [ -58.453735693893222, -34.558849011349828 ] ] } },
{ "type": "Feature", "properties": { "TELECOM": "TELECOM", "nomoficial": "ZAVALIA", "COM_PAR": "13", "id_street": "1874", "alt_derfin": "2199", "ZONA": "11", "alt_derini": "2101", "TELEFONICA": null, "alt_izqfin": "2200", "BARRIO": "BELGRANO", "COMUNA": "13", "alt_izqini": "2102", "codigo": "27013", "BARRIO_PAR": "BELGRANO", "id": "1874", "TELECENTRO": "TELECENTRO", "EMPRESA": "TELECOM/TELECENTRO", "fecha_ingr": null, "long": 0.15, "longitud_m": 151.30454207101926 }, "geometry": { "type": "LineString", "coordinates": [ [ -58.45215159456508, -34.559226913572822 ], [ -58.453735693893222, -34.558849011349828 ] ] } },
{ "type": "Feature", "properties": { "TELECOM": "TELECOM", "nomoficial": "3 DE FEBRERO", "COM_PAR": "13", "id_street": "1973", "alt_derfin": "2099", "ZONA": "11", "alt_derini": "2001", "TELEFONICA": null, "alt_izqfin": "2100", "BARRIO": "BELGRANO", "COMUNA": "13", "alt_izqini": "2002", "codigo": "21050", "BARRIO_PAR": "BELGRANO", "id": "1973", "TELECENTRO": "TELECENTRO", "EMPRESA": "TELECOM/TELECENTRO", "fecha_ingr": null, "long": 0.13, "longitud_m": 126.08534273302911 }, "geometry": { "type": "LineString", "coordinates": [ [ -58.451262165544925, -34.560253049059412 ], [ -58.452063222954664, -34.559329654236933 ] ] } },
{ "type": "Feature", "properties": { "TELECOM": "TELECOM", "nomoficial": "11 DE SEPTIEMBRE DE 1888", "COM_PAR": "13", "id_street": "2103", "alt_derfin": "1899", "ZONA": "11", "alt_derini": "1801", "TELEFONICA": null, "alt_izqfin": "1900", "BARRIO": "BELGRANO", "COMUNA": "13", "alt_izqini": "1802", "codigo": "16025", "BARRIO_PAR": "BELGRANO", "id": "2103", "TELECENTRO": "TELECENTRO", "EMPRESA": "TELECOM/TELECENTRO", "fecha_ingr": null, "long": 0.13, "longitud_m": 128.5962414790425 }, "geometry": { "type": "LineString", "coordinates": [ [ -58.448721314596469, -34.561601252431245 ], [ -58.449534333874141, -34.560657100734439 ] ] } },
{ "type": "Feature", "properties": { "TELECOM": "TELECOM", "nomoficial": "LA PAMPA", "COM_PAR": "13", "id_street": "2165", "alt_derfin": "1899", "ZONA": "11", "alt_derini": "1801", "TELEFONICA": null, "alt_izqfin": "1900", "BARRIO": "BELGRANO", "COMUNA": "13", "alt_izqini": "1802", "codigo": "12168", "BARRIO_PAR": "BELGRANO", "id": "2165", "TELECENTRO": "TELECENTRO", "EMPRESA": "TELECOM/TELECENTRO", "fecha_ingr": null, "long": 0.1, "longitud_m": 102.02009201873024 }, "geometry": { "type": "LineString", "coordinates": [ [ -58.448721314596469, -34.561601252431245 ], [ -58.449625175027272, -34.562136650395175 ] ] } },
{ "type": "Feature", "properties": { "TELECOM": "TELECOM", "nomoficial": "11 DE SEPTIEMBRE DE 1888", "COM_PAR": "13", "id_street": "2216", "alt_derfin": "1799", "ZONA": "11", "alt_derini": "1701", "TELEFONICA": null, "alt_izqfin": "1800", "BARRIO": "BELGRANO", "COMUNA": "13", "alt_izqini": "1702", "codigo": "16025", "BARRIO_PAR": "BELGRANO", "id": "2216", "TELECENTRO": "TELECENTRO", "EMPRESA": "TELECOM/TELECENTRO", "fecha_ingr": null, "long": 0.13, "longitud_m": 128.44096641931563 }, "geometry": { "type": "LineString", "coordinates": [ [ -58.447912277771572, -34.562546032882935 ], [ -58.448721314596469, -34.561601252431245 ] ] } },
{ "type": "Feature", "properties": { "TELECOM": "TELECOM", "nomoficial": "ECHEVERRIA", "COM_PAR": "13", "id_street": "1829", "alt_derfin": "1677", "ZONA": "11", "alt_derini": "1601", "TELEFONICA": null, "alt_izqfin": "1676", "BARRIO": "BELGRANO", "COMUNA": "13", "alt_izqini": "1602", "codigo": "5007", "BARRIO_PAR": "BELGRANO", "id": "1829", "TELECENTRO": "TELECENTRO", "EMPRESA": "TELECOM/TELECENTRO", "fecha_ingr": null, "long": 0.08, "longitud_m": 81.434019307994717 }, "geometry": { "type": "LineString", "coordinates": [ [ -58.448072738820535, -34.558355115486201 ], [ -58.448788500910211, -34.558788971938249 ] ] } },
{ "type": "Feature", "properties": { "TELECOM": "TELECOM", "nomoficial": "ZAVALIA", "COM_PAR": "13", "id_street": "1878", "alt_derfin": "0", "ZONA": "11", "alt_derini": "0", "TELEFONICA": null, "alt_izqfin": "0", "BARRIO": "BELGRANO", "COMUNA": "13", "alt_izqini": "0", "codigo": "27013", "BARRIO_PAR": "BELGRANO", "id": "1878", "TELECENTRO": "TELECENTRO", "EMPRESA": "TELECOM/TELECENTRO", "fecha_ingr": null, "long": 0.02, "longitud_m": 17.789674234651791 }, "geometry": { "type": "LineString", "coordinates": [ [ -58.45196533916107, -34.559271334031727 ], [ -58.45215159456508, -34.559226913572822 ] ] } },
{ "type": "Feature", "properties": { "TELECOM": "TELECOM", "nomoficial": "3 DE FEBRERO", "COM_PAR": "13", "id_street": "1889", "alt_derfin": "0", "ZONA": "11", "alt_derini": "0", "TELEFONICA": null, "alt_izqfin": "0", "BARRIO": "BELGRANO", "COMUNA": "13", "alt_izqini": "0", "codigo": "21050", "BARRIO_PAR": "BELGRANO", "id": "1889", "TELECENTRO": "TELECENTRO", "EMPRESA": "TELECOM/TELECENTRO", "fecha_ingr": null, "long": 0.01, "longitud_m": 13.988386645735551 }, "geometry": { "type": "LineString", "coordinates": [ [ -58.452063222954664, -34.559329654236933 ], [ -58.45215159456508, -34.559226913572822 ] ] } },
{ "type": "Feature", "properties": { "TELECOM": "TELECOM", "nomoficial": "3 DE FEBRERO", "COM_PAR": "13", "id_street": "1873", "alt_derfin": "2199", "ZONA": "11", "alt_derini": "2101", "TELEFONICA": null, "alt_izqfin": "2200", "BARRIO": "BELGRANO", "COMUNA": "13", "alt_izqini": "2102", "codigo": "21050", "BARRIO_PAR": "BELGRANO", "id": "1873", "TELECENTRO": "TELECENTRO", "EMPRESA": "TELECOM/TELECENTRO", "fecha_ingr": null, "long": 0.12, "longitud_m": 119.10254337949721 }, "geometry": { "type": "LineString", "coordinates": [ [ -58.45215159456508, -34.559226913572822 ], [ -58.452903595916311, -34.558351889954963 ] ] } },
{ "type": "Feature", "properties": { "TELECOM": "TELECOM", "nomoficial": "SUCRE, ANTONIO JOSE de, Mcal.", "COM_PAR": "13", "id_street": "1910", "alt_derfin": "1649", "ZONA": "11", "alt_derini": "1601", "TELEFONICA": null, "alt_izqfin": "1650", "BARRIO": "BELGRANO", "COMUNA": "13", "alt_izqini": "1602", "codigo": "20120", "BARRIO_PAR": "BELGRANO", "id": "1910", "TELECENTRO": "TELECENTRO", "EMPRESA": "TELECOM/TELECENTRO", "fecha_ingr": null, "long": 0.04, "longitud_m": 43.767510932871701 }, "geometry": { "type": "LineString", "coordinates": [ [ -58.447245509028313, -34.559303622235035 ], [ -58.447633372384225, -34.559533184767155 ] ] } },
{ "type": "Feature", "properties": { "TELECOM": "TELECOM", "nomoficial": "ECHEVERRIA", "COM_PAR": "13", "id_street": "1972", "alt_derfin": "1899", "ZONA": "11", "alt_derini": "1801", "TELEFONICA": null, "alt_izqfin": "1900", "BARRIO": "BELGRANO", "COMUNA": "13", "alt_izqini": "1802", "codigo": "5007", "BARRIO_PAR": "BELGRANO", "id": "1972", "TELECENTRO": "TELECENTRO", "EMPRESA": "TELECOM/TELECENTRO", "fecha_ingr": null, "long": 0.1, "longitud_m": 103.14910589850086 }, "geometry": { "type": "LineString", "coordinates": [ [ -58.450349037565871, -34.559710901354002 ], [ -58.451262165544925, -34.560253049059412 ] ] } },
{ "type": "Feature", "properties": { "TELECOM": "TELECOM", "nomoficial": "ECHEVERRIA", "COM_PAR": "13", "id_street": "2017", "alt_derfin": "1999", "ZONA": "11", "alt_derini": "1901", "TELEFONICA": null, "alt_izqfin": "2000", "BARRIO": "BELGRANO", "COMUNA": "13", "alt_izqini": "1902", "codigo": "5007", "BARRIO_PAR": "BELGRANO", "id": "2017", "TELECENTRO": "TELECENTRO", "EMPRESA": "TELECOM/TELECENTRO", "fecha_ingr": null, "long": 0.1, "longitud_m": 100.40012480904687 }, "geometry": { "type": "LineString", "coordinates": [ [ -58.451262165544925, -34.560253049059412 ], [ -58.452150961632306, -34.560780750730935 ] ] } },
{ "type": "Feature", "properties": { "TELECOM": "TELECOM", "nomoficial": "SUCRE, ANTONIO JOSE de, Mcal.", "COM_PAR": "13", "id_street": "2059", "alt_derfin": "1899", "ZONA": "11", "alt_derini": "1801", "TELEFONICA": null, "alt_izqfin": "1900", "BARRIO": "BELGRANO", "COMUNA": "13", "alt_izqini": "1802", "codigo": "20120", "BARRIO_PAR": "BELGRANO", "id": "2059", "TELECENTRO": "TELECENTRO", "EMPRESA": "TELECOM/TELECENTRO", "fecha_ingr": null, "long": 0.1, "longitud_m": 102.54404517046751 }, "geometry": { "type": "LineString", "coordinates": [ [ -58.449534333874141, -34.560657100734439 ], [ -58.450443381612466, -34.56119460603054 ] ] } },
{ "type": "Feature", "properties": { "TELECOM": "TELECOM", "nomoficial": "LA PAMPA", "COM_PAR": "13", "id_street": "2102", "alt_derfin": "1799", "ZONA": "11", "alt_derini": "1701", "TELEFONICA": null, "alt_izqfin": "1800", "BARRIO": "BELGRANO", "COMUNA": "13", "alt_izqini": "1702", "codigo": "12168", "BARRIO_PAR": "BELGRANO", "id": "2102", "TELECENTRO": "TELECENTRO", "EMPRESA": "TELECOM/TELECENTRO", "fecha_ingr": null, "long": 0.1, "longitud_m": 102.62365464295682 }, "geometry": { "type": "LineString", "coordinates": [ [ -58.44781499832618, -34.561059368402731 ], [ -58.448721314596469, -34.561601252431245 ] ] } },
{ "type": "Feature", "properties": { "TELECOM": "TELECOM", "nomoficial": "HERNANDEZ, JOSE", "COM_PAR": "13", "id_street": "2215", "alt_derfin": "1799", "ZONA": "11", "alt_derini": "1701", "TELEFONICA": null, "alt_izqfin": "1800", "BARRIO": "BELGRANO", "COMUNA": "13", "alt_izqini": "1702", "codigo": "8011", "BARRIO_PAR": "BELGRANO", "id": "2215", "TELECENTRO": "TELECENTRO", "EMPRESA": "TELECOM/TELECENTRO", "fecha_ingr": null, "long": 0.1, "longitud_m": 102.35435538371291 }, "geometry": { "type": "LineString", "coordinates": [ [ -58.447003827065345, -34.562010762509715 ], [ -58.447912277771572, -34.562546032882935 ] ] } },
{ "type": "Feature", "properties": { "TELECOM": "TELECOM", "nomoficial": "ARRIBEÑOS", "COM_PAR": "13", "id_street": "27426", "alt_derfin": "1799", "ZONA": "11", "alt_derini": "1701", "TELEFONICA": null, "alt_izqfin": "1800", "BARRIO": "BELGRANO", "COMUNA": "13", "alt_izqini": "1702", "codigo": "1121", "BARRIO_PAR": "BELGRANO", "id": "27426", "TELECENTRO": "TELECENTRO", "EMPRESA": "TELECOM/TELECENTRO", "fecha_ingr": null, "long": 0.13, "longitud_m": 129.15340661435906 }, "geometry": { "type": "LineString", "coordinates": [ [ -58.447003827065345, -34.562010762509715 ], [ -58.44781499832618, -34.561059368402731 ] ] } },
{ "type": "Feature", "properties": { "TELECOM": "TELECOM", "nomoficial": "JURAMENTO AV.", "COM_PAR": "13", "id_street": "1877", "alt_derfin": "1899", "ZONA": "11", "alt_derini": "1801", "TELEFONICA": null, "alt_izqfin": "1900", "BARRIO": "BELGRANO", "COMUNA": "13", "alt_izqini": "1802", "codigo": "10017", "BARRIO_PAR": "BELGRANO", "id": "1877", "TELECENTRO": "TELECENTRO", "EMPRESA": "TELECOM/TELECENTRO", "fecha_ingr": null, "long": 0.09, "longitud_m": 91.760251807662058 }, "geometry": { "type": "LineString", "coordinates": [ [ -58.4511537600374, -34.558788217046732 ], [ -58.45196533916107, -34.559271334031727 ] ] } },
{ "type": "Feature", "properties": { "TELECOM": "TELECOM", "nomoficial": "JURAMENTO AV.", "COM_PAR": "13", "id_street": "1888", "alt_derfin": "0", "ZONA": "11", "alt_derini": "0", "TELEFONICA": null, "alt_izqfin": "0", "BARRIO": "BELGRANO", "COMUNA": "13", "alt_izqini": "0", "codigo": "10017", "BARRIO_PAR": "BELGRANO", "id": "1888", "TELECENTRO": "TELECENTRO", "EMPRESA": "TELECOM/TELECENTRO", "fecha_ingr": null, "long": 0.01, "longitud_m": 11.070459073786463 }, "geometry": { "type": "LineString", "coordinates": [ [ -58.452063222954664, -34.559329654236933 ], [ -58.45196533916107, -34.559271334031727 ] ] } },
{ "type": "Feature", "properties": { "TELECOM": "TELECOM", "nomoficial": "JURAMENTO AV.", "COM_PAR": "13", "id_street": "1933", "alt_derfin": "1999", "ZONA": "11", "alt_derini": "1901", "TELEFONICA": null, "alt_izqfin": "2000", "BARRIO": "BELGRANO", "COMUNA": "13", "alt_izqini": "1902", "codigo": "10017", "BARRIO_PAR": "BELGRANO", "id": "1933", "TELECENTRO": "TELECENTRO", "EMPRESA": "TELECOM/TELECENTRO", "fecha_ingr": null, "long": 0.1, "longitud_m": 100.11800356786073 }, "geometry": { "type": "LineString", "coordinates": [ [ -58.452063222954664, -34.559329654236933 ], [ -58.452948779658115, -34.559856716064992 ] ] } },
{ "type": "Feature", "properties": { "TELECOM": null, "nomoficial": "VERTIZ VIRREY AV.", "COM_PAR": "13", "id_street": "29029", "alt_derfin": "1799", "ZONA": "11", "alt_derini": "1701", "TELEFONICA": null, "alt_izqfin": "0", "BARRIO": "BELGRANO", "COMUNA": "13", "alt_izqini": "0", "codigo": "23042", "BARRIO_PAR": "BELGRANO", "id": "29029", "TELECENTRO": null, "EMPRESA": "TELCOS - NO SE IDENTIFICA", "fecha_ingr": null, "long": 0.15, "longitud_m": 146.39122584538146 }, "geometry": { "type": "LineString", "coordinates": [ [ -58.445290111654039, -34.561027816489513 ], [ -58.446693522491302, -34.560400544535192 ] ] } },
{ "type": "Feature", "properties": { "TELECOM": null, "nomoficial": "11 DE SEPTIEMBRE DE 1888", "COM_PAR": "13", "id_street": "2009", "alt_derfin": "1999", "ZONA": "11", "alt_derini": "1901", "TELEFONICA": null, "alt_izqfin": "2000", "BARRIO": "BELGRANO", "COMUNA": "13", "alt_izqini": "1902", "codigo": "16025", "BARRIO_PAR": "BELGRANO", "id": "2009", "TELECENTRO": null, "EMPRESA": "TELCOS - NO SE IDENTIFICA", "fecha_ingr": null, "long": 0.13, "longitud_m": 128.87142000973483 }, "geometry": { "type": "LineString", "coordinates": [ [ -58.449534333874141, -34.560657100734439 ], [ -58.450349037565871, -34.559710901354002 ] ] } },
{ "type": "Feature", "properties": { "TELECOM": null, "nomoficial": "VERTIZ VIRREY AV.", "COM_PAR": "13", "id_street": "1987", "alt_derfin": "1899", "ZONA": "11", "alt_derini": "1801", "TELEFONICA": null, "alt_izqfin": "1900", "BARRIO": "BELGRANO", "COMUNA": "13", "alt_izqini": "1802", "codigo": "23042", "BARRIO_PAR": "BELGRANO", "id": "1987", "TELECENTRO": null, "EMPRESA": "TELCOS - NO SE IDENTIFICA", "fecha_ingr": null, "long": 0.15, "longitud_m": 149.92445303170174 }, "geometry": { "type": "LineString", "coordinates": [ [ -58.446693522491302, -34.560400544535192 ], [ -58.448192913984883, -34.559864037273272 ] ] } },
{ "type": "Feature", "properties": { "TELECOM": null, "nomoficial": "VERTIZ VIRREY AV.", "COM_PAR": "13", "id_street": "2055", "alt_derfin": "0", "ZONA": "11", "alt_derini": "0", "TELEFONICA": null, "alt_izqfin": "1800", "BARRIO": "BELGRANO", "COMUNA": "13", "alt_izqini": "1702", "codigo": "23042", "BARRIO_PAR": "BELGRANO", "id": "2055", "TELECENTRO": null, "EMPRESA": "TELCOS - NO SE IDENTIFICA", "fecha_ingr": null, "long": 0.13, "longitud_m": 134.83856967101036 }, "geometry": { "type": "LineString", "coordinates": [ [ -58.445529034529216, -34.561141734921868 ], [ -58.446693522491302, -34.560400544535192 ] ] } },
{ "type": "Feature", "properties": { "TELECOM": null, "nomoficial": "LA PAMPA", "COM_PAR": "13", "id_street": "2048", "alt_derfin": "1699", "ZONA": "11", "alt_derini": "1601", "TELEFONICA": null, "alt_izqfin": "1700", "BARRIO": "BELGRANO", "COMUNA": "13", "alt_izqini": "1602", "codigo": "12168", "BARRIO_PAR": "BELGRANO", "id": "2048", "TELECENTRO": "TELCENTRO", "EMPRESA": "TELCENTRO", "fecha_ingr": null, "long": 0.13, "longitud_m": 126.23101689341816 }, "geometry": { "type": "LineString", "coordinates": [ [ -58.446693522491302, -34.560400544535192 ], [ -58.44781499832618, -34.561059368402731 ] ] } },
{ "type": "Feature", "properties": { "TELECOM": null, "nomoficial": "VERTIZ VIRREY AV.", "COM_PAR": "13", "id_street": "1936", "alt_derfin": "1999", "ZONA": "11", "alt_derini": "1901", "TELEFONICA": null, "alt_izqfin": "2000", "BARRIO": "BELGRANO", "COMUNA": "13", "alt_izqini": "1902", "codigo": "23042", "BARRIO_PAR": "BELGRANO", "id": "1936", "TELECENTRO": null, "EMPRESA": "TELCOS - NO SE IDENTIFICA", "fecha_ingr": null, "long": 0.14, "longitud_m": 136.32514858761456 }, "geometry": { "type": "LineString", "coordinates": [ [ -58.448192913984883, -34.559864037273272 ], [ -58.449399322131072, -34.559147051987587 ] ] } },
{ "type": "Feature", "properties": { "TELECOM": "TELECOM", "nomoficial": "ECHEVERRIA", "COM_PAR": "13", "id_street": "2199", "alt_derfin": "2299", "ZONA": "11", "alt_derini": "2201", "TELEFONICA": null, "alt_izqfin": "2300", "BARRIO": "BELGRANO", "COMUNA": "13", "alt_izqini": "2202", "codigo": "5007", "BARRIO_PAR": "BELGRANO", "id": "2199", "TELECENTRO": "TELECENTRO", "EMPRESA": "TELECOM/TELECENTRO", "fecha_ingr": null, "long": 0.1, "longitud_m": 104.12900293241967 }, "geometry": { "type": "LineString", "coordinates": [ [ -58.453947058551456, -34.561847122102257 ], [ -58.454868915591682, -34.562394384269936 ] ] } },
{ "type": "Feature", "properties": { "TELECOM": "TELECOM", "nomoficial": "JURAMENTO AV.", "COM_PAR": "13", "id_street": "2221", "alt_derfin": "2499", "ZONA": "11", "alt_derini": "2401", "TELEFONICA": null, "alt_izqfin": "2500", "BARRIO": "BELGRANO", "COMUNA": "13", "alt_izqini": "2402", "codigo": "10017", "BARRIO_PAR": "BELGRANO", "id": "2221", "TELECENTRO": "TELECENTRO", "EMPRESA": "TELECOM/TELECENTRO", "fecha_ingr": null, "long": 0.11, "longitud_m": 110.58211934572367 }, "geometry": { "type": "LineString", "coordinates": [ [ -58.456694222976473, -34.562036108595457 ], [ -58.457675090649744, -34.562615113989544 ] ] } },
{ "type": "Feature", "properties": { "TELECOM": "TELECOM", "nomoficial": "ECHEVERRIA", "COM_PAR": "13", "id_street": "2225", "alt_derfin": "2349", "ZONA": "11", "alt_derini": "2301", "TELEFONICA": null, "alt_izqfin": "2350", "BARRIO": "BELGRANO", "COMUNA": "13", "alt_izqini": "2302", "codigo": "5007", "BARRIO_PAR": "BELGRANO", "id": "2225", "TELECENTRO": "TELECENTRO", "EMPRESA": "TELECOM/TELECENTRO", "fecha_ingr": null, "long": 0.05, "longitud_m": 45.564839217349771 }, "geometry": { "type": "LineString", "coordinates": [ [ -58.454868915591682, -34.562394384269936 ], [ -58.455272306325874, -34.562633853284339 ] ] } },
{ "type": "Feature", "properties": { "TELECOM": "TELECOM", "nomoficial": "CUBA", "COM_PAR": "13", "id_street": "2245", "alt_derfin": "1999", "ZONA": "11", "alt_derini": "1901", "TELEFONICA": null, "alt_izqfin": "2000", "BARRIO": "BELGRANO", "COMUNA": "13", "alt_izqini": "1902", "codigo": "3197", "BARRIO_PAR": "BELGRANO", "id": "2245", "TELECENTRO": "TELECENTRO", "EMPRESA": "TELECOM/TELECENTRO", "fecha_ingr": null, "long": 0.13, "longitud_m": 128.05942244990024 }, "geometry": { "type": "LineString", "coordinates": [ [ -58.453136631887169, -34.562786866504922 ], [ -58.453947058551456, -34.561847122102257 ] ] } },
{ "type": "Feature", "properties": { "TELECOM": "TELECOM", "nomoficial": "ECHEVERRIA", "COM_PAR": "13", "id_street": "2267", "alt_derfin": "2399", "ZONA": "11", "alt_derini": "2351", "TELEFONICA": null, "alt_izqfin": "2400", "BARRIO": "BELGRANO", "COMUNA": "13", "alt_izqini": "2352", "codigo": "5007", "BARRIO_PAR": "BELGRANO", "id": "2267", "TELECENTRO": "TELECENTRO", "EMPRESA": "TELECOM/TELECENTRO", "fecha_ingr": null, "long": 0.07, "longitud_m": 67.802677609596131 }, "geometry": { "type": "LineString", "coordinates": [ [ -58.455272306325874, -34.562633853284339 ], [ -58.45587326843129, -34.562989391987387 ] ] } },
{ "type": "Feature", "properties": { "TELECOM": "TELECOM", "nomoficial": "JURAMENTO AV.", "COM_PAR": "13", "id_street": "2037", "alt_derfin": "2199", "ZONA": "11", "alt_derini": "2101", "TELEFONICA": null, "alt_izqfin": "2200", "BARRIO": "BELGRANO", "COMUNA": "13", "alt_izqini": "2102", "codigo": "10017", "BARRIO_PAR": "BELGRANO", "id": "2037", "TELECENTRO": "TELECENTRO", "EMPRESA": "TELECOM/TELECENTRO", "fecha_ingr": null, "long": 0.1, "longitud_m": 102.33392014207698 }, "geometry": { "type": "LineString", "coordinates": [ [ -58.453837496909266, -34.560385743544444 ], [ -58.454742653512291, -34.560924484186259 ] ] } },
{ "type": "Feature", "properties": { "TELECOM": "TELECOM", "nomoficial": "CABILDO AV.", "COM_PAR": "13", "id_street": "2153", "alt_derfin": "2199", "ZONA": "11", "alt_derini": "2101", "TELEFONICA": null, "alt_izqfin": "2200", "BARRIO": "BELGRANO", "COMUNA": "13", "alt_izqini": "2102", "codigo": "3005", "BARRIO_PAR": "BELGRANO", "id": "2153", "TELECENTRO": "TELECENTRO", "EMPRESA": "TELECOM/TELECENTRO", "fecha_ingr": null, "long": 0.13, "longitud_m": 129.18206467012232 }, "geometry": { "type": "LineString", "coordinates": [ [ -58.456694222976473, -34.562036108595457 ], [ -58.457507752707521, -34.56108577699144 ] ] } },
{ "type": "Feature", "properties": { "TELECOM": "TELECOM", "nomoficial": "CABILDO AV.", "COM_PAR": "13", "id_street": "2268", "alt_derfin": "2099", "ZONA": "11", "alt_derini": "2001", "TELEFONICA": null, "alt_izqfin": "2100", "BARRIO": "BELGRANO", "COMUNA": "13", "alt_izqini": "2002", "codigo": "3005", "BARRIO_PAR": "BELGRANO", "id": "2268", "TELECENTRO": "TELECENTRO", "EMPRESA": "TELECOM/TELECENTRO", "fecha_ingr": null, "long": 0.13, "longitud_m": 129.84312770482791 }, "geometry": { "type": "LineString", "coordinates": [ [ -58.45587326843129, -34.562989391987387 ], [ -58.456694222976473, -34.562036108595457 ] ] } },
{ "type": "Feature", "properties": { "TELECOM": "TELECOM", "nomoficial": "CABILDO AV.", "COM_PAR": "13", "id_street": "2375", "alt_derfin": "1999", "ZONA": "11", "alt_derini": "1901", "TELEFONICA": null, "alt_izqfin": "2000", "BARRIO": "BELGRANO", "COMUNA": "13", "alt_izqini": "1902", "codigo": "3005", "BARRIO_PAR": "BELGRANO", "id": "2375", "TELECENTRO": "TELECENTRO", "EMPRESA": "TELECOM/TELECENTRO", "fecha_ingr": null, "long": 0.13, "longitud_m": 127.75798389435332 }, "geometry": { "type": "LineString", "coordinates": [ [ -58.45506540636444, -34.563927318148806 ], [ -58.45587326843129, -34.562989391987387 ] ] } },
{ "type": "Feature", "properties": { "TELECOM": "TELECOM", "nomoficial": "CUBA", "COM_PAR": "13", "id_street": "2038", "alt_derfin": "2199", "ZONA": "11", "alt_derini": "2101", "TELEFONICA": null, "alt_izqfin": "2200", "BARRIO": "BELGRANO", "COMUNA": "13", "alt_izqini": "2102", "codigo": "3197", "BARRIO_PAR": "BELGRANO", "id": "2038", "TELECENTRO": "TELECENTRO", "EMPRESA": "TELECOM/TELECENTRO", "fecha_ingr": null, "long": 0.13, "longitud_m": 132.64468559743904 }, "geometry": { "type": "LineString", "coordinates": [ [ -58.454742653512291, -34.560924484186259 ], [ -58.455582755355437, -34.559951490537543 ] ] } },
{ "type": "Feature", "properties": { "TELECOM": "TELECOM", "nomoficial": "VUELTA DE OBLIGADO", "COM_PAR": "13", "id_street": "2093", "alt_derfin": "2199", "ZONA": "11", "alt_derini": "2101", "TELEFONICA": null, "alt_izqfin": "2200", "BARRIO": "BELGRANO", "COMUNA": "13", "alt_izqini": "2102", "codigo": "16002", "BARRIO_PAR": "BELGRANO", "id": "2093", "TELECENTRO": "TELECENTRO", "EMPRESA": "TELECOM/TELECENTRO", "fecha_ingr": null, "long": 0.13, "longitud_m": 133.08698063965915 }, "geometry": { "type": "LineString", "coordinates": [ [ -58.455663994724787, -34.561472937606219 ], [ -58.456506304882808, -34.5604963461994 ] ] } },
{ "type": "Feature", "properties": { "TELECOM": "TELECOM", "nomoficial": "ECHEVERRIA", "COM_PAR": "13", "id_street": "2132", "alt_derfin": "2199", "ZONA": "11", "alt_derini": "2101", "TELEFONICA": null, "alt_izqfin": "2200", "BARRIO": "BELGRANO", "COMUNA": "13", "alt_izqini": "2102", "codigo": "5007", "BARRIO_PAR": "BELGRANO", "id": "2132", "TELECENTRO": "TELECENTRO", "EMPRESA": "TELECOM/TELECENTRO", "fecha_ingr": null, "long": 0.1, "longitud_m": 102.3254197735758 }, "geometry": { "type": "LineString", "coordinates": [ [ -58.453041215971957, -34.561309291098588 ], [ -58.453947058551456, -34.561847122102257 ] ] } },
{ "type": "Feature", "properties": { "TELECOM": "TELECOM", "nomoficial": "VUELTA DE OBLIGADO", "COM_PAR": "13", "id_street": "2312", "alt_derfin": "1999", "ZONA": "11", "alt_derini": "1901", "TELEFONICA": null, "alt_izqfin": "2000", "BARRIO": "BELGRANO", "COMUNA": "13", "alt_izqini": "1902", "codigo": "16002", "BARRIO_PAR": "BELGRANO", "id": "2312", "TELECENTRO": "TELECENTRO", "EMPRESA": "TELECOM/TELECENTRO", "fecha_ingr": null, "long": 0.13, "longitud_m": 127.85234484460695 }, "geometry": { "type": "LineString", "coordinates": [ [ -58.454059515699292, -34.563332444608356 ], [ -58.454868915591682, -34.562394384269936 ] ] } },
{ "type": "Feature", "properties": { "TELECOM": "TELECOM", "nomoficial": "ECHEVERRIA", "COM_PAR": "13", "id_street": "2332", "alt_derfin": "2499", "ZONA": "11", "alt_derini": "2401", "TELEFONICA": null, "alt_izqfin": "2500", "BARRIO": "BELGRANO", "COMUNA": "13", "alt_izqini": "2402", "codigo": "5007", "BARRIO_PAR": "BELGRANO", "id": "2332", "TELECENTRO": "TELECENTRO", "EMPRESA": "TELECOM/TELECENTRO", "fecha_ingr": null, "long": 0.11, "longitud_m": 110.5443712757211 }, "geometry": { "type": "LineString", "coordinates": [ [ -58.45587326843129, -34.562989391987387 ], [ -58.45685533354213, -34.563566432076591 ] ] } },
{ "type": "Feature", "properties": { "TELECOM": "TELECOM", "nomoficial": "JURAMENTO AV.", "COM_PAR": "13", "id_street": "2114", "alt_derfin": "2349", "ZONA": "11", "alt_derini": "2301", "TELEFONICA": null, "alt_izqfin": "2350", "BARRIO": "BELGRANO", "COMUNA": "13", "alt_izqini": "2302", "codigo": "10017", "BARRIO_PAR": "BELGRANO", "id": "2114", "TELECENTRO": "TELECENTRO", "EMPRESA": "TELECOM/TELECENTRO", "fecha_ingr": null, "long": 0.05, "longitud_m": 50.53804553231582 }, "geometry": { "type": "LineString", "coordinates": [ [ -58.455663994724787, -34.561472937606219 ], [ -58.456111050463434, -34.561738956484838 ] ] } },
{ "type": "Feature", "properties": { "TELECOM": "TELECOM", "nomoficial": "JURAMENTO AV.", "COM_PAR": "13", "id_street": "2152", "alt_derfin": "2399", "ZONA": "11", "alt_derini": "2351", "TELEFONICA": null, "alt_izqfin": "2400", "BARRIO": "BELGRANO", "COMUNA": "13", "alt_izqini": "2352", "codigo": "10017", "BARRIO_PAR": "BELGRANO", "id": "2152", "TELECENTRO": "TELECENTRO", "EMPRESA": "TELECOM/TELECENTRO", "fecha_ingr": null, "long": 0.06, "longitud_m": 62.856126033688511 }, "geometry": { "type": "LineString", "coordinates": [ [ -58.456111050463434, -34.561738956484838 ], [ -58.456694222976473, -34.562036108595457 ] ] } },
{ "type": "Feature", "properties": { "TELECOM": null, "nomoficial": "CUBA", "COM_PAR": "13", "id_street": "2133", "alt_derfin": "2099", "ZONA": "11", "alt_derini": "2001", "TELEFONICA": null, "alt_izqfin": "2100", "BARRIO": "BELGRANO", "COMUNA": "13", "alt_izqini": "2002", "codigo": "3197", "BARRIO_PAR": "BELGRANO", "id": "2133", "TELECENTRO": "TELECENTRO", "EMPRESA": "TELECENTRO", "fecha_ingr": null, "long": 0.13, "longitud_m": 125.72455028324659 }, "geometry": { "type": "LineString", "coordinates": [ [ -58.453947058551456, -34.561847122102257 ], [ -58.454742653512291, -34.560924484186259 ] ] } },
{ "type": "Feature", "properties": { "TELECOM": null, "nomoficial": "JURAMENTO AV.", "COM_PAR": "13", "id_street": "2092", "alt_derfin": "2299", "ZONA": "11", "alt_derini": "2201", "TELEFONICA": null, "alt_izqfin": "2300", "BARRIO": "BELGRANO", "COMUNA": "13", "alt_izqini": "2202", "codigo": "10017", "BARRIO_PAR": "BELGRANO", "id": "2092", "TELECENTRO": "TELECENTRO", "EMPRESA": "TELECENTRO", "fecha_ingr": null, "long": 0.1, "longitud_m": 104.16842707046665 }, "geometry": { "type": "LineString", "coordinates": [ [ -58.454742653512291, -34.560924484186259 ], [ -58.455663994724787, -34.561472937606219 ] ] } },
{ "type": "Feature", "properties": { "TELECOM": "TELECOM", "nomoficial": "MENDOZA", "COM_PAR": "13", "id_street": "2000", "alt_derfin": "2299", "ZONA": "11", "alt_derini": "2201", "TELEFONICA": null, "alt_izqfin": "2300", "BARRIO": "BELGRANO", "COMUNA": "13", "alt_izqini": "2202", "codigo": "13071", "BARRIO_PAR": "BELGRANO", "id": "2000", "TELECENTRO": "TELECENTRO", "EMPRESA": "TELECOM/TELECENTRO", "fecha_ingr": null, "long": 0.1, "longitud_m": 104.10156300058695 }, "geometry": { "type": "LineString", "coordinates": [ [ -58.455582755355437, -34.559951490537543 ], [ -58.456506304882808, -34.5604963461994 ] ] } },
{ "type": "Feature", "properties": { "TELECOM": "TELECOM", "nomoficial": "CIUDAD DE LA PAZ", "COM_PAR": "13", "id_street": "2222", "alt_derfin": "2199", "ZONA": "11", "alt_derini": "2101", "TELEFONICA": null, "alt_izqfin": "2200", "BARRIO": "BELGRANO", "COMUNA": "13", "alt_izqini": "2102", "codigo": "3128", "BARRIO_PAR": "BELGRANO", "id": "2222", "TELECENTRO": "TELECENTRO", "EMPRESA": "TELECOM/TELECENTRO", "fecha_ingr": null, "long": 0.13, "longitud_m": 129.26687220063343 }, "geometry": { "type": "LineString", "coordinates": [ [ -58.457675090649744, -34.562615113989544 ], [ -58.458490572740637, -34.561664987288793 ] ] } },
{ "type": "Feature", "properties": { "TELECOM": null, "nomoficial": "ARCOS", "COM_PAR": "13", "id_street": "2074", "alt_derfin": "2099", "ZONA": "11", "alt_derini": "2001", "TELEFONICA": null, "alt_izqfin": "2100", "BARRIO": "BELGRANO", "COMUNA": "13", "alt_izqini": "2002", "codigo": "1102", "BARRIO_PAR": "BELGRANO", "id": "2074", "TELECENTRO": null, "EMPRESA": "TELCOS - NO SE IDENTIFICA", "fecha_ingr": null, "long": 0.13, "longitud_m": 125.84352479745156 }, "geometry": { "type": "LineString", "coordinates": [ [ -58.453041215971957, -34.561309291098588 ], [ -58.453837496909266, -34.560385743544444 ] ] } },
{ "type": "Feature", "properties": { "TELECOM": null, "nomoficial": "VERTIZ VIRREY AV.", "COM_PAR": "13", "id_street": "1865", "alt_derfin": "2099", "ZONA": "11", "alt_derini": "2001", "TELEFONICA": null, "alt_izqfin": "2100", "BARRIO": "BELGRANO", "COMUNA": "13", "alt_izqini": "2002", "codigo": "23042", "BARRIO_PAR": "BELGRANO", "id": "1865", "TELECENTRO": null, "EMPRESA": "TELCOS - NO SE IDENTIFICA", "fecha_ingr": null, "long": 0.13, "longitud_m": 134.13559969686784 }, "geometry": { "type": "LineString", "coordinates": [ [ -58.449399322131072, -34.559147051987587 ], [ -58.450586299945485, -34.558441531801805 ] ] } },
{ "type": "Feature", "properties": { "TELECOM": "TELECOM", "nomoficial": "ARENALES", "COM_PAR": "1", "id_street": "7782", "alt_derfin": "1199", "ZONA": "RECOLETA - ARENALES", "alt_derini": "1101", "TELEFONICA": null, "alt_izqfin": "1200", "BARRIO": "RETIRO", "COMUNA": "1", "alt_izqini": "1102", "codigo": "1104", "BARRIO_PAR": "RETIRO", "id": null, "TELECENTRO": "TELECENTRO", "EMPRESA": "TELECOM/TELECENTRO", "fecha_ingr": "19/11/2025", "long": 0.15, "longitud_m": 151.36335431592892 }, "geometry": { "type": "LineString", "coordinates": [ [ -58.382774795878085, -34.594301604803348 ], [ -58.384417302263294, -34.594431341654335 ] ] } },
{ "type": "Feature", "properties": { "TELECOM": "TELECOM", "nomoficial": "ARENALES", "COM_PAR": "1", "id_street": "7807", "alt_derfin": "1299", "ZONA": "RECOLETA - ARENALES", "alt_derini": "1201", "TELEFONICA": null, "alt_izqfin": "1300", "BARRIO": "RETIRO", "COMUNA": "1", "alt_izqini": "1202", "codigo": "1104", "BARRIO_PAR": "RETIRO", "id": null, "TELECENTRO": "TELECENTRO", "EMPRESA": "TELECOM/TELECENTRO", "fecha_ingr": "19/11/2025", "long": 0.13, "longitud_m": 129.84229334711273 }, "geometry": { "type": "LineString", "coordinates": [ [ -58.384417302263294, -34.594431341654335 ], [ -58.385823665490726, -34.594563301104941 ] ] } },
{ "type": "Feature", "properties": { "TELECOM": "TELECOM", "nomoficial": "ARENALES", "COM_PAR": "1", "id_street": "7823", "alt_derfin": "1399", "ZONA": "RECOLETA - ARENALES", "alt_derini": "1301", "TELEFONICA": null, "alt_izqfin": "1400", "BARRIO": "RETIRO", "COMUNA": "1", "alt_izqini": "1302", "codigo": "1104", "BARRIO_PAR": "RETIRO", "id": null, "TELECENTRO": "TELECENTRO", "EMPRESA": "TELECOM/TELECENTRO", "fecha_ingr": "19/11/2025", "long": 0.14, "longitud_m": 135.1588938843517 }, "geometry": { "type": "LineString", "coordinates": [ [ -58.385823665490726, -34.594563301104941 ], [ -58.387293779039403, -34.59464394521585 ] ] } },
{ "type": "Feature", "properties": { "TELECOM": "TELECOM", "nomoficial": "ARENALES", "COM_PAR": "2", "id_street": "7825", "alt_derfin": "1499", "ZONA": "RECOLETA - ARENALES", "alt_derini": "1401", "TELEFONICA": null, "alt_izqfin": "1500", "BARRIO": "RECOLETA", "COMUNA": "2", "alt_izqini": "1402", "codigo": "1104", "BARRIO_PAR": "RECOLETA", "id": null, "TELECENTRO": "TELECENTRO", "EMPRESA": "TELECOM/TELECENTRO", "fecha_ingr": "19/11/2025", "long": 0.12, "longitud_m": 117.00601080782225 }, "geometry": { "type": "LineString", "coordinates": [ [ -58.387293779039403, -34.59464394521585 ], [ -58.38856866910028, -34.59467557819012 ] ] } },
{ "type": "Feature", "properties": { "TELECOM": "TELECOM", "nomoficial": "ARENALES", "COM_PAR": "2", "id_street": "7829", "alt_derfin": "1549", "ZONA": "RECOLETA - ARENALES", "alt_derini": "1501", "TELEFONICA": null, "alt_izqfin": "1550", "BARRIO": "RECOLETA", "COMUNA": "2", "alt_izqini": "1502", "codigo": "1104", "BARRIO_PAR": "RECOLETA", "id": null, "TELECENTRO": "TELECENTRO", "EMPRESA": "TELECOM/TELECENTRO", "fecha_ingr": "19/11/2025", "long": 0.06, "longitud_m": 58.081316564692422 }, "geometry": { "type": "LineString", "coordinates": [ [ -58.38856866910028, -34.59467557819012 ], [ -58.38920138529037, -34.594694626300232 ] ] } },
{ "type": "Feature", "properties": { "TELECOM": "TELECOM", "nomoficial": "MOMPOX", "COM_PAR": "1", "id_street": "16701", "alt_derfin": "1699", "ZONA": "MOMPOX", "alt_derini": "1601", "TELEFONICA": null, "alt_izqfin": "1700", "BARRIO": "CONSTITUCION", "COMUNA": "1", "alt_izqini": "1602", "codigo": "13104", "BARRIO_PAR": "CONSTITUCION", "id": null, "TELECENTRO": "TELECENTRO", "EMPRESA": "TELECOM/TELECENTRO", "fecha_ingr": "5/12/2025", "long": 0.1, "longitud_m": 103.87055251307056 }, "geometry": { "type": "LineString", "coordinates": [ [ -58.390251436608132, -34.627229499906605 ], [ -58.390152731856482, -34.628162267631851 ] ] } },
{ "type": "Feature", "properties": { "TELECOM": "TELECOM", "nomoficial": "BRASIL", "COM_PAR": "1", "id_street": "16983", "alt_derfin": "1749", "ZONA": "MOMPOX", "alt_derini": "1701", "TELEFONICA": null, "alt_izqfin": "1750", "BARRIO": "CONSTITUCION", "COMUNA": "1", "alt_izqini": "1702", "codigo": "2111", "BARRIO_PAR": "CONSTITUCION", "id": null, "TELECENTRO": "TELECENTRO", "EMPRESA": "TELECOM/TELECENTRO", "fecha_ingr": "5/12/2025", "long": 0.07, "longitud_m": 70.739226557668658 }, "geometry": { "type": "LineString", "coordinates": [ [ -58.389296436181077, -34.629044366051332 ], [ -58.390051483868973, -34.629175104864728 ] ] } },
{ "type": "Feature", "properties": { "TELECOM": "TELECOM", "nomoficial": "MOMPOX", "COM_PAR": "1", "id_street": "16984", "alt_derfin": "1799", "ZONA": "MOMPOX", "alt_derini": "1701", "TELEFONICA": null, "alt_izqfin": "1800", "BARRIO": "CONSTITUCION", "COMUNA": "1", "alt_izqini": "1702", "codigo": "13104", "BARRIO_PAR": "CONSTITUCION", "id": null, "TELECENTRO": "TELECENTRO", "EMPRESA": "TELECOM/TELECENTRO", "fecha_ingr": "5/12/2025", "long": 0.11, "longitud_m": 112.74081010481864 }, "geometry": { "type": "LineString", "coordinates": [ [ -58.390152731856482, -34.628162267631851 ], [ -58.390051483868973, -34.629175104864728 ] ] } },
{ "type": "Feature", "properties": { "TELECOM": "TELECOM", "nomoficial": "BRASIL", "COM_PAR": "1", "id_street": "17034", "alt_derfin": "1799", "ZONA": "MOMPOX", "alt_derini": "1751", "TELEFONICA": null, "alt_izqfin": "1800", "BARRIO": "CONSTITUCION", "COMUNA": "1", "alt_izqini": "1752", "codigo": "2111", "BARRIO_PAR": "CONSTITUCION", "id": null, "TELECENTRO": "TELECENTRO", "EMPRESA": "TELECOM/TELECENTRO", "fecha_ingr": "5/12/2025", "long": 0.08, "longitud_m": 82.167520180210005 }, "geometry": { "type": "LineString", "coordinates": [ [ -58.390051483868973, -34.629175104864728 ], [ -58.390928514258889, -34.629326967998267 ] ] } },
{ "type": "Feature", "properties": { "TELECOM": "TELECOM", "nomoficial": "DEL LIBERTADOR AV.", "COM_PAR": "14", "id_street": "2317", "alt_derfin": "5099", "ZONA": "SIN ZONA", "alt_derini": "5001", "TELEFONICA": null, "alt_izqfin": "5100", "BARRIO": "PALERMO", "COMUNA": "14", "alt_izqini": "5002", "codigo": "12107", "BARRIO_PAR": "PALERMO", "id": null, "TELECENTRO": "TELECENTRO", "EMPRESA": "TELECOM/TELECENTRO", "fecha_ingr": "11/11/2025", "long": 0.14, "longitud_m": 140.84688279166201 }, "geometry": { "type": "LineString", "coordinates": [ [ -58.4367814908993, -34.563466302524056 ], [ -58.437575437715488, -34.563121762430498 ], [ -58.438177601891816, -34.562946820840445 ] ] } },
{ "type": "Feature", "properties": { "TELECOM": "TELECOM", "nomoficial": "LACROZE, FEDERICO", "COM_PAR": "14", "id_street": "2337", "alt_derfin": "1699", "ZONA": "SIN ZONA", "alt_derini": "1601", "TELEFONICA": null, "alt_izqfin": "1700", "BARRIO": "PALERMO", "COMUNA": "14", "alt_izqini": "1602", "codigo": "12012", "BARRIO_PAR": "PALERMO", "id": null, "TELECENTRO": "TELECENTRO", "EMPRESA": "TELECOM/TELECENTRO", "fecha_ingr": "11/11/2025", "long": 0.1, "longitud_m": 98.590770772991107 }, "geometry": { "type": "LineString", "coordinates": [ [ -58.438177601891816, -34.562946820840445 ], [ -58.438811161318029, -34.563664570685035 ] ] } },
{ "type": "Feature", "properties": { "TELECOM": "TELECOM", "nomoficial": "DEL LIBERTADOR AV.", "COM_PAR": "14", "id_street": "2416", "alt_derfin": "4999", "ZONA": "SIN ZONA", "alt_derini": "4901", "TELEFONICA": null, "alt_izqfin": "5000", "BARRIO": "PALERMO", "COMUNA": "14", "alt_izqini": "4902", "codigo": "12107", "BARRIO_PAR": "PALERMO", "id": null, "TELECENTRO": "TELECENTRO", "EMPRESA": "TELECOM/TELECENTRO", "fecha_ingr": "11/11/2025", "long": 0.1, "longitud_m": 104.60029536928779 }, "geometry": { "type": "LineString", "coordinates": [ [ -58.435491583099534, -34.564254506125771 ], [ -58.436409109431423, -34.563695071770404 ] ] } },
{ "type": "Feature", "properties": { "TELECOM": "TELECOM", "nomoficial": "OLLEROS AV.", "COM_PAR": "14", "id_street": "2432", "alt_derfin": "1699", "ZONA": "SIN ZONA", "alt_derini": "1601", "TELEFONICA": null, "alt_izqfin": "0", "BARRIO": "PALERMO", "COMUNA": "14", "alt_izqini": "0", "codigo": "16022", "BARRIO_PAR": "PALERMO", "id": null, "TELECENTRO": "TELECENTRO", "EMPRESA": "TELECOM/TELECENTRO", "fecha_ingr": "11/11/2025", "long": 0.13, "longitud_m": 129.17563233503117 }, "geometry": { "type": "LineString", "coordinates": [ [ -58.4367814908993, -34.563466302524056 ], [ -58.436887303620253, -34.563752532232307 ], [ -58.43757700894497, -34.564402853843291 ] ] } },
{ "type": "Feature", "properties": { "TELECOM": "TELECOM", "nomoficial": "MIGUELETES", "COM_PAR": "14", "id_street": "2433", "alt_derfin": "1199", "ZONA": "SIN ZONA", "alt_derini": "1101", "TELEFONICA": null, "alt_izqfin": "1200", "BARRIO": "PALERMO", "COMUNA": "14", "alt_izqini": "1102", "codigo": "13079", "BARRIO_PAR": "PALERMO", "id": null, "TELECENTRO": "TELECENTRO", "EMPRESA": "TELECOM/TELECENTRO", "fecha_ingr": "11/11/2025", "long": 0.14, "longitud_m": 139.76725711947719 }, "geometry": { "type": "LineString", "coordinates": [ [ -58.43757700894497, -34.564402853843291 ], [ -58.438811161318029, -34.563664570685035 ] ] } },
{ "type": "Feature", "properties": { "TELECOM": "TELECOM", "nomoficial": "DEL LIBERTADOR AV.", "COM_PAR": "14", "id_street": "2497", "alt_derfin": "4899", "ZONA": "SIN ZONA", "alt_derini": "4801", "TELEFONICA": null, "alt_izqfin": "4900", "BARRIO": "PALERMO", "COMUNA": "14", "alt_izqini": "4802", "codigo": "12107", "BARRIO_PAR": "PALERMO", "id": null, "TELECENTRO": "TELECENTRO", "EMPRESA": "TELECOM/TELECENTRO", "fecha_ingr": "11/11/2025", "long": 0.12, "longitud_m": 121.55578093304126 }, "geometry": { "type": "LineString", "coordinates": [ [ -58.434411341910192, -34.564888635015919 ], [ -58.435491583099534, -34.564254506125771 ] ] } },
{ "type": "Feature", "properties": { "TELECOM": "TELECOM", "nomoficial": "GOROSTIAGA", "COM_PAR": "14", "id_street": "2536", "alt_derfin": "1599", "ZONA": "SIN ZONA", "alt_derini": "1501", "TELEFONICA": null, "alt_izqfin": "1600", "BARRIO": "PALERMO", "COMUNA": "14", "alt_izqini": "1502", "codigo": "7071", "BARRIO_PAR": "PALERMO", "id": null, "TELECENTRO": "TELECENTRO", "EMPRESA": "TELECOM/TELECENTRO", "fecha_ingr": "11/11/2025", "long": 0.13, "longitud_m": 125.49515224930644 }, "geometry": { "type": "LineString", "coordinates": [ [ -58.435491583099534, -34.564254506125771 ], [ -58.436277187469138, -34.565180476945088 ] ] } },
{ "type": "Feature", "properties": { "TELECOM": "TELECOM", "nomoficial": "MIGUELETES", "COM_PAR": "14", "id_street": "2537", "alt_derfin": "1099", "ZONA": "SIN ZONA", "alt_derini": "1001", "TELEFONICA": null, "alt_izqfin": "1100", "BARRIO": "PALERMO", "COMUNA": "14", "alt_izqini": "1002", "codigo": "13079", "BARRIO_PAR": "PALERMO", "id": null, "TELECENTRO": "TELECENTRO", "EMPRESA": "TELECOM/TELECENTRO", "fecha_ingr": "11/11/2025", "long": 0.13, "longitud_m": 127.69126703518144 }, "geometry": { "type": "LineString", "coordinates": [ [ -58.436277187469138, -34.565180476945088 ], [ -58.437404688388241, -34.564505946900823 ] ] } },
{ "type": "Feature", "properties": { "TELECOM": "TELECOM", "nomoficial": "DEL LIBERTADOR AV.", "COM_PAR": "14", "id_street": "2580", "alt_derfin": "4799", "ZONA": "SIN ZONA", "alt_derini": "4701", "TELEFONICA": null, "alt_izqfin": "4800", "BARRIO": "PALERMO", "COMUNA": "14", "alt_izqini": "4702", "codigo": "12107", "BARRIO_PAR": "PALERMO", "id": null, "TELECENTRO": "TELECENTRO", "EMPRESA": "TELECOM/TELECENTRO", "fecha_ingr": "11/11/2025", "long": 0.12, "longitud_m": 123.86478834926055 }, "geometry": { "type": "LineString", "coordinates": [ [ -58.433312010384071, -34.565536482273892 ], [ -58.434411341910192, -34.564888635015919 ] ] } },
{ "type": "Feature", "properties": { "TELECOM": "TELECOM", "nomoficial": "MAURE", "COM_PAR": "14", "id_street": "2604", "alt_derfin": "1599", "ZONA": "SIN ZONA", "alt_derini": "1501", "TELEFONICA": null, "alt_izqfin": "1600", "BARRIO": "PALERMO", "COMUNA": "14", "alt_izqini": "1502", "codigo": "13054", "BARRIO_PAR": "PALERMO", "id": null, "TELECENTRO": "TELECENTRO", "EMPRESA": "TELECOM/TELECENTRO", "fecha_ingr": "11/11/2025", "long": 0.13, "longitud_m": 125.70546405508047 }, "geometry": { "type": "LineString", "coordinates": [ [ -58.434411341910192, -34.564888635015919 ], [ -58.435199834460597, -34.565815247169702 ] ] } },
{ "type": "Feature", "properties": { "TELECOM": "TELECOM", "nomoficial": "MIGUELETES", "COM_PAR": "14", "id_street": "2605", "alt_derfin": "999", "ZONA": "SIN ZONA", "alt_derini": "901", "TELEFONICA": null, "alt_izqfin": "1000", "BARRIO": "PALERMO", "COMUNA": "14", "alt_izqini": "902", "codigo": "13079", "BARRIO_PAR": "PALERMO", "id": null, "TELECENTRO": "TELECENTRO", "EMPRESA": "TELECOM/TELECENTRO", "fecha_ingr": "11/11/2025", "long": 0.12, "longitud_m": 121.38009702703349 }, "geometry": { "type": "LineString", "coordinates": [ [ -58.435199834460597, -34.565815247169702 ], [ -58.436277187469138, -34.565180476945088 ] ] } },
{ "type": "Feature", "properties": { "TELECOM": "TELECOM", "nomoficial": "DEL LIBERTADOR AV.", "COM_PAR": "14", "id_street": "2658", "alt_derfin": "4699", "ZONA": "SIN ZONA", "alt_derini": "4601", "TELEFONICA": null, "alt_izqfin": "4700", "BARRIO": "PALERMO", "COMUNA": "14", "alt_izqini": "4602", "codigo": "12107", "BARRIO_PAR": "PALERMO", "id": null, "TELECENTRO": "TELECENTRO", "EMPRESA": "TELECOM/TELECENTRO", "fecha_ingr": "11/11/2025", "long": 0.12, "longitud_m": 120.36733059701936 }, "geometry": { "type": "LineString", "coordinates": [ [ -58.43224722995798, -34.566170102700099 ], [ -58.433312010384071, -34.565536482273892 ] ] } },
{ "type": "Feature", "properties": { "TELECOM": "TELECOM", "nomoficial": "NEWBERY, JORGE", "COM_PAR": "14", "id_street": "2685", "alt_derfin": "1599", "ZONA": "SIN ZONA", "alt_derini": "1501", "TELEFONICA": null, "alt_izqfin": "1600", "BARRIO": "PALERMO", "COMUNA": "14", "alt_izqini": "1502", "codigo": "14019", "BARRIO_PAR": "PALERMO", "id": null, "TELECENTRO": "TELECENTRO", "EMPRESA": "TELECOM/TELECENTRO", "fecha_ingr": "11/11/2025", "long": 0.12, "longitud_m": 124.92208699646962 }, "geometry": { "type": "LineString", "coordinates": [ [ -58.433312010384071, -34.565536482273892 ], [ -58.434100159277136, -34.566454650463506 ] ] } },
{ "type": "Feature", "properties": { "TELECOM": "TELECOM", "nomoficial": "MIGUELETES", "COM_PAR": "14", "id_street": "2686", "alt_derfin": "899", "ZONA": "SIN ZONA", "alt_derini": "801", "TELEFONICA": null, "alt_izqfin": "900", "BARRIO": "PALERMO", "COMUNA": "14", "alt_izqini": "802", "codigo": "13079", "BARRIO_PAR": "PALERMO", "id": null, "TELECENTRO": "TELECENTRO", "EMPRESA": "TELECOM/TELECENTRO", "fecha_ingr": "11/11/2025", "long": 0.12, "longitud_m": 123.34855484223148 }, "geometry": { "type": "LineString", "coordinates": [ [ -58.434100159277136, -34.566454650463506 ], [ -58.435199834460597, -34.565815247169702 ] ] } },
{ "type": "Feature", "properties": { "TELECOM": "TELECOM", "nomoficial": "DEL LIBERTADOR AV.", "COM_PAR": "14", "id_street": "2722", "alt_derfin": "4599", "ZONA": "SIN ZONA", "alt_derini": "4501", "TELEFONICA": null, "alt_izqfin": "4600", "BARRIO": "PALERMO", "COMUNA": "14", "alt_izqini": "4502", "codigo": "12107", "BARRIO_PAR": "PALERMO", "id": null, "TELECENTRO": "TELECENTRO", "EMPRESA": "TELECOM/TELECENTRO", "fecha_ingr": "11/11/2025", "long": 0.12, "longitud_m": 115.11638069812236 }, "geometry": { "type": "LineString", "coordinates": [ [ -58.431228925411389, -34.566776119774367 ], [ -58.43224722995798, -34.566170102700099 ] ] } },
{ "type": "Feature", "properties": { "TELECOM": "TELECOM", "nomoficial": "MATIENZO, BENJAMIN, TENIENTE", "COM_PAR": "14", "id_street": "2765", "alt_derfin": "1599", "ZONA": "SIN ZONA", "alt_derini": "1501", "TELEFONICA": null, "alt_izqfin": "1600", "BARRIO": "PALERMO", "COMUNA": "14", "alt_izqini": "1502", "codigo": "13049", "BARRIO_PAR": "PALERMO", "id": null, "TELECENTRO": "TELECENTRO", "EMPRESA": "TELECOM/TELECENTRO", "fecha_ingr": "11/11/2025", "long": 0.12, "longitud_m": 123.60126538137412 }, "geometry": { "type": "LineString", "coordinates": [ [ -58.43224722995798, -34.566170102700099 ], [ -58.433025501096459, -34.567079472216321 ] ] } },
{ "type": "Feature", "properties": { "TELECOM": "TELECOM", "nomoficial": "MIGUELETES", "COM_PAR": "14", "id_street": "2766", "alt_derfin": "799", "ZONA": "SIN ZONA", "alt_derini": "701", "TELEFONICA": null, "alt_izqfin": "800", "BARRIO": "PALERMO", "COMUNA": "14", "alt_izqini": "702", "codigo": "13079", "BARRIO_PAR": "PALERMO", "id": null, "TELECENTRO": "TELECENTRO", "EMPRESA": "TELECOM/TELECENTRO", "fecha_ingr": "11/11/2025", "long": 0.12, "longitud_m": 120.53957442306159 }, "geometry": { "type": "LineString", "coordinates": [ [ -58.433025501096459, -34.567079472216321 ], [ -58.434100159277136, -34.566454650463506 ] ] } },
{ "type": "Feature", "properties": { "TELECOM": "TELECOM", "nomoficial": "DEL LIBERTADOR AV.", "COM_PAR": "14", "id_street": "2812", "alt_derfin": "4499", "ZONA": "SIN ZONA", "alt_derini": "4401", "TELEFONICA": null, "alt_izqfin": "4500", "BARRIO": "PALERMO", "COMUNA": "14", "alt_izqini": "4402", "codigo": "12107", "BARRIO_PAR": "PALERMO", "id": null, "TELECENTRO": "TELECENTRO", "EMPRESA": "TELECOM/TELECENTRO", "fecha_ingr": "11/11/2025", "long": 0.12, "longitud_m": 118.22718544179853 }, "geometry": { "type": "LineString", "coordinates": [ [ -58.430176975500494, -34.567391415133464 ], [ -58.431228925411389, -34.566776119774367 ] ] } },
{ "type": "Feature", "properties": { "TELECOM": "TELECOM", "nomoficial": "SAN BENITO DE PALERMO", "COM_PAR": "14", "id_street": "2821", "alt_derfin": "1599", "ZONA": "SIN ZONA", "alt_derini": "1501", "TELEFONICA": null, "alt_izqfin": "1600", "BARRIO": "PALERMO", "COMUNA": "14", "alt_izqini": "1502", "codigo": "20025", "BARRIO_PAR": "PALERMO", "id": null, "TELECENTRO": "TELECENTRO", "EMPRESA": "TELECOM/TELECENTRO", "fecha_ingr": "11/11/2025", "long": 0.13, "longitud_m": 129.31284901991069 }, "geometry": { "type": "LineString", "coordinates": [ [ -58.431228925411389, -34.566776119774367 ], [ -58.432369084024984, -34.5674611466237 ] ] } },
{ "type": "Feature", "properties": { "TELECOM": "TELECOM", "nomoficial": "MIGUELETES", "COM_PAR": "14", "id_street": "2822", "alt_derfin": "699", "ZONA": "SIN ZONA", "alt_derini": "601", "TELEFONICA": null, "alt_izqfin": "700", "BARRIO": "PALERMO", "COMUNA": "14", "alt_izqini": "602", "codigo": "13079", "BARRIO_PAR": "PALERMO", "id": null, "TELECENTRO": "TELECENTRO", "EMPRESA": "TELECOM/TELECENTRO", "fecha_ingr": "11/11/2025", "long": 0.07, "longitud_m": 73.62859050369039 }, "geometry": { "type": "LineString", "coordinates": [ [ -58.432369084024984, -34.5674611466237 ], [ -58.433025501096459, -34.567079472216321 ] ] } },
{ "type": "Feature", "properties": { "TELECOM": "TELECOM", "nomoficial": "ORTEGA Y GASSET", "COM_PAR": "14", "id_street": "2930", "alt_derfin": "1599", "ZONA": "SIN ZONA", "alt_derini": "1501", "TELEFONICA": null, "alt_izqfin": "1600", "BARRIO": "PALERMO", "COMUNA": "14", "alt_izqini": "1502", "codigo": "16048", "BARRIO_PAR": "PALERMO", "id": null, "TELECENTRO": "TELECENTRO", "EMPRESA": "TELECOM/TELECENTRO", "fecha_ingr": "11/11/2025", "long": 0.12, "longitud_m": 122.00013454733443 }, "geometry": { "type": "LineString", "coordinates": [ [ -58.430176975500494, -34.567391415133464 ], [ -58.430941021985568, -34.568291427501023 ] ] } },
{ "type": "Feature", "properties": { "TELECOM": "TELECOM", "nomoficial": "MIGUELETES", "COM_PAR": "14", "id_street": "2931", "alt_derfin": "599", "ZONA": "SIN ZONA", "alt_derini": "501", "TELEFONICA": null, "alt_izqfin": "600", "BARRIO": "PALERMO", "COMUNA": "14", "alt_izqini": "502", "codigo": "13079", "BARRIO_PAR": "PALERMO", "id": null, "TELECENTRO": "TELECENTRO", "EMPRESA": "TELECOM/TELECENTRO", "fecha_ingr": "11/11/2025", "long": 0.16, "longitud_m": 160.17692665534713 }, "geometry": { "type": "LineString", "coordinates": [ [ -58.430941021985568, -34.568291427501023 ], [ -58.432369084024984, -34.5674611466237 ] ] } },
{ "type": "Feature", "properties": { "TELECOM": "TELECOM", "nomoficial": "OLLEROS AV.", "COM_PAR": "14", "id_street": "27753", "alt_derfin": "0", "ZONA": "SIN ZONA", "alt_derini": "0", "TELEFONICA": null, "alt_izqfin": "1700", "BARRIO": "PALERMO", "COMUNA": "14", "alt_izqini": "1602", "codigo": "16022", "BARRIO_PAR": "PALERMO", "id": null, "TELECENTRO": "TELECENTRO", "EMPRESA": "TELECOM/TELECENTRO", "fecha_ingr": "11/11/2025", "long": 0.13, "longitud_m": 129.76922409142949 }, "geometry": { "type": "LineString", "coordinates": [ [ -58.436409109431423, -34.563695071770404 ], [ -58.436659362245251, -34.563798654334654 ], [ -58.437404688388241, -34.564505946900823 ] ] } },
{ "type": "Feature", "properties": { "TELECOM": "TELECOM", "nomoficial": "DEL LIBERTADOR AV.", "COM_PAR": "14", "id_street": "28967", "alt_derfin": "0", "ZONA": "SIN ZONA", "alt_derini": "0", "TELEFONICA": null, "alt_izqfin": "5200", "BARRIO": "PALERMO", "COMUNA": "14", "alt_izqini": "5102", "codigo": "12107", "BARRIO_PAR": "PALERMO", "id": null, "TELECENTRO": "TELECENTRO", "EMPRESA": "TELECOM/TELECENTRO", "fecha_ingr": "11/11/2025", "long": 0.13, "longitud_m": 133.88122786328782 }, "geometry": { "type": "LineString", "coordinates": [ [ -58.438177601891816, -34.562946820840445 ], [ -58.439622991559766, -34.562783181083468 ] ] } },
{ "type": "Feature", "properties": { "TELECOM": "TELECOM", "nomoficial": "DEL LIBERTADOR AV.", "COM_PAR": "14", "id_street": "3432", "alt_derfin": "3899", "ZONA": "BOSQUES 3", "alt_derini": "3801", "TELEFONICA": null, "alt_izqfin": "3900", "BARRIO": "PALERMO", "COMUNA": "14", "alt_izqini": "3802", "codigo": "12107", "BARRIO_PAR": "PALERMO", "id": null, "TELECENTRO": "TELECENTRO", "EMPRESA": "TELECOM/TELECENTRO", "fecha_ingr": "23/12/2025", "long": 0.16, "longitud_m": 155.93767544419549 }, "geometry": { "type": "LineString", "coordinates": [ [ -58.421743609580808, -34.571822869962297 ], [ -58.422697257302829, -34.571390294854311 ], [ -58.423246998572552, -34.57116828888843 ] ] } },
{ "type": "Feature", "properties": { "TELECOM": "TELECOM", "nomoficial": "SALGUERO, JERONIMO", "COM_PAR": "14", "id_street": "3452", "alt_derfin": "3749", "ZONA": "9", "alt_derini": "3651", "TELEFONICA": null, "alt_izqfin": "0", "BARRIO": null, "COMUNA": null, "alt_izqini": "0", "codigo": "20012", "BARRIO_PAR": "PALERMO", "id": null, "TELECENTRO": "TELECENTRO", "EMPRESA": "TELECOM/TELECENTRO", "fecha_ingr": null, "long": 0.12, "longitud_m": 122.77435816303019 }, "geometry": { "type": "LineString", "coordinates": [ [ -58.400681246214511, -34.57198561741054 ], [ -58.400065845558991, -34.571339382117309 ], [ -58.399738993254545, -34.571252125760246 ] ] } },
{ "type": "Feature", "properties": { "TELECOM": "TELECOM", "nomoficial": "SINCLAIR", "COM_PAR": "14", "id_street": "3610", "alt_derfin": "3299", "ZONA": "BOSQUES 3", "alt_derini": "3201", "TELEFONICA": null, "alt_izqfin": "3300", "BARRIO": "PALERMO", "COMUNA": "14", "alt_izqini": "3202", "codigo": "20098", "BARRIO_PAR": "PALERMO", "id": null, "TELECENTRO": "TELECENTRO", "EMPRESA": "TELECOM/TELECENTRO", "fecha_ingr": "23/12/2025", "long": 0.16, "longitud_m": 156.25622645424323 }, "geometry": { "type": "LineString", "coordinates": [ [ -58.422432921059482, -34.573110874919614 ], [ -58.421743609580808, -34.571822869962297 ] ] } },
{ "type": "Feature", "properties": { "TELECOM": "TELECOM", "nomoficial": "SALGUERO, JERONIMO", "COM_PAR": "14", "id_street": "3620", "alt_derfin": "3499", "ZONA": "9", "alt_derini": "3351", "TELEFONICA": null, "alt_izqfin": "3500", "BARRIO": null, "COMUNA": null, "alt_izqini": "3352", "codigo": "20012", "BARRIO_PAR": "PALERMO", "id": null, "TELECENTRO": "TELECENTRO", "EMPRESA": "TELECOM/TELECENTRO", "fecha_ingr": null, "long": 0.16, "longitud_m": 159.08980848185092 }, "geometry": { "type": "LineString", "coordinates": [ [ -58.402787081221213, -34.574276331189537 ], [ -58.402030842568848, -34.57351720663484 ], [ -58.401748343624099, -34.573132087871841 ] ] } },
{ "type": "Feature", "properties": { "TELECOM": "TELECOM", "nomoficial": "GODOY CRUZ", "COM_PAR": "14", "id_street": "3680", "alt_derfin": "3299", "ZONA": "BOSQUES 3", "alt_derini": "3201", "TELEFONICA": null, "alt_izqfin": "3300", "BARRIO": "PALERMO", "COMUNA": "14", "alt_izqini": "3202", "codigo": "7054", "BARRIO_PAR": "PALERMO", "id": null, "TELECENTRO": "TELECENTRO", "EMPRESA": "TELECOM/TELECENTRO", "fecha_ingr": "23/12/2025", "long": 0.15, "longitud_m": 154.66908119451719 }, "geometry": { "type": "LineString", "coordinates": [ [ -58.421259128227454, -34.573629148555575 ], [ -58.420550492861885, -34.572364088524864 ] ] } },
{ "type": "Feature", "properties": { "TELECOM": "TELECOM", "nomoficial": "BUSCHIAZZO, JUAN A.", "COM_PAR": "14", "id_street": "3705", "alt_derfin": "3099", "ZONA": "BOSQUES 3", "alt_derini": "3001", "TELEFONICA": null, "alt_izqfin": "3100", "BARRIO": "PALERMO", "COMUNA": "14", "alt_izqini": "3002", "codigo": "2132", "BARRIO_PAR": "PALERMO", "id": null, "TELECENTRO": "TELECENTRO", "EMPRESA": "TELECOM/TELECENTRO", "fecha_ingr": "23/12/2025", "long": 0.15, "longitud_m": 153.80947817569916 }, "geometry": { "type": "LineString", "coordinates": [ [ -58.420818441186313, -34.573823788565726 ], [ -58.420024566266527, -34.572602640368721 ] ] } },
{ "type": "Feature", "properties": { "TELECOM": "TELECOM", "nomoficial": "FRAY JUSTO SANTAMARIA DE ORO", "COM_PAR": "14", "id_street": "3749", "alt_derfin": "3099", "ZONA": "BOSQUES 3", "alt_derini": "3001", "TELEFONICA": null, "alt_izqfin": "3100", "BARRIO": "PALERMO", "COMUNA": "14", "alt_izqini": "3002", "codigo": "16029", "BARRIO_PAR": "PALERMO", "id": null, "TELECENTRO": "TELECENTRO", "EMPRESA": "TELECOM/TELECENTRO", "fecha_ingr": "23/12/2025", "long": 0.15, "longitud_m": 153.08180026751339 }, "geometry": { "type": "LineString", "coordinates": [ [ -58.420026647084683, -34.574173376489917 ], [ -58.419206888571416, -34.572971510028445 ] ] } },
{ "type": "Feature", "properties": { "TELECOM": "TELECOM", "nomoficial": "DEL LIBERTADOR AV.", "COM_PAR": "14", "id_street": "3898", "alt_derfin": "3359", "ZONA": "BOSQUES 3", "alt_derini": "3201", "TELEFONICA": null, "alt_izqfin": "3360", "BARRIO": "PALERMO", "COMUNA": "14", "alt_izqini": "3202", "codigo": "12107", "BARRIO_PAR": "PALERMO", "id": null, "TELECENTRO": "TELECENTRO", "EMPRESA": "TELECOM/TELECENTRO", "fecha_ingr": "23/12/2025", "long": 0.09, "longitud_m": 92.635078737134833 }, "geometry": { "type": "LineString", "coordinates": [ [ -58.413161479160635, -34.575796696868487 ], [ -58.41404741123683, -34.575396276289908 ] ] } },
{ "type": "Feature", "properties": { "TELECOM": "TELECOM", "nomoficial": "SALGUERO, JERONIMO", "COM_PAR": "14", "id_street": "3927", "alt_derfin": "3349", "ZONA": "9", "alt_derini": "3143", "TELEFONICA": null, "alt_izqfin": "3350", "BARRIO": "PALERMO", "COMUNA": "14", "alt_izqini": "3132", "codigo": "20012", "BARRIO_PAR": "PALERMO", "id": null, "TELECENTRO": "TELECENTRO", "EMPRESA": "TELECOM/TELECENTRO", "fecha_ingr": null, "long": 0.23, "longitud_m": 229.2032716355651 }, "geometry": { "type": "LineString", "coordinates": [ [ -58.404298403331346, -34.575921398861517 ], [ -58.402787081221213, -34.574276331189537 ] ] } },
{ "type": "Feature", "properties": { "TELECOM": "TELECOM", "nomoficial": "DEL LIBERTADOR AV.", "COM_PAR": "14", "id_street": "4092", "alt_derfin": "3199", "ZONA": "BOSQUES 3", "alt_derini": "3101", "TELEFONICA": null, "alt_izqfin": "3200", "BARRIO": "PALERMO", "COMUNA": "14", "alt_izqini": "3102", "codigo": "12107", "BARRIO_PAR": "PALERMO", "id": null, "TELECENTRO": "TELECENTRO", "EMPRESA": "TELECOM/TELECENTRO", "fecha_ingr": "23/12/2025", "long": 0.15, "longitud_m": 147.61255294683338 }, "geometry": { "type": "LineString", "coordinates": [ [ -58.411749719690441, -34.576434712698877 ], [ -58.413161479160635, -34.575796696868487 ] ] } },
{ "type": "Feature", "properties": { "TELECOM": "TELECOM", "nomoficial": "DEL LIBERTADOR AV.", "COM_PAR": "14", "id_street": "4153", "alt_derfin": "3099", "ZONA": "BOSQUES 3", "alt_derini": "3001", "TELEFONICA": null, "alt_izqfin": "3100", "BARRIO": "PALERMO", "COMUNA": "14", "alt_izqini": "3002", "codigo": "12107", "BARRIO_PAR": "PALERMO", "id": null, "TELECENTRO": "TELECENTRO", "EMPRESA": "TELECOM/TELECENTRO", "fecha_ingr": "23/12/2025", "long": 0.08, "longitud_m": 84.469381047401185 }, "geometry": { "type": "LineString", "coordinates": [ [ -58.410941846671122, -34.576799798401069 ], [ -58.411749719690441, -34.576434712698877 ] ] } },
{ "type": "Feature", "properties": { "TELECOM": "TELECOM", "nomoficial": "REPUBLICA DE LA INDIA", "COM_PAR": "14", "id_street": "4192", "alt_derfin": "3199", "ZONA": "BOSQUES 3", "alt_derini": "3101", "TELEFONICA": null, "alt_izqfin": "3200", "BARRIO": "PALERMO", "COMUNA": "14", "alt_izqini": "3102", "codigo": "19026", "BARRIO_PAR": "PALERMO", "id": null, "TELECENTRO": "TELECENTRO", "EMPRESA": "TELECOM/TELECENTRO", "fecha_ingr": "23/12/2025", "long": 0.16, "longitud_m": 157.27263856264631 }, "geometry": { "type": "LineString", "coordinates": [ [ -58.413979194021024, -34.577042687873757 ], [ -58.413161479160635, -34.575796696868487 ] ] } },
{ "type": "Feature", "properties": { "TELECOM": "TELECOM", "nomoficial": "DEL LIBERTADOR AV.", "COM_PAR": "14", "id_street": "4224", "alt_derfin": "2999", "ZONA": "BOSQUES 3", "alt_derini": "2901", "TELEFONICA": null, "alt_izqfin": "3000", "BARRIO": "PALERMO", "COMUNA": "14", "alt_izqini": "2902", "codigo": "12107", "BARRIO_PAR": "PALERMO", "id": null, "TELECENTRO": "TELECENTRO", "EMPRESA": "TELECOM/TELECENTRO", "fecha_ingr": "23/12/2025", "long": 0.1, "longitud_m": 102.57760906818048 }, "geometry": { "type": "LineString", "coordinates": [ [ -58.409958442474561, -34.57723959231155 ], [ -58.410941846671122, -34.576799798401069 ] ] } },
{ "type": "Feature", "properties": { "TELECOM": "TELECOM", "nomoficial": "DEL LIBERTADOR AV.", "COM_PAR": "14", "id_street": "4233", "alt_derfin": "0", "ZONA": "BOSQUES 3", "alt_derini": "0", "TELEFONICA": null, "alt_izqfin": "0", "BARRIO": "PALERMO", "COMUNA": "14", "alt_izqini": "0", "codigo": "12107", "BARRIO_PAR": "PALERMO", "id": null, "TELECENTRO": "TELECENTRO", "EMPRESA": "TELECOM/TELECENTRO", "fecha_ingr": "23/12/2025", "long": 0.01, "longitud_m": 9.5879937459742006 }, "geometry": { "type": "LineString", "coordinates": [ [ -58.409866463451408, -34.577280609204344 ], [ -58.409958442474561, -34.57723959231155 ] ] } },
{ "type": "Feature", "properties": { "TELECOM": "TELECOM", "nomoficial": "LAFINUR", "COM_PAR": "14", "id_street": "4275", "alt_derfin": "3399", "ZONA": "BOSQUES 3", "alt_derini": "3301", "TELEFONICA": null, "alt_izqfin": "3400", "BARRIO": "PALERMO", "COMUNA": "14", "alt_izqini": "3302", "codigo": "12019", "BARRIO_PAR": "PALERMO", "id": null, "TELECENTRO": "TELECENTRO", "EMPRESA": "TELECOM/TELECENTRO", "fecha_ingr": "23/12/2025", "long": 0.15, "longitud_m": 150.05103578697936 }, "geometry": { "type": "LineString", "coordinates": [ [ -58.412535612989856, -34.577620909919425 ], [ -58.411749719690441, -34.576434712698877 ] ] } },
{ "type": "Feature", "properties": { "TELECOM": "TELECOM", "nomoficial": "DEL LIBERTADOR AV.", "COM_PAR": "14", "id_street": "4318", "alt_derfin": "2899", "ZONA": "BOSQUES 3", "alt_derini": "2801", "TELEFONICA": null, "alt_izqfin": "2890", "BARRIO": "PALERMO", "COMUNA": "14", "alt_izqini": "2802", "codigo": "12107", "BARRIO_PAR": "PALERMO", "id": null, "TELECENTRO": "TELECENTRO", "EMPRESA": "TELECOM/TELECENTRO", "fecha_ingr": "23/12/2025", "long": 0.13, "longitud_m": 129.99161701936214 }, "geometry": { "type": "LineString", "coordinates": [ [ -58.408619372354551, -34.577836616809783 ], [ -58.409866463451408, -34.577280609204344 ] ] } },
{ "type": "Feature", "properties": { "TELECOM": "TELECOM", "nomoficial": "REPUBLICA ARABE SIRIA", "COM_PAR": "14", "id_street": "4336", "alt_derfin": "3399", "ZONA": "BOSQUES 3", "alt_derini": "3301", "TELEFONICA": null, "alt_izqfin": "3400", "BARRIO": "PALERMO", "COMUNA": "14", "alt_izqini": "3302", "codigo": "13016", "BARRIO_PAR": "PALERMO", "id": null, "TELECENTRO": "TELECENTRO", "EMPRESA": "TELECOM/TELECENTRO", "fecha_ingr": "23/12/2025", "long": 0.15, "longitud_m": 145.89965162541708 }, "geometry": { "type": "LineString", "coordinates": [ [ -58.41170740359879, -34.577952540812653 ], [ -58.410941846671122, -34.576799798401069 ] ] } },
{ "type": "Feature", "properties": { "TELECOM": "TELECOM", "nomoficial": "UGARTECHE", "COM_PAR": "14", "id_street": "4411", "alt_derfin": "3399", "ZONA": "BOSQUES 3", "alt_derini": "3301", "TELEFONICA": null, "alt_izqfin": "3400", "BARRIO": "PALERMO", "COMUNA": "14", "alt_izqini": "3302", "codigo": "22004", "BARRIO_PAR": "PALERMO", "id": null, "TELECENTRO": "TELECENTRO", "EMPRESA": "TELECOM/TELECENTRO", "fecha_ingr": "23/12/2025", "long": 0.14, "longitud_m": 141.19837355556973 }, "geometry": { "type": "LineString", "coordinates": [ [ -58.410639705849967, -34.578380895797096 ], [ -58.409958442474561, -34.57723959231155 ] ] } },
{ "type": "Feature", "properties": { "TELECOM": "TELECOM", "nomoficial": "ORTIZ DE OCAMPO", "COM_PAR": "14", "id_street": "5115", "alt_derfin": "2799", "ZONA": "9", "alt_derini": "2701", "TELEFONICA": null, "alt_izqfin": "2800", "BARRIO": "PALERMO", "COMUNA": "14", "alt_izqini": "2702", "codigo": "16005", "BARRIO_PAR": "PALERMO", "id": null, "TELECENTRO": "TELECENTRO", "EMPRESA": "TELECOM/TELECENTRO", "fecha_ingr": null, "long": 0.08, "longitud_m": 84.074607902877673 }, "geometry": { "type": "LineString", "coordinates": [ [ -58.404170866613462, -34.5819288446651 ], [ -58.403673215586991, -34.581292464096649 ] ] } },
{ "type": "Feature", "properties": { "TELECOM": "TELECOM", "nomoficial": "ORTIZ DE OCAMPO", "COM_PAR": "14", "id_street": "5235", "alt_derfin": "2699", "ZONA": "9", "alt_derini": "2601", "TELEFONICA": null, "alt_izqfin": "2700", "BARRIO": "PALERMO", "COMUNA": "14", "alt_izqini": "2602", "codigo": "16005", "BARRIO_PAR": "PALERMO", "id": null, "TELECENTRO": "TELECENTRO", "EMPRESA": "TELECOM/TELECENTRO", "fecha_ingr": null, "long": 0.09, "longitud_m": 91.184134775697558 }, "geometry": { "type": "LineString", "coordinates": [ [ -58.404710720357151, -34.582618976782484 ], [ -58.404170866613462, -34.5819288446651 ] ] } },
{ "type": "Feature", "properties": { "TELECOM": "TELECOM", "nomoficial": "ARENALES", "COM_PAR": "2", "id_street": "7902", "alt_derfin": "1699", "ZONA": "1", "alt_derini": "1601", "TELEFONICA": null, "alt_izqfin": "1700", "BARRIO": "RECOLETA", "COMUNA": "2", "alt_izqini": "1602", "codigo": "1104", "BARRIO_PAR": "RECOLETA", "id": null, "TELECENTRO": "TELECENTRO", "EMPRESA": "TELECOM/TELECENTRO", "fecha_ingr": null, "long": 0.19, "longitud_m": 187.20296430301281 }, "geometry": { "type": "LineString", "coordinates": [ [ -58.390025854939999, -34.595074374901195 ], [ -58.392058029967437, -34.594920486017379 ] ] } },
{ "type": "Feature", "properties": { "TELECOM": "TELECOM", "nomoficial": "MONTEVIDEO", "COM_PAR": "2", "id_street": "8057", "alt_derfin": "1199", "ZONA": "1", "alt_derini": "1101", "TELEFONICA": null, "alt_izqfin": "1200", "BARRIO": "RECOLETA", "COMUNA": "2", "alt_izqini": "1102", "codigo": "13118", "BARRIO_PAR": "RECOLETA", "id": null, "TELECENTRO": "TELECENTRO", "EMPRESA": "TELECOM/TELECENTRO", "fecha_ingr": null, "long": 0.08, "longitud_m": 80.865696130952088 }, "geometry": { "type": "LineString", "coordinates": [ [ -58.389952454407101, -34.595800802015255 ], [ -58.390025854939999, -34.595074374901195 ] ] } },
{ "type": "Feature", "properties": { "TELECOM": "TELECOM", "nomoficial": "MONTEVIDEO", "COM_PAR": "2", "id_street": "27558", "alt_derfin": "1299", "ZONA": "1", "alt_derini": "1201", "TELEFONICA": null, "alt_izqfin": "1300", "BARRIO": "RECOLETA", "COMUNA": "2", "alt_izqini": "1202", "codigo": "13118", "BARRIO_PAR": "RECOLETA", "id": null, "TELECENTRO": "TELECENTRO", "EMPRESA": "TELECOM/TELECENTRO", "fecha_ingr": null, "long": 0.09, "longitud_m": 88.885258610112032 }, "geometry": { "type": "LineString", "coordinates": [ [ -58.390025854939999, -34.595074374901195 ], [ -58.390063566301336, -34.594273731522428 ] ] } },
{ "type": "Feature", "properties": { "TELECOM": "TELECOM", "nomoficial": "OBLIGADO RAFAEL, AV.COSTANERA", "COM_PAR": "2", "id_street": "29088", "alt_derfin": "1409", "ZONA": "9", "alt_derini": "1401", "TELEFONICA": null, "alt_izqfin": "1410", "BARRIO": "RECOLETA", "COMUNA": "2", "alt_izqini": "1402", "codigo": "16003", "BARRIO_PAR": "RECOLETA", "id": null, "TELECENTRO": "TELECENTRO", "EMPRESA": "TELECOM/TELECENTRO", "fecha_ingr": null, "long": 0.07, "longitud_m": 68.819775335701522 }, "geometry": { "type": "LineString", "coordinates": [ [ -58.398376366377782, -34.570385331571359 ], [ -58.399001285501193, -34.570042333408416 ] ] } },
{ "type": "Feature", "properties": { "TELECOM": "TELECOM", "nomoficial": "SALGUERO, JERONIMO", "COM_PAR": "2", "id_street": "29094", "alt_derfin": "0", "ZONA": "9", "alt_derini": "0", "TELEFONICA": null, "alt_izqfin": "0", "BARRIO": "RECOLETA", "COMUNA": "2", "alt_izqini": "0", "codigo": "20012", "BARRIO_PAR": "RECOLETA", "id": null, "TELECENTRO": "TELECENTRO", "EMPRESA": "TELECOM/TELECENTRO", "fecha_ingr": null, "long": 0.07, "longitud_m": 69.522236734042067 }, "geometry": { "type": "LineString", "coordinates": [ [ -58.398968713637387, -34.570709608371679 ], [ -58.398705031684926, -34.570435587567786 ], [ -58.398376366377782, -34.570385331571359 ] ] } },
{ "type": "Feature", "properties": { "TELECOM": "TELECOM", "nomoficial": "SALGUERO, JERONIMO", "COM_PAR": "2", "id_street": "29097", "alt_derfin": "0", "ZONA": "9", "alt_derini": "0", "TELEFONICA": null, "alt_izqfin": "0", "BARRIO": "RECOLETA", "COMUNA": "2", "alt_izqini": "0", "codigo": "20012", "BARRIO_PAR": "RECOLETA", "id": null, "TELECENTRO": "TELECENTRO", "EMPRESA": "TELECOM/TELECENTRO", "fecha_ingr": null, "long": 0.11, "longitud_m": 104.15531105243619 }, "geometry": { "type": "LineString", "coordinates": [ [ -58.399738993254545, -34.571252125760246 ], [ -58.399367775193625, -34.571215263857994 ], [ -58.39907979905994, -34.571013438453299 ], [ -58.398968713637387, -34.570709608371679 ] ] } },
{ "type": "Feature", "properties": { "TELECOM": "TELECOM", "nomoficial": "SALGUERO, JERONIMO", "COM_PAR": "14", "id_street": "30060", "alt_derfin": "3509", "ZONA": "9", "alt_derini": "3501", "TELEFONICA": null, "alt_izqfin": "3510", "BARRIO": null, "COMUNA": null, "alt_izqini": "3502", "codigo": "20012", "BARRIO_PAR": "PALERMO", "id": null, "TELECENTRO": "TELECENTRO", "EMPRESA": "TELECOM/TELECENTRO", "fecha_ingr": null, "long": 0.04, "longitud_m": 44.361267425038037 }, "geometry": { "type": "LineString", "coordinates": [ [ -58.401748343624099, -34.573132087871841 ], [ -58.401453415912933, -34.572815226886647 ] ] } },
{ "type": "Feature", "properties": { "TELECOM": "TELECOM", "nomoficial": "SALGUERO, JERONIMO", "COM_PAR": "14", "id_street": "30062", "alt_derfin": "3649", "ZONA": "9", "alt_derini": "3511", "TELEFONICA": null, "alt_izqfin": "0", "BARRIO": null, "COMUNA": null, "alt_izqini": "0", "codigo": "20012", "BARRIO_PAR": "PALERMO", "id": null, "TELECENTRO": "TELECENTRO", "EMPRESA": "TELECOM/TELECENTRO", "fecha_ingr": null, "long": 0.12, "longitud_m": 116.14675396788873 }, "geometry": { "type": "LineString", "coordinates": [ [ -58.401453415912933, -34.572815226886647 ], [ -58.400681246214511, -34.57198561741054 ] ] } },
{ "type": "Feature", "properties": { "TELECOM": null, "nomoficial": "ORTIZ DE OCAMPO AV.", "COM_PAR": "14", "id_street": "4699", "alt_derfin": "2865", "ZONA": "9", "alt_derini": "2841", "TELEFONICA": null, "alt_izqfin": "2868", "BARRIO": "PALERMO", "COMUNA": "14", "alt_izqini": "2842", "codigo": "16005", "BARRIO_PAR": "PALERMO", "id": null, "TELECENTRO": null, "EMPRESA": "TELCOS - NO SE IDENTIFICA", "fecha_ingr": null, "long": 0.09, "longitud_m": 88.175763727491727 }, "geometry": { "type": "LineString", "coordinates": [ [ -58.403016084714579, -34.57996366594967 ], [ -58.402914653538289, -34.579173248899977 ] ] } },
{ "type": "Feature", "properties": { "TELECOM": null, "nomoficial": "ELIZALDE, RUFINO DE", "COM_PAR": "14", "id_street": "4911", "alt_derfin": "2849", "ZONA": "9", "alt_derini": "2801", "TELEFONICA": null, "alt_izqfin": "2850", "BARRIO": "PALERMO", "COMUNA": "14", "alt_izqini": "2802", "codigo": "5033", "BARRIO_PAR": "PALERMO", "id": null, "TELECENTRO": null, "EMPRESA": "TELCOS - NO SE IDENTIFICA", "fecha_ingr": null, "long": 0.1, "longitud_m": 101.71333829822528 }, "geometry": { "type": "LineString", "coordinates": [ [ -58.403109468739757, -34.580768653448644 ], [ -58.402714114130212, -34.58073543218746 ], [ -58.402439431888226, -34.580624659674314 ], [ -58.402045268971328, -34.580545587788542 ] ] } },
{ "type": "Feature", "properties": { "TELECOM": null, "nomoficial": "ORTIZ DE OCAMPO AV.", "COM_PAR": "14", "id_street": "4912", "alt_derfin": "2839", "ZONA": "9", "alt_derini": "2811", "TELEFONICA": null, "alt_izqfin": "2840", "BARRIO": "PALERMO", "COMUNA": "14", "alt_izqini": "2812", "codigo": "16005", "BARRIO_PAR": "PALERMO", "id": null, "TELECENTRO": null, "EMPRESA": "TELCOS - NO SE IDENTIFICA", "fecha_ingr": null, "long": 0.09, "longitud_m": 89.709715287890205 }, "geometry": { "type": "LineString", "coordinates": [ [ -58.403109468739757, -34.580768653448644 ], [ -58.403016084714579, -34.57996366594967 ] ] } },
{ "type": "Feature", "properties": { "TELECOM": null, "nomoficial": "ORTIZ DE OCAMPO AV.", "COM_PAR": "14", "id_street": "5010", "alt_derfin": "2809", "ZONA": "9", "alt_derini": "2801", "TELEFONICA": null, "alt_izqfin": "2810", "BARRIO": "PALERMO", "COMUNA": "14", "alt_izqini": "2802", "codigo": "16005", "BARRIO_PAR": "PALERMO", "id": null, "TELECENTRO": null, "EMPRESA": "TELCOS - NO SE IDENTIFICA", "fecha_ingr": null, "long": 0.09, "longitud_m": 90.442027586450536 }, "geometry": { "type": "LineString", "coordinates": [ [ -58.403673215586991, -34.581292464096649 ], [ -58.403212264512021, -34.581176761556854 ], [ -58.403109468739757, -34.580768653448644 ] ] } },
{ "type": "Feature", "properties": { "TELECOM": "TELECOM", "nomoficial": "LA PAMPA", "COM_PAR": "13", "id_street": "1247", "alt_derfin": "699", "ZONA": "BOSQUES 1", "alt_derini": "601", "TELEFONICA": null, "alt_izqfin": "700", "BARRIO": "BELGRANO", "COMUNA": "13", "alt_izqini": "602", "codigo": "12168", "BARRIO_PAR": "BELGRANO", "id": null, "TELECENTRO": "TELECENTRO", "EMPRESA": "TELECOM/TELECENTRO", "fecha_ingr": "11/11/2025", "long": 0.11, "longitud_m": 105.40287270217874 }, "geometry": { "type": "LineString", "coordinates": [ [ -58.435410426824376, -34.553691084306202 ], [ -58.436347117048669, -34.554240813433445 ] ] } },
{ "type": "Feature", "properties": { "TELECOM": "TELECOM", "nomoficial": "CASTAÑEDA", "COM_PAR": "13", "id_street": "1307", "alt_derfin": "1899", "ZONA": "BOSQUES 1", "alt_derini": "1801", "TELEFONICA": null, "alt_izqfin": "1900", "BARRIO": "BELGRANO", "COMUNA": "13", "alt_izqini": "1802", "codigo": "3087", "BARRIO_PAR": "BELGRANO", "id": null, "TELECENTRO": "TELECENTRO", "EMPRESA": "TELECOM/TELECENTRO", "fecha_ingr": "11/11/2025", "long": 0.13, "longitud_m": 130.17629298948088 }, "geometry": { "type": "LineString", "coordinates": [ [ -58.436347117048669, -34.554240813433445 ], [ -58.437167528611774, -34.553283575269155 ] ] } },
{ "type": "Feature", "properties": { "TELECOM": "TELECOM", "nomoficial": "SUCRE, ANTONIO JOSE DE, MCAL.", "COM_PAR": "13", "id_street": "1348", "alt_derfin": "899", "ZONA": "BOSQUES 1", "alt_derini": "801", "TELEFONICA": null, "alt_izqfin": "900", "BARRIO": "BELGRANO", "COMUNA": "13", "alt_izqini": "802", "codigo": "20120", "BARRIO_PAR": "BELGRANO", "id": null, "TELECENTRO": "TELECENTRO", "EMPRESA": "TELECOM/TELECENTRO", "fecha_ingr": "11/11/2025", "long": 0.13, "longitud_m": 127.30787004681261 }, "geometry": { "type": "LineString", "coordinates": [ [ -58.438292744775197, -34.553957418067974 ], [ -58.439412956252689, -34.554634207261756 ] ] } },
{ "type": "Feature", "properties": { "TELECOM": "TELECOM", "nomoficial": "LA PAMPA", "COM_PAR": "13", "id_street": "1380", "alt_derfin": "799", "ZONA": "BOSQUES 1", "alt_derini": "701", "TELEFONICA": null, "alt_izqfin": "800", "BARRIO": "BELGRANO", "COMUNA": "13", "alt_izqini": "702", "codigo": "12168", "BARRIO_PAR": "BELGRANO", "id": null, "TELECENTRO": "TELECENTRO", "EMPRESA": "TELECOM/TELECENTRO", "fecha_ingr": "11/11/2025", "long": 0.13, "longitud_m": 126.46923051824997 }, "geometry": { "type": "LineString", "coordinates": [ [ -58.436347117048669, -34.554240813433445 ], [ -58.437463999734682, -34.554908535024012 ] ] } },
{ "type": "Feature", "properties": { "TELECOM": "TELECOM", "nomoficial": "RAMSAY", "COM_PAR": "13", "id_street": "1381", "alt_derfin": "1899", "ZONA": "BOSQUES 1", "alt_derini": "1801", "TELEFONICA": null, "alt_izqfin": "1900", "BARRIO": "BELGRANO", "COMUNA": "13", "alt_izqini": "1802", "codigo": "19009", "BARRIO_PAR": "BELGRANO", "id": null, "TELECENTRO": "TELECENTRO", "EMPRESA": "TELECOM/TELECENTRO", "fecha_ingr": "11/11/2025", "long": 0.13, "longitud_m": 130.0684218197037 }, "geometry": { "type": "LineString", "coordinates": [ [ -58.437463999734682, -34.554908535024012 ], [ -58.438292744775197, -34.553957418067974 ] ] } },
{ "type": "Feature", "properties": { "TELECOM": "TELECOM", "nomoficial": "SUCRE, ANTONIO JOSE DE, MCAL.", "COM_PAR": "13", "id_street": "1442", "alt_derfin": "999", "ZONA": "BOSQUES 1", "alt_derini": "901", "TELEFONICA": null, "alt_izqfin": "1000", "BARRIO": "BELGRANO", "COMUNA": "13", "alt_izqini": "902", "codigo": "20120", "BARRIO_PAR": "BELGRANO", "id": null, "TELECENTRO": "TELECENTRO", "EMPRESA": "TELECOM/TELECENTRO", "fecha_ingr": "11/11/2025", "long": 0.13, "longitud_m": 126.73121481359509 }, "geometry": { "type": "LineString", "coordinates": [ [ -58.439412956252689, -34.554634207261756 ], [ -58.440528079553225, -34.555307956918845 ] ] } },
{ "type": "Feature", "properties": { "TELECOM": "TELECOM", "nomoficial": "LA PAMPA", "COM_PAR": "13", "id_street": "1476", "alt_derfin": "899", "ZONA": "BOSQUES 1", "alt_derini": "801", "TELEFONICA": null, "alt_izqfin": "900", "BARRIO": "BELGRANO", "COMUNA": "13", "alt_izqini": "802", "codigo": "12168", "BARRIO_PAR": "BELGRANO", "id": null, "TELECENTRO": "TELECENTRO", "EMPRESA": "TELECOM/TELECENTRO", "fecha_ingr": "11/11/2025", "long": 0.13, "longitud_m": 126.83796467885949 }, "geometry": { "type": "LineString", "coordinates": [ [ -58.437463999734682, -34.554908535024012 ], [ -58.438584134223838, -34.555578218862713 ] ] } },
{ "type": "Feature", "properties": { "TELECOM": "TELECOM", "nomoficial": "DRAGONES", "COM_PAR": "13", "id_street": "1477", "alt_derfin": "1899", "ZONA": "BOSQUES 1", "alt_derini": "1801", "TELEFONICA": null, "alt_izqfin": "1900", "BARRIO": "BELGRANO", "COMUNA": "13", "alt_izqini": "1802", "codigo": "4091", "BARRIO_PAR": "BELGRANO", "id": null, "TELECENTRO": "TELECENTRO", "EMPRESA": "TELECOM/TELECENTRO", "fecha_ingr": "11/11/2025", "long": 0.13, "longitud_m": 129.4336557352697 }, "geometry": { "type": "LineString", "coordinates": [ [ -58.438584134223838, -34.555578218862713 ], [ -58.439412956252689, -34.554634207261756 ] ] } },
{ "type": "Feature", "properties": { "TELECOM": "TELECOM", "nomoficial": "HUSARES", "COM_PAR": "13", "id_street": "1482", "alt_derfin": "1899", "ZONA": "BOSQUES 1", "alt_derini": "1861", "TELEFONICA": null, "alt_izqfin": "1900", "BARRIO": "BELGRANO", "COMUNA": "13", "alt_izqini": "1862", "codigo": "8038", "BARRIO_PAR": "BELGRANO", "id": null, "TELECENTRO": "TELECENTRO", "EMPRESA": "TELECOM/TELECENTRO", "fecha_ingr": "11/11/2025", "long": 0.05, "longitud_m": 45.923133493996829 }, "geometry": { "type": "LineString", "coordinates": [ [ -58.440235687776202, -34.555643895630823 ], [ -58.440528079553225, -34.555307956918845 ] ] } },
{ "type": "Feature", "properties": { "TELECOM": "TELECOM", "nomoficial": "SUCRE, ANTONIO JOSE DE, MCAL.", "COM_PAR": "13", "id_street": "1501", "alt_derfin": "1069", "ZONA": "BOSQUES 1", "alt_derini": "1001", "TELEFONICA": null, "alt_izqfin": "1070", "BARRIO": "BELGRANO", "COMUNA": "13", "alt_izqini": "1002", "codigo": "20120", "BARRIO_PAR": "BELGRANO", "id": null, "TELECENTRO": "TELECENTRO", "EMPRESA": "TELECOM/TELECENTRO", "fecha_ingr": "11/11/2025", "long": 0.09, "longitud_m": 89.171623307538837 }, "geometry": { "type": "LineString", "coordinates": [ [ -58.440528079553225, -34.555307956918845 ], [ -58.441312753158051, -34.55578198481836 ] ] } },
{ "type": "Feature", "properties": { "TELECOM": "TELECOM", "nomoficial": "SUCRE, ANTONIO JOSE DE, MCAL.", "COM_PAR": "13", "id_street": "1527", "alt_derfin": "1099", "ZONA": "BOSQUES 1", "alt_derini": "1071", "TELEFONICA": null, "alt_izqfin": "1100", "BARRIO": "BELGRANO", "COMUNA": "13", "alt_izqini": "1072", "codigo": "20120", "BARRIO_PAR": "BELGRANO", "id": null, "TELECENTRO": "TELECENTRO", "EMPRESA": "TELECOM/TELECENTRO", "fecha_ingr": "11/11/2025", "long": 0.04, "longitud_m": 37.87375913625096 }, "geometry": { "type": "LineString", "coordinates": [ [ -58.441312753158051, -34.55578198481836 ], [ -58.441646029369672, -34.55598331657658 ] ] } },
{ "type": "Feature", "properties": { "TELECOM": "TELECOM", "nomoficial": "LA PAMPA", "COM_PAR": "13", "id_street": "1559", "alt_derfin": "999", "ZONA": "BOSQUES 1", "alt_derini": "901", "TELEFONICA": null, "alt_izqfin": "1000", "BARRIO": "BELGRANO", "COMUNA": "13", "alt_izqini": "902", "codigo": "12168", "BARRIO_PAR": "BELGRANO", "id": null, "TELECENTRO": "TELECENTRO", "EMPRESA": "TELECOM/TELECENTRO", "fecha_ingr": "11/11/2025", "long": 0.13, "longitud_m": 127.26932712523985 }, "geometry": { "type": "LineString", "coordinates": [ [ -58.438584134223838, -34.555578218862713 ], [ -58.439708116434538, -34.556250146670848 ] ] } },
{ "type": "Feature", "properties": { "TELECOM": "TELECOM", "nomoficial": "HUSARES", "COM_PAR": "13", "id_street": "1560", "alt_derfin": "1859", "ZONA": "BOSQUES 1", "alt_derini": "1801", "TELEFONICA": null, "alt_izqfin": "1860", "BARRIO": "BELGRANO", "COMUNA": "13", "alt_izqini": "1802", "codigo": "8038", "BARRIO_PAR": "BELGRANO", "id": null, "TELECENTRO": "TELECENTRO", "EMPRESA": "TELECOM/TELECENTRO", "fecha_ingr": "11/11/2025", "long": 0.08, "longitud_m": 82.869946363350948 }, "geometry": { "type": "LineString", "coordinates": [ [ -58.439708116434538, -34.556250146670848 ], [ -58.440235687776202, -34.555643895630823 ] ] } },
{ "type": "Feature", "properties": { "TELECOM": "TELECOM", "nomoficial": "LA PAMPA", "COM_PAR": "13", "id_street": "1586", "alt_derfin": "1029", "ZONA": "BOSQUES 1", "alt_derini": "1001", "TELEFONICA": null, "alt_izqfin": "1030", "BARRIO": "BELGRANO", "COMUNA": "13", "alt_izqini": "1002", "codigo": "12168", "BARRIO_PAR": "BELGRANO", "id": null, "TELECENTRO": "TELECENTRO", "EMPRESA": "TELECOM/TELECENTRO", "fecha_ingr": "11/11/2025", "long": 0.04, "longitud_m": 38.076652376698654 }, "geometry": { "type": "LineString", "coordinates": [ [ -58.439708116434538, -34.556250146670848 ], [ -58.440044369932565, -34.55645120166394 ] ] } },
{ "type": "Feature", "properties": { "TELECOM": "TELECOM", "nomoficial": "SUCRE, ANTONIO JOSE DE, MCAL.", "COM_PAR": "13", "id_street": "1605", "alt_derfin": "1199", "ZONA": "BOSQUES 1", "alt_derini": "1101", "TELEFONICA": null, "alt_izqfin": "1200", "BARRIO": "BELGRANO", "COMUNA": "13", "alt_izqini": "1102", "codigo": "20120", "BARRIO_PAR": "BELGRANO", "id": null, "TELECENTRO": "TELECENTRO", "EMPRESA": "TELECOM/TELECENTRO", "fecha_ingr": "11/11/2025", "long": 0.13, "longitud_m": 127.0037587239817 }, "geometry": { "type": "LineString", "coordinates": [ [ -58.441646029369672, -34.55598331657658 ], [ -58.442769787232749, -34.556651413217274 ] ] } },
{ "type": "Feature", "properties": { "TELECOM": "TELECOM", "nomoficial": "LA PAMPA", "COM_PAR": "13", "id_street": "1615", "alt_derfin": "1069", "ZONA": "BOSQUES 1", "alt_derini": "1031", "TELEFONICA": null, "alt_izqfin": "1070", "BARRIO": "BELGRANO", "COMUNA": "13", "alt_izqini": "1032", "codigo": "12168", "BARRIO_PAR": "BELGRANO", "id": null, "TELECENTRO": "TELECENTRO", "EMPRESA": "TELECOM/TELECENTRO", "fecha_ingr": "11/11/2025", "long": 0.05, "longitud_m": 50.28850537207871 }, "geometry": { "type": "LineString", "coordinates": [ [ -58.440044369932565, -34.55645120166394 ], [ -58.44048879569602, -34.556716361942698 ] ] } },
{ "type": "Feature", "properties": { "TELECOM": "TELECOM", "nomoficial": "LA PAMPA", "COM_PAR": "13", "id_street": "1639", "alt_derfin": "1099", "ZONA": "BOSQUES 1", "alt_derini": "1071", "TELEFONICA": null, "alt_izqfin": "1100", "BARRIO": "BELGRANO", "COMUNA": "13", "alt_izqini": "1072", "codigo": "12168", "BARRIO_PAR": "BELGRANO", "id": null, "TELECENTRO": "TELECENTRO", "EMPRESA": "TELECOM/TELECENTRO", "fecha_ingr": "11/11/2025", "long": 0.04, "longitud_m": 39.721934567095502 }, "geometry": { "type": "LineString", "coordinates": [ [ -58.44048879569602, -34.556716361942698 ], [ -58.440840032006527, -34.556925586727168 ] ] } },
{ "type": "Feature", "properties": { "TELECOM": "TELECOM", "nomoficial": "CAZADORES", "COM_PAR": "13", "id_street": "1640", "alt_derfin": "1899", "ZONA": "BOSQUES 1", "alt_derini": "1801", "TELEFONICA": null, "alt_izqfin": "1900", "BARRIO": "BELGRANO", "COMUNA": "13", "alt_izqini": "1802", "codigo": "3262", "BARRIO_PAR": "BELGRANO", "id": null, "TELECENTRO": "TELECENTRO", "EMPRESA": "TELECOM/TELECENTRO", "fecha_ingr": "11/11/2025", "long": 0.13, "longitud_m": 128.05530261674431 }, "geometry": { "type": "LineString", "coordinates": [ [ -58.440840032006527, -34.556925586727168 ], [ -58.441646029369672, -34.55598331657658 ] ] } },
{ "type": "Feature", "properties": { "TELECOM": "TELECOM", "nomoficial": "LA PAMPA", "COM_PAR": "13", "id_street": "1710", "alt_derfin": "1199", "ZONA": "BOSQUES 1", "alt_derini": "1101", "TELEFONICA": null, "alt_izqfin": "1200", "BARRIO": "BELGRANO", "COMUNA": "13", "alt_izqini": "1102", "codigo": "12168", "BARRIO_PAR": "BELGRANO", "id": null, "TELECENTRO": "TELECENTRO", "EMPRESA": "TELECOM/TELECENTRO", "fecha_ingr": "11/11/2025", "long": 0.13, "longitud_m": 127.83915935466378 }, "geometry": { "type": "LineString", "coordinates": [ [ -58.440840032006527, -34.556925586727168 ], [ -58.441964984858203, -34.557605170024509 ] ] } },
{ "type": "Feature", "properties": { "TELECOM": "TELECOM", "nomoficial": "ARTILLEROS", "COM_PAR": "13", "id_street": "1711", "alt_derfin": "1899", "ZONA": "BOSQUES 1", "alt_derini": "1801", "TELEFONICA": null, "alt_izqfin": "1900", "BARRIO": "BELGRANO", "COMUNA": "13", "alt_izqini": "1802", "codigo": "1127", "BARRIO_PAR": "BELGRANO", "id": null, "TELECENTRO": "TELECENTRO", "EMPRESA": "TELECOM/TELECENTRO", "fecha_ingr": "11/11/2025", "long": 0.13, "longitud_m": 129.03439121693557 }, "geometry": { "type": "LineString", "coordinates": [ [ -58.441964984858203, -34.557605170024509 ], [ -58.442769787232749, -34.556651413217274 ] ] } },
{ "type": "Feature", "properties": { "TELECOM": "TELECOM", "nomoficial": "LA PAMPA", "COM_PAR": "13", "id_street": "1771", "alt_derfin": "1299", "ZONA": "BOSQUES 1", "alt_derini": "1201", "TELEFONICA": null, "alt_izqfin": "1300", "BARRIO": "BELGRANO", "COMUNA": "13", "alt_izqini": "1202", "codigo": "12168", "BARRIO_PAR": "BELGRANO", "id": null, "TELECENTRO": "TELECENTRO", "EMPRESA": "TELECOM/TELECENTRO", "fecha_ingr": "11/11/2025", "long": 0.12, "longitud_m": 123.88816605681676 }, "geometry": { "type": "LineString", "coordinates": [ [ -58.441964984858203, -34.557605170024509 ], [ -58.443065959644613, -34.558251357882504 ] ] } },
{ "type": "Feature", "properties": { "TELECOM": "TELECOM", "nomoficial": "MIÑONES", "COM_PAR": "13", "id_street": "1772", "alt_derfin": "1899", "ZONA": "BOSQUES 1", "alt_derini": "1801", "TELEFONICA": null, "alt_izqfin": "1900", "BARRIO": "BELGRANO", "COMUNA": "13", "alt_izqini": "1802", "codigo": "13084", "BARRIO_PAR": "BELGRANO", "id": null, "TELECENTRO": "TELECENTRO", "EMPRESA": "TELECOM/TELECENTRO", "fecha_ingr": "11/11/2025", "long": 0.13, "longitud_m": 128.46262116761642 }, "geometry": { "type": "LineString", "coordinates": [ [ -58.443065959644613, -34.558251357882504 ], [ -58.443880201382406, -34.557309426672845 ] ] } },
{ "type": "Feature", "properties": { "TELECOM": "TELECOM", "nomoficial": "LA PAMPA", "COM_PAR": "13", "id_street": "1842", "alt_derfin": "1399", "ZONA": "BOSQUES 1", "alt_derini": "1301", "TELEFONICA": null, "alt_izqfin": "1400", "BARRIO": "BELGRANO", "COMUNA": "13", "alt_izqini": "1302", "codigo": "12168", "BARRIO_PAR": "BELGRANO", "id": null, "TELECENTRO": "TELECENTRO", "EMPRESA": "TELECOM/TELECENTRO", "fecha_ingr": "11/11/2025", "long": 0.13, "longitud_m": 128.06730555558545 }, "geometry": { "type": "LineString", "coordinates": [ [ -58.443065959644613, -34.558251357882504 ], [ -58.444198951282075, -34.558925287857548 ] ] } },
{ "type": "Feature", "properties": { "TELECOM": "TELECOM", "nomoficial": "HERNANDEZ, JOSE", "COM_PAR": "13", "id_street": "1939", "alt_derfin": "1399", "ZONA": "BOSQUES 1", "alt_derini": "1301", "TELEFONICA": null, "alt_izqfin": "1400", "BARRIO": "BELGRANO", "COMUNA": "13", "alt_izqini": "1302", "codigo": "8011", "BARRIO_PAR": "BELGRANO", "id": null, "TELECENTRO": "TELECENTRO", "EMPRESA": "TELECOM/TELECENTRO", "fecha_ingr": "11/11/2025", "long": 0.2, "longitud_m": 197.12380719090029 }, "geometry": { "type": "LineString", "coordinates": [ [ -58.441634561914974, -34.558846829806662 ], [ -58.443384013874379, -34.559877784440751 ] ] } },
{ "type": "Feature", "properties": { "TELECOM": "TELECOM", "nomoficial": "MIGUELETES", "COM_PAR": "13", "id_street": "1940", "alt_derfin": "1799", "ZONA": "BOSQUES 1", "alt_derini": "1701", "TELEFONICA": null, "alt_izqfin": "1800", "BARRIO": "BELGRANO", "COMUNA": "13", "alt_izqini": "1702", "codigo": "13079", "BARRIO_PAR": "BELGRANO", "id": null, "TELECENTRO": "TELECENTRO", "EMPRESA": "TELECOM/TELECENTRO", "fecha_ingr": "11/11/2025", "long": 0.13, "longitud_m": 129.45381178761957 }, "geometry": { "type": "LineString", "coordinates": [ [ -58.443384013874379, -34.559877784440751 ], [ -58.444198951282075, -34.558925287857548 ] ] } },
{ "type": "Feature", "properties": { "TELECOM": "TELECOM", "nomoficial": "MIGUELETES", "COM_PAR": "13", "id_street": "2022", "alt_derfin": "1699", "ZONA": "BOSQUES 1", "alt_derini": "1601", "TELEFONICA": null, "alt_izqfin": "1700", "BARRIO": "BELGRANO", "COMUNA": "13", "alt_izqini": "1602", "codigo": "13079", "BARRIO_PAR": "BELGRANO", "id": null, "TELECENTRO": "TELECENTRO", "EMPRESA": "TELECOM/TELECENTRO", "fecha_ingr": "11/11/2025", "long": 0.13, "longitud_m": 127.25602520300264 }, "geometry": { "type": "LineString", "coordinates": [ [ -58.442582852109858, -34.5608140802305 ], [ -58.443384013874379, -34.559877784440751 ] ] } },
{ "type": "Feature", "properties": { "TELECOM": "TELECOM", "nomoficial": "PINO, VIRREY DEL", "COM_PAR": "13", "id_street": "2082", "alt_derfin": "1599", "ZONA": "BOSQUES 1", "alt_derini": "1501", "TELEFONICA": null, "alt_izqfin": "1600", "BARRIO": "BELGRANO", "COMUNA": "13", "alt_izqini": "1502", "codigo": "4049", "BARRIO_PAR": "BELGRANO", "id": null, "TELECENTRO": "TELECENTRO", "EMPRESA": "TELECOM/TELECENTRO", "fecha_ingr": "11/11/2025", "long": 0.1, "longitud_m": 102.60988999530923 }, "geometry": { "type": "LineString", "coordinates": [ [ -58.442582852109858, -34.5608140802305 ], [ -58.443494496182119, -34.561349595390467 ] ] } },
{ "type": "Feature", "properties": { "TELECOM": null, "nomoficial": "DE LOS OMBUES AV.", "COM_PAR": "14", "id_street": "2068", "alt_derfin": "0", "ZONA": "BOSQUES 1", "alt_derini": "0", "TELEFONICA": null, "alt_izqfin": "0", "BARRIO": "PALERMO", "COMUNA": "14", "alt_izqini": "0", "codigo": "4515", "BARRIO_PAR": "PALERMO", "id": null, "TELECENTRO": null, "EMPRESA": "TELCOS - NO SE IDENTIFICA", "fecha_ingr": "11/11/2025", "long": 0.33, "longitud_m": 333.27252880986561 }, "geometry": { "type": "LineString", "coordinates": [ [ -58.428006104878406, -34.559980577274068 ], [ -58.428432321543262, -34.560385215707129 ], [ -58.429310491065557, -34.560945827781197 ], [ -58.429869669414963, -34.561175775949124 ], [ -58.430216440442827, -34.56124805509193 ], [ -58.430637971380868, -34.561270845147995 ], [ -58.431087645154243, -34.561160610096856 ] ] } },
{ "type": "Feature", "properties": { "TELECOM": null, "nomoficial": "MENDEZ, AGUSTIN", "COM_PAR": "14", "id_street": "2131", "alt_derfin": "0", "ZONA": "BOSQUES 2", "alt_derini": "0", "TELEFONICA": null, "alt_izqfin": "0", "BARRIO": "PALERMO", "COMUNA": "14", "alt_izqini": "0", "codigo": "13068", "BARRIO_PAR": "PALERMO", "id": null, "TELECENTRO": null, "EMPRESA": "TELCOS - NO SE IDENTIFICA", "fecha_ingr": "11/11/2025", "long": 0.08, "longitud_m": 80.689639766518638 }, "geometry": { "type": "LineString", "coordinates": [ [ -58.429670098504104, -34.561903906047441 ], [ -58.43007637704028, -34.561757957768855 ], [ -58.430497239123802, -34.5616627631304 ] ] } },
{ "type": "Feature", "properties": { "TELECOM": null, "nomoficial": "MENDEZ, AGUSTIN", "COM_PAR": "14", "id_street": "2263", "alt_derfin": "0", "ZONA": "BOSQUES 2", "alt_derini": "0", "TELEFONICA": null, "alt_izqfin": "0", "BARRIO": "PALERMO", "COMUNA": "14", "alt_izqini": "0", "codigo": "13068", "BARRIO_PAR": "PALERMO", "id": null, "TELECENTRO": null, "EMPRESA": "TELCOS - NO SE IDENTIFICA", "fecha_ingr": "11/11/2025", "long": 0.36, "longitud_m": 364.24533207199539 }, "geometry": { "type": "LineString", "coordinates": [ [ -58.425934896873805, -34.562967702203004 ], [ -58.426648556355751, -34.562875381336951 ], [ -58.427111351058358, -34.562770869252645 ], [ -58.42799064972661, -34.562510839414664 ], [ -58.42897484986036, -34.56217421138804 ], [ -58.429670098504104, -34.561903906047441 ] ] } },
{ "type": "Feature", "properties": { "TELECOM": null, "nomoficial": "OBLIGADO RAFAEL, AV.COSTANERA", "COM_PAR": "14", "id_street": "2833", "alt_derfin": "0", "ZONA": "9", "alt_derini": "0", "TELEFONICA": null, "alt_izqfin": "1690", "BARRIO": "PALERMO", "COMUNA": "14", "alt_izqini": "1502", "codigo": "16003", "BARRIO_PAR": "PALERMO", "id": null, "TELECENTRO": null, "EMPRESA": "TELCOS - NO SE IDENTIFICA", "fecha_ingr": null, "long": 0.16, "longitud_m": 162.1162698909435 }, "geometry": { "type": "LineString", "coordinates": [ [ -58.400129923552008, -34.569348908782359 ], [ -58.400755358016774, -34.568984187058518 ], [ -58.401433285282799, -34.568374469116435 ] ] } },
{ "type": "Feature", "properties": { "TELECOM": null, "nomoficial": "OBLIGADO RAFAEL, AV.COSTANERA", "COM_PAR": "2", "id_street": "3490", "alt_derfin": "1399", "ZONA": "9", "alt_derini": "1221", "TELEFONICA": null, "alt_izqfin": "1400", "BARRIO": "RECOLETA", "COMUNA": "2", "alt_izqini": "1222", "codigo": "16003", "BARRIO_PAR": "RECOLETA", "id": null, "TELECENTRO": null, "EMPRESA": "TELCOS - NO SE IDENTIFICA", "fecha_ingr": null, "long": 0.34, "longitud_m": 342.32145128319058 }, "geometry": { "type": "LineString", "coordinates": [ [ -58.395297354920068, -34.57212765988389 ], [ -58.398376366377782, -34.570385331571359 ] ] } },
{ "type": "Feature", "properties": { "TELECOM": null, "nomoficial": "DORREGO AV.", "COM_PAR": "14", "id_street": "3654", "alt_derfin": "3499", "ZONA": "BOSQUES 2", "alt_derini": "3201", "TELEFONICA": null, "alt_izqfin": "3500", "BARRIO": "PALERMO", "COMUNA": "14", "alt_izqini": "3202", "codigo": "4089", "BARRIO_PAR": "PALERMO", "id": null, "TELECENTRO": null, "EMPRESA": "TELCOS - NO SE IDENTIFICA", "fecha_ingr": null, "long": 0.38, "longitud_m": 375.36681280728357 }, "geometry": { "type": "LineString", "coordinates": [ [ -58.427331306500129, -34.572831449319999 ], [ -58.426188640036457, -34.572254096442933 ], [ -58.424472338094247, -34.571247960073265 ], [ -58.424077262794967, -34.570822981848117 ] ] } },
{ "type": "Feature", "properties": { "TELECOM": null, "nomoficial": "OBLIGADO RAFAEL, AV.COSTANERA", "COM_PAR": "2", "id_street": "29089", "alt_derfin": "1499", "ZONA": "9", "alt_derini": "1411", "TELEFONICA": null, "alt_izqfin": "1500", "BARRIO": "RECOLETA", "COMUNA": "2", "alt_izqini": "1412", "codigo": "16003", "BARRIO_PAR": "RECOLETA", "id": null, "TELECENTRO": null, "EMPRESA": "TELCOS - NO SE IDENTIFICA", "fecha_ingr": null, "long": 0.13, "longitud_m": 129.22420767381394 }, "geometry": { "type": "LineString", "coordinates": [ [ -58.399001285501193, -34.570042333408416 ], [ -58.399343029863331, -34.569870050787877 ], [ -58.400129923552008, -34.569348908782359 ] ] } },
{ "type": "Feature", "properties": { "TELECOM": null, "nomoficial": "PINO, VIRREY DEL", "COM_PAR": "13", "id_street": "2527", "alt_derfin": "2295", "ZONA": "20", "alt_derini": "2201", "TELEFONICA": null, "alt_izqfin": "2300", "BARRIO": "BELGRANO", "COMUNA": "13", "alt_izqini": "2202", "codigo": "4049", "BARRIO_PAR": "BELGRANO", "id": null, "TELECENTRO": null, "EMPRESA": "TELCOS - NO SE IDENTIFICA", "fecha_ingr": null, "long": 0.0, "longitud_m": 150.37114115075909 }, "geometry": { "type": "LineString", "coordinates": [ [ -58.449816576335095, -34.565066875652249 ], [ -58.451274322485297, -34.5656859143484 ] ] } },
{ "type": "Feature", "properties": { "TELECOM": null, "nomoficial": "ARCOS", "COM_PAR": "13", "id_street": "2606", "alt_derfin": "1549", "ZONA": "20", "alt_derini": "1501", "TELEFONICA": null, "alt_izqfin": "1550", "BARRIO": "BELGRANO", "COMUNA": "13", "alt_izqini": "1502", "codigo": "1102", "BARRIO_PAR": "BELGRANO", "id": null, "TELECENTRO": null, "EMPRESA": "TELCOS - NO SE IDENTIFICA", "fecha_ingr": null, "long": 0.0, "longitud_m": 72.957780970840673 }, "geometry": { "type": "LineString", "coordinates": [ [ -58.448953980203036, -34.565961162512025 ], [ -58.449166231499902, -34.565829564766865 ], [ -58.449471566398479, -34.565471423127391 ] ] } },
{ "type": "Feature", "properties": { "TELECOM": null, "nomoficial": "PINO, VIRREY DEL", "COM_PAR": "13", "id_street": "2652", "alt_derfin": "2399", "ZONA": "20", "alt_derini": "2297", "TELEFONICA": null, "alt_izqfin": "2400", "BARRIO": "BELGRANO", "COMUNA": "13", "alt_izqini": "2302", "codigo": "4049", "BARRIO_PAR": "BELGRANO", "id": null, "TELECENTRO": null, "EMPRESA": "TELCOS - NO SE IDENTIFICA", "fecha_ingr": null, "long": 0.0, "longitud_m": 104.22170632966771 }, "geometry": { "type": "LineString", "coordinates": [ [ -58.451274322485297, -34.5656859143484 ], [ -58.452288587109585, -34.56610862462901 ] ] } },
{ "type": "Feature", "properties": { "TELECOM": null, "nomoficial": "CABILDO AV.", "COM_PAR": "13", "id_street": "2653", "alt_derfin": "1699", "ZONA": "20", "alt_derini": "1601", "TELEFONICA": null, "alt_izqfin": "1700", "BARRIO": "BELGRANO", "COMUNA": "13", "alt_izqini": "1602", "codigo": "3005", "BARRIO_PAR": "BELGRANO", "id": null, "TELECENTRO": null, "EMPRESA": "TELCOS - NO SE IDENTIFICA", "fecha_ingr": null, "long": 0.0, "longitud_m": 95.323566639005165 }, "geometry": { "type": "LineString", "coordinates": [ [ -58.452288587109585, -34.56610862462901 ], [ -58.453155439563176, -34.56563516859034 ] ] } },
{ "type": "Feature", "properties": { "TELECOM": null, "nomoficial": "HERNANDEZ, JOSE", "COM_PAR": "13", "id_street": "2665", "alt_derfin": "2499", "ZONA": "20", "alt_derini": "2401", "TELEFONICA": null, "alt_izqfin": "2500", "BARRIO": "BELGRANO", "COMUNA": "13", "alt_izqini": "2402", "codigo": "8011", "BARRIO_PAR": "BELGRANO", "id": null, "TELECENTRO": null, "EMPRESA": "TELCOS - NO SE IDENTIFICA", "fecha_ingr": null, "long": 0.0, "longitud_m": 136.46570036265302 }, "geometry": { "type": "LineString", "coordinates": [ [ -58.453313876800365, -34.565543419143204 ], [ -58.454527579314224, -34.566254231664075 ] ] } },
{ "type": "Feature", "properties": { "TELECOM": null, "nomoficial": "ARREDONDO, VIRREY", "COM_PAR": "13", "id_street": "2669", "alt_derfin": "2299", "ZONA": "20", "alt_derini": "2201", "TELEFONICA": null, "alt_izqfin": "2300", "BARRIO": "BELGRANO", "COMUNA": "13", "alt_izqini": "2202", "codigo": "1119", "BARRIO_PAR": "BELGRANO", "id": null, "TELECENTRO": null, "EMPRESA": "TELCOS - NO SE IDENTIFICA", "fecha_ingr": null, "long": 0.0, "longitud_m": 112.13810982309327 }, "geometry": { "type": "LineString", "coordinates": [ [ -58.449471566398479, -34.565471423127391 ], [ -58.450210960081705, -34.566276239988937 ] ] } },
{ "type": "Feature", "properties": { "TELECOM": null, "nomoficial": "VUELTA DE OBLIGADO", "COM_PAR": "13", "id_street": "2670", "alt_derfin": "1599", "ZONA": "20", "alt_derini": "1501", "TELEFONICA": null, "alt_izqfin": "1600", "BARRIO": "BELGRANO", "COMUNA": "13", "alt_izqini": "1502", "codigo": "16002", "BARRIO_PAR": "BELGRANO", "id": null, "TELECENTRO": null, "EMPRESA": "TELCOS - NO SE IDENTIFICA", "fecha_ingr": null, "long": 0.0, "longitud_m": 117.51913981994079 }, "geometry": { "type": "LineString", "coordinates": [ [ -58.450210960081705, -34.566276239988937 ], [ -58.451274322485297, -34.5656859143484 ] ] } },
{ "type": "Feature", "properties": { "TELECOM": null, "nomoficial": "CABILDO AV.", "COM_PAR": "13", "id_street": "2682", "alt_derfin": "1599", "ZONA": "20", "alt_derini": "1551", "TELEFONICA": null, "alt_izqfin": "1600", "BARRIO": null, "COMUNA": null, "alt_izqini": "1552", "codigo": "3005", "BARRIO_PAR": "COLEGIALES", "id": null, "TELECENTRO": null, "EMPRESA": "TELCOS - NO SE IDENTIFICA", "fecha_ingr": null, "long": 0.0, "longitud_m": 62.022089239534502 }, "geometry": { "type": "LineString", "coordinates": [ [ -58.451719365290259, -34.566410057193764 ], [ -58.452288587109585, -34.56610862462901 ] ] } },
{ "type": "Feature", "properties": { "TELECOM": null, "nomoficial": "CABILDO AV.", "COM_PAR": "13", "id_street": "2693", "alt_derfin": "1549", "ZONA": "20", "alt_derini": "1501", "TELEFONICA": null, "alt_izqfin": "1550", "BARRIO": null, "COMUNA": null, "alt_izqini": "1502", "codigo": "3005", "BARRIO_PAR": "COLEGIALES", "id": null, "TELECENTRO": null, "EMPRESA": "TELCOS - NO SE IDENTIFICA", "fecha_ingr": null, "long": 0.0, "longitud_m": 102.98840683032441 }, "geometry": { "type": "LineString", "coordinates": [ [ -58.450781577129099, -34.566920045782425 ], [ -58.451719365290259, -34.566410057193764 ] ] } },
{ "type": "Feature", "properties": { "TELECOM": null, "nomoficial": "ARCOS", "COM_PAR": "13", "id_street": "2712", "alt_derfin": "1499", "ZONA": "20", "alt_derini": "1401", "TELEFONICA": null, "alt_izqfin": "1500", "BARRIO": "BELGRANO", "COMUNA": "13", "alt_izqini": "1402", "codigo": "1102", "BARRIO_PAR": "BELGRANO", "id": null, "TELECENTRO": null, "EMPRESA": "TELCOS - NO SE IDENTIFICA", "fecha_ingr": null, "long": 0.0, "longitud_m": 132.69223442388065 }, "geometry": { "type": "LineString", "coordinates": [ [ -58.447797015800482, -34.566678641835161 ], [ -58.448953980203036, -34.565961162512025 ] ] } },
{ "type": "Feature", "properties": { "TELECOM": null, "nomoficial": "LORETO, VIRREY", "COM_PAR": "13", "id_street": "2717", "alt_derfin": "2299", "ZONA": "20", "alt_derini": "2201", "TELEFONICA": null, "alt_izqfin": "2300", "BARRIO": "BELGRANO", "COMUNA": "13", "alt_izqini": "2202", "codigo": "12136", "BARRIO_PAR": "BELGRANO", "id": null, "TELECENTRO": null, "EMPRESA": "TELCOS - NO SE IDENTIFICA", "fecha_ingr": null, "long": 0.0, "longitud_m": 93.544951244028297 }, "geometry": { "type": "LineString", "coordinates": [ [ -58.448953980203036, -34.565961162512025 ], [ -58.449458168756721, -34.566694053080234 ] ] } },
{ "type": "Feature", "properties": { "TELECOM": null, "nomoficial": "VUELTA DE OBLIGADO", "COM_PAR": "13", "id_street": "2718", "alt_derfin": "1499", "ZONA": "20", "alt_derini": "1401", "TELEFONICA": null, "alt_izqfin": "1500", "BARRIO": "BELGRANO", "COMUNA": "13", "alt_izqini": "1402", "codigo": "16002", "BARRIO_PAR": "BELGRANO", "id": null, "TELECENTRO": null, "EMPRESA": "TELCOS - NO SE IDENTIFICA", "fecha_ingr": null, "long": 0.0, "longitud_m": 83.189432788734862 }, "geometry": { "type": "LineString", "coordinates": [ [ -58.449458168756721, -34.566694053080234 ], [ -58.450210960081705, -34.566276239988937 ] ] } },
{ "type": "Feature", "properties": { "TELECOM": null, "nomoficial": "HERNANDEZ, JOSE", "COM_PAR": "13", "id_street": "2725", "alt_derfin": "2599", "ZONA": "20", "alt_derini": "2501", "TELEFONICA": null, "alt_izqfin": "2600", "BARRIO": "BELGRANO", "COMUNA": "13", "alt_izqini": "2502", "codigo": "8011", "BARRIO_PAR": "BELGRANO", "id": null, "TELECENTRO": null, "EMPRESA": "TELCOS - NO SE IDENTIFICA", "fecha_ingr": null, "long": 0.0, "longitud_m": 101.92746802678691 }, "geometry": { "type": "LineString", "coordinates": [ [ -58.454527579314224, -34.566254231664075 ], [ -58.455434166775945, -34.566785079276066 ] ] } },
{ "type": "Feature", "properties": { "TELECOM": null, "nomoficial": "ARREDONDO, VIRREY", "COM_PAR": "13", "id_street": "2746", "alt_derfin": "2399", "ZONA": "20", "alt_derini": "2301", "TELEFONICA": null, "alt_izqfin": "2400", "BARRIO": "BELGRANO", "COMUNA": "13", "alt_izqini": "2302", "codigo": "1119", "BARRIO_PAR": "BELGRANO", "id": null, "TELECENTRO": null, "EMPRESA": "TELCOS - NO SE IDENTIFICA", "fecha_ingr": null, "long": 0.0, "longitud_m": 88.558729963070647 }, "geometry": { "type": "LineString", "coordinates": [ [ -58.450210960081705, -34.566276239988937 ], [ -58.450781577129099, -34.566920045782425 ] ] } },
{ "type": "Feature", "properties": { "TELECOM": null, "nomoficial": "PINO, VIRREY DEL", "COM_PAR": "13", "id_street": "2754", "alt_derfin": "2499", "ZONA": "20", "alt_derini": "2401", "TELEFONICA": null, "alt_izqfin": "2500", "BARRIO": null, "COMUNA": null, "alt_izqini": "2402", "codigo": "4049", "BARRIO_PAR": "COLEGIALES", "id": null, "TELECENTRO": null, "EMPRESA": "TELCOS - NO SE IDENTIFICA", "fecha_ingr": null, "long": 0.0, "longitud_m": 176.32519744085724 }, "geometry": { "type": "LineString", "coordinates": [ [ -58.452288587109585, -34.56610862462901 ], [ -58.453876758989935, -34.567003283435071 ] ] } },
{ "type": "Feature", "properties": { "TELECOM": null, "nomoficial": "CIUDAD DE LA PAZ", "COM_PAR": "13", "id_street": "2755", "alt_derfin": "1699", "ZONA": "20", "alt_derini": "1601", "TELEFONICA": null, "alt_izqfin": "1700", "BARRIO": "BELGRANO", "COMUNA": "13", "alt_izqini": "1602", "codigo": "3128", "BARRIO_PAR": "BELGRANO", "id": null, "TELECENTRO": null, "EMPRESA": "TELCOS - NO SE IDENTIFICA", "fecha_ingr": null, "long": 0.0, "longitud_m": 102.33077747725979 }, "geometry": { "type": "LineString", "coordinates": [ [ -58.453876758989935, -34.567003283435071 ], [ -58.454527579314224, -34.566254231664075 ] ] } },
{ "type": "Feature", "properties": { "TELECOM": null, "nomoficial": "ZABALA", "COM_PAR": "14", "id_street": "2786", "alt_derfin": "2299", "ZONA": "20", "alt_derini": "2251", "TELEFONICA": null, "alt_izqfin": "2300", "BARRIO": null, "COMUNA": null, "alt_izqini": "2238", "codigo": "27001", "BARRIO_PAR": "PALERMO", "id": null, "TELECENTRO": null, "EMPRESA": "TELCOS - NO SE IDENTIFICA", "fecha_ingr": null, "long": 0.0, "longitud_m": 81.112422504027123 }, "geometry": { "type": "LineString", "coordinates": [ [ -58.447797015800482, -34.566678641835161 ], [ -58.448387300108877, -34.567222881722209 ] ] } },
{ "type": "Feature", "properties": { "TELECOM": null, "nomoficial": "LORETO, VIRREY", "COM_PAR": "13", "id_street": "2807", "alt_derfin": "2399", "ZONA": "20", "alt_derini": "2301", "TELEFONICA": null, "alt_izqfin": "2400", "BARRIO": "BELGRANO", "COMUNA": "13", "alt_izqini": "2302", "codigo": "12136", "BARRIO_PAR": "BELGRANO", "id": null, "TELECENTRO": null, "EMPRESA": "TELCOS - NO SE IDENTIFICA", "fecha_ingr": null, "long": 0.0, "longitud_m": 87.75423451826218 }, "geometry": { "type": "LineString", "coordinates": [ [ -58.449458168756721, -34.566694053080234 ], [ -58.449931130164067, -34.56738158500157 ] ] } },
{ "type": "Feature", "properties": { "TELECOM": null, "nomoficial": "CABILDO AV.", "COM_PAR": "13", "id_street": "2808", "alt_derfin": "1499", "ZONA": "20", "alt_derini": "1401", "TELEFONICA": null, "alt_izqfin": "1500", "BARRIO": null, "COMUNA": null, "alt_izqini": "1402", "codigo": "3005", "BARRIO_PAR": "COLEGIALES", "id": null, "TELECENTRO": null, "EMPRESA": "TELCOS - NO SE IDENTIFICA", "fecha_ingr": null, "long": 0.0, "longitud_m": 93.338235448525637 }, "geometry": { "type": "LineString", "coordinates": [ [ -58.449931130164067, -34.56738158500157 ], [ -58.450781577129099, -34.566920045782425 ] ] } },
{ "type": "Feature", "properties": { "TELECOM": null, "nomoficial": "PINO, VIRREY DEL", "COM_PAR": "13", "id_street": "2826", "alt_derfin": "2599", "ZONA": "20", "alt_derini": "2501", "TELEFONICA": null, "alt_izqfin": "2600", "BARRIO": null, "COMUNA": null, "alt_izqini": "2502", "codigo": "4049", "BARRIO_PAR": "COLEGIALES", "id": null, "TELECENTRO": null, "EMPRESA": "TELCOS - NO SE IDENTIFICA", "fecha_ingr": null, "long": 0.0, "longitud_m": 102.42526085467976 }, "geometry": { "type": "LineString", "coordinates": [ [ -58.453876758989935, -34.567003283435071 ], [ -58.454787947304204, -34.567536530552331 ] ] } },
{ "type": "Feature", "properties": { "TELECOM": null, "nomoficial": "AMENABAR", "COM_PAR": "13", "id_street": "2827", "alt_derfin": "1699", "ZONA": "20", "alt_derini": "1601", "TELEFONICA": null, "alt_izqfin": "1700", "BARRIO": "BELGRANO", "COMUNA": "13", "alt_izqini": "1602", "codigo": "1072", "BARRIO_PAR": "BELGRANO", "id": null, "TELECENTRO": null, "EMPRESA": "TELCOS - NO SE IDENTIFICA", "fecha_ingr": null, "long": 0.0, "longitud_m": 102.3015093248459 }, "geometry": { "type": "LineString", "coordinates": [ [ -58.454787947304204, -34.567536530552331 ], [ -58.455434166775945, -34.566785079276066 ] ] } },
{ "type": "Feature", "properties": { "TELECOM": null, "nomoficial": "OLAGUER Y FELIU, VIRREY", "COM_PAR": "13", "id_street": "2840", "alt_derfin": "2499", "ZONA": "20", "alt_derini": "2401", "TELEFONICA": null, "alt_izqfin": "2500", "BARRIO": "COLEGIALES", "COMUNA": "13", "alt_izqini": "2402", "codigo": "16011", "BARRIO_PAR": "COLEGIALES", "id": null, "TELECENTRO": null, "EMPRESA": "TELCOS - NO SE IDENTIFICA", "fecha_ingr": null, "long": 0.0, "longitud_m": 167.43821739294927 }, "geometry": { "type": "LineString", "coordinates": [ [ -58.451719365290259, -34.566410057193764 ], [ -58.452711229670321, -34.567676934396218 ] ] } },
{ "type": "Feature", "properties": { "TELECOM": null, "nomoficial": "CIUDAD DE LA PAZ", "COM_PAR": "13", "id_street": "2841", "alt_derfin": "1599", "ZONA": "20", "alt_derini": "1501", "TELEFONICA": null, "alt_izqfin": "1600", "BARRIO": "COLEGIALES", "COMUNA": "13", "alt_izqini": "1502", "codigo": "3128", "BARRIO_PAR": "COLEGIALES", "id": null, "TELECENTRO": null, "EMPRESA": "TELCOS - NO SE IDENTIFICA", "fecha_ingr": null, "long": 0.0, "longitud_m": 130.47664214239836 }, "geometry": { "type": "LineString", "coordinates": [ [ -58.452711229670321, -34.567676934396218 ], [ -58.453876758989935, -34.567003283435071 ] ] } },
{ "type": "Feature", "properties": { "TELECOM": null, "nomoficial": "VUELTA DE OBLIGADO", "COM_PAR": "14", "id_street": "2847", "alt_derfin": "1299", "ZONA": "20", "alt_derini": "1201", "TELEFONICA": null, "alt_izqfin": "1300", "BARRIO": "PALERMO", "COMUNA": "14", "alt_izqini": "1202", "codigo": "16002", "BARRIO_PAR": "PALERMO", "id": null, "TELECENTRO": null, "EMPRESA": "TELCOS - NO SE IDENTIFICA", "fecha_ingr": null, "long": 0.0, "longitud_m": 94.594142197047603 }, "geometry": { "type": "LineString", "coordinates": [ [ -58.447532917841187, -34.567699967432837 ], [ -58.448387300108877, -34.567222881722209 ] ] } },
{ "type": "Feature", "properties": { "TELECOM": null, "nomoficial": "ZABALA", "COM_PAR": "14", "id_street": "2869", "alt_derfin": "2399", "ZONA": "20", "alt_derini": "2301", "TELEFONICA": null, "alt_izqfin": "2400", "BARRIO": null, "COMUNA": null, "alt_izqini": "2302", "codigo": "27001", "BARRIO_PAR": "PALERMO", "id": null, "TELECENTRO": null, "EMPRESA": "TELCOS - NO SE IDENTIFICA", "fecha_ingr": null, "long": 0.0, "longitud_m": 92.479528306974032 }, "geometry": { "type": "LineString", "coordinates": [ [ -58.448387300108877, -34.567222881722209 ], [ -58.449045597588217, -34.567854100312154 ] ] } },
{ "type": "Feature", "properties": { "TELECOM": null, "nomoficial": "CABILDO AV.", "COM_PAR": "13", "id_street": "2870", "alt_derfin": "1399", "ZONA": "20", "alt_derini": "1301", "TELEFONICA": null, "alt_izqfin": "1400", "BARRIO": null, "COMUNA": null, "alt_izqini": "1302", "codigo": "3005", "BARRIO_PAR": "COLEGIALES", "id": null, "TELECENTRO": null, "EMPRESA": "TELCOS - NO SE IDENTIFICA", "fecha_ingr": null, "long": 0.0, "longitud_m": 96.700704582760494 }, "geometry": { "type": "LineString", "coordinates": [ [ -58.449045597588217, -34.567854100312154 ], [ -58.449931130164067, -34.56738158500157 ] ] } },
{ "type": "Feature", "properties": { "TELECOM": null, "nomoficial": "AGUILAR", "COM_PAR": "14", "id_street": "2877", "alt_derfin": "0", "ZONA": "20", "alt_derini": "0", "TELEFONICA": null, "alt_izqfin": "0", "BARRIO": "PALERMO", "COMUNA": "14", "alt_izqini": "0", "codigo": "1023", "BARRIO_PAR": "PALERMO", "id": null, "TELECENTRO": null, "EMPRESA": "TELCOS - NO SE IDENTIFICA", "fecha_ingr": null, "long": 0.0, "longitud_m": 7.7758281558677043 }, "geometry": { "type": "LineString", "coordinates": [ [ -58.446106000867822, -34.567815270156927 ], [ -58.446155706226925, -34.567872038893917 ] ] } },
{ "type": "Feature", "properties": { "TELECOM": null, "nomoficial": "PINO, VIRREY DEL", "COM_PAR": "13", "id_street": "2899", "alt_derfin": "2699", "ZONA": "20", "alt_derini": "2601", "TELEFONICA": null, "alt_izqfin": "2700", "BARRIO": null, "COMUNA": null, "alt_izqini": "2602", "codigo": "4049", "BARRIO_PAR": "COLEGIALES", "id": null, "TELECENTRO": null, "EMPRESA": "TELCOS - NO SE IDENTIFICA", "fecha_ingr": null, "long": 0.0, "longitud_m": 99.975945371188772 }, "geometry": { "type": "LineString", "coordinates": [ [ -58.454787947304204, -34.567536530552331 ], [ -58.45567735459089, -34.568057022719955 ] ] } },
{ "type": "Feature", "properties": { "TELECOM": null, "nomoficial": "MOLDES", "COM_PAR": "13", "id_street": "2900", "alt_derfin": "1699", "ZONA": "20", "alt_derini": "1601", "TELEFONICA": null, "alt_izqfin": "1700", "BARRIO": "BELGRANO", "COMUNA": "13", "alt_izqini": "1602", "codigo": "13099", "BARRIO_PAR": "BELGRANO", "id": null, "TELECENTRO": null, "EMPRESA": "TELCOS - NO SE IDENTIFICA", "fecha_ingr": null, "long": 0.0, "longitud_m": 102.26870995463155 }, "geometry": { "type": "LineString", "coordinates": [ [ -58.45567735459089, -34.568057022719955 ], [ -58.456323910568628, -34.567306130210937 ] ] } },
{ "type": "Feature", "properties": { "TELECOM": null, "nomoficial": "ARCOS", "COM_PAR": "14", "id_street": "2918", "alt_derfin": "1199", "ZONA": "20", "alt_derini": "1101", "TELEFONICA": null, "alt_izqfin": "1200", "BARRIO": "PALERMO", "COMUNA": "14", "alt_izqini": "1102", "codigo": "1102", "BARRIO_PAR": "PALERMO", "id": null, "TELECENTRO": null, "EMPRESA": "TELCOS - NO SE IDENTIFICA", "fecha_ingr": null, "long": 0.0, "longitud_m": 60.24539225773222 }, "geometry": { "type": "LineString", "coordinates": [ [ -58.445623904845789, -34.568190490801307 ], [ -58.446155706226925, -34.567872038893917 ] ] } },
{ "type": "Feature", "properties": { "TELECOM": null, "nomoficial": "3 DE FEBRERO", "COM_PAR": "14", "id_street": "2920", "alt_derfin": "1299", "ZONA": "20", "alt_derini": "1201", "TELEFONICA": null, "alt_izqfin": "1300", "BARRIO": "PALERMO", "COMUNA": "14", "alt_izqini": "1202", "codigo": "21050", "BARRIO_PAR": "PALERMO", "id": null, "TELECENTRO": null, "EMPRESA": "TELCOS - NO SE IDENTIFICA", "fecha_ingr": null, "long": 0.0, "longitud_m": 155.93576505831032 }, "geometry": { "type": "LineString", "coordinates": [ [ -58.444445161406165, -34.568200807603567 ], [ -58.445424257966522, -34.567051916838558 ] ] } },
{ "type": "Feature", "properties": { "TELECOM": null, "nomoficial": "ARREDONDO, VIRREY", "COM_PAR": "13", "id_street": "2921", "alt_derfin": "2499", "ZONA": "20", "alt_derini": "2401", "TELEFONICA": null, "alt_izqfin": "2500", "BARRIO": "COLEGIALES", "COMUNA": "13", "alt_izqini": "2402", "codigo": "1119", "BARRIO_PAR": "COLEGIALES", "id": null, "TELECENTRO": null, "EMPRESA": "TELCOS - NO SE IDENTIFICA", "fecha_ingr": null, "long": 0.0, "longitud_m": 169.91833301198207 }, "geometry": { "type": "LineString", "coordinates": [ [ -58.450781577129099, -34.566920045782425 ], [ -58.451788839741383, -34.568205312613948 ] ] } },
{ "type": "Feature", "properties": { "TELECOM": null, "nomoficial": "CIUDAD DE LA PAZ", "COM_PAR": "13", "id_street": "2922", "alt_derfin": "1499", "ZONA": "20", "alt_derini": "1401", "TELEFONICA": null, "alt_izqfin": "1500", "BARRIO": "COLEGIALES", "COMUNA": "13", "alt_izqini": "1402", "codigo": "3128", "BARRIO_PAR": "COLEGIALES", "id": null, "TELECENTRO": null, "EMPRESA": "TELCOS - NO SE IDENTIFICA", "fecha_ingr": null, "long": 0.0, "longitud_m": 102.95712739265394 }, "geometry": { "type": "LineString", "coordinates": [ [ -58.451788839741383, -34.568205312613948 ], [ -58.452711229670321, -34.567676934396218 ] ] } },
{ "type": "Feature", "properties": { "TELECOM": null, "nomoficial": "AGUILAR", "COM_PAR": "14", "id_street": "2928", "alt_derfin": "2299", "ZONA": "20", "alt_derini": "2201", "TELEFONICA": null, "alt_izqfin": "2300", "BARRIO": "PALERMO", "COMUNA": "14", "alt_izqini": "2202", "codigo": "1023", "BARRIO_PAR": "PALERMO", "id": null, "TELECENTRO": null, "EMPRESA": "TELCOS - NO SE IDENTIFICA", "fecha_ingr": null, "long": 0.0, "longitud_m": 54.931103190555568 }, "geometry": { "type": "LineString", "coordinates": [ [ -58.446155706226925, -34.567872038893917 ], [ -58.446506709645554, -34.568273152365428 ] ] } },
{ "type": "Feature", "properties": { "TELECOM": null, "nomoficial": "VUELTA DE OBLIGADO", "COM_PAR": "14", "id_street": "2929", "alt_derfin": "1199", "ZONA": "20", "alt_derini": "1101", "TELEFONICA": null, "alt_izqfin": "1200", "BARRIO": "PALERMO", "COMUNA": "14", "alt_izqini": "1102", "codigo": "16002", "BARRIO_PAR": "PALERMO", "id": null, "TELECENTRO": null, "EMPRESA": "TELCOS - NO SE IDENTIFICA", "fecha_ingr": null, "long": 0.0, "longitud_m": 113.62703378358455 }, "geometry": { "type": "LineString", "coordinates": [ [ -58.446506709645554, -34.568273152365428 ], [ -58.447532917841187, -34.567699967432837 ] ] } },
{ "type": "Feature", "properties": { "TELECOM": null, "nomoficial": "CESPEDES", "COM_PAR": "14", "id_street": "2939", "alt_derfin": "2399", "ZONA": "20", "alt_derini": "2301", "TELEFONICA": null, "alt_izqfin": "2400", "BARRIO": "PALERMO", "COMUNA": "14", "alt_izqini": "2302", "codigo": "3121", "BARRIO_PAR": "PALERMO", "id": null, "TELECENTRO": null, "EMPRESA": "TELCOS - NO SE IDENTIFICA", "fecha_ingr": null, "long": 0.0, "longitud_m": 88.960241533373704 }, "geometry": { "type": "LineString", "coordinates": [ [ -58.447532917841187, -34.567699967432837 ], [ -58.44813442973868, -34.56832885954671 ] ] } },
{ "type": "Feature", "properties": { "TELECOM": null, "nomoficial": "CABILDO AV.", "COM_PAR": "13", "id_street": "2940", "alt_derfin": "1299", "ZONA": "20", "alt_derini": "1201", "TELEFONICA": null, "alt_izqfin": "1300", "BARRIO": null, "COMUNA": null, "alt_izqini": "1202", "codigo": "3005", "BARRIO_PAR": "COLEGIALES", "id": null, "TELECENTRO": null, "EMPRESA": "TELCOS - NO SE IDENTIFICA", "fecha_ingr": null, "long": 0.0, "longitud_m": 98.817839201334166 }, "geometry": { "type": "LineString", "coordinates": [ [ -58.44813442973868, -34.56832885954671 ], [ -58.449045597588217, -34.567854100312154 ] ] } },
{ "type": "Feature", "properties": { "TELECOM": null, "nomoficial": "OLAGUER Y FELIU, VIRREY", "COM_PAR": "13", "id_street": "2949", "alt_derfin": "2599", "ZONA": "20", "alt_derini": "2501", "TELEFONICA": null, "alt_izqfin": "2600", "BARRIO": "COLEGIALES", "COMUNA": "13", "alt_izqini": "2502", "codigo": "16011", "BARRIO_PAR": "COLEGIALES", "id": null, "TELECENTRO": null, "EMPRESA": "TELCOS - NO SE IDENTIFICA", "fecha_ingr": null, "long": 0.0, "longitud_m": 96.629644349884515 }, "geometry": { "type": "LineString", "coordinates": [ [ -58.452711229670321, -34.567676934396218 ], [ -58.453283652863725, -34.568408054261845 ] ] } },
{ "type": "Feature", "properties": { "TELECOM": null, "nomoficial": "AMENABAR", "COM_PAR": "13", "id_street": "2950", "alt_derfin": "1599", "ZONA": "20", "alt_derini": "1501", "TELEFONICA": null, "alt_izqfin": "1600", "BARRIO": "COLEGIALES", "COMUNA": "13", "alt_izqini": "1502", "codigo": "1072", "BARRIO_PAR": "COLEGIALES", "id": null, "TELECENTRO": null, "EMPRESA": "TELCOS - NO SE IDENTIFICA", "fecha_ingr": null, "long": 0.0, "longitud_m": 168.53114370557481 }, "geometry": { "type": "LineString", "coordinates": [ [ -58.453283652863725, -34.568408054261845 ], [ -58.454787947304204, -34.567536530552331 ] ] } },
{ "type": "Feature", "properties": { "TELECOM": null, "nomoficial": "MOLDES", "COM_PAR": "13", "id_street": "2971", "alt_derfin": "1599", "ZONA": "20", "alt_derini": "1501", "TELEFONICA": null, "alt_izqfin": "1600", "BARRIO": "COLEGIALES", "COMUNA": "13", "alt_izqini": "1502", "codigo": "13099", "BARRIO_PAR": "COLEGIALES", "id": null, "TELECENTRO": null, "EMPRESA": "TELCOS - NO SE IDENTIFICA", "fecha_ingr": null, "long": 0.0, "longitud_m": 101.85529396032759 }, "geometry": { "type": "LineString", "coordinates": [ [ -58.454766642753661, -34.568581902935357 ], [ -58.45567735459089, -34.568057022719955 ] ] } },
{ "type": "Feature", "properties": { "TELECOM": null, "nomoficial": "PINO, VIRREY DEL", "COM_PAR": "13", "id_street": "2972", "alt_derfin": "2799", "ZONA": "20", "alt_derini": "2701", "TELEFONICA": null, "alt_izqfin": "2800", "BARRIO": null, "COMUNA": null, "alt_izqini": "2702", "codigo": "4049", "BARRIO_PAR": "COLEGIALES", "id": null, "TELECENTRO": null, "EMPRESA": "TELCOS - NO SE IDENTIFICA", "fecha_ingr": null, "long": 0.0, "longitud_m": 101.06207611734833 }, "geometry": { "type": "LineString", "coordinates": [ [ -58.45567735459089, -34.568057022719955 ], [ -58.456576392491208, -34.568583213238007 ] ] } },
{ "type": "Feature", "properties": { "TELECOM": null, "nomoficial": "LORETO, VIRREY", "COM_PAR": "13", "id_street": "2982", "alt_derfin": "2499", "ZONA": "20", "alt_derini": "2401", "TELEFONICA": null, "alt_izqfin": "2500", "BARRIO": "COLEGIALES", "COMUNA": "13", "alt_izqini": "2402", "codigo": "12136", "BARRIO_PAR": "COLEGIALES", "id": null, "TELECENTRO": null, "EMPRESA": "TELCOS - NO SE IDENTIFICA", "fecha_ingr": null, "long": 0.0, "longitud_m": 172.26336352960098 }, "geometry": { "type": "LineString", "coordinates": [ [ -58.449931130164067, -34.56738158500157 ], [ -58.450949109102801, -34.568686296858679 ] ] } },
{ "type": "Feature", "properties": { "TELECOM": null, "nomoficial": "CIUDAD DE LA PAZ", "COM_PAR": "13", "id_street": "2983", "alt_derfin": "1399", "ZONA": "20", "alt_derini": "1301", "TELEFONICA": null, "alt_izqfin": "1400", "BARRIO": "COLEGIALES", "COMUNA": "13", "alt_izqini": "1302", "codigo": "3128", "BARRIO_PAR": "COLEGIALES", "id": null, "TELECENTRO": null, "EMPRESA": "TELCOS - NO SE IDENTIFICA", "fecha_ingr": null, "long": 0.0, "longitud_m": 93.72755746416567 }, "geometry": { "type": "LineString", "coordinates": [ [ -58.450949109102801, -34.568686296858679 ], [ -58.451788839741383, -34.568205312613948 ] ] } },
{ "type": "Feature", "properties": { "TELECOM": null, "nomoficial": "3 DE FEBRERO", "COM_PAR": "14", "id_street": "2994", "alt_derfin": "1199", "ZONA": "20", "alt_derini": "1101", "TELEFONICA": null, "alt_izqfin": "1200", "BARRIO": "PALERMO", "COMUNA": "14", "alt_izqini": "1102", "codigo": "21050", "BARRIO_PAR": "PALERMO", "id": null, "TELECENTRO": null, "EMPRESA": "TELCOS - NO SE IDENTIFICA", "fecha_ingr": null, "long": 0.0, "longitud_m": 90.584489153682355 }, "geometry": { "type": "LineString", "coordinates": [ [ -58.443715023445215, -34.568750351925999 ], [ -58.444445161406165, -34.568200807603567 ] ] } },
{ "type": "Feature", "properties": { "TELECOM": null, "nomoficial": "AGUILAR", "COM_PAR": "14", "id_street": "3016", "alt_derfin": "2399", "ZONA": "20", "alt_derini": "2301", "TELEFONICA": null, "alt_izqfin": "2400", "BARRIO": "PALERMO", "COMUNA": "14", "alt_izqini": "2302", "codigo": "1023", "BARRIO_PAR": "PALERMO", "id": null, "TELECENTRO": null, "EMPRESA": "TELCOS - NO SE IDENTIFICA", "fecha_ingr": null, "long": 0.0, "longitud_m": 83.987363594739094 }, "geometry": { "type": "LineString", "coordinates": [ [ -58.446506709645554, -34.568273152365428 ], [ -58.447043434791901, -34.568886406739495 ] ] } },
{ "type": "Feature", "properties": { "TELECOM": null, "nomoficial": "CABILDO AV.", "COM_PAR": "13", "id_street": "3017", "alt_derfin": "1199", "ZONA": "20", "alt_derini": "1101", "TELEFONICA": null, "alt_izqfin": "1200", "BARRIO": null, "COMUNA": null, "alt_izqini": "1102", "codigo": "3005", "BARRIO_PAR": "COLEGIALES", "id": null, "TELECENTRO": null, "EMPRESA": "TELCOS - NO SE IDENTIFICA", "fecha_ingr": null, "long": 0.0, "longitud_m": 117.67931946938818 }, "geometry": { "type": "LineString", "coordinates": [ [ -58.447043434791901, -34.568886406739495 ], [ -58.44813442973868, -34.56832885954671 ] ] } },
{ "type": "Feature", "properties": { "TELECOM": null, "nomoficial": "ARREDONDO, VIRREY", "COM_PAR": "13", "id_street": "3021", "alt_derfin": "2599", "ZONA": "20", "alt_derini": "2501", "TELEFONICA": null, "alt_izqfin": "2600", "BARRIO": "COLEGIALES", "COMUNA": "13", "alt_izqini": "2502", "codigo": "1119", "BARRIO_PAR": "COLEGIALES", "id": null, "TELECENTRO": null, "EMPRESA": "TELCOS - NO SE IDENTIFICA", "fecha_ingr": null, "long": 0.0, "longitud_m": 97.081866627160267 }, "geometry": { "type": "LineString", "coordinates": [ [ -58.451788839741383, -34.568205312613948 ], [ -58.452364407986451, -34.568939606102134 ] ] } },
{ "type": "Feature", "properties": { "TELECOM": null, "nomoficial": "AMENABAR", "COM_PAR": "13", "id_street": "3022", "alt_derfin": "1499", "ZONA": "20", "alt_derini": "1401", "TELEFONICA": null, "alt_izqfin": "1500", "BARRIO": "COLEGIALES", "COMUNA": "13", "alt_izqini": "1402", "codigo": "1072", "BARRIO_PAR": "COLEGIALES", "id": null, "TELECENTRO": null, "EMPRESA": "TELCOS - NO SE IDENTIFICA", "fecha_ingr": null, "long": 0.0, "longitud_m": 102.92068465222087 }, "geometry": { "type": "LineString", "coordinates": [ [ -58.452364407986451, -34.568939606102134 ], [ -58.453283652863725, -34.568408054261845 ] ] } },
{ "type": "Feature", "properties": { "TELECOM": null, "nomoficial": "OLAGUER Y FELIU, VIRREY", "COM_PAR": "13", "id_street": "3050", "alt_derfin": "2699", "ZONA": "20", "alt_derini": "2601", "TELEFONICA": null, "alt_izqfin": "2700", "BARRIO": "COLEGIALES", "COMUNA": "13", "alt_izqini": "2602", "codigo": "16011", "BARRIO_PAR": "COLEGIALES", "id": null, "TELECENTRO": null, "EMPRESA": "TELCOS - NO SE IDENTIFICA", "fecha_ingr": null, "long": 0.0, "longitud_m": 93.771481949756833 }, "geometry": { "type": "LineString", "coordinates": [ [ -58.453283652863725, -34.568408054261845 ], [ -58.453839147015074, -34.569117549880737 ] ] } },
{ "type": "Feature", "properties": { "TELECOM": null, "nomoficial": "MOLDES", "COM_PAR": "13", "id_street": "3051", "alt_derfin": "1499", "ZONA": "20", "alt_derini": "1401", "TELEFONICA": null, "alt_izqfin": "1500", "BARRIO": "COLEGIALES", "COMUNA": "13", "alt_izqini": "1402", "codigo": "13099", "BARRIO_PAR": "COLEGIALES", "id": null, "TELECENTRO": null, "EMPRESA": "TELCOS - NO SE IDENTIFICA", "fecha_ingr": null, "long": 0.0, "longitud_m": 103.80138079695188 }, "geometry": { "type": "LineString", "coordinates": [ [ -58.453839147015074, -34.569117549880737 ], [ -58.454766642753661, -34.568581902935357 ] ] } },
{ "type": "Feature", "properties": { "TELECOM": null, "nomoficial": "AVILES, VIRREY", "COM_PAR": "13", "id_street": "3054", "alt_derfin": "2799", "ZONA": "20", "alt_derini": "2701", "TELEFONICA": null, "alt_izqfin": "2800", "BARRIO": "COLEGIALES", "COMUNA": "13", "alt_izqini": "2702", "codigo": "1142", "BARRIO_PAR": "COLEGIALES", "id": null, "TELECENTRO": null, "EMPRESA": "TELCOS - NO SE IDENTIFICA", "fecha_ingr": null, "long": 0.0, "longitud_m": 94.960313358902567 }, "geometry": { "type": "LineString", "coordinates": [ [ -58.454766642753661, -34.568581902935357 ], [ -58.45536012092488, -34.569283154656645 ] ] } },
{ "type": "Feature", "properties": { "TELECOM": null, "nomoficial": "PALPA", "COM_PAR": "14", "id_street": "3058", "alt_derfin": "2399", "ZONA": "20", "alt_derini": "2301", "TELEFONICA": null, "alt_izqfin": "2400", "BARRIO": "PALERMO", "COMUNA": "14", "alt_izqini": "2302", "codigo": "17012", "BARRIO_PAR": "PALERMO", "id": null, "TELECENTRO": null, "EMPRESA": "TELCOS - NO SE IDENTIFICA", "fecha_ingr": null, "long": 0.0, "longitud_m": 134.28414343441005 }, "geometry": { "type": "LineString", "coordinates": [ [ -58.445623904845789, -34.568190490801307 ], [ -58.446498188058094, -34.569161197738602 ] ] } },
{ "type": "Feature", "properties": { "TELECOM": null, "nomoficial": "CABILDO AV.", "COM_PAR": "13", "id_street": "3059", "alt_derfin": "1099", "ZONA": "20", "alt_derini": "1001", "TELEFONICA": null, "alt_izqfin": "1100", "BARRIO": null, "COMUNA": null, "alt_izqini": "1002", "codigo": "3005", "BARRIO_PAR": "COLEGIALES", "id": null, "TELECENTRO": null, "EMPRESA": "TELCOS - NO SE IDENTIFICA", "fecha_ingr": null, "long": 0.0, "longitud_m": 58.588799875369382 }, "geometry": { "type": "LineString", "coordinates": [ [ -58.446498188058094, -34.569161197738602 ], [ -58.447043434791901, -34.568886406739495 ] ] } },
{ "type": "Feature", "properties": { "TELECOM": null, "nomoficial": "ZABALA", "COM_PAR": "13", "id_street": "3062", "alt_derfin": "2499", "ZONA": "20", "alt_derini": "2401", "TELEFONICA": null, "alt_izqfin": "2500", "BARRIO": "COLEGIALES", "COMUNA": "13", "alt_izqini": "2402", "codigo": "27001", "BARRIO_PAR": "COLEGIALES", "id": null, "TELECENTRO": null, "EMPRESA": "TELCOS - NO SE IDENTIFICA", "fecha_ingr": null, "long": 0.0, "longitud_m": 175.38844939905533 }, "geometry": { "type": "LineString", "coordinates": [ [ -58.449045597588217, -34.567854100312154 ], [ -58.45006049810528, -34.569193819839327 ] ] } },
{ "type": "Feature", "properties": { "TELECOM": null, "nomoficial": "CIUDAD DE LA PAZ", "COM_PAR": "13", "id_street": "3063", "alt_derfin": "1299", "ZONA": "20", "alt_derini": "1201", "TELEFONICA": null, "alt_izqfin": "1300", "BARRIO": "COLEGIALES", "COMUNA": "13", "alt_izqini": "1202", "codigo": "3128", "BARRIO_PAR": "COLEGIALES", "id": null, "TELECENTRO": null, "EMPRESA": "TELCOS - NO SE IDENTIFICA", "fecha_ingr": null, "long": 0.0, "longitud_m": 99.090945853991371 }, "geometry": { "type": "LineString", "coordinates": [ [ -58.45006049810528, -34.569193819839327 ], [ -58.450949109102801, -34.568686296858679 ] ] } },
{ "type": "Feature", "properties": { "TELECOM": null, "nomoficial": "3 DE FEBRERO", "COM_PAR": "14", "id_street": "3077", "alt_derfin": "1099", "ZONA": "20", "alt_derini": "1001", "TELEFONICA": null, "alt_izqfin": "1100", "BARRIO": "PALERMO", "COMUNA": "14", "alt_izqini": "1002", "codigo": "21050", "BARRIO_PAR": "PALERMO", "id": null, "TELECENTRO": null, "EMPRESA": "TELCOS - NO SE IDENTIFICA", "fecha_ingr": null, "long": 0.0, "longitud_m": 92.652493117578075 }, "geometry": { "type": "LineString", "coordinates": [ [ -58.442966569510808, -34.569310945345954 ], [ -58.443715023445215, -34.568750351925999 ] ] } },
{ "type": "Feature", "properties": { "TELECOM": null, "nomoficial": "LORETO, VIRREY", "COM_PAR": "13", "id_street": "3096", "alt_derfin": "2599", "ZONA": "20", "alt_derini": "2501", "TELEFONICA": null, "alt_izqfin": "2600", "BARRIO": "COLEGIALES", "COMUNA": "13", "alt_izqini": "2502", "codigo": "12136", "BARRIO_PAR": "COLEGIALES", "id": null, "TELECENTRO": null, "EMPRESA": "TELCOS - NO SE IDENTIFICA", "fecha_ingr": null, "long": 0.0, "longitud_m": 97.500824914876134 }, "geometry": { "type": "LineString", "coordinates": [ [ -58.450949109102801, -34.568686296858679 ], [ -58.451526630862112, -34.56942404521125 ] ] } },
{ "type": "Feature", "properties": { "TELECOM": null, "nomoficial": "AMENABAR", "COM_PAR": "13", "id_street": "3097", "alt_derfin": "1399", "ZONA": "20", "alt_derini": "1301", "TELEFONICA": null, "alt_izqfin": "1400", "BARRIO": "COLEGIALES", "COMUNA": "13", "alt_izqini": "1302", "codigo": "1072", "BARRIO_PAR": "COLEGIALES", "id": null, "TELECENTRO": null, "EMPRESA": "TELCOS - NO SE IDENTIFICA", "fecha_ingr": null, "long": 0.0, "longitud_m": 93.798731734610797 }, "geometry": { "type": "LineString", "coordinates": [ [ -58.451526630862112, -34.56942404521125 ], [ -58.452364407986451, -34.568939606102134 ] ] } },
{ "type": "Feature", "properties": { "TELECOM": null, "nomoficial": "GARCIA, TEODORO", "COM_PAR": "14", "id_street": "3114", "alt_derfin": "2399", "ZONA": "20", "alt_derini": "2301", "TELEFONICA": null, "alt_izqfin": "2400", "BARRIO": "PALERMO", "COMUNA": "14", "alt_izqini": "2302", "codigo": "7033", "BARRIO_PAR": "PALERMO", "id": null, "TELECENTRO": null, "EMPRESA": "TELCOS - NO SE IDENTIFICA", "fecha_ingr": null, "long": 0.0, "longitud_m": 189.19494749917385 }, "geometry": { "type": "LineString", "coordinates": [ [ -58.444445161406165, -34.568200807603567 ], [ -58.445706281914347, -34.56955003784114 ] ] } },
{ "type": "Feature", "properties": { "TELECOM": null, "nomoficial": "CABILDO AV.", "COM_PAR": "13", "id_street": "3115", "alt_derfin": "999", "ZONA": "20", "alt_derini": "901", "TELEFONICA": null, "alt_izqfin": "1000", "BARRIO": null, "COMUNA": null, "alt_izqini": "902", "codigo": "3005", "BARRIO_PAR": "COLEGIALES", "id": null, "TELECENTRO": null, "EMPRESA": "TELCOS - NO SE IDENTIFICA", "fecha_ingr": null, "long": 0.0, "longitud_m": 84.506369708192935 }, "geometry": { "type": "LineString", "coordinates": [ [ -58.445706281914347, -34.56955003784114 ], [ -58.446498188058094, -34.569161197738602 ] ] } },
{ "type": "Feature", "properties": { "TELECOM": null, "nomoficial": "CESPEDES", "COM_PAR": "13", "id_street": "3135", "alt_derfin": "2499", "ZONA": "20", "alt_derini": "2401", "TELEFONICA": null, "alt_izqfin": "2500", "BARRIO": "COLEGIALES", "COMUNA": "13", "alt_izqini": "2402", "codigo": "3121", "BARRIO_PAR": "COLEGIALES", "id": null, "TELECENTRO": null, "EMPRESA": "TELCOS - NO SE IDENTIFICA", "fecha_ingr": null, "long": 0.0, "longitud_m": 179.30615071776774 }, "geometry": { "type": "LineString", "coordinates": [ [ -58.44813442973868, -34.56832885954671 ], [ -58.449216405757973, -34.569674791610893 ] ] } },
{ "type": "Feature", "properties": { "TELECOM": null, "nomoficial": "CIUDAD DE LA PAZ", "COM_PAR": "13", "id_street": "3136", "alt_derfin": "1199", "ZONA": "20", "alt_derini": "1101", "TELEFONICA": null, "alt_izqfin": "1200", "BARRIO": "COLEGIALES", "COMUNA": "13", "alt_izqini": "1102", "codigo": "3128", "BARRIO_PAR": "COLEGIALES", "id": null, "TELECENTRO": null, "EMPRESA": "TELCOS - NO SE IDENTIFICA", "fecha_ingr": null, "long": 0.0, "longitud_m": 94.055363903086558 }, "geometry": { "type": "LineString", "coordinates": [ [ -58.449216405757973, -34.569674791610893 ], [ -58.45006049810528, -34.569193819839327 ] ] } },
{ "type": "Feature", "properties": { "TELECOM": null, "nomoficial": "3 DE FEBRERO", "COM_PAR": "14", "id_street": "3157", "alt_derfin": "999", "ZONA": "20", "alt_derini": "901", "TELEFONICA": null, "alt_izqfin": "1000", "BARRIO": "PALERMO", "COMUNA": "14", "alt_izqini": "902", "codigo": "21050", "BARRIO_PAR": "PALERMO", "id": null, "TELECENTRO": null, "EMPRESA": "TELCOS - NO SE IDENTIFICA", "fecha_ingr": null, "long": 0.0, "longitud_m": 126.21013110976622 }, "geometry": { "type": "LineString", "coordinates": [ [ -58.441759154160749, -34.569848988746813 ], [ -58.442823777102276, -34.569407684032086 ], [ -58.442966569510808, -34.569310945345954 ] ] } },
{ "type": "Feature", "properties": { "TELECOM": null, "nomoficial": "3 DE FEBRERO", "COM_PAR": "14", "id_street": "3162", "alt_derfin": "899", "ZONA": "20", "alt_derini": "801", "TELEFONICA": null, "alt_izqfin": "900", "BARRIO": "PALERMO", "COMUNA": "14", "alt_izqini": "802", "codigo": "21050", "BARRIO_PAR": "PALERMO", "id": null, "TELECENTRO": null, "EMPRESA": "TELCOS - NO SE IDENTIFICA", "fecha_ingr": null, "long": 0.0, "longitud_m": 123.65283063032227 }, "geometry": { "type": "LineString", "coordinates": [ [ -58.440868516091712, -34.57067645087173 ], [ -58.441664049341234, -34.569888409355151 ], [ -58.441759154160749, -34.569848988746813 ] ] } },
{ "type": "Feature", "properties": { "TELECOM": null, "nomoficial": "ZABALA", "COM_PAR": "13", "id_street": "3164", "alt_derfin": "2599", "ZONA": "20", "alt_derini": "2501", "TELEFONICA": null, "alt_izqfin": "2600", "BARRIO": "COLEGIALES", "COMUNA": "13", "alt_izqini": "2502", "codigo": "27001", "BARRIO_PAR": "COLEGIALES", "id": null, "TELECENTRO": null, "EMPRESA": "TELCOS - NO SE IDENTIFICA", "fecha_ingr": null, "long": 0.0, "longitud_m": 98.075687733358336 }, "geometry": { "type": "LineString", "coordinates": [ [ -58.45006049810528, -34.569193819839327 ], [ -58.450640994519603, -34.56993615020091 ] ] } },
{ "type": "Feature", "properties": { "TELECOM": null, "nomoficial": "AMENABAR", "COM_PAR": "13", "id_street": "3165", "alt_derfin": "1299", "ZONA": "20", "alt_derini": "1201", "TELEFONICA": null, "alt_izqfin": "1300", "BARRIO": "COLEGIALES", "COMUNA": "13", "alt_izqini": "1202", "codigo": "1072", "BARRIO_PAR": "COLEGIALES", "id": null, "TELECENTRO": null, "EMPRESA": "TELCOS - NO SE IDENTIFICA", "fecha_ingr": null, "long": 0.0, "longitud_m": 99.156190247863691 }, "geometry": { "type": "LineString", "coordinates": [ [ -58.450640994519603, -34.56993615020091 ], [ -58.451526630862112, -34.56942404521125 ] ] } },
{ "type": "Feature", "properties": { "TELECOM": null, "nomoficial": "LACROZE, FEDERICO AV.", "COM_PAR": "14", "id_street": "3166", "alt_derfin": "2399", "ZONA": "20", "alt_derini": "2301", "TELEFONICA": null, "alt_izqfin": "2400", "BARRIO": "PALERMO", "COMUNA": "14", "alt_izqini": "2302", "codigo": "12012", "BARRIO_PAR": "PALERMO", "id": null, "TELECENTRO": null, "EMPRESA": "TELCOS - NO SE IDENTIFICA", "fecha_ingr": null, "long": 0.0, "longitud_m": 171.30552968232894 }, "geometry": { "type": "LineString", "coordinates": [ [ -58.443715023445215, -34.568750351925999 ], [ -58.44488703741154, -34.569952319639398 ] ] } },
{ "type": "Feature", "properties": { "TELECOM": null, "nomoficial": "CABILDO AV.", "COM_PAR": "13", "id_street": "3167", "alt_derfin": "899", "ZONA": "20", "alt_derini": "801", "TELEFONICA": null, "alt_izqfin": "900", "BARRIO": null, "COMUNA": null, "alt_izqini": "802", "codigo": "3005", "BARRIO_PAR": "COLEGIALES", "id": null, "TELECENTRO": null, "EMPRESA": "TELCOS - NO SE IDENTIFICA", "fecha_ingr": null, "long": 0.0, "longitud_m": 87.424435951520621 }, "geometry": { "type": "LineString", "coordinates": [ [ -58.44488703741154, -34.569952319639398 ], [ -58.445706281914347, -34.56955003784114 ] ] } },
{ "type": "Feature", "properties": { "TELECOM": null, "nomoficial": "AGUILAR", "COM_PAR": "13", "id_street": "3208", "alt_derfin": "2499", "ZONA": "20", "alt_derini": "2401", "TELEFONICA": null, "alt_izqfin": "2500", "BARRIO": "COLEGIALES", "COMUNA": "13", "alt_izqini": "2402", "codigo": "1023", "BARRIO_PAR": "COLEGIALES", "id": null, "TELECENTRO": null, "EMPRESA": "TELCOS - NO SE IDENTIFICA", "fecha_ingr": null, "long": 0.0, "longitud_m": 185.18920338792537 }, "geometry": { "type": "LineString", "coordinates": [ [ -58.447043434791901, -34.568886406739495 ], [ -58.448226879434664, -34.570238628653982 ] ] } },
{ "type": "Feature", "properties": { "TELECOM": null, "nomoficial": "CIUDAD DE LA PAZ", "COM_PAR": "13", "id_street": "3209", "alt_derfin": "1099", "ZONA": "20", "alt_derini": "1001", "TELEFONICA": null, "alt_izqfin": "1100", "BARRIO": "COLEGIALES", "COMUNA": "13", "alt_izqini": "1002", "codigo": "3128", "BARRIO_PAR": "COLEGIALES", "id": null, "TELECENTRO": null, "EMPRESA": "TELCOS - NO SE IDENTIFICA", "fecha_ingr": null, "long": 0.0, "longitud_m": 110.26001357839441 }, "geometry": { "type": "LineString", "coordinates": [ [ -58.448226879434664, -34.570238628653982 ], [ -58.449216405757973, -34.569674791610893 ] ] } },
{ "type": "Feature", "properties": { "TELECOM": null, "nomoficial": "OLLEROS", "COM_PAR": "14", "id_street": "3218", "alt_derfin": "2399", "ZONA": "20", "alt_derini": "2301", "TELEFONICA": null, "alt_izqfin": "2400", "BARRIO": "PALERMO", "COMUNA": "14", "alt_izqini": "2302", "codigo": "16022", "BARRIO_PAR": "PALERMO", "id": null, "TELECENTRO": null, "EMPRESA": "TELCOS - NO SE IDENTIFICA", "fecha_ingr": null, "long": 0.0, "longitud_m": 154.59617355688727 }, "geometry": { "type": "LineString", "coordinates": [ [ -58.442966569510808, -34.569310945345954 ], [ -58.444111974782047, -34.57033291228062 ] ] } },
{ "type": "Feature", "properties": { "TELECOM": null, "nomoficial": "CABILDO AV.", "COM_PAR": "13", "id_street": "3219", "alt_derfin": "799", "ZONA": "20", "alt_derini": "701", "TELEFONICA": null, "alt_izqfin": "800", "BARRIO": null, "COMUNA": null, "alt_izqini": "722", "codigo": "3005", "BARRIO_PAR": "COLEGIALES", "id": null, "TELECENTRO": null, "EMPRESA": "TELCOS - NO SE IDENTIFICA", "fecha_ingr": null, "long": 0.0, "longitud_m": 82.709683653834873 }, "geometry": { "type": "LineString", "coordinates": [ [ -58.444111974782047, -34.57033291228062 ], [ -58.44488703741154, -34.569952319639398 ] ] } },
{ "type": "Feature", "properties": { "TELECOM": null, "nomoficial": "CESPEDES", "COM_PAR": "13", "id_street": "3231", "alt_derfin": "2599", "ZONA": "20", "alt_derini": "2501", "TELEFONICA": null, "alt_izqfin": "2600", "BARRIO": "COLEGIALES", "COMUNA": "13", "alt_izqini": "2502", "codigo": "3121", "BARRIO_PAR": "COLEGIALES", "id": null, "TELECENTRO": null, "EMPRESA": "TELCOS - NO SE IDENTIFICA", "fecha_ingr": null, "long": 0.0, "longitud_m": 98.827282474862884 }, "geometry": { "type": "LineString", "coordinates": [ [ -58.449216405757973, -34.569674791610893 ], [ -58.449797748126272, -34.570424731809823 ] ] } },
{ "type": "Feature", "properties": { "TELECOM": null, "nomoficial": "AMENABAR", "COM_PAR": "13", "id_street": "3232", "alt_derfin": "1199", "ZONA": "20", "alt_derini": "1101", "TELEFONICA": null, "alt_izqfin": "1200", "BARRIO": "COLEGIALES", "COMUNA": "13", "alt_izqini": "1102", "codigo": "1072", "BARRIO_PAR": "COLEGIALES", "id": null, "TELECENTRO": null, "EMPRESA": "TELCOS - NO SE IDENTIFICA", "fecha_ingr": null, "long": 0.0, "longitud_m": 94.472649555748163 }, "geometry": { "type": "LineString", "coordinates": [ [ -58.449797748126272, -34.570424731809823 ], [ -58.450640994519603, -34.56993615020091 ] ] } },
{ "type": "Feature", "properties": { "TELECOM": null, "nomoficial": "CABILDO AV.", "COM_PAR": "13", "id_street": "3233", "alt_derfin": "699", "ZONA": "20", "alt_derini": "685", "TELEFONICA": null, "alt_izqfin": "720", "BARRIO": null, "COMUNA": null, "alt_izqini": "702", "codigo": "3005", "BARRIO_PAR": "COLEGIALES", "id": null, "TELECENTRO": null, "EMPRESA": "TELCOS - NO SE IDENTIFICA", "fecha_ingr": null, "long": 0.0, "longitud_m": 30.201702983175878 }, "geometry": { "type": "LineString", "coordinates": [ [ -58.443828955535814, -34.570471884386563 ], [ -58.444111974782047, -34.57033291228062 ] ] } },
{ "type": "Feature", "properties": { "TELECOM": null, "nomoficial": "PALPA", "COM_PAR": "13", "id_street": "3244", "alt_derfin": "2499", "ZONA": "20", "alt_derini": "2401", "TELEFONICA": null, "alt_izqfin": "2500", "BARRIO": "COLEGIALES", "COMUNA": "13", "alt_izqini": "2402", "codigo": "17012", "BARRIO_PAR": "COLEGIALES", "id": null, "TELECENTRO": null, "EMPRESA": "TELCOS - NO SE IDENTIFICA", "fecha_ingr": null, "long": 0.0, "longitud_m": 188.506162084598 }, "geometry": { "type": "LineString", "coordinates": [ [ -58.446498188058094, -34.569161197738602 ], [ -58.44761129229969, -34.57058940332216 ] ] } },
{ "type": "Feature", "properties": { "TELECOM": null, "nomoficial": "CIUDAD DE LA PAZ", "COM_PAR": "13", "id_street": "3245", "alt_derfin": "999", "ZONA": "20", "alt_derini": "901", "TELEFONICA": null, "alt_izqfin": "1000", "BARRIO": "COLEGIALES", "COMUNA": "13", "alt_izqini": "902", "codigo": "3128", "BARRIO_PAR": "COLEGIALES", "id": null, "TELECENTRO": null, "EMPRESA": "TELCOS - NO SE IDENTIFICA", "fecha_ingr": null, "long": 0.0, "longitud_m": 68.593446448944604 }, "geometry": { "type": "LineString", "coordinates": [ [ -58.44761129229969, -34.57058940332216 ], [ -58.448226879434664, -34.570238628653982 ] ] } },
{ "type": "Feature", "properties": { "TELECOM": null, "nomoficial": "ZABALA", "COM_PAR": "13", "id_street": "3259", "alt_derfin": "2699", "ZONA": "20", "alt_derini": "2601", "TELEFONICA": null, "alt_izqfin": "2700", "BARRIO": "COLEGIALES", "COMUNA": "13", "alt_izqini": "2602", "codigo": "27001", "BARRIO_PAR": "COLEGIALES", "id": null, "TELECENTRO": null, "EMPRESA": "TELCOS - NO SE IDENTIFICA", "fecha_ingr": null, "long": 0.0, "longitud_m": 93.596692536656548 }, "geometry": { "type": "LineString", "coordinates": [ [ -58.450640994519603, -34.56993615020091 ], [ -58.451194944107101, -34.57064460115285 ] ] } },
{ "type": "Feature", "properties": { "TELECOM": null, "nomoficial": "LACROZE, FEDERICO AV.", "COM_PAR": "13", "id_street": "3292", "alt_derfin": "2453", "ZONA": "20", "alt_derini": "2401", "TELEFONICA": null, "alt_izqfin": "2450", "BARRIO": "COLEGIALES", "COMUNA": "13", "alt_izqini": "2402", "codigo": "12012", "BARRIO_PAR": "COLEGIALES", "id": null, "TELECENTRO": null, "EMPRESA": "TELCOS - NO SE IDENTIFICA", "fecha_ingr": null, "long": 0.0, "longitud_m": 109.00566945852628 }, "geometry": { "type": "LineString", "coordinates": [ [ -58.44488703741154, -34.569952319639398 ], [ -58.445375088905116, -34.570848185216065 ] ] } },
{ "type": "Feature", "properties": { "TELECOM": null, "nomoficial": "GOROSTIAGA", "COM_PAR": "14", "id_street": "3308", "alt_derfin": "2399", "ZONA": "20", "alt_derini": "2301", "TELEFONICA": null, "alt_izqfin": "2400", "BARRIO": "PALERMO", "COMUNA": "14", "alt_izqini": "2302", "codigo": "7071", "BARRIO_PAR": "PALERMO", "id": null, "TELECENTRO": null, "EMPRESA": "TELCOS - NO SE IDENTIFICA", "fecha_ingr": null, "long": 0.0, "longitud_m": 161.53133768970039 }, "geometry": { "type": "LineString", "coordinates": [ [ -58.441759154160749, -34.569848988746813 ], [ -58.442957665413864, -34.570915483727497 ] ] } },
{ "type": "Feature", "properties": { "TELECOM": null, "nomoficial": "CABILDO AV.", "COM_PAR": "13", "id_street": "3309", "alt_derfin": "683", "ZONA": "20", "alt_derini": "601", "TELEFONICA": null, "alt_izqfin": "700", "BARRIO": null, "COMUNA": null, "alt_izqini": "602", "codigo": "3005", "BARRIO_PAR": "COLEGIALES", "id": null, "TELECENTRO": null, "EMPRESA": "TELCOS - NO SE IDENTIFICA", "fecha_ingr": null, "long": 0.0, "longitud_m": 93.882168330119924 }, "geometry": { "type": "LineString", "coordinates": [ [ -58.442957665413864, -34.570915483727497 ], [ -58.443828955535814, -34.570471884386563 ] ] } },
{ "type": "Feature", "properties": { "TELECOM": null, "nomoficial": "AGUILAR", "COM_PAR": "13", "id_street": "3312", "alt_derfin": "2599", "ZONA": "20", "alt_derini": "2501", "TELEFONICA": null, "alt_izqfin": "2600", "BARRIO": "COLEGIALES", "COMUNA": "13", "alt_izqini": "2502", "codigo": "1023", "BARRIO_PAR": "COLEGIALES", "id": null, "TELECENTRO": null, "EMPRESA": "TELCOS - NO SE IDENTIFICA", "fecha_ingr": null, "long": 0.0, "longitud_m": 99.746954094256722 }, "geometry": { "type": "LineString", "coordinates": [ [ -58.448226879434664, -34.570238628653982 ], [ -58.448864324606127, -34.570966959984943 ] ] } },
{ "type": "Feature", "properties": { "TELECOM": null, "nomoficial": "AMENABAR", "COM_PAR": "13", "id_street": "3313", "alt_derfin": "1099", "ZONA": "20", "alt_derini": "1001", "TELEFONICA": null, "alt_izqfin": "1100", "BARRIO": "COLEGIALES", "COMUNA": "13", "alt_izqini": "1002", "codigo": "1072", "BARRIO_PAR": "COLEGIALES", "id": null, "TELECENTRO": null, "EMPRESA": "TELCOS - NO SE IDENTIFICA", "fecha_ingr": null, "long": 0.0, "longitud_m": 104.6641795039328 }, "geometry": { "type": "LineString", "coordinates": [ [ -58.448864324606127, -34.570966959984943 ], [ -58.449797748126272, -34.570424731809823 ] ] } },
{ "type": "Feature", "properties": { "TELECOM": null, "nomoficial": "GARCIA, TEODORO", "COM_PAR": "13", "id_street": "3328", "alt_derfin": "2499", "ZONA": "20", "alt_derini": "2401", "TELEFONICA": null, "alt_izqfin": "2500", "BARRIO": "COLEGIALES", "COMUNA": "13", "alt_izqini": "2402", "codigo": "7033", "BARRIO_PAR": "COLEGIALES", "id": null, "TELECENTRO": null, "EMPRESA": "TELCOS - NO SE IDENTIFICA", "fecha_ingr": null, "long": 0.0, "longitud_m": 195.48856668660488 }, "geometry": { "type": "LineString", "coordinates": [ [ -58.445706281914347, -34.56955003784114 ], [ -58.446698885594166, -34.571109293224382 ] ] } },
{ "type": "Feature", "properties": { "TELECOM": null, "nomoficial": "CIUDAD DE LA PAZ", "COM_PAR": "13", "id_street": "3329", "alt_derfin": "899", "ZONA": "20", "alt_derini": "801", "TELEFONICA": null, "alt_izqfin": "900", "BARRIO": "COLEGIALES", "COMUNA": "13", "alt_izqini": "802", "codigo": "3128", "BARRIO_PAR": "COLEGIALES", "id": null, "TELECENTRO": null, "EMPRESA": "TELCOS - NO SE IDENTIFICA", "fecha_ingr": null, "long": 0.0, "longitud_m": 101.66581733260223 }, "geometry": { "type": "LineString", "coordinates": [ [ -58.446698885594166, -34.571109293224382 ], [ -58.44761129229969, -34.57058940332216 ] ] } },
{ "type": "Feature", "properties": { "TELECOM": null, "nomoficial": "CABILDO AV.", "COM_PAR": "13", "id_street": "3336", "alt_derfin": "599", "ZONA": "20", "alt_derini": "561", "TELEFONICA": null, "alt_izqfin": "600", "BARRIO": null, "COMUNA": null, "alt_izqini": "562", "codigo": "3005", "BARRIO_PAR": "COLEGIALES", "id": null, "TELECENTRO": null, "EMPRESA": "TELCOS - NO SE IDENTIFICA", "fecha_ingr": null, "long": 0.0, "longitud_m": 44.522549568245445 }, "geometry": { "type": "LineString", "coordinates": [ [ -58.442545559255237, -34.571127320066573 ], [ -58.442957665413864, -34.570915483727497 ] ] } },
{ "type": "Feature", "properties": { "TELECOM": null, "nomoficial": "OLLEROS", "COM_PAR": "13", "id_street": "3364", "alt_derfin": "2499", "ZONA": "20", "alt_derini": "2401", "TELEFONICA": null, "alt_izqfin": "2500", "BARRIO": "COLEGIALES", "COMUNA": "13", "alt_izqini": "2402", "codigo": "16022", "BARRIO_PAR": "COLEGIALES", "id": null, "TELECENTRO": null, "EMPRESA": "TELCOS - NO SE IDENTIFICA", "fecha_ingr": null, "long": 0.0, "longitud_m": 105.21195288537066 }, "geometry": { "type": "LineString", "coordinates": [ [ -58.443828955535814, -34.570471884386563 ], [ -58.444350724010832, -34.571316420286124 ] ] } },
{ "type": "Feature", "properties": { "TELECOM": null, "nomoficial": "ZAPATA", "COM_PAR": "13", "id_street": "3365", "alt_derfin": "699", "ZONA": "20", "alt_derini": "601", "TELEFONICA": null, "alt_izqfin": "700", "BARRIO": "COLEGIALES", "COMUNA": "13", "alt_izqini": "602", "codigo": "27007", "BARRIO_PAR": "COLEGIALES", "id": null, "TELECENTRO": null, "EMPRESA": "TELCOS - NO SE IDENTIFICA", "fecha_ingr": null, "long": 0.0, "longitud_m": 107.3946321443197 }, "geometry": { "type": "LineString", "coordinates": [ [ -58.444350724010832, -34.571316420286124 ], [ -58.445375088905116, -34.570848185216065 ] ] } },
{ "type": "Feature", "properties": { "TELECOM": null, "nomoficial": "MAURE", "COM_PAR": "14", "id_street": "3366", "alt_derfin": "2399", "ZONA": "20", "alt_derini": "2301", "TELEFONICA": null, "alt_izqfin": "2400", "BARRIO": "PALERMO", "COMUNA": "14", "alt_izqini": "2302", "codigo": "13054", "BARRIO_PAR": "PALERMO", "id": null, "TELECENTRO": null, "EMPRESA": "TELCOS - NO SE IDENTIFICA", "fecha_ingr": null, "long": 0.0, "longitud_m": 130.92594866093938 }, "geometry": { "type": "LineString", "coordinates": [ [ -58.440868516091712, -34.57067645087173 ], [ -58.441836075692201, -34.571328116940855 ], [ -58.441945359603118, -34.571445462426901 ] ] } },
{ "type": "Feature", "properties": { "TELECOM": null, "nomoficial": "PALPA", "COM_PAR": "13", "id_street": "3369", "alt_derfin": "2599", "ZONA": "20", "alt_derini": "2501", "TELEFONICA": null, "alt_izqfin": "2600", "BARRIO": "COLEGIALES", "COMUNA": "13", "alt_izqini": "2502", "codigo": "17012", "BARRIO_PAR": "COLEGIALES", "id": null, "TELECENTRO": null, "EMPRESA": "TELCOS - NO SE IDENTIFICA", "fecha_ingr": null, "long": 0.0, "longitud_m": 100.45175588837671 }, "geometry": { "type": "LineString", "coordinates": [ [ -58.44761129229969, -34.57058940332216 ], [ -58.44820045668488, -34.571352591723929 ] ] } },
{ "type": "Feature", "properties": { "TELECOM": null, "nomoficial": "AMENABAR", "COM_PAR": "13", "id_street": "3370", "alt_derfin": "999", "ZONA": "20", "alt_derini": "901", "TELEFONICA": null, "alt_izqfin": "1000", "BARRIO": "COLEGIALES", "COMUNA": "13", "alt_izqini": "902", "codigo": "1072", "BARRIO_PAR": "COLEGIALES", "id": null, "TELECENTRO": null, "EMPRESA": "TELCOS - NO SE IDENTIFICA", "fecha_ingr": null, "long": 0.0, "longitud_m": 74.438114714311268 }, "geometry": { "type": "LineString", "coordinates": [ [ -58.44820045668488, -34.571352591723929 ], [ -58.448864324606127, -34.570966959984943 ] ] } },
{ "type": "Feature", "properties": { "TELECOM": null, "nomoficial": "CABILDO AV.", "COM_PAR": "13", "id_street": "3387", "alt_derfin": "559", "ZONA": "20", "alt_derini": "501", "TELEFONICA": null, "alt_izqfin": "560", "BARRIO": null, "COMUNA": null, "alt_izqini": "502", "codigo": "3005", "BARRIO_PAR": "COLEGIALES", "id": null, "TELECENTRO": null, "EMPRESA": "TELCOS - NO SE IDENTIFICA", "fecha_ingr": null, "long": 0.0, "longitud_m": 65.412914401419982 }, "geometry": { "type": "LineString", "coordinates": [ [ -58.441945359603118, -34.571445462426901 ], [ -58.442545559255237, -34.571127320066573 ] ] } },
{ "type": "Feature", "properties": { "TELECOM": null, "nomoficial": "AGUILAR", "COM_PAR": "13", "id_street": "3396", "alt_derfin": "2699", "ZONA": "20", "alt_derini": "2601", "TELEFONICA": null, "alt_izqfin": "2700", "BARRIO": "COLEGIALES", "COMUNA": "13", "alt_izqini": "2602", "codigo": "1023", "BARRIO_PAR": "COLEGIALES", "id": null, "TELECENTRO": null, "EMPRESA": "TELCOS - NO SE IDENTIFICA", "fecha_ingr": null, "long": 0.0, "longitud_m": 83.209083391307288 }, "geometry": { "type": "LineString", "coordinates": [ [ -58.448864324606127, -34.570966959984943 ], [ -58.44939614744635, -34.571574498826415 ] ] } },
{ "type": "Feature", "properties": { "TELECOM": null, "nomoficial": "LACROZE, FEDERICO AV.", "COM_PAR": "13", "id_street": "3402", "alt_derfin": "2499", "ZONA": "20", "alt_derini": "2455", "TELEFONICA": null, "alt_izqfin": "2500", "BARRIO": "COLEGIALES", "COMUNA": "13", "alt_izqini": "2452", "codigo": "12012", "BARRIO_PAR": "COLEGIALES", "id": null, "TELECENTRO": null, "EMPRESA": "TELCOS - NO SE IDENTIFICA", "fecha_ingr": null, "long": 0.0, "longitud_m": 93.68180103823606 }, "geometry": { "type": "LineString", "coordinates": [ [ -58.445375088905116, -34.570848185216065 ], [ -58.445830913696341, -34.571603830002495 ] ] } },
{ "type": "Feature", "properties": { "TELECOM": null, "nomoficial": "CIUDAD DE LA PAZ", "COM_PAR": "13", "id_street": "3403", "alt_derfin": "799", "ZONA": "20", "alt_derini": "701", "TELEFONICA": null, "alt_izqfin": "800", "BARRIO": "COLEGIALES", "COMUNA": "13", "alt_izqini": "702", "codigo": "3128", "BARRIO_PAR": "COLEGIALES", "id": null, "TELECENTRO": null, "EMPRESA": "TELCOS - NO SE IDENTIFICA", "fecha_ingr": null, "long": 0.0, "longitud_m": 96.712080736723806 }, "geometry": { "type": "LineString", "coordinates": [ [ -58.445830913696341, -34.571603830002495 ], [ -58.446698885594166, -34.571109293224382 ] ] } },
{ "type": "Feature", "properties": { "TELECOM": null, "nomoficial": "GARCIA, TEODORO", "COM_PAR": "13", "id_street": "3441", "alt_derfin": "2599", "ZONA": "20", "alt_derini": "2501", "TELEFONICA": null, "alt_izqfin": "2600", "BARRIO": "COLEGIALES", "COMUNA": "13", "alt_izqini": "2502", "codigo": "7033", "BARRIO_PAR": "COLEGIALES", "id": null, "TELECENTRO": null, "EMPRESA": "TELCOS - NO SE IDENTIFICA", "fecha_ingr": null, "long": 0.0, "longitud_m": 101.90553015156796 }, "geometry": { "type": "LineString", "coordinates": [ [ -58.446698885594166, -34.571109293224382 ], [ -58.447231677037138, -34.571915296321244 ] ] } },
{ "type": "Feature", "properties": { "TELECOM": null, "nomoficial": "AMENABAR", "COM_PAR": "13", "id_street": "3442", "alt_derfin": "899", "ZONA": "20", "alt_derini": "801", "TELEFONICA": null, "alt_izqfin": "900", "BARRIO": "COLEGIALES", "COMUNA": "13", "alt_izqini": "802", "codigo": "1072", "BARRIO_PAR": "COLEGIALES", "id": null, "TELECENTRO": null, "EMPRESA": "TELCOS - NO SE IDENTIFICA", "fecha_ingr": null, "long": 0.0, "longitud_m": 108.62387233227584 }, "geometry": { "type": "LineString", "coordinates": [ [ -58.447231677037138, -34.571915296321244 ], [ -58.44820045668488, -34.571352591723929 ] ] } },
{ "type": "Feature", "properties": { "TELECOM": null, "nomoficial": "PALPA", "COM_PAR": "13", "id_street": "3443", "alt_derfin": "2699", "ZONA": "20", "alt_derini": "2601", "TELEFONICA": null, "alt_izqfin": "2700", "BARRIO": "COLEGIALES", "COMUNA": "13", "alt_izqini": "2602", "codigo": "17012", "BARRIO_PAR": "COLEGIALES", "id": null, "TELECENTRO": null, "EMPRESA": "TELCOS - NO SE IDENTIFICA", "fecha_ingr": null, "long": 0.0, "longitud_m": 75.141406920403426 }, "geometry": { "type": "LineString", "coordinates": [ [ -58.44820045668488, -34.571352591723929 ], [ -58.448641273109637, -34.571923431643185 ] ] } },
{ "type": "Feature", "properties": { "TELECOM": null, "nomoficial": "GOROSTIAGA", "COM_PAR": "13", "id_street": "3455", "alt_derfin": "2499", "ZONA": "20", "alt_derini": "2401", "TELEFONICA": null, "alt_izqfin": "2500", "BARRIO": "COLEGIALES", "COMUNA": "13", "alt_izqini": "2402", "codigo": "7071", "BARRIO_PAR": "COLEGIALES", "id": null, "TELECENTRO": null, "EMPRESA": "TELCOS - NO SE IDENTIFICA", "fecha_ingr": null, "long": 0.0, "longitud_m": 121.0531432511426 }, "geometry": { "type": "LineString", "coordinates": [ [ -58.442545559255237, -34.571127320066573 ], [ -58.443339833115473, -34.571998596901786 ] ] } },
{ "type": "Feature", "properties": { "TELECOM": null, "nomoficial": "ZAPATA", "COM_PAR": "13", "id_street": "3456", "alt_derfin": "599", "ZONA": "20", "alt_derini": "531", "TELEFONICA": null, "alt_izqfin": "600", "BARRIO": "COLEGIALES", "COMUNA": "13", "alt_izqini": "534", "codigo": "27007", "BARRIO_PAR": "COLEGIALES", "id": null, "TELECENTRO": null, "EMPRESA": "TELCOS - NO SE IDENTIFICA", "fecha_ingr": null, "long": 0.0, "longitud_m": 119.7136662009617 }, "geometry": { "type": "LineString", "coordinates": [ [ -58.443339833115473, -34.571998596901786 ], [ -58.444350724010832, -34.571316420286124 ] ] } },
{ "type": "Feature", "properties": { "TELECOM": null, "nomoficial": "OLLEROS", "COM_PAR": "13", "id_street": "3486", "alt_derfin": "2599", "ZONA": "20", "alt_derini": "2501", "TELEFONICA": null, "alt_izqfin": "2600", "BARRIO": "COLEGIALES", "COMUNA": "13", "alt_izqini": "2502", "codigo": "16022", "BARRIO_PAR": "COLEGIALES", "id": null, "TELECENTRO": null, "EMPRESA": "TELCOS - NO SE IDENTIFICA", "fecha_ingr": null, "long": 0.0, "longitud_m": 109.88676494966727 }, "geometry": { "type": "LineString", "coordinates": [ [ -58.444350724010832, -34.571316420286124 ], [ -58.444895651834649, -34.572198493300213 ] ] } },
{ "type": "Feature", "properties": { "TELECOM": null, "nomoficial": "CIUDAD DE LA PAZ", "COM_PAR": "13", "id_street": "3487", "alt_derfin": "699", "ZONA": "20", "alt_derini": "601", "TELEFONICA": null, "alt_izqfin": "700", "BARRIO": "COLEGIALES", "COMUNA": "13", "alt_izqini": "602", "codigo": "3128", "BARRIO_PAR": "COLEGIALES", "id": null, "TELECENTRO": null, "EMPRESA": "TELCOS - NO SE IDENTIFICA", "fecha_ingr": null, "long": 0.0, "longitud_m": 108.24466843509597 }, "geometry": { "type": "LineString", "coordinates": [ [ -58.444895651834649, -34.572198493300213 ], [ -58.445830913696341, -34.571603830002495 ] ] } },
{ "type": "Feature", "properties": { "TELECOM": null, "nomoficial": "MAURE", "COM_PAR": "13", "id_street": "3507", "alt_derfin": "2499", "ZONA": "20", "alt_derini": "2401", "TELEFONICA": null, "alt_izqfin": "2500", "BARRIO": "COLEGIALES", "COMUNA": "13", "alt_izqini": "2402", "codigo": "13054", "BARRIO_PAR": "COLEGIALES", "id": null, "TELECENTRO": null, "EMPRESA": "TELCOS - NO SE IDENTIFICA", "fecha_ingr": null, "long": 0.0, "longitud_m": 127.53394455123481 }, "geometry": { "type": "LineString", "coordinates": [ [ -58.441945359603118, -34.571445462426901 ], [ -58.442793682204417, -34.572356119201132 ] ] } },
{ "type": "Feature", "properties": { "TELECOM": null, "nomoficial": "ZAPATA", "COM_PAR": "13", "id_street": "3508", "alt_derfin": "529", "ZONA": "20", "alt_derini": "501", "TELEFONICA": null, "alt_izqfin": "532", "BARRIO": "COLEGIALES", "COMUNA": "13", "alt_izqini": "502", "codigo": "27007", "BARRIO_PAR": "COLEGIALES", "id": null, "TELECENTRO": null, "EMPRESA": "TELCOS - NO SE IDENTIFICA", "fecha_ingr": null, "long": 0.0, "longitud_m": 63.9102904892504 }, "geometry": { "type": "LineString", "coordinates": [ [ -58.442793682204417, -34.572356119201132 ], [ -58.443339833115473, -34.571998596901786 ] ] } },
{ "type": "Feature", "properties": { "TELECOM": null, "nomoficial": "LACROZE, FEDERICO AV.", "COM_PAR": "13", "id_street": "3514", "alt_derfin": "2599", "ZONA": "20", "alt_derini": "2501", "TELEFONICA": null, "alt_izqfin": "2600", "BARRIO": "COLEGIALES", "COMUNA": "13", "alt_izqini": "2502", "codigo": "12012", "BARRIO_PAR": "COLEGIALES", "id": null, "TELECENTRO": null, "EMPRESA": "TELCOS - NO SE IDENTIFICA", "fecha_ingr": null, "long": 0.0, "longitud_m": 102.86700937221005 }, "geometry": { "type": "LineString", "coordinates": [ [ -58.445830913696341, -34.571603830002495 ], [ -58.446333642078379, -34.572432650006107 ] ] } },
{ "type": "Feature", "properties": { "TELECOM": null, "nomoficial": "AMENABAR", "COM_PAR": "13", "id_street": "3515", "alt_derfin": "799", "ZONA": "20", "alt_derini": "701", "TELEFONICA": null, "alt_izqfin": "800", "BARRIO": "COLEGIALES", "COMUNA": "13", "alt_izqini": "702", "codigo": "1072", "BARRIO_PAR": "COLEGIALES", "id": null, "TELECENTRO": null, "EMPRESA": "TELCOS - NO SE IDENTIFICA", "fecha_ingr": null, "long": 0.0, "longitud_m": 100.42042382652166 }, "geometry": { "type": "LineString", "coordinates": [ [ -58.446333642078379, -34.572432650006107 ], [ -58.447231677037138, -34.571915296321244 ] ] } },
{ "type": "Feature", "properties": { "TELECOM": null, "nomoficial": "AMENABAR", "COM_PAR": "13", "id_street": "3594", "alt_derfin": "699", "ZONA": "20", "alt_derini": "601", "TELEFONICA": null, "alt_izqfin": "700", "BARRIO": "COLEGIALES", "COMUNA": "13", "alt_izqini": "602", "codigo": "1072", "BARRIO_PAR": "COLEGIALES", "id": null, "TELECENTRO": null, "EMPRESA": "TELCOS - NO SE IDENTIFICA", "fecha_ingr": null, "long": 0.0, "longitud_m": 107.75868797113465 }, "geometry": { "type": "LineString", "coordinates": [ [ -58.445412931187995, -34.57303562923191 ], [ -58.446333642078379, -34.572432650006107 ] ] } },
{ "type": "Feature", "properties": { "TELECOM": null, "nomoficial": "MAURE", "COM_PAR": "13", "id_street": "3608", "alt_derfin": "2599", "ZONA": "20", "alt_derini": "2501", "TELEFONICA": null, "alt_izqfin": "2600", "BARRIO": "COLEGIALES", "COMUNA": "13", "alt_izqini": "2502", "codigo": "13054", "BARRIO_PAR": "COLEGIALES", "id": null, "TELECENTRO": null, "EMPRESA": "TELCOS - NO SE IDENTIFICA", "fecha_ingr": null, "long": 0.0, "longitud_m": 105.02484579952724 }, "geometry": { "type": "LineString", "coordinates": [ [ -58.442793682204417, -34.572356119201132 ], [ -58.443492304696562, -34.573106038314457 ] ] } },
{ "type": "Feature", "properties": { "TELECOM": null, "nomoficial": "CIUDAD DE LA PAZ", "COM_PAR": "13", "id_street": "3609", "alt_derfin": "599", "ZONA": "20", "alt_derini": "501", "TELEFONICA": null, "alt_izqfin": "600", "BARRIO": "COLEGIALES", "COMUNA": "13", "alt_izqini": "502", "codigo": "3128", "BARRIO_PAR": "COLEGIALES", "id": null, "TELECENTRO": null, "EMPRESA": "TELCOS - NO SE IDENTIFICA", "fecha_ingr": null, "long": 0.0, "longitud_m": 163.4559389945243 }, "geometry": { "type": "LineString", "coordinates": [ [ -58.443492304696562, -34.573106038314457 ], [ -58.444895651834649, -34.572198493300213 ] ] } },
{ "type": "Feature", "properties": { "TELECOM": null, "nomoficial": "CIUDAD DE LA PAZ", "COM_PAR": "13", "id_street": "3699", "alt_derfin": "499", "ZONA": "20", "alt_derini": "401", "TELEFONICA": null, "alt_izqfin": "500", "BARRIO": "COLEGIALES", "COMUNA": "13", "alt_izqini": "402", "codigo": "3128", "BARRIO_PAR": "COLEGIALES", "id": null, "TELECENTRO": null, "EMPRESA": "TELCOS - NO SE IDENTIFICA", "fecha_ingr": null, "long": 0.0, "longitud_m": 124.68228538451048 }, "geometry": { "type": "LineString", "coordinates": [ [ -58.44242187116344, -34.573798338491095 ], [ -58.443492304696562, -34.573106038314457 ] ] } },
{ "type": "Feature", "properties": { "TELECOM": null, "nomoficial": "O'HIGGINS", "COM_PAR": "13", "id_street": "888", "alt_derfin": "3199", "ZONA": "21", "alt_derini": "3101", "TELEFONICA": null, "alt_izqfin": "3200", "BARRIO": "NUÑEZ", "COMUNA": "13", "alt_izqini": "3102", "codigo": "16009", "BARRIO_PAR": "NUÑEZ", "id": null, "TELECENTRO": null, "EMPRESA": "TELCOS - NO SE IDENTIFICA", "fecha_ingr": null, "long": 0.0, "longitud_m": 101.10634801026667 }, "geometry": { "type": "LineString", "coordinates": [ [ -58.461125068479248, -34.550751856407722 ], [ -58.461773994762218, -34.550015369892122 ] ] } },
{ "type": "Feature", "properties": { "TELECOM": null, "nomoficial": "GUAYRA", "COM_PAR": "13", "id_street": "963", "alt_derfin": "2099", "ZONA": "21", "alt_derini": "2001", "TELEFONICA": null, "alt_izqfin": "2100", "BARRIO": "NUÑEZ", "COMUNA": "13", "alt_izqini": "2002", "codigo": "7097", "BARRIO_PAR": "NUÑEZ", "id": null, "TELECENTRO": null, "EMPRESA": "TELCOS - NO SE IDENTIFICA", "fecha_ingr": null, "long": 0.0, "longitud_m": 127.57212290255184 }, "geometry": { "type": "LineString", "coordinates": [ [ -58.461125068479248, -34.550751856407722 ], [ -58.462312919188413, -34.551348998568898 ] ] } },
{ "type": "Feature", "properties": { "TELECOM": null, "nomoficial": "CAMPOS SALLES", "COM_PAR": "13", "id_street": "981", "alt_derfin": "2299", "ZONA": "21", "alt_derini": "2201", "TELEFONICA": null, "alt_izqfin": "2300", "BARRIO": "NUÑEZ", "COMUNA": "13", "alt_izqini": "2202", "codigo": "3044", "BARRIO_PAR": "NUÑEZ", "id": null, "TELECENTRO": null, "EMPRESA": "TELCOS - NO SE IDENTIFICA", "fecha_ingr": null, "long": 0.0, "longitud_m": 100.8400054677619 }, "geometry": { "type": "LineString", "coordinates": [ [ -58.463824816688032, -34.551045050596954 ], [ -58.464764151704188, -34.551516532938301 ] ] } },
{ "type": "Feature", "properties": { "TELECOM": null, "nomoficial": "GUAYRA", "COM_PAR": "13", "id_street": "1010", "alt_derfin": "2199", "ZONA": "21", "alt_derini": "2101", "TELEFONICA": null, "alt_izqfin": "2200", "BARRIO": "NUÑEZ", "COMUNA": "13", "alt_izqini": "2102", "codigo": "7097", "BARRIO_PAR": "NUÑEZ", "id": null, "TELECENTRO": null, "EMPRESA": "TELCOS - NO SE IDENTIFICA", "fecha_ingr": null, "long": 0.0, "longitud_m": 101.18604451133089 }, "geometry": { "type": "LineString", "coordinates": [ [ -58.462312919188413, -34.551348998568898 ], [ -58.463257015564686, -34.551819999550439 ] ] } },
{ "type": "Feature", "properties": { "TELECOM": null, "nomoficial": "CUBA", "COM_PAR": "13", "id_street": "1011", "alt_derfin": "3199", "ZONA": "21", "alt_derini": "3101", "TELEFONICA": null, "alt_izqfin": "3200", "BARRIO": "NUÑEZ", "COMUNA": "13", "alt_izqini": "3102", "codigo": "3197", "BARRIO_PAR": "NUÑEZ", "id": null, "TELECENTRO": null, "EMPRESA": "TELCOS - NO SE IDENTIFICA", "fecha_ingr": null, "long": 0.0, "longitud_m": 100.52992698791108 }, "geometry": { "type": "LineString", "coordinates": [ [ -58.463257015564686, -34.551819999550439 ], [ -58.463824816688032, -34.551045050596954 ] ] } },
{ "type": "Feature", "properties": { "TELECOM": null, "nomoficial": "IBERA", "COM_PAR": "13", "id_street": "1051", "alt_derfin": "2099", "ZONA": "21", "alt_derini": "2067", "TELEFONICA": null, "alt_izqfin": "2136", "BARRIO": "NUÑEZ", "COMUNA": "13", "alt_izqini": "2102", "codigo": "9004", "BARRIO_PAR": "NUÑEZ", "id": null, "TELECENTRO": null, "EMPRESA": "TELCOS - NO SE IDENTIFICA", "fecha_ingr": null, "long": 0.0, "longitud_m": 55.938952796177965 }, "geometry": { "type": "LineString", "coordinates": [ [ -58.461246330119231, -34.551830545915209 ], [ -58.461764423799849, -34.552096123143386 ] ] } },
{ "type": "Feature", "properties": { "TELECOM": null, "nomoficial": "ARCOS", "COM_PAR": "13", "id_street": "1052", "alt_derfin": "3099", "ZONA": "21", "alt_derini": "3001", "TELEFONICA": null, "alt_izqfin": "3100", "BARRIO": "NUÑEZ", "COMUNA": "13", "alt_izqini": "3002", "codigo": "1102", "BARRIO_PAR": "NUÑEZ", "id": null, "TELECENTRO": null, "EMPRESA": "TELCOS - NO SE IDENTIFICA", "fecha_ingr": null, "long": 0.0, "longitud_m": 96.971807771194449 }, "geometry": { "type": "LineString", "coordinates": [ [ -58.461764423799849, -34.552096123143386 ], [ -58.462312919188413, -34.551348998568898 ] ] } },
{ "type": "Feature", "properties": { "TELECOM": null, "nomoficial": "GUAYRA", "COM_PAR": "13", "id_street": "1077", "alt_derfin": "2299", "ZONA": "21", "alt_derini": "2201", "TELEFONICA": null, "alt_izqfin": "2300", "BARRIO": "NUÑEZ", "COMUNA": "13", "alt_izqini": "2202", "codigo": "7097", "BARRIO_PAR": "NUÑEZ", "id": null, "TELECENTRO": null, "EMPRESA": "TELCOS - NO SE IDENTIFICA", "fecha_ingr": null, "long": 0.0, "longitud_m": 100.86160317601245 }, "geometry": { "type": "LineString", "coordinates": [ [ -58.463257015564686, -34.551819999550439 ], [ -58.464199760682931, -34.552287190299424 ] ] } },
{ "type": "Feature", "properties": { "TELECOM": null, "nomoficial": "VUELTA DE OBLIGADO", "COM_PAR": "13", "id_street": "1078", "alt_derfin": "3199", "ZONA": "21", "alt_derini": "3101", "TELEFONICA": null, "alt_izqfin": "3200", "BARRIO": "NUÑEZ", "COMUNA": "13", "alt_izqini": "3102", "codigo": "16002", "BARRIO_PAR": "NUÑEZ", "id": null, "TELECENTRO": null, "EMPRESA": "TELCOS - NO SE IDENTIFICA", "fecha_ingr": null, "long": 0.0, "longitud_m": 99.960418081639787 }, "geometry": { "type": "LineString", "coordinates": [ [ -58.464199760682931, -34.552287190299424 ], [ -58.464764151704188, -34.551516532938301 ] ] } },
{ "type": "Feature", "properties": { "TELECOM": null, "nomoficial": "IBERA", "COM_PAR": "13", "id_street": "1109", "alt_derfin": "2199", "ZONA": "21", "alt_derini": "2101", "TELEFONICA": null, "alt_izqfin": "2200", "BARRIO": "NUÑEZ", "COMUNA": "13", "alt_izqini": "2138", "codigo": "9004", "BARRIO_PAR": "NUÑEZ", "id": null, "TELECENTRO": null, "EMPRESA": "TELCOS - NO SE IDENTIFICA", "fecha_ingr": null, "long": 0.0, "longitud_m": 101.26991054725073 }, "geometry": { "type": "LineString", "coordinates": [ [ -58.461764423799849, -34.552096123143386 ], [ -58.462702311961067, -34.552576987663159 ] ] } },
{ "type": "Feature", "properties": { "TELECOM": null, "nomoficial": "CUBA", "COM_PAR": "13", "id_street": "1110", "alt_derfin": "3099", "ZONA": "21", "alt_derini": "3001", "TELEFONICA": null, "alt_izqfin": "3100", "BARRIO": "NUÑEZ", "COMUNA": "13", "alt_izqini": "3002", "codigo": "3197", "BARRIO_PAR": "NUÑEZ", "id": null, "TELECENTRO": null, "EMPRESA": "TELCOS - NO SE IDENTIFICA", "fecha_ingr": null, "long": 0.0, "longitud_m": 98.202695832109356 }, "geometry": { "type": "LineString", "coordinates": [ [ -58.462702311961067, -34.552576987663159 ], [ -58.463257015564686, -34.551819999550439 ] ] } },
{ "type": "Feature", "properties": { "TELECOM": null, "nomoficial": "GUAYRA", "COM_PAR": "13", "id_street": "1134", "alt_derfin": "2399", "ZONA": "21", "alt_derini": "2301", "TELEFONICA": null, "alt_izqfin": "2400", "BARRIO": "NUÑEZ", "COMUNA": "13", "alt_izqini": "2302", "codigo": "7097", "BARRIO_PAR": "NUÑEZ", "id": null, "TELECENTRO": null, "EMPRESA": "TELCOS - NO SE IDENTIFICA", "fecha_ingr": null, "long": 0.0, "longitud_m": 99.898296166851836 }, "geometry": { "type": "LineString", "coordinates": [ [ -58.464199760682931, -34.552287190299424 ], [ -58.465133493890839, -34.552749937145606 ] ] } },
{ "type": "Feature", "properties": { "TELECOM": null, "nomoficial": "CABILDO AV.", "COM_PAR": "13", "id_street": "1135", "alt_derfin": "3299", "ZONA": "21", "alt_derini": "3201", "TELEFONICA": null, "alt_izqfin": "3304", "BARRIO": "NUÑEZ", "COMUNA": "13", "alt_izqini": "3202", "codigo": "3005", "BARRIO_PAR": "NUÑEZ", "id": null, "TELECENTRO": null, "EMPRESA": "TELCOS - NO SE IDENTIFICA", "fecha_ingr": null, "long": 0.0, "longitud_m": 99.483584259295895 }, "geometry": { "type": "LineString", "coordinates": [ [ -58.465133493890839, -34.552749937145606 ], [ -58.46573362873125, -34.552003148619619 ] ] } },
{ "type": "Feature", "properties": { "TELECOM": null, "nomoficial": "ARCOS", "COM_PAR": "13", "id_street": "1146", "alt_derfin": "2999", "ZONA": "21", "alt_derini": "2901", "TELEFONICA": null, "alt_izqfin": "3000", "BARRIO": "NUÑEZ", "COMUNA": "13", "alt_izqini": "2902", "codigo": "1102", "BARRIO_PAR": "NUÑEZ", "id": null, "TELECENTRO": null, "EMPRESA": "TELCOS - NO SE IDENTIFICA", "fecha_ingr": null, "long": 0.0, "longitud_m": 136.62636983014147 }, "geometry": { "type": "LineString", "coordinates": [ [ -58.460378456650297, -34.552831185460342 ], [ -58.461246330119231, -34.551830545915209 ] ] } },
{ "type": "Feature", "properties": { "TELECOM": null, "nomoficial": "IBERA", "COM_PAR": "13", "id_street": "1164", "alt_derfin": "2295", "ZONA": "21", "alt_derini": "2201", "TELEFONICA": null, "alt_izqfin": "2300", "BARRIO": "NUÑEZ", "COMUNA": "13", "alt_izqini": "2202", "codigo": "9004", "BARRIO_PAR": "NUÑEZ", "id": null, "TELECENTRO": null, "EMPRESA": "TELCOS - NO SE IDENTIFICA", "fecha_ingr": null, "long": 0.0, "longitud_m": 83.577574658301941 }, "geometry": { "type": "LineString", "coordinates": [ [ -58.462702311961067, -34.552576987663159 ], [ -58.463476360831528, -34.552973829245325 ] ] } },
{ "type": "Feature", "properties": { "TELECOM": null, "nomoficial": "IBERA", "COM_PAR": "13", "id_street": "1175", "alt_derfin": "2299", "ZONA": "21", "alt_derini": "2297", "TELEFONICA": null, "alt_izqfin": "2304", "BARRIO": "NUÑEZ", "COMUNA": "13", "alt_izqini": "2302", "codigo": "9004", "BARRIO_PAR": "NUÑEZ", "id": null, "TELECENTRO": null, "EMPRESA": "TELCOS - NO SE IDENTIFICA", "fecha_ingr": null, "long": 0.0, "longitud_m": 17.313081794030744 }, "geometry": { "type": "LineString", "coordinates": [ [ -58.463476360831528, -34.552973829245325 ], [ -58.463636721116238, -34.553056013921619 ] ] } },
{ "type": "Feature", "properties": { "TELECOM": null, "nomoficial": "VUELTA DE OBLIGADO", "COM_PAR": "13", "id_street": "1176", "alt_derfin": "3099", "ZONA": "21", "alt_derini": "3001", "TELEFONICA": null, "alt_izqfin": "3100", "BARRIO": "NUÑEZ", "COMUNA": "13", "alt_izqini": "3002", "codigo": "16002", "BARRIO_PAR": "NUÑEZ", "id": null, "TELECENTRO": null, "EMPRESA": "TELCOS - NO SE IDENTIFICA", "fecha_ingr": null, "long": 0.0, "longitud_m": 99.72192504719898 }, "geometry": { "type": "LineString", "coordinates": [ [ -58.463636721116238, -34.553056013921619 ], [ -58.464199760682931, -34.552287190299424 ] ] } },
{ "type": "Feature", "properties": { "TELECOM": null, "nomoficial": "QUESADA", "COM_PAR": "13", "id_street": "1200", "alt_derfin": "2159", "ZONA": "21", "alt_derini": "2101", "TELEFONICA": null, "alt_izqfin": "2200", "BARRIO": "NUÑEZ", "COMUNA": "13", "alt_izqini": "2102", "codigo": "18005", "BARRIO_PAR": "NUÑEZ", "id": null, "TELECENTRO": null, "EMPRESA": "TELCOS - NO SE IDENTIFICA", "fecha_ingr": null, "long": 0.0, "longitud_m": 101.46687172977796 }, "geometry": { "type": "LineString", "coordinates": [ [ -58.460378456650297, -34.552831185460342 ], [ -58.461313876532351, -34.553318680400253 ] ] } },
{ "type": "Feature", "properties": { "TELECOM": null, "nomoficial": "IBERA", "COM_PAR": "13", "id_street": "1225", "alt_derfin": "2399", "ZONA": "21", "alt_derini": "2301", "TELEFONICA": null, "alt_izqfin": "2400", "BARRIO": "NUÑEZ", "COMUNA": "13", "alt_izqini": "2306", "codigo": "9004", "BARRIO_PAR": "NUÑEZ", "id": null, "TELECENTRO": null, "EMPRESA": "TELCOS - NO SE IDENTIFICA", "fecha_ingr": null, "long": 0.0, "longitud_m": 95.632336866339898 }, "geometry": { "type": "LineString", "coordinates": [ [ -58.463636721116238, -34.553056013921619 ], [ -58.464520240502885, -34.553512990745183 ] ] } },
{ "type": "Feature", "properties": { "TELECOM": null, "nomoficial": "CABILDO AV.", "COM_PAR": "13", "id_street": "1226", "alt_derfin": "3199", "ZONA": "21", "alt_derini": "3101", "TELEFONICA": null, "alt_izqfin": "3200", "BARRIO": "NUÑEZ", "COMUNA": "13", "alt_izqini": "3102", "codigo": "3005", "BARRIO_PAR": "NUÑEZ", "id": null, "TELECENTRO": null, "EMPRESA": "TELCOS - NO SE IDENTIFICA", "fecha_ingr": null, "long": 0.0, "longitud_m": 101.65248530954793 }, "geometry": { "type": "LineString", "coordinates": [ [ -58.464520240502885, -34.553512990745183 ], [ -58.465133493890839, -34.552749937145606 ] ] } },
{ "type": "Feature", "properties": { "TELECOM": null, "nomoficial": "QUESADA", "COM_PAR": "13", "id_street": "1237", "alt_derfin": "2299", "ZONA": "21", "alt_derini": "2161", "TELEFONICA": null, "alt_izqfin": "2264", "BARRIO": "NUÑEZ", "COMUNA": "13", "alt_izqini": "2202", "codigo": "18005", "BARRIO_PAR": "NUÑEZ", "id": null, "TELECENTRO": null, "EMPRESA": "TELCOS - NO SE IDENTIFICA", "fecha_ingr": null, "long": 0.0, "longitud_m": 66.328185488158084 }, "geometry": { "type": "LineString", "coordinates": [ [ -58.461313876532351, -34.553318680400253 ], [ -58.461925352533036, -34.553637358187288 ] ] } },
{ "type": "Feature", "properties": { "TELECOM": null, "nomoficial": "CUBA", "COM_PAR": "13", "id_street": "1238", "alt_derfin": "2999", "ZONA": "21", "alt_derini": "2901", "TELEFONICA": null, "alt_izqfin": "3000", "BARRIO": "NUÑEZ", "COMUNA": "13", "alt_izqini": "2902", "codigo": "3197", "BARRIO_PAR": "NUÑEZ", "id": null, "TELECENTRO": null, "EMPRESA": "TELCOS - NO SE IDENTIFICA", "fecha_ingr": null, "long": 0.0, "longitud_m": 137.55690040506937 }, "geometry": { "type": "LineString", "coordinates": [ [ -58.461925352533036, -34.553637358187288 ], [ -58.462702311961067, -34.552576987663159 ] ] } },
{ "type": "Feature", "properties": { "TELECOM": null, "nomoficial": "QUESADA", "COM_PAR": "13", "id_street": "1258", "alt_derfin": "2313", "ZONA": "21", "alt_derini": "2301", "TELEFONICA": null, "alt_izqfin": "2300", "BARRIO": "NUÑEZ", "COMUNA": "13", "alt_izqini": "2266", "codigo": "18005", "BARRIO_PAR": "NUÑEZ", "id": null, "TELECENTRO": null, "EMPRESA": "TELCOS - NO SE IDENTIFICA", "fecha_ingr": null, "long": 0.0, "longitud_m": 36.118331883881233 }, "geometry": { "type": "LineString", "coordinates": [ [ -58.461925352533036, -34.553637358187288 ], [ -58.462258329732705, -34.553810886631219 ] ] } },
{ "type": "Feature", "properties": { "TELECOM": null, "nomoficial": "ARCOS", "COM_PAR": "13", "id_street": "1264", "alt_derfin": "2899", "ZONA": "21", "alt_derini": "2801", "TELEFONICA": null, "alt_izqfin": "2900", "BARRIO": "NUÑEZ", "COMUNA": "13", "alt_izqini": "2802", "codigo": "1102", "BARRIO_PAR": "NUÑEZ", "id": null, "TELECENTRO": null, "EMPRESA": "TELCOS - NO SE IDENTIFICA", "fecha_ingr": null, "long": 0.0, "longitud_m": 142.64641571961346 }, "geometry": { "type": "LineString", "coordinates": [ [ -58.459473023491682, -34.553876325572503 ], [ -58.460378456650297, -34.552831185460342 ] ] } },
{ "type": "Feature", "properties": { "TELECOM": null, "nomoficial": "QUESADA", "COM_PAR": "13", "id_street": "1280", "alt_derfin": "2343", "ZONA": "21", "alt_derini": "2315", "TELEFONICA": null, "alt_izqfin": "2352", "BARRIO": "NUÑEZ", "COMUNA": "13", "alt_izqini": "2302", "codigo": "18005", "BARRIO_PAR": "NUÑEZ", "id": null, "TELECENTRO": null, "EMPRESA": "TELCOS - NO SE IDENTIFICA", "fecha_ingr": null, "long": 0.0, "longitud_m": 45.726739957021699 }, "geometry": { "type": "LineString", "coordinates": [ [ -58.462258329732705, -34.553810886631219 ], [ -58.462679915579045, -34.554030542471878 ] ] } },
{ "type": "Feature", "properties": { "TELECOM": null, "nomoficial": "VUELTA DE OBLIGADO", "COM_PAR": "13", "id_street": "1281", "alt_derfin": "2999", "ZONA": "21", "alt_derini": "2901", "TELEFONICA": null, "alt_izqfin": "3000", "BARRIO": "NUÑEZ", "COMUNA": "13", "alt_izqini": "2902", "codigo": "16002", "BARRIO_PAR": "NUÑEZ", "id": null, "TELECENTRO": null, "EMPRESA": "TELCOS - NO SE IDENTIFICA", "fecha_ingr": null, "long": 0.0, "longitud_m": 138.14788329398348 }, "geometry": { "type": "LineString", "coordinates": [ [ -58.462679915579045, -34.554030542471878 ], [ -58.463476360831528, -34.552973829245325 ] ] } },
{ "type": "Feature", "properties": { "TELECOM": null, "nomoficial": "IBERA", "COM_PAR": "13", "id_street": "1290", "alt_derfin": "2499", "ZONA": "21", "alt_derini": "2401", "TELEFONICA": null, "alt_izqfin": "2500", "BARRIO": "NUÑEZ", "COMUNA": "13", "alt_izqini": "2402", "codigo": "9004", "BARRIO_PAR": "NUÑEZ", "id": null, "TELECENTRO": null, "EMPRESA": "TELCOS - NO SE IDENTIFICA", "fecha_ingr": null, "long": 0.0, "longitud_m": 119.82433372809072 }, "geometry": { "type": "LineString", "coordinates": [ [ -58.464520240502885, -34.553512990745183 ], [ -58.465617248466344, -34.5540986222233 ] ] } },
{ "type": "Feature", "properties": { "TELECOM": null, "nomoficial": "CIUDAD DE LA PAZ", "COM_PAR": "13", "id_street": "1291", "alt_derfin": "3199", "ZONA": "21", "alt_derini": "3101", "TELEFONICA": null, "alt_izqfin": "3200", "BARRIO": "NUÑEZ", "COMUNA": "13", "alt_izqini": "3102", "codigo": "3128", "BARRIO_PAR": "NUÑEZ", "id": null, "TELECENTRO": null, "EMPRESA": "TELCOS - NO SE IDENTIFICA", "fecha_ingr": null, "long": 0.0, "longitud_m": 99.66608080499806 }, "geometry": { "type": "LineString", "coordinates": [ [ -58.465617248466344, -34.5540986222233 ], [ -58.466233226076781, -34.553512046094838 ], [ -58.466351876980198, -34.553440633077898 ] ] } },
{ "type": "Feature", "properties": { "TELECOM": null, "nomoficial": "CONGRESO", "COM_PAR": "13", "id_street": "1321", "alt_derfin": "2199", "ZONA": "21", "alt_derini": "2101", "TELEFONICA": null, "alt_izqfin": "2200", "BARRIO": null, "COMUNA": null, "alt_izqini": "2102", "codigo": "3156", "BARRIO_PAR": "BELGRANO", "id": null, "TELECENTRO": null, "EMPRESA": "TELCOS - NO SE IDENTIFICA", "fecha_ingr": null, "long": 0.0, "longitud_m": 101.86321816431833 }, "geometry": { "type": "LineString", "coordinates": [ [ -58.459473023491682, -34.553876325572503 ], [ -58.460410492485927, -34.554367841591116 ] ] } },
{ "type": "Feature", "properties": { "TELECOM": null, "nomoficial": "CUBA", "COM_PAR": "13", "id_street": "1322", "alt_derfin": "2899", "ZONA": "21", "alt_derini": "2801", "TELEFONICA": null, "alt_izqfin": "2900", "BARRIO": "NUÑEZ", "COMUNA": "13", "alt_izqini": "2802", "codigo": "3197", "BARRIO_PAR": "NUÑEZ", "id": null, "TELECENTRO": null, "EMPRESA": "TELCOS - NO SE IDENTIFICA", "fecha_ingr": null, "long": 0.0, "longitud_m": 142.89972724489402 }, "geometry": { "type": "LineString", "coordinates": [ [ -58.460410492485927, -34.554367841591116 ], [ -58.461313876532351, -34.553318680400253 ] ] } },
{ "type": "Feature", "properties": { "TELECOM": null, "nomoficial": "QUESADA", "COM_PAR": "13", "id_street": "1331", "alt_derfin": "2399", "ZONA": "21", "alt_derini": "2345", "TELEFONICA": null, "alt_izqfin": "2400", "BARRIO": "NUÑEZ", "COMUNA": "13", "alt_izqini": "2354", "codigo": "18005", "BARRIO_PAR": "NUÑEZ", "id": null, "TELECENTRO": null, "EMPRESA": "TELCOS - NO SE IDENTIFICA", "fecha_ingr": null, "long": 0.0, "longitud_m": 93.637308637683631 }, "geometry": { "type": "LineString", "coordinates": [ [ -58.462679915579045, -34.554030542471878 ], [ -58.463543011626477, -34.55448062462056 ] ] } },
{ "type": "Feature", "properties": { "TELECOM": null, "nomoficial": "CABILDO AV.", "COM_PAR": "13", "id_street": "1332", "alt_derfin": "3099", "ZONA": "21", "alt_derini": "3001", "TELEFONICA": null, "alt_izqfin": "3100", "BARRIO": "NUÑEZ", "COMUNA": "13", "alt_izqini": "3002", "codigo": "3005", "BARRIO_PAR": "NUÑEZ", "id": null, "TELECENTRO": null, "EMPRESA": "TELCOS - NO SE IDENTIFICA", "fecha_ingr": null, "long": 0.0, "longitud_m": 139.88114837110891 }, "geometry": { "type": "LineString", "coordinates": [ [ -58.463543011626477, -34.55448062462056 ], [ -58.464520240502885, -34.553512990745183 ] ] } },
{ "type": "Feature", "properties": { "TELECOM": null, "nomoficial": "IBERA", "COM_PAR": "13", "id_street": "1339", "alt_derfin": "2599", "ZONA": "21", "alt_derini": "2501", "TELEFONICA": null, "alt_izqfin": "2600", "BARRIO": "NUÑEZ", "COMUNA": "13", "alt_izqini": "2502", "codigo": "9004", "BARRIO_PAR": "NUÑEZ", "id": null, "TELECENTRO": null, "EMPRESA": "TELCOS - NO SE IDENTIFICA", "fecha_ingr": null, "long": 0.0, "longitud_m": 84.409316550358326 }, "geometry": { "type": "LineString", "coordinates": [ [ -58.465617248466344, -34.5540986222233 ], [ -58.466384091070609, -34.554518685380415 ] ] } },
{ "type": "Feature", "properties": { "TELECOM": null, "nomoficial": "AMENABAR", "COM_PAR": "13", "id_street": "1340", "alt_derfin": "3199", "ZONA": "21", "alt_derini": "3101", "TELEFONICA": null, "alt_izqfin": "3200", "BARRIO": "NUÑEZ", "COMUNA": "13", "alt_izqini": "3102", "codigo": "1072", "BARRIO_PAR": "NUÑEZ", "id": null, "TELECENTRO": null, "EMPRESA": "TELCOS - NO SE IDENTIFICA", "fecha_ingr": null, "long": 0.0, "longitud_m": 103.93694131674698 }, "geometry": { "type": "LineString", "coordinates": [ [ -58.466384091070609, -34.554518685380415 ], [ -58.467225966951467, -34.553892027018989 ] ] } },
{ "type": "Feature", "properties": { "TELECOM": null, "nomoficial": "UGARTE, MANUEL", "COM_PAR": "13", "id_street": "1360", "alt_derfin": "2099", "ZONA": "21", "alt_derini": "2001", "TELEFONICA": null, "alt_izqfin": "2100", "BARRIO": "BELGRANO", "COMUNA": "13", "alt_izqini": "2002", "codigo": "22020", "BARRIO_PAR": "BELGRANO", "id": null, "TELECENTRO": null, "EMPRESA": "TELCOS - NO SE IDENTIFICA", "fecha_ingr": null, "long": 0.0, "longitud_m": 101.97124950684642 }, "geometry": { "type": "LineString", "coordinates": [ [ -58.457744595877976, -34.554301550684137 ], [ -58.458671844420422, -34.554807939049049 ] ] } },
{ "type": "Feature", "properties": { "TELECOM": null, "nomoficial": "ARCOS", "COM_PAR": "13", "id_street": "1361", "alt_derfin": "2799", "ZONA": "21", "alt_derini": "2701", "TELEFONICA": null, "alt_izqfin": "2800", "BARRIO": "BELGRANO", "COMUNA": "13", "alt_izqini": "2702", "codigo": "1102", "BARRIO_PAR": "BELGRANO", "id": null, "TELECENTRO": null, "EMPRESA": "TELCOS - NO SE IDENTIFICA", "fecha_ingr": null, "long": 0.0, "longitud_m": 126.83633201848286 }, "geometry": { "type": "LineString", "coordinates": [ [ -58.458671844420422, -34.554807939049049 ], [ -58.459473023491682, -34.553876325572503 ] ] } },
{ "type": "Feature", "properties": { "TELECOM": null, "nomoficial": "CONGRESO", "COM_PAR": "13", "id_street": "1369", "alt_derfin": "2299", "ZONA": "21", "alt_derini": "2201", "TELEFONICA": null, "alt_izqfin": "2300", "BARRIO": null, "COMUNA": null, "alt_izqini": "2202", "codigo": "3156", "BARRIO_PAR": "BELGRANO", "id": null, "TELECENTRO": null, "EMPRESA": "TELCOS - NO SE IDENTIFICA", "fecha_ingr": null, "long": 0.0, "longitud_m": 102.58282764499147 }, "geometry": { "type": "LineString", "coordinates": [ [ -58.460410492485927, -34.554367841591116 ], [ -58.461354611682587, -34.554862801261805 ] ] } },
{ "type": "Feature", "properties": { "TELECOM": null, "nomoficial": "VUELTA DE OBLIGADO", "COM_PAR": "13", "id_street": "1370", "alt_derfin": "2899", "ZONA": "21", "alt_derini": "2801", "TELEFONICA": null, "alt_izqfin": "2900", "BARRIO": "NUÑEZ", "COMUNA": "13", "alt_izqini": "2802", "codigo": "16002", "BARRIO_PAR": "NUÑEZ", "id": null, "TELECENTRO": null, "EMPRESA": "TELCOS - NO SE IDENTIFICA", "fecha_ingr": null, "long": 0.0, "longitud_m": 143.16609199383518 }, "geometry": { "type": "LineString", "coordinates": [ [ -58.461354611682587, -34.554862801261805 ], [ -58.462258329732705, -34.553810886631219 ] ] } },
{ "type": "Feature", "properties": { "TELECOM": null, "nomoficial": "IBERA", "COM_PAR": "13", "id_street": "1388", "alt_derfin": "2699", "ZONA": "21", "alt_derini": "2601", "TELEFONICA": null, "alt_izqfin": "2700", "BARRIO": "NUÑEZ", "COMUNA": "13", "alt_izqini": "2602", "codigo": "9004", "BARRIO_PAR": "NUÑEZ", "id": null, "TELECENTRO": null, "EMPRESA": "TELCOS - NO SE IDENTIFICA", "fecha_ingr": null, "long": 0.0, "longitud_m": 81.178936284234112 }, "geometry": { "type": "LineString", "coordinates": [ [ -58.466384091070609, -34.554518685380415 ], [ -58.467114595336369, -34.554931279872392 ] ] } },
{ "type": "Feature", "properties": { "TELECOM": null, "nomoficial": "MOLDES", "COM_PAR": "13", "id_street": "1389", "alt_derfin": "3199", "ZONA": "21", "alt_derini": "3101", "TELEFONICA": null, "alt_izqfin": "3200", "BARRIO": "NUÑEZ", "COMUNA": "13", "alt_izqini": "3102", "codigo": "13099", "BARRIO_PAR": "NUÑEZ", "id": null, "TELECENTRO": null, "EMPRESA": "TELCOS - NO SE IDENTIFICA", "fecha_ingr": null, "long": 0.0, "longitud_m": 104.31181731831576 }, "geometry": { "type": "LineString", "coordinates": [ [ -58.467114595336369, -34.554931279872392 ], [ -58.467852195385767, -34.55421588600565 ] ] } },
{ "type": "Feature", "properties": { "TELECOM": null, "nomoficial": "QUESADA", "COM_PAR": "13", "id_street": "1407", "alt_derfin": "2499", "ZONA": "21", "alt_derini": "2401", "TELEFONICA": null, "alt_izqfin": "2500", "BARRIO": "NUÑEZ", "COMUNA": "13", "alt_izqini": "2402", "codigo": "18005", "BARRIO_PAR": "NUÑEZ", "id": null, "TELECENTRO": null, "EMPRESA": "TELCOS - NO SE IDENTIFICA", "fecha_ingr": null, "long": 0.0, "longitud_m": 116.7907433955461 }, "geometry": { "type": "LineString", "coordinates": [ [ -58.463543011626477, -34.55448062462056 ], [ -58.464616532312526, -34.555045912461104 ] ] } },
{ "type": "Feature", "properties": { "TELECOM": null, "nomoficial": "CIUDAD DE LA PAZ", "COM_PAR": "13", "id_street": "1408", "alt_derfin": "3099", "ZONA": "21", "alt_derini": "3001", "TELEFONICA": null, "alt_izqfin": "3100", "BARRIO": "NUÑEZ", "COMUNA": "13", "alt_izqini": "3002", "codigo": "3128", "BARRIO_PAR": "NUÑEZ", "id": null, "TELECENTRO": null, "EMPRESA": "TELCOS - NO SE IDENTIFICA", "fecha_ingr": null, "long": 0.0, "longitud_m": 139.56560650879211 }, "geometry": { "type": "LineString", "coordinates": [ [ -58.464616532312526, -34.555045912461104 ], [ -58.465617248466344, -34.5540986222233 ] ] } },
{ "type": "Feature", "properties": { "TELECOM": null, "nomoficial": "UGARTE, MANUEL", "COM_PAR": "13", "id_street": "1444", "alt_derfin": "2199", "ZONA": "21", "alt_derini": "2101", "TELEFONICA": null, "alt_izqfin": "2200", "BARRIO": "BELGRANO", "COMUNA": "13", "alt_izqini": "2102", "codigo": "22020", "BARRIO_PAR": "BELGRANO", "id": null, "TELECENTRO": null, "EMPRESA": "TELCOS - NO SE IDENTIFICA", "fecha_ingr": null, "long": 0.0, "longitud_m": 101.704130083496 }, "geometry": { "type": "LineString", "coordinates": [ [ -58.458671844420422, -34.554807939049049 ], [ -58.459598253154894, -34.555311010369678 ] ] } },
{ "type": "Feature", "properties": { "TELECOM": null, "nomoficial": "CUBA", "COM_PAR": "13", "id_street": "1445", "alt_derfin": "2799", "ZONA": "21", "alt_derini": "2701", "TELEFONICA": null, "alt_izqfin": "2800", "BARRIO": "BELGRANO", "COMUNA": "13", "alt_izqini": "2702", "codigo": "3197", "BARRIO_PAR": "BELGRANO", "id": null, "TELECENTRO": null, "EMPRESA": "TELCOS - NO SE IDENTIFICA", "fecha_ingr": null, "long": 0.0, "longitud_m": 128.46907152596506 }, "geometry": { "type": "LineString", "coordinates": [ [ -58.459598253154894, -34.555311010369678 ], [ -58.460410492485927, -34.554367841591116 ] ] } },
{ "type": "Feature", "properties": { "TELECOM": null, "nomoficial": "QUESADA", "COM_PAR": "13", "id_street": "1453", "alt_derfin": "2599", "ZONA": "21", "alt_derini": "2501", "TELEFONICA": null, "alt_izqfin": "2600", "BARRIO": "NUÑEZ", "COMUNA": "13", "alt_izqini": "2502", "codigo": "18005", "BARRIO_PAR": "NUÑEZ", "id": null, "TELECENTRO": null, "EMPRESA": "TELCOS - NO SE IDENTIFICA", "fecha_ingr": null, "long": 0.0, "longitud_m": 66.579774375358824 }, "geometry": { "type": "LineString", "coordinates": [ [ -58.464616532312526, -34.555045912461104 ], [ -58.465226842007176, -34.555370348415664 ] ] } },
{ "type": "Feature", "properties": { "TELECOM": null, "nomoficial": "AMENABAR", "COM_PAR": "13", "id_street": "1454", "alt_derfin": "3099", "ZONA": "21", "alt_derini": "3001", "TELEFONICA": null, "alt_izqfin": "3100", "BARRIO": "NUÑEZ", "COMUNA": "13", "alt_izqini": "3002", "codigo": "1072", "BARRIO_PAR": "NUÑEZ", "id": null, "TELECENTRO": null, "EMPRESA": "TELCOS - NO SE IDENTIFICA", "fecha_ingr": null, "long": 0.0, "longitud_m": 142.15095985520622 }, "geometry": { "type": "LineString", "coordinates": [ [ -58.465226842007176, -34.555370348415664 ], [ -58.466384091070609, -34.554518685380415 ] ] } },
{ "type": "Feature", "properties": { "TELECOM": null, "nomoficial": "IBERA", "COM_PAR": "13", "id_street": "1462", "alt_derfin": "2799", "ZONA": "21", "alt_derini": "2701", "TELEFONICA": null, "alt_izqfin": "2800", "BARRIO": "NUÑEZ", "COMUNA": "13", "alt_izqini": "2702", "codigo": "9004", "BARRIO_PAR": "NUÑEZ", "id": null, "TELECENTRO": null, "EMPRESA": "TELCOS - NO SE IDENTIFICA", "fecha_ingr": null, "long": 0.0, "longitud_m": 99.998122346538963 }, "geometry": { "type": "LineString", "coordinates": [ [ -58.467114595336369, -34.554931279872392 ], [ -58.468014414225621, -34.55543956996231 ] ] } },
{ "type": "Feature", "properties": { "TELECOM": null, "nomoficial": "CONGRESO", "COM_PAR": "13", "id_street": "1468", "alt_derfin": "2399", "ZONA": "21", "alt_derini": "2301", "TELEFONICA": null, "alt_izqfin": "2400", "BARRIO": null, "COMUNA": null, "alt_izqini": "2302", "codigo": "3156", "BARRIO_PAR": "BELGRANO", "id": null, "TELECENTRO": null, "EMPRESA": "TELCOS - NO SE IDENTIFICA", "fecha_ingr": null, "long": 0.0, "longitud_m": 128.11589557289716 }, "geometry": { "type": "LineString", "coordinates": [ [ -58.461354611682587, -34.554862801261805 ], [ -58.462533754977635, -34.555480927127682 ] ] } },
{ "type": "Feature", "properties": { "TELECOM": null, "nomoficial": "CABILDO AV.", "COM_PAR": "13", "id_street": "1469", "alt_derfin": "2999", "ZONA": "21", "alt_derini": "2901", "TELEFONICA": null, "alt_izqfin": "3000", "BARRIO": "NUÑEZ", "COMUNA": "13", "alt_izqini": "2902", "codigo": "3005", "BARRIO_PAR": "NUÑEZ", "id": null, "TELECENTRO": null, "EMPRESA": "TELCOS - NO SE IDENTIFICA", "fecha_ingr": null, "long": 0.0, "longitud_m": 144.54627886568056 }, "geometry": { "type": "LineString", "coordinates": [ [ -58.462533754977635, -34.555480927127682 ], [ -58.463543011626477, -34.55448062462056 ] ] } },
{ "type": "Feature", "properties": { "TELECOM": null, "nomoficial": "ROOSEVELT FRANKLIN D.", "COM_PAR": "13", "id_street": "1493", "alt_derfin": "2099", "ZONA": "21", "alt_derini": "2001", "TELEFONICA": null, "alt_izqfin": "2100", "BARRIO": "BELGRANO", "COMUNA": "13", "alt_izqini": "2002", "codigo": "19083", "BARRIO_PAR": "BELGRANO", "id": null, "TELECENTRO": null, "EMPRESA": "TELCOS - NO SE IDENTIFICA", "fecha_ingr": null, "long": 0.0, "longitud_m": 101.43807659176883 }, "geometry": { "type": "LineString", "coordinates": [ [ -58.456976082302504, -34.555191885896697 ], [ -58.457886226238045, -34.555710673916337 ] ] } },
{ "type": "Feature", "properties": { "TELECOM": null, "nomoficial": "ARCOS", "COM_PAR": "13", "id_street": "1494", "alt_derfin": "2699", "ZONA": "21", "alt_derini": "2601", "TELEFONICA": null, "alt_izqfin": "2700", "BARRIO": "BELGRANO", "COMUNA": "13", "alt_izqini": "2602", "codigo": "1102", "BARRIO_PAR": "BELGRANO", "id": null, "TELECENTRO": null, "EMPRESA": "TELCOS - NO SE IDENTIFICA", "fecha_ingr": null, "long": 0.0, "longitud_m": 123.399580977347 }, "geometry": { "type": "LineString", "coordinates": [ [ -58.457886226238045, -34.555710673916337 ], [ -58.458671844420422, -34.554807939049049 ] ] } },
{ "type": "Feature", "properties": { "TELECOM": null, "nomoficial": "UGARTE, MANUEL", "COM_PAR": "13", "id_street": "1504", "alt_derfin": "2299", "ZONA": "21", "alt_derini": "2201", "TELEFONICA": null, "alt_izqfin": "2300", "BARRIO": "BELGRANO", "COMUNA": "13", "alt_izqini": "2202", "codigo": "22020", "BARRIO_PAR": "BELGRANO", "id": null, "TELECENTRO": null, "EMPRESA": "TELCOS - NO SE IDENTIFICA", "fecha_ingr": null, "long": 0.0, "longitud_m": 102.66404005100959 }, "geometry": { "type": "LineString", "coordinates": [ [ -58.459598253154894, -34.555311010369678 ], [ -58.460533440209261, -34.55581879323649 ] ] } },
{ "type": "Feature", "properties": { "TELECOM": null, "nomoficial": "VUELTA DE OBLIGADO", "COM_PAR": "13", "id_street": "1505", "alt_derfin": "2799", "ZONA": "21", "alt_derini": "2701", "TELEFONICA": null, "alt_izqfin": "2800", "BARRIO": "BELGRANO", "COMUNA": "13", "alt_izqini": "2702", "codigo": "16002", "BARRIO_PAR": "BELGRANO", "id": null, "TELECENTRO": null, "EMPRESA": "TELCOS - NO SE IDENTIFICA", "fecha_ingr": null, "long": 0.0, "longitud_m": 130.10313678560175 }, "geometry": { "type": "LineString", "coordinates": [ [ -58.460533440209261, -34.55581879323649 ], [ -58.461354611682587, -34.554862801261805 ] ] } },
{ "type": "Feature", "properties": { "TELECOM": null, "nomoficial": "QUESADA", "COM_PAR": "13", "id_street": "1510", "alt_derfin": "2699", "ZONA": "21", "alt_derini": "2601", "TELEFONICA": null, "alt_izqfin": "2700", "BARRIO": "NUÑEZ", "COMUNA": "13", "alt_izqini": "2602", "codigo": "18005", "BARRIO_PAR": "NUÑEZ", "id": null, "TELECENTRO": null, "EMPRESA": "TELCOS - NO SE IDENTIFICA", "fecha_ingr": null, "long": 0.0, "longitud_m": 101.13302620827389 }, "geometry": { "type": "LineString", "coordinates": [ [ -58.465226842007176, -34.555370348415664 ], [ -58.466153891920968, -34.55586315843675 ] ] } },
{ "type": "Feature", "properties": { "TELECOM": null, "nomoficial": "MOLDES", "COM_PAR": "13", "id_street": "1511", "alt_derfin": "3099", "ZONA": "21", "alt_derini": "3001", "TELEFONICA": null, "alt_izqfin": "3100", "BARRIO": "NUÑEZ", "COMUNA": "13", "alt_izqini": "3002", "codigo": "13099", "BARRIO_PAR": "NUÑEZ", "id": null, "TELECENTRO": null, "EMPRESA": "TELCOS - NO SE IDENTIFICA", "fecha_ingr": null, "long": 0.0, "longitud_m": 135.87094649674 }, "geometry": { "type": "LineString", "coordinates": [ [ -58.466153891920968, -34.55586315843675 ], [ -58.467114595336369, -34.554931279872392 ] ] } },
{ "type": "Feature", "properties": { "TELECOM": null, "nomoficial": "CONGRESO AV.", "COM_PAR": "13", "id_street": "1518", "alt_derfin": "2485", "ZONA": "21", "alt_derini": "2401", "TELEFONICA": null, "alt_izqfin": "2500", "BARRIO": null, "COMUNA": null, "alt_izqini": "2402", "codigo": "3156", "BARRIO_PAR": "BELGRANO", "id": null, "TELECENTRO": null, "EMPRESA": "TELCOS - NO SE IDENTIFICA", "fecha_ingr": null, "long": 0.0, "longitud_m": 94.040934470260964 }, "geometry": { "type": "LineString", "coordinates": [ [ -58.462533754977635, -34.555480927127682 ], [ -58.463413463548413, -34.555915587300639 ] ] } },
{ "type": "Feature", "properties": { "TELECOM": null, "nomoficial": "O'HIGGINS", "COM_PAR": "13", "id_street": "1535", "alt_derfin": "2599", "ZONA": "21", "alt_derini": "2501", "TELEFONICA": null, "alt_izqfin": "2600", "BARRIO": "BELGRANO", "COMUNA": "13", "alt_izqini": "2502", "codigo": "16009", "BARRIO_PAR": "BELGRANO", "id": null, "TELECENTRO": null, "EMPRESA": "TELCOS - NO SE IDENTIFICA", "fecha_ingr": null, "long": 0.0, "longitud_m": 121.33902521295526 }, "geometry": { "type": "LineString", "coordinates": [ [ -58.456207722609967, -34.556082004876849 ], [ -58.456976082302504, -34.555191885896697 ] ] } },
{ "type": "Feature", "properties": { "TELECOM": null, "nomoficial": "CONGRESO AV.", "COM_PAR": "13", "id_street": "1536", "alt_derfin": "2499", "ZONA": "21", "alt_derini": "2487", "TELEFONICA": null, "alt_izqfin": "2526", "BARRIO": null, "COMUNA": null, "alt_izqini": "2502", "codigo": "3156", "BARRIO_PAR": "BELGRANO", "id": null, "TELECENTRO": null, "EMPRESA": "TELCOS - NO SE IDENTIFICA", "fecha_ingr": null, "long": 0.0, "longitud_m": 34.699248884001051 }, "geometry": { "type": "LineString", "coordinates": [ [ -58.463413463548413, -34.555915587300639 ], [ -58.463733003934237, -34.556082773496811 ] ] } },
{ "type": "Feature", "properties": { "TELECOM": null, "nomoficial": "CIUDAD DE LA PAZ", "COM_PAR": "13", "id_street": "1537", "alt_derfin": "2999", "ZONA": "21", "alt_derini": "2901", "TELEFONICA": null, "alt_izqfin": "3000", "BARRIO": "NUÑEZ", "COMUNA": "13", "alt_izqini": "2902", "codigo": "3128", "BARRIO_PAR": "NUÑEZ", "id": null, "TELECENTRO": null, "EMPRESA": "TELCOS - NO SE IDENTIFICA", "fecha_ingr": null, "long": 0.0, "longitud_m": 140.73179976885751 }, "geometry": { "type": "LineString", "coordinates": [ [ -58.463733003934237, -34.556082773496811 ], [ -58.464616532312526, -34.555045912461104 ] ] } },
{ "type": "Feature", "properties": { "TELECOM": null, "nomoficial": "CABILDO AV.", "COM_PAR": "13", "id_street": "1549", "alt_derfin": "2899", "ZONA": "21", "alt_derini": "2831", "TELEFONICA": null, "alt_izqfin": "2900", "BARRIO": "BELGRANO", "COMUNA": "13", "alt_izqini": "2802", "codigo": "3005", "BARRIO_PAR": "BELGRANO", "id": null, "TELECENTRO": null, "EMPRESA": "TELCOS - NO SE IDENTIFICA", "fecha_ingr": null, "long": 0.0, "longitud_m": 98.539611317904516 }, "geometry": { "type": "LineString", "coordinates": [ [ -58.461876622006372, -34.556183402063034 ], [ -58.462533754977635, -34.555480927127682 ] ] } },
{ "type": "Feature", "properties": { "TELECOM": null, "nomoficial": "ROOSEVELT FRANKLIN D.", "COM_PAR": "13", "id_street": "1557", "alt_derfin": "2199", "ZONA": "21", "alt_derini": "2101", "TELEFONICA": null, "alt_izqfin": "2200", "BARRIO": "BELGRANO", "COMUNA": "13", "alt_izqini": "2102", "codigo": "19083", "BARRIO_PAR": "BELGRANO", "id": null, "TELECENTRO": null, "EMPRESA": "TELCOS - NO SE IDENTIFICA", "fecha_ingr": null, "long": 0.0, "longitud_m": 102.25283402283202 }, "geometry": { "type": "LineString", "coordinates": [ [ -58.457886226238045, -34.555710673916337 ], [ -58.458803701575405, -34.556233610401833 ] ] } },
{ "type": "Feature", "properties": { "TELECOM": null, "nomoficial": "CUBA", "COM_PAR": "13", "id_street": "1558", "alt_derfin": "2699", "ZONA": "21", "alt_derini": "2601", "TELEFONICA": null, "alt_izqfin": "2700", "BARRIO": "BELGRANO", "COMUNA": "13", "alt_izqini": "2602", "codigo": "3197", "BARRIO_PAR": "BELGRANO", "id": null, "TELECENTRO": null, "EMPRESA": "TELCOS - NO SE IDENTIFICA", "fecha_ingr": null, "long": 0.0, "longitud_m": 125.66830890466241 }, "geometry": { "type": "LineString", "coordinates": [ [ -58.458803701575405, -34.556233610401833 ], [ -58.459598253154894, -34.555311010369678 ] ] } },
{ "type": "Feature", "properties": { "TELECOM": null, "nomoficial": "QUESADA", "COM_PAR": "13", "id_street": "1569", "alt_derfin": "2799", "ZONA": "21", "alt_derini": "2701", "TELEFONICA": null, "alt_izqfin": "2800", "BARRIO": "NUÑEZ", "COMUNA": "13", "alt_izqini": "2702", "codigo": "18005", "BARRIO_PAR": "NUÑEZ", "id": null, "TELECENTRO": null, "EMPRESA": "TELCOS - NO SE IDENTIFICA", "fecha_ingr": null, "long": 0.0, "longitud_m": 101.9586844807645 }, "geometry": { "type": "LineString", "coordinates": [ [ -58.466153891920968, -34.55586315843675 ], [ -58.467088528646613, -34.556359975319097 ] ] } },
{ "type": "Feature", "properties": { "TELECOM": null, "nomoficial": "CONGRESO AV.", "COM_PAR": "13", "id_street": "1577", "alt_derfin": "2599", "ZONA": "21", "alt_derini": "2501", "TELEFONICA": null, "alt_izqfin": "2600", "BARRIO": null, "COMUNA": null, "alt_izqini": "2528", "codigo": "3156", "BARRIO_PAR": "BELGRANO", "id": null, "TELECENTRO": null, "EMPRESA": "TELCOS - NO SE IDENTIFICA", "fecha_ingr": null, "long": 0.0, "longitud_m": 66.199522025330381 }, "geometry": { "type": "LineString", "coordinates": [ [ -58.463733003934237, -34.556082773496811 ], [ -58.464342636740589, -34.556401720735529 ] ] } },
{ "type": "Feature", "properties": { "TELECOM": null, "nomoficial": "AMENABAR", "COM_PAR": "13", "id_street": "1578", "alt_derfin": "2999", "ZONA": "21", "alt_derini": "2901", "TELEFONICA": null, "alt_izqfin": "3000", "BARRIO": "NUÑEZ", "COMUNA": "13", "alt_izqini": "2902", "codigo": "1072", "BARRIO_PAR": "NUÑEZ", "id": null, "TELECENTRO": null, "EMPRESA": "TELCOS - NO SE IDENTIFICA", "fecha_ingr": null, "long": 0.0, "longitud_m": 140.27035346762057 }, "geometry": { "type": "LineString", "coordinates": [ [ -58.464342636740589, -34.556401720735529 ], [ -58.465226842007176, -34.555370348415664 ] ] } },
{ "type": "Feature", "properties": { "TELECOM": null, "nomoficial": "UGARTE, MANUEL", "COM_PAR": "13", "id_street": "1582", "alt_derfin": "2399", "ZONA": "21", "alt_derini": "2301", "TELEFONICA": null, "alt_izqfin": "2400", "BARRIO": "BELGRANO", "COMUNA": "13", "alt_izqini": "2302", "codigo": "22020", "BARRIO_PAR": "BELGRANO", "id": null, "TELECENTRO": null, "EMPRESA": "TELCOS - NO SE IDENTIFICA", "fecha_ingr": null, "long": 0.0, "longitud_m": 122.65253850962992 }, "geometry": { "type": "LineString", "coordinates": [ [ -58.460533440209261, -34.55581879323649 ], [ -58.461650708704767, -34.556425446981429 ] ] } },
{ "type": "Feature", "properties": { "TELECOM": null, "nomoficial": "CABILDO AV.", "COM_PAR": "13", "id_street": "1583", "alt_derfin": "2829", "ZONA": "21", "alt_derini": "2801", "TELEFONICA": null, "alt_izqfin": "2800", "BARRIO": "BELGRANO", "COMUNA": "13", "alt_izqini": "2774", "codigo": "3005", "BARRIO_PAR": "BELGRANO", "id": null, "TELECENTRO": null, "EMPRESA": "TELCOS - NO SE IDENTIFICA", "fecha_ingr": null, "long": 0.0, "longitud_m": 33.924211932128038 }, "geometry": { "type": "LineString", "coordinates": [ [ -58.461650708704767, -34.556425446981429 ], [ -58.461876622006372, -34.556183402063034 ] ] } },
{ "type": "Feature", "properties": { "TELECOM": null, "nomoficial": "MONROE", "COM_PAR": "13", "id_street": "1601", "alt_derfin": "2099", "ZONA": "21", "alt_derini": "2001", "TELEFONICA": null, "alt_izqfin": "2100", "BARRIO": "BELGRANO", "COMUNA": "13", "alt_izqini": "2002", "codigo": "4111", "BARRIO_PAR": "BELGRANO", "id": null, "TELECENTRO": null, "EMPRESA": "TELCOS - NO SE IDENTIFICA", "fecha_ingr": null, "long": 0.0, "longitud_m": 100.9934237885243 }, "geometry": { "type": "LineString", "coordinates": [ [ -58.456207722609967, -34.556082004876849 ], [ -58.457101101795331, -34.556613544466664 ] ] } },
{ "type": "Feature", "properties": { "TELECOM": null, "nomoficial": "ARCOS", "COM_PAR": "13", "id_street": "1602", "alt_derfin": "2599", "ZONA": "21", "alt_derini": "2501", "TELEFONICA": null, "alt_izqfin": "2600", "BARRIO": "BELGRANO", "COMUNA": "13", "alt_izqini": "2502", "codigo": "1102", "BARRIO_PAR": "BELGRANO", "id": null, "TELECENTRO": null, "EMPRESA": "TELCOS - NO SE IDENTIFICA", "fecha_ingr": null, "long": 0.0, "longitud_m": 123.38488369027628 }, "geometry": { "type": "LineString", "coordinates": [ [ -58.457101101795331, -34.556613544466664 ], [ -58.457886226238045, -34.555710673916337 ] ] } },
{ "type": "Feature", "properties": { "TELECOM": null, "nomoficial": "UGARTE, MANUEL", "COM_PAR": "13", "id_street": "1607", "alt_derfin": "2499", "ZONA": "21", "alt_derini": "2401", "TELEFONICA": null, "alt_izqfin": "2500", "BARRIO": "BELGRANO", "COMUNA": "13", "alt_izqini": "2402", "codigo": "22020", "BARRIO_PAR": "BELGRANO", "id": null, "TELECENTRO": null, "EMPRESA": "TELCOS - NO SE IDENTIFICA", "fecha_ingr": null, "long": 0.0, "longitud_m": 97.947396182950229 }, "geometry": { "type": "LineString", "coordinates": [ [ -58.461876622006372, -34.556183402063034 ], [ -58.46277063448985, -34.5566656032737 ] ] } },
{ "type": "Feature", "properties": { "TELECOM": null, "nomoficial": "CIUDAD DE LA PAZ", "COM_PAR": "13", "id_street": "1608", "alt_derfin": "2899", "ZONA": "21", "alt_derini": "2801", "TELEFONICA": null, "alt_izqfin": "2900", "BARRIO": "BELGRANO", "COMUNA": "13", "alt_izqini": "2802", "codigo": "3128", "BARRIO_PAR": "BELGRANO", "id": null, "TELECENTRO": null, "EMPRESA": "TELCOS - NO SE IDENTIFICA", "fecha_ingr": null, "long": 0.0, "longitud_m": 101.99586245515361 }, "geometry": { "type": "LineString", "coordinates": [ [ -58.46277063448985, -34.5566656032737 ], [ -58.463413463548413, -34.555915587300639 ] ] } },
{ "type": "Feature", "properties": { "TELECOM": null, "nomoficial": "ROOSEVELT FRANKLIN D.", "COM_PAR": "13", "id_street": "1620", "alt_derfin": "2299", "ZONA": "21", "alt_derini": "2201", "TELEFONICA": null, "alt_izqfin": "2300", "BARRIO": "BELGRANO", "COMUNA": "13", "alt_izqini": "2202", "codigo": "19083", "BARRIO_PAR": "BELGRANO", "id": null, "TELECENTRO": null, "EMPRESA": "TELCOS - NO SE IDENTIFICA", "fecha_ingr": null, "long": 0.0, "longitud_m": 102.74692098762802 }, "geometry": { "type": "LineString", "coordinates": [ [ -58.458803701575405, -34.556233610401833 ], [ -58.45972561455774, -34.556759075346982 ] ] } },
{ "type": "Feature", "properties": { "TELECOM": null, "nomoficial": "VUELTA DE OBLIGADO", "COM_PAR": "13", "id_street": "1621", "alt_derfin": "2699", "ZONA": "21", "alt_derini": "2601", "TELEFONICA": null, "alt_izqfin": "2700", "BARRIO": "BELGRANO", "COMUNA": "13", "alt_izqini": "2602", "codigo": "16002", "BARRIO_PAR": "BELGRANO", "id": null, "TELECENTRO": null, "EMPRESA": "TELCOS - NO SE IDENTIFICA", "fecha_ingr": null, "long": 0.0, "longitud_m": 127.97256857383421 }, "geometry": { "type": "LineString", "coordinates": [ [ -58.45972561455774, -34.556759075346982 ], [ -58.460533440209261, -34.55581879323649 ] ] } },
{ "type": "Feature", "properties": { "TELECOM": null, "nomoficial": "CABILDO AV.", "COM_PAR": "13", "id_street": "1635", "alt_derfin": "2799", "ZONA": "21", "alt_derini": "2687", "TELEFONICA": null, "alt_izqfin": "2772", "BARRIO": "BELGRANO", "COMUNA": "13", "alt_izqini": "2702", "codigo": "3005", "BARRIO_PAR": "BELGRANO", "id": null, "TELECENTRO": null, "EMPRESA": "TELCOS - NO SE IDENTIFICA", "fecha_ingr": null, "long": 0.0, "longitud_m": 64.384125902446357 }, "geometry": { "type": "LineString", "coordinates": [ [ -58.461221946515344, -34.556884817059952 ], [ -58.461650708704767, -34.556425446981429 ] ] } },
{ "type": "Feature", "properties": { "TELECOM": null, "nomoficial": "CONGRESO AV.", "COM_PAR": "13", "id_street": "1636", "alt_derfin": "2699", "ZONA": "21", "alt_derini": "2601", "TELEFONICA": null, "alt_izqfin": "2700", "BARRIO": null, "COMUNA": null, "alt_izqini": "2602", "codigo": "3156", "BARRIO_PAR": "BELGRANO", "id": null, "TELECENTRO": null, "EMPRESA": "TELCOS - NO SE IDENTIFICA", "fecha_ingr": null, "long": 0.0, "longitud_m": 101.33018828678283 }, "geometry": { "type": "LineString", "coordinates": [ [ -58.464342636740589, -34.556401720735529 ], [ -58.465275821465298, -34.556889889294858 ] ] } },
{ "type": "Feature", "properties": { "TELECOM": null, "nomoficial": "MOLDES", "COM_PAR": "13", "id_street": "1637", "alt_derfin": "2999", "ZONA": "21", "alt_derini": "2901", "TELEFONICA": null, "alt_izqfin": "3000", "BARRIO": "NUÑEZ", "COMUNA": "13", "alt_izqini": "2902", "codigo": "13099", "BARRIO_PAR": "NUÑEZ", "id": null, "TELECENTRO": null, "EMPRESA": "TELCOS - NO SE IDENTIFICA", "fecha_ingr": null, "long": 0.0, "longitud_m": 139.52446729221481 }, "geometry": { "type": "LineString", "coordinates": [ [ -58.465275821465298, -34.556889889294858 ], [ -58.466153891920968, -34.55586315843675 ] ] } },
{ "type": "Feature", "properties": { "TELECOM": null, "nomoficial": "MONROE", "COM_PAR": "13", "id_street": "1660", "alt_derfin": "2199", "ZONA": "21", "alt_derini": "2101", "TELEFONICA": null, "alt_izqfin": "2200", "BARRIO": "BELGRANO", "COMUNA": "13", "alt_izqini": "2102", "codigo": "4111", "BARRIO_PAR": "BELGRANO", "id": null, "TELECENTRO": null, "EMPRESA": "TELCOS - NO SE IDENTIFICA", "fecha_ingr": null, "long": 0.0, "longitud_m": 102.7280154262513 }, "geometry": { "type": "LineString", "coordinates": [ [ -58.457101101795331, -34.556613544466664 ], [ -58.458009813545232, -34.557154233275327 ] ] } },
{ "type": "Feature", "properties": { "TELECOM": null, "nomoficial": "CUBA", "COM_PAR": "13", "id_street": "1661", "alt_derfin": "2599", "ZONA": "21", "alt_derini": "2501", "TELEFONICA": null, "alt_izqfin": "2600", "BARRIO": "BELGRANO", "COMUNA": "13", "alt_izqini": "2502", "codigo": "3197", "BARRIO_PAR": "BELGRANO", "id": null, "TELECENTRO": null, "EMPRESA": "TELCOS - NO SE IDENTIFICA", "fecha_ingr": null, "long": 0.0, "longitud_m": 125.4539131080998 }, "geometry": { "type": "LineString", "coordinates": [ [ -58.458009813545232, -34.557154233275327 ], [ -58.458803701575405, -34.556233610401833 ] ] } },
{ "type": "Feature", "properties": { "TELECOM": null, "nomoficial": "UGARTE, MANUEL", "COM_PAR": "13", "id_street": "1662", "alt_derfin": "2599", "ZONA": "21", "alt_derini": "2501", "TELEFONICA": null, "alt_izqfin": "2600", "BARRIO": "BELGRANO", "COMUNA": "13", "alt_izqini": "2502", "codigo": "22020", "BARRIO_PAR": "BELGRANO", "id": null, "TELECENTRO": null, "EMPRESA": "TELCOS - NO SE IDENTIFICA", "fecha_ingr": null, "long": 0.0, "longitud_m": 100.83369263802061 }, "geometry": { "type": "LineString", "coordinates": [ [ -58.46277063448985, -34.5566656032737 ], [ -58.463691044866131, -34.557161953067656 ] ] } },
{ "type": "Feature", "properties": { "TELECOM": null, "nomoficial": "AMENABAR", "COM_PAR": "13", "id_street": "1663", "alt_derfin": "2899", "ZONA": "21", "alt_derini": "2801", "TELEFONICA": null, "alt_izqfin": "2900", "BARRIO": "BELGRANO", "COMUNA": "13", "alt_izqini": "2802", "codigo": "1072", "BARRIO_PAR": "BELGRANO", "id": null, "TELECENTRO": null, "EMPRESA": "TELCOS - NO SE IDENTIFICA", "fecha_ingr": null, "long": 0.0, "longitud_m": 103.38534892186092 }, "geometry": { "type": "LineString", "coordinates": [ [ -58.463691044866131, -34.557161953067656 ], [ -58.464342636740589, -34.556401720735529 ] ] } },
{ "type": "Feature", "properties": { "TELECOM": null, "nomoficial": "ROOSEVELT FRANKLIN D.", "COM_PAR": "13", "id_street": "1677", "alt_derfin": "2399", "ZONA": "21", "alt_derini": "2301", "TELEFONICA": null, "alt_izqfin": "2400", "BARRIO": "BELGRANO", "COMUNA": "13", "alt_izqini": "2302", "codigo": "19083", "BARRIO_PAR": "BELGRANO", "id": null, "TELECENTRO": null, "EMPRESA": "TELCOS - NO SE IDENTIFICA", "fecha_ingr": null, "long": 0.0, "longitud_m": 117.39125167419742 }, "geometry": { "type": "LineString", "coordinates": [ [ -58.45972561455774, -34.556759075346982 ], [ -58.460778963913086, -34.557359396916162 ] ] } },
{ "type": "Feature", "properties": { "TELECOM": null, "nomoficial": "CABILDO AV.", "COM_PAR": "13", "id_street": "1678", "alt_derfin": "2685", "ZONA": "21", "alt_derini": "2601", "TELEFONICA": null, "alt_izqfin": "2700", "BARRIO": "BELGRANO", "COMUNA": "13", "alt_izqini": "2612", "codigo": "3005", "BARRIO_PAR": "BELGRANO", "id": null, "TELECENTRO": null, "EMPRESA": "TELCOS - NO SE IDENTIFICA", "fecha_ingr": null, "long": 0.0, "longitud_m": 66.517103361381629 }, "geometry": { "type": "LineString", "coordinates": [ [ -58.460778963913086, -34.557359396916162 ], [ -58.461221946515344, -34.556884817059952 ] ] } },
{ "type": "Feature", "properties": { "TELECOM": null, "nomoficial": "CONGRESO AV.", "COM_PAR": "13", "id_street": "1681", "alt_derfin": "2799", "ZONA": "21", "alt_derini": "2701", "TELEFONICA": null, "alt_izqfin": "2800", "BARRIO": null, "COMUNA": null, "alt_izqini": "2702", "codigo": "3156", "BARRIO_PAR": "BELGRANO", "id": null, "TELECENTRO": null, "EMPRESA": "TELCOS - NO SE IDENTIFICA", "fecha_ingr": null, "long": 0.0, "longitud_m": 102.34877236368779 }, "geometry": { "type": "LineString", "coordinates": [ [ -58.465275821465298, -34.556889889294858 ], [ -58.466218380599813, -34.557382980147054 ] ] } },
{ "type": "Feature", "properties": { "TELECOM": null, "nomoficial": "RIVERA, PEDRO I., DR.", "COM_PAR": "13", "id_street": "1683", "alt_derfin": "2499", "ZONA": "21", "alt_derini": "2401", "TELEFONICA": null, "alt_izqfin": "2500", "BARRIO": "BELGRANO", "COMUNA": "13", "alt_izqini": "2402", "codigo": "19053", "BARRIO_PAR": "BELGRANO", "id": null, "TELECENTRO": null, "EMPRESA": "TELCOS - NO SE IDENTIFICA", "fecha_ingr": null, "long": 0.0, "longitud_m": 101.88815328974107 }, "geometry": { "type": "LineString", "coordinates": [ [ -58.461221946515344, -34.556884817059952 ], [ -58.462141328396832, -34.557399629622147 ] ] } },
{ "type": "Feature", "properties": { "TELECOM": null, "nomoficial": "CIUDAD DE LA PAZ", "COM_PAR": "13", "id_street": "1684", "alt_derfin": "2799", "ZONA": "21", "alt_derini": "2701", "TELEFONICA": null, "alt_izqfin": "2800", "BARRIO": "BELGRANO", "COMUNA": "13", "alt_izqini": "2702", "codigo": "3128", "BARRIO_PAR": "BELGRANO", "id": null, "TELECENTRO": null, "EMPRESA": "TELCOS - NO SE IDENTIFICA", "fecha_ingr": null, "long": 0.0, "longitud_m": 99.83075765798489 }, "geometry": { "type": "LineString", "coordinates": [ [ -58.462141328396832, -34.557399629622147 ], [ -58.46277063448985, -34.5566656032737 ] ] } },
{ "type": "Feature", "properties": { "TELECOM": null, "nomoficial": "BLANCO ENCALADA", "COM_PAR": "13", "id_street": "1704", "alt_derfin": "2099", "ZONA": "21", "alt_derini": "2001", "TELEFONICA": null, "alt_izqfin": "2100", "BARRIO": "BELGRANO", "COMUNA": "13", "alt_izqini": "2002", "codigo": "2083", "BARRIO_PAR": "BELGRANO", "id": null, "TELECENTRO": null, "EMPRESA": "TELCOS - NO SE IDENTIFICA", "fecha_ingr": null, "long": 0.0, "longitud_m": 100.71293063556 }, "geometry": { "type": "LineString", "coordinates": [ [ -58.455392269584948, -34.557026553700723 ], [ -58.456282929894165, -34.557556901808731 ] ] } },
{ "type": "Feature", "properties": { "TELECOM": null, "nomoficial": "ARCOS", "COM_PAR": "13", "id_street": "1705", "alt_derfin": "2499", "ZONA": "21", "alt_derini": "2401", "TELEFONICA": null, "alt_izqfin": "2500", "BARRIO": "BELGRANO", "COMUNA": "13", "alt_izqini": "2402", "codigo": "1102", "BARRIO_PAR": "BELGRANO", "id": null, "TELECENTRO": null, "EMPRESA": "TELCOS - NO SE IDENTIFICA", "fecha_ingr": null, "long": 0.0, "longitud_m": 128.80163754288765 }, "geometry": { "type": "LineString", "coordinates": [ [ -58.456282929894165, -34.557556901808731 ], [ -58.457101101795331, -34.556613544466664 ] ] } },
{ "type": "Feature", "properties": { "TELECOM": null, "nomoficial": "CABILDO AV.", "COM_PAR": "13", "id_street": "1707", "alt_derfin": "2599", "ZONA": "21", "alt_derini": "2585", "TELEFONICA": null, "alt_izqfin": "2610", "BARRIO": "BELGRANO", "COMUNA": "13", "alt_izqini": "2602", "codigo": "3005", "BARRIO_PAR": "BELGRANO", "id": null, "TELECENTRO": null, "EMPRESA": "TELCOS - NO SE IDENTIFICA", "fecha_ingr": null, "long": 0.0, "longitud_m": 32.058453418043008 }, "geometry": { "type": "LineString", "coordinates": [ [ -58.460565472422083, -34.557588129876095 ], [ -58.460778963913086, -34.557359396916162 ] ] } },
{ "type": "Feature", "properties": { "TELECOM": null, "nomoficial": "UGARTE, MANUEL", "COM_PAR": "13", "id_street": "1718", "alt_derfin": "2699", "ZONA": "21", "alt_derini": "2601", "TELEFONICA": null, "alt_izqfin": "2700", "BARRIO": "BELGRANO", "COMUNA": "13", "alt_izqini": "2602", "codigo": "22020", "BARRIO_PAR": "BELGRANO", "id": null, "TELECENTRO": null, "EMPRESA": "TELCOS - NO SE IDENTIFICA", "fecha_ingr": null, "long": 0.0, "longitud_m": 101.37432450335044 }, "geometry": { "type": "LineString", "coordinates": [ [ -58.463691044866131, -34.557161953067656 ], [ -58.464616999104344, -34.557660197273798 ] ] } },
{ "type": "Feature", "properties": { "TELECOM": null, "nomoficial": "MOLDES", "COM_PAR": "13", "id_street": "1719", "alt_derfin": "2899", "ZONA": "21", "alt_derini": "2801", "TELEFONICA": null, "alt_izqfin": "2900", "BARRIO": "BELGRANO", "COMUNA": "13", "alt_izqini": "2802", "codigo": "13099", "BARRIO_PAR": "BELGRANO", "id": null, "TELECENTRO": null, "EMPRESA": "TELCOS - NO SE IDENTIFICA", "fecha_ingr": null, "long": 0.0, "longitud_m": 104.68080249663755 }, "geometry": { "type": "LineString", "coordinates": [ [ -58.464616999104344, -34.557660197273798 ], [ -58.465275821465298, -34.556889889294858 ] ] } },
{ "type": "Feature", "properties": { "TELECOM": null, "nomoficial": "MONROE", "COM_PAR": "13", "id_street": "1722", "alt_derfin": "2299", "ZONA": "21", "alt_derini": "2201", "TELEFONICA": null, "alt_izqfin": "2300", "BARRIO": "BELGRANO", "COMUNA": "13", "alt_izqini": "2202", "codigo": "4111", "BARRIO_PAR": "BELGRANO", "id": null, "TELECENTRO": null, "EMPRESA": "TELCOS - NO SE IDENTIFICA", "fecha_ingr": null, "long": 0.0, "longitud_m": 102.93596701846367 }, "geometry": { "type": "LineString", "coordinates": [ [ -58.458009813545232, -34.557154233275327 ], [ -58.45892040967302, -34.557695971702337 ] ] } },
{ "type": "Feature", "properties": { "TELECOM": null, "nomoficial": "VUELTA DE OBLIGADO", "COM_PAR": "13", "id_street": "1723", "alt_derfin": "2599", "ZONA": "21", "alt_derini": "2501", "TELEFONICA": null, "alt_izqfin": "2600", "BARRIO": "BELGRANO", "COMUNA": "13", "alt_izqini": "2502", "codigo": "16002", "BARRIO_PAR": "BELGRANO", "id": null, "TELECENTRO": null, "EMPRESA": "TELCOS - NO SE IDENTIFICA", "fecha_ingr": null, "long": 0.0, "longitud_m": 127.52661617998595 }, "geometry": { "type": "LineString", "coordinates": [ [ -58.45892040967302, -34.557695971702337 ], [ -58.45972561455774, -34.556759075346982 ] ] } },
{ "type": "Feature", "properties": { "TELECOM": null, "nomoficial": "RIVERA, PEDRO I., DR.", "COM_PAR": "13", "id_street": "1735", "alt_derfin": "2599", "ZONA": "21", "alt_derini": "2501", "TELEFONICA": null, "alt_izqfin": "2600", "BARRIO": "BELGRANO", "COMUNA": "13", "alt_izqini": "2502", "codigo": "19053", "BARRIO_PAR": "BELGRANO", "id": null, "TELECENTRO": null, "EMPRESA": "TELCOS - NO SE IDENTIFICA", "fecha_ingr": null, "long": 0.0, "longitud_m": 100.78965338313402 }, "geometry": { "type": "LineString", "coordinates": [ [ -58.462141328396832, -34.557399629622147 ], [ -58.463050762373896, -34.557908942116264 ] ] } },
{ "type": "Feature", "properties": { "TELECOM": null, "nomoficial": "AMENABAR", "COM_PAR": "13", "id_street": "1736", "alt_derfin": "2799", "ZONA": "21", "alt_derini": "2701", "TELEFONICA": null, "alt_izqfin": "2800", "BARRIO": "BELGRANO", "COMUNA": "13", "alt_izqini": "2702", "codigo": "1072", "BARRIO_PAR": "BELGRANO", "id": null, "TELECENTRO": null, "EMPRESA": "TELCOS - NO SE IDENTIFICA", "fecha_ingr": null, "long": 0.0, "longitud_m": 101.58626979523967 }, "geometry": { "type": "LineString", "coordinates": [ [ -58.463050762373896, -34.557908942116264 ], [ -58.463691044866131, -34.557161953067656 ] ] } },
{ "type": "Feature", "properties": { "TELECOM": null, "nomoficial": "BLANCO ENCALADA", "COM_PAR": "13", "id_street": "1762", "alt_derfin": "2199", "ZONA": "21", "alt_derini": "2101", "TELEFONICA": null, "alt_izqfin": "2200", "BARRIO": "BELGRANO", "COMUNA": "13", "alt_izqini": "2102", "codigo": "2083", "BARRIO_PAR": "BELGRANO", "id": null, "TELECENTRO": null, "EMPRESA": "TELCOS - NO SE IDENTIFICA", "fecha_ingr": null, "long": 0.0, "longitud_m": 102.70325182673562 }, "geometry": { "type": "LineString", "coordinates": [ [ -58.456282929894165, -34.557556901808731 ], [ -58.457191987151013, -34.558096821975298 ] ] } },
{ "type": "Feature", "properties": { "TELECOM": null, "nomoficial": "CUBA", "COM_PAR": "13", "id_street": "1763", "alt_derfin": "2499", "ZONA": "21", "alt_derini": "2401", "TELEFONICA": null, "alt_izqfin": "2500", "BARRIO": "BELGRANO", "COMUNA": "13", "alt_izqini": "2402", "codigo": "3197", "BARRIO_PAR": "BELGRANO", "id": null, "TELECENTRO": null, "EMPRESA": "TELCOS - NO SE IDENTIFICA", "fecha_ingr": null, "long": 0.0, "longitud_m": 128.71359979177265 }, "geometry": { "type": "LineString", "coordinates": [ [ -58.457191987151013, -34.558096821975298 ], [ -58.458009813545232, -34.557154233275327 ] ] } },
{ "type": "Feature", "properties": { "TELECOM": null, "nomoficial": "ROOSEVELT FRANKLIN D.", "COM_PAR": "13", "id_street": "1766", "alt_derfin": "2499", "ZONA": "21", "alt_derini": "2401", "TELEFONICA": null, "alt_izqfin": "2500", "BARRIO": "BELGRANO", "COMUNA": "13", "alt_izqini": "2402", "codigo": "19083", "BARRIO_PAR": "BELGRANO", "id": null, "TELECENTRO": null, "EMPRESA": "TELCOS - NO SE IDENTIFICA", "fecha_ingr": null, "long": 0.0, "longitud_m": 105.87907283845003 }, "geometry": { "type": "LineString", "coordinates": [ [ -58.460565472422083, -34.557588129876095 ], [ -58.461512181494157, -34.558133582216172 ] ] } },
{ "type": "Feature", "properties": { "TELECOM": null, "nomoficial": "CIUDAD DE LA PAZ", "COM_PAR": "13", "id_street": "1767", "alt_derfin": "2699", "ZONA": "21", "alt_derini": "2601", "TELEFONICA": null, "alt_izqfin": "2700", "BARRIO": "BELGRANO", "COMUNA": "13", "alt_izqini": "2602", "codigo": "3128", "BARRIO_PAR": "BELGRANO", "id": null, "TELECENTRO": null, "EMPRESA": "TELCOS - NO SE IDENTIFICA", "fecha_ingr": null, "long": 0.0, "longitud_m": 99.815346541695263 }, "geometry": { "type": "LineString", "coordinates": [ [ -58.461512181494157, -34.558133582216172 ], [ -58.462141328396832, -34.557399629622147 ] ] } },
{ "type": "Feature", "properties": { "TELECOM": null, "nomoficial": "UGARTE, MANUEL", "COM_PAR": "13", "id_street": "1769", "alt_derfin": "2799", "ZONA": "21", "alt_derini": "2701", "TELEFONICA": null, "alt_izqfin": "2800", "BARRIO": "BELGRANO", "COMUNA": "13", "alt_izqini": "2702", "codigo": "22020", "BARRIO_PAR": "BELGRANO", "id": null, "TELECENTRO": null, "EMPRESA": "TELCOS - NO SE IDENTIFICA", "fecha_ingr": null, "long": 0.0, "longitud_m": 102.06934000392802 }, "geometry": { "type": "LineString", "coordinates": [ [ -58.464616999104344, -34.557660197273798 ], [ -58.465550114698573, -34.55816082870443 ] ] } },
{ "type": "Feature", "properties": { "TELECOM": null, "nomoficial": "MONROE", "COM_PAR": "13", "id_street": "1775", "alt_derfin": "2399", "ZONA": "21", "alt_derini": "2301", "TELEFONICA": null, "alt_izqfin": "2400", "BARRIO": "BELGRANO", "COMUNA": "13", "alt_izqini": "2302", "codigo": "4111", "BARRIO_PAR": "BELGRANO", "id": null, "TELECENTRO": null, "EMPRESA": "TELCOS - NO SE IDENTIFICA", "fecha_ingr": null, "long": 0.0, "longitud_m": 112.46610389317061 }, "geometry": { "type": "LineString", "coordinates": [ [ -58.45892040967302, -34.557695971702337 ], [ -58.459915456714441, -34.558287706781748 ] ] } },
{ "type": "Feature", "properties": { "TELECOM": null, "nomoficial": "CABILDO AV.", "COM_PAR": "13", "id_street": "1776", "alt_derfin": "2583", "ZONA": "21", "alt_derini": "2501", "TELEFONICA": null, "alt_izqfin": "2600", "BARRIO": "BELGRANO", "COMUNA": "13", "alt_izqini": "2502", "codigo": "3005", "BARRIO_PAR": "BELGRANO", "id": null, "TELECENTRO": null, "EMPRESA": "TELCOS - NO SE IDENTIFICA", "fecha_ingr": null, "long": 0.0, "longitud_m": 97.88520421218881 }, "geometry": { "type": "LineString", "coordinates": [ [ -58.459915456714441, -34.558287706781748 ], [ -58.460565472422083, -34.557588129876095 ] ] } },
{ "type": "Feature", "properties": { "TELECOM": null, "nomoficial": "RIVERA, PEDRO I., DR.", "COM_PAR": "13", "id_street": "1792", "alt_derfin": "2699", "ZONA": "21", "alt_derini": "2601", "TELEFONICA": null, "alt_izqfin": "2700", "BARRIO": "BELGRANO", "COMUNA": "13", "alt_izqini": "2602", "codigo": "19053", "BARRIO_PAR": "BELGRANO", "id": null, "TELECENTRO": null, "EMPRESA": "TELCOS - NO SE IDENTIFICA", "fecha_ingr": null, "long": 0.0, "longitud_m": 101.42663801772046 }, "geometry": { "type": "LineString", "coordinates": [ [ -58.463050762373896, -34.557908942116264 ], [ -58.463965995777464, -34.558421416846983 ] ] } },
{ "type": "Feature", "properties": { "TELECOM": null, "nomoficial": "MOLDES", "COM_PAR": "13", "id_street": "1793", "alt_derfin": "2799", "ZONA": "21", "alt_derini": "2701", "TELEFONICA": null, "alt_izqfin": "2800", "BARRIO": "BELGRANO", "COMUNA": "13", "alt_izqini": "2702", "codigo": "13099", "BARRIO_PAR": "BELGRANO", "id": null, "TELECENTRO": null, "EMPRESA": "TELCOS - NO SE IDENTIFICA", "fecha_ingr": null, "long": 0.0, "longitud_m": 103.44299094446495 }, "geometry": { "type": "LineString", "coordinates": [ [ -58.463965995777464, -34.558421416846983 ], [ -58.464616999104344, -34.557660197273798 ] ] } },
{ "type": "Feature", "properties": { "TELECOM": null, "nomoficial": "ARCOS", "COM_PAR": "13", "id_street": "1798", "alt_derfin": "2399", "ZONA": "21", "alt_derini": "2301", "TELEFONICA": null, "alt_izqfin": "2400", "BARRIO": "BELGRANO", "COMUNA": "13", "alt_izqini": "2302", "codigo": "1102", "BARRIO_PAR": "BELGRANO", "id": null, "TELECENTRO": null, "EMPRESA": "TELCOS - NO SE IDENTIFICA", "fecha_ingr": null, "long": 0.0, "longitud_m": 126.56211644118312 }, "geometry": { "type": "LineString", "coordinates": [ [ -58.455478956492712, -34.558483845612329 ], [ -58.456282929894165, -34.557556901808731 ] ] } },
{ "type": "Feature", "properties": { "TELECOM": null, "nomoficial": "BLANCO ENCALADA", "COM_PAR": "13", "id_street": "1816", "alt_derfin": "2299", "ZONA": "21", "alt_derini": "2201", "TELEFONICA": null, "alt_izqfin": "2300", "BARRIO": "BELGRANO", "COMUNA": "13", "alt_izqini": "2202", "codigo": "2083", "BARRIO_PAR": "BELGRANO", "id": null, "TELECENTRO": null, "EMPRESA": "TELCOS - NO SE IDENTIFICA", "fecha_ingr": null, "long": 0.0, "longitud_m": 103.32712032039673 }, "geometry": { "type": "LineString", "coordinates": [ [ -58.457191987151013, -34.558096821975298 ], [ -58.45810667404416, -34.558639904650249 ] ] } },
{ "type": "Feature", "properties": { "TELECOM": null, "nomoficial": "VUELTA DE OBLIGADO", "COM_PAR": "13", "id_street": "1817", "alt_derfin": "2499", "ZONA": "21", "alt_derini": "2401", "TELEFONICA": null, "alt_izqfin": "2500", "BARRIO": "BELGRANO", "COMUNA": "13", "alt_izqini": "2402", "codigo": "16002", "BARRIO_PAR": "BELGRANO", "id": null, "TELECENTRO": null, "EMPRESA": "TELCOS - NO SE IDENTIFICA", "fecha_ingr": null, "long": 0.0, "longitud_m": 128.61613451780801 }, "geometry": { "type": "LineString", "coordinates": [ [ -58.45810667404416, -34.558639904650249 ], [ -58.45892040967302, -34.557695971702337 ] ] } },
{ "type": "Feature", "properties": { "TELECOM": null, "nomoficial": "ROOSEVELT FRANKLIN D.", "COM_PAR": "13", "id_street": "1818", "alt_derfin": "2599", "ZONA": "21", "alt_derini": "2501", "TELEFONICA": null, "alt_izqfin": "2600", "BARRIO": "BELGRANO", "COMUNA": "13", "alt_izqini": "2502", "codigo": "19083", "BARRIO_PAR": "BELGRANO", "id": null, "TELECENTRO": null, "EMPRESA": "TELCOS - NO SE IDENTIFICA", "fecha_ingr": null, "long": 0.0, "longitud_m": 100.77313210978117 }, "geometry": { "type": "LineString", "coordinates": [ [ -58.461512181494157, -34.558133582216172 ], [ -58.46241327751293, -34.558652688226296 ] ] } },
{ "type": "Feature", "properties": { "TELECOM": null, "nomoficial": "AMENABAR", "COM_PAR": "13", "id_street": "1819", "alt_derfin": "2699", "ZONA": "21", "alt_derini": "2601", "TELEFONICA": null, "alt_izqfin": "2700", "BARRIO": "BELGRANO", "COMUNA": "13", "alt_izqini": "2602", "codigo": "1072", "BARRIO_PAR": "BELGRANO", "id": null, "TELECENTRO": null, "EMPRESA": "TELCOS - NO SE IDENTIFICA", "fecha_ingr": null, "long": 0.0, "longitud_m": 101.1440023777802 }, "geometry": { "type": "LineString", "coordinates": [ [ -58.46241327751293, -34.558652688226296 ], [ -58.463050762373896, -34.557908942116264 ] ] } },
{ "type": "Feature", "properties": { "TELECOM": null, "nomoficial": "MONROE", "COM_PAR": "13", "id_street": "1835", "alt_derfin": "2499", "ZONA": "21", "alt_derini": "2401", "TELEFONICA": null, "alt_izqfin": "2500", "BARRIO": "BELGRANO", "COMUNA": "13", "alt_izqini": "2402", "codigo": "4111", "BARRIO_PAR": "BELGRANO", "id": null, "TELECENTRO": null, "EMPRESA": "TELCOS - NO SE IDENTIFICA", "fecha_ingr": null, "long": 0.0, "longitud_m": 109.69872379294429 }, "geometry": { "type": "LineString", "coordinates": [ [ -58.459915456714441, -34.558287706781748 ], [ -58.460886598791042, -34.558864221616545 ] ] } },
{ "type": "Feature", "properties": { "TELECOM": null, "nomoficial": "CIUDAD DE LA PAZ", "COM_PAR": "13", "id_street": "1836", "alt_derfin": "2599", "ZONA": "21", "alt_derini": "2501", "TELEFONICA": null, "alt_izqfin": "2600", "BARRIO": "BELGRANO", "COMUNA": "13", "alt_izqini": "2502", "codigo": "3128", "BARRIO_PAR": "BELGRANO", "id": null, "TELECENTRO": null, "EMPRESA": "TELCOS - NO SE IDENTIFICA", "fecha_ingr": null, "long": 0.0, "longitud_m": 99.326050165440975 }, "geometry": { "type": "LineString", "coordinates": [ [ -58.460886598791042, -34.558864221616545 ], [ -58.461512181494157, -34.558133582216172 ] ] } },
{ "type": "Feature", "properties": { "TELECOM": null, "nomoficial": "RIVERA, PEDRO I., DR.", "COM_PAR": "13", "id_street": "1846", "alt_derfin": "2799", "ZONA": "21", "alt_derini": "2701", "TELEFONICA": null, "alt_izqfin": "2800", "BARRIO": "BELGRANO", "COMUNA": "13", "alt_izqini": "2702", "codigo": "19053", "BARRIO_PAR": "BELGRANO", "id": null, "TELECENTRO": null, "EMPRESA": "TELCOS - NO SE IDENTIFICA", "fecha_ingr": null, "long": 0.0, "longitud_m": 101.61733505077912 }, "geometry": { "type": "LineString", "coordinates": [ [ -58.463965995777464, -34.558421416846983 ], [ -58.464882942881545, -34.558934870588544 ] ] } },
{ "type": "Feature", "properties": { "TELECOM": null, "nomoficial": "CUBA", "COM_PAR": "13", "id_street": "1857", "alt_derfin": "2399", "ZONA": "21", "alt_derini": "2301", "TELEFONICA": null, "alt_izqfin": "2400", "BARRIO": "BELGRANO", "COMUNA": "13", "alt_izqini": "2302", "codigo": "3197", "BARRIO_PAR": "BELGRANO", "id": null, "TELECENTRO": null, "EMPRESA": "TELCOS - NO SE IDENTIFICA", "fecha_ingr": null, "long": 0.0, "longitud_m": 126.55853126890146 }, "geometry": { "type": "LineString", "coordinates": [ [ -58.456387848402407, -34.559023630825465 ], [ -58.457191987151013, -34.558096821975298 ] ] } },
{ "type": "Feature", "properties": { "TELECOM": null, "nomoficial": "ROOSEVELT FRANKLIN D.", "COM_PAR": "13", "id_street": "1867", "alt_derfin": "2699", "ZONA": "21", "alt_derini": "2601", "TELEFONICA": null, "alt_izqfin": "2700", "BARRIO": "BELGRANO", "COMUNA": "13", "alt_izqini": "2602", "codigo": "19083", "BARRIO_PAR": "BELGRANO", "id": null, "TELECENTRO": null, "EMPRESA": "TELCOS - NO SE IDENTIFICA", "fecha_ingr": null, "long": 0.0, "longitud_m": 101.50785077096631 }, "geometry": { "type": "LineString", "coordinates": [ [ -58.46241327751293, -34.558652688226296 ], [ -58.463320939203612, -34.559175590442095 ] ] } },
{ "type": "Feature", "properties": { "TELECOM": null, "nomoficial": "MOLDES", "COM_PAR": "13", "id_street": "1868", "alt_derfin": "2699", "ZONA": "21", "alt_derini": "2601", "TELEFONICA": null, "alt_izqfin": "2700", "BARRIO": "BELGRANO", "COMUNA": "13", "alt_izqini": "2602", "codigo": "13099", "BARRIO_PAR": "BELGRANO", "id": null, "TELECENTRO": null, "EMPRESA": "TELCOS - NO SE IDENTIFICA", "fecha_ingr": null, "long": 0.0, "longitud_m": 102.48939361226172 }, "geometry": { "type": "LineString", "coordinates": [ [ -58.463320939203612, -34.559175590442095 ], [ -58.463965995777464, -34.558421416846983 ] ] } },
{ "type": "Feature", "properties": { "TELECOM": null, "nomoficial": "BLANCO ENCALADA", "COM_PAR": "13", "id_street": "1875", "alt_derfin": "2399", "ZONA": "21", "alt_derini": "2301", "TELEFONICA": null, "alt_izqfin": "2400", "BARRIO": "BELGRANO", "COMUNA": "13", "alt_izqini": "2302", "codigo": "2083", "BARRIO_PAR": "BELGRANO", "id": null, "TELECENTRO": null, "EMPRESA": "TELCOS - NO SE IDENTIFICA", "fecha_ingr": null, "long": 0.0, "longitud_m": 111.81831377866715 }, "geometry": { "type": "LineString", "coordinates": [ [ -58.45810667404416, -34.558639904650249 ], [ -58.459096704510195, -34.559227420651162 ] ] } },
{ "type": "Feature", "properties": { "TELECOM": null, "nomoficial": "CABILDO AV.", "COM_PAR": "13", "id_street": "1876", "alt_derfin": "2499", "ZONA": "21", "alt_derini": "2401", "TELEFONICA": null, "alt_izqfin": "2500", "BARRIO": "BELGRANO", "COMUNA": "13", "alt_izqini": "2402", "codigo": "3005", "BARRIO_PAR": "BELGRANO", "id": null, "TELECENTRO": null, "EMPRESA": "TELCOS - NO SE IDENTIFICA", "fecha_ingr": null, "long": 0.0, "longitud_m": 128.50374474069335 }, "geometry": { "type": "LineString", "coordinates": [ [ -58.459096704510195, -34.559227420651162 ], [ -58.459915456714441, -34.558287706781748 ] ] } },
{ "type": "Feature", "properties": { "TELECOM": null, "nomoficial": "MONROE", "COM_PAR": "13", "id_street": "1892", "alt_derfin": "2599", "ZONA": "21", "alt_derini": "2501", "TELEFONICA": null, "alt_izqfin": "2600", "BARRIO": "BELGRANO", "COMUNA": "13", "alt_izqini": "2502", "codigo": "4111", "BARRIO_PAR": "BELGRANO", "id": null, "TELECENTRO": null, "EMPRESA": "TELCOS - NO SE IDENTIFICA", "fecha_ingr": null, "long": 0.0, "longitud_m": 100.76429248185893 }, "geometry": { "type": "LineString", "coordinates": [ [ -58.460886598791042, -34.558864221616545 ], [ -58.461778675544927, -34.559393754836549 ] ] } },
{ "type": "Feature", "properties": { "TELECOM": null, "nomoficial": "AMENABAR", "COM_PAR": "13", "id_street": "1893", "alt_derfin": "2599", "ZONA": "21", "alt_derini": "2501", "TELEFONICA": null, "alt_izqfin": "2600", "BARRIO": "BELGRANO", "COMUNA": "13", "alt_izqini": "2502", "codigo": "1072", "BARRIO_PAR": "BELGRANO", "id": null, "TELECENTRO": null, "EMPRESA": "TELCOS - NO SE IDENTIFICA", "fecha_ingr": null, "long": 0.0, "longitud_m": 100.74820798467945 }, "geometry": { "type": "LineString", "coordinates": [ [ -58.461778675544927, -34.559393754836549 ], [ -58.46241327751293, -34.558652688226296 ] ] } },
{ "type": "Feature", "properties": { "TELECOM": null, "nomoficial": "VUELTA DE OBLIGADO", "COM_PAR": "13", "id_street": "1914", "alt_derfin": "2399", "ZONA": "21", "alt_derini": "2301", "TELEFONICA": null, "alt_izqfin": "2400", "BARRIO": "BELGRANO", "COMUNA": "13", "alt_izqini": "2302", "codigo": "16002", "BARRIO_PAR": "BELGRANO", "id": null, "TELECENTRO": null, "EMPRESA": "TELCOS - NO SE IDENTIFICA", "fecha_ingr": null, "long": 0.0, "longitud_m": 126.57823071442343 }, "geometry": { "type": "LineString", "coordinates": [ [ -58.457305859870864, -34.559568902752815 ], [ -58.45810667404416, -34.558639904650249 ] ] } },
{ "type": "Feature", "properties": { "TELECOM": null, "nomoficial": "ROOSEVELT FRANKLIN D.", "COM_PAR": "13", "id_street": "1920", "alt_derfin": "2799", "ZONA": "21", "alt_derini": "2701", "TELEFONICA": null, "alt_izqfin": "2800", "BARRIO": "BELGRANO", "COMUNA": "13", "alt_izqini": "2702", "codigo": "19083", "BARRIO_PAR": "BELGRANO", "id": null, "TELECENTRO": null, "EMPRESA": "TELCOS - NO SE IDENTIFICA", "fecha_ingr": null, "long": 0.0, "longitud_m": 101.22371791352175 }, "geometry": { "type": "LineString", "coordinates": [ [ -58.463320939203612, -34.559175590442095 ], [ -58.464226143652255, -34.559696936553259 ] ] } },
{ "type": "Feature", "properties": { "TELECOM": null, "nomoficial": "BLANCO ENCALADA", "COM_PAR": "13", "id_street": "1929", "alt_derfin": "2499", "ZONA": "21", "alt_derini": "2401", "TELEFONICA": null, "alt_izqfin": "2500", "BARRIO": "BELGRANO", "COMUNA": "13", "alt_izqini": "2402", "codigo": "2083", "BARRIO_PAR": "BELGRANO", "id": null, "TELECENTRO": null, "EMPRESA": "TELCOS - NO SE IDENTIFICA", "fecha_ingr": null, "long": 0.0, "longitud_m": 111.10701696811238 }, "geometry": { "type": "LineString", "coordinates": [ [ -58.459096704510195, -34.559227420651162 ], [ -58.460081726799494, -34.559809717052261 ] ] } },
{ "type": "Feature", "properties": { "TELECOM": null, "nomoficial": "CIUDAD DE LA PAZ", "COM_PAR": "13", "id_street": "1930", "alt_derfin": "2499", "ZONA": "21", "alt_derini": "2401", "TELEFONICA": null, "alt_izqfin": "2500", "BARRIO": "BELGRANO", "COMUNA": "13", "alt_izqini": "2402", "codigo": "3128", "BARRIO_PAR": "BELGRANO", "id": null, "TELECENTRO": null, "EMPRESA": "TELCOS - NO SE IDENTIFICA", "fecha_ingr": null, "long": 0.0, "longitud_m": 128.2865966087866 }, "geometry": { "type": "LineString", "coordinates": [ [ -58.460081726799494, -34.559809717052261 ], [ -58.460886598791042, -34.558864221616545 ] ] } },
{ "type": "Feature", "properties": { "TELECOM": null, "nomoficial": "MONROE", "COM_PAR": "13", "id_street": "1943", "alt_derfin": "2699", "ZONA": "21", "alt_derini": "2601", "TELEFONICA": null, "alt_izqfin": "2700", "BARRIO": "BELGRANO", "COMUNA": "13", "alt_izqini": "2602", "codigo": "4111", "BARRIO_PAR": "BELGRANO", "id": null, "TELECENTRO": null, "EMPRESA": "TELCOS - NO SE IDENTIFICA", "fecha_ingr": null, "long": 0.0, "longitud_m": 101.50808135201569 }, "geometry": { "type": "LineString", "coordinates": [ [ -58.461778675544927, -34.559393754836549 ], [ -58.462677318110252, -34.559927225275182 ] ] } },
{ "type": "Feature", "properties": { "TELECOM": null, "nomoficial": "MOLDES", "COM_PAR": "13", "id_street": "1944", "alt_derfin": "2599", "ZONA": "21", "alt_derini": "2501", "TELEFONICA": null, "alt_izqfin": "2600", "BARRIO": "BELGRANO", "COMUNA": "13", "alt_izqini": "2502", "codigo": "13099", "BARRIO_PAR": "BELGRANO", "id": null, "TELECENTRO": null, "EMPRESA": "TELCOS - NO SE IDENTIFICA", "fecha_ingr": null, "long": 0.0, "longitud_m": 102.183115554971 }, "geometry": { "type": "LineString", "coordinates": [ [ -58.462677318110252, -34.559927225275182 ], [ -58.463320939203612, -34.559175590442095 ] ] } },
{ "type": "Feature", "properties": { "TELECOM": null, "nomoficial": "CABILDO AV.", "COM_PAR": "13", "id_street": "1965", "alt_derfin": "2399", "ZONA": "21", "alt_derini": "2301", "TELEFONICA": null, "alt_izqfin": "2400", "BARRIO": "BELGRANO", "COMUNA": "13", "alt_izqini": "2302", "codigo": "3005", "BARRIO_PAR": "BELGRANO", "id": null, "TELECENTRO": null, "EMPRESA": "TELCOS - NO SE IDENTIFICA", "fecha_ingr": null, "long": 0.0, "longitud_m": 126.61844788221302 }, "geometry": { "type": "LineString", "coordinates": [ [ -58.458297172500679, -34.560157622420157 ], [ -58.459096704510195, -34.559227420651162 ] ] } },
{ "type": "Feature", "properties": { "TELECOM": null, "nomoficial": "BLANCO ENCALADA", "COM_PAR": "13", "id_street": "1974", "alt_derfin": "2599", "ZONA": "21", "alt_derini": "2501", "TELEFONICA": null, "alt_izqfin": "2600", "BARRIO": "BELGRANO", "COMUNA": "13", "alt_izqini": "2502", "codigo": "2083", "BARRIO_PAR": "BELGRANO", "id": null, "TELECENTRO": null, "EMPRESA": "TELCOS - NO SE IDENTIFICA", "fecha_ingr": null, "long": 0.0, "longitud_m": 100.76860875636117 }, "geometry": { "type": "LineString", "coordinates": [ [ -58.460081726799494, -34.559809717052261 ], [ -58.460975085448922, -34.560337847613631 ] ] } },
{ "type": "Feature", "properties": { "TELECOM": null, "nomoficial": "AMENABAR", "COM_PAR": "13", "id_street": "1975", "alt_derfin": "2499", "ZONA": "21", "alt_derini": "2401", "TELEFONICA": null, "alt_izqfin": "2500", "BARRIO": "BELGRANO", "COMUNA": "13", "alt_izqini": "2402", "codigo": "1072", "BARRIO_PAR": "BELGRANO", "id": null, "TELECENTRO": null, "EMPRESA": "TELCOS - NO SE IDENTIFICA", "fecha_ingr": null, "long": 0.0, "longitud_m": 128.09137758585112 }, "geometry": { "type": "LineString", "coordinates": [ [ -58.460975085448922, -34.560337847613631 ], [ -58.461778675544927, -34.559393754836549 ] ] } },
{ "type": "Feature", "properties": { "TELECOM": null, "nomoficial": "MONROE", "COM_PAR": "13", "id_street": "1993", "alt_derfin": "2799", "ZONA": "21", "alt_derini": "2701", "TELEFONICA": null, "alt_izqfin": "2800", "BARRIO": "BELGRANO", "COMUNA": "13", "alt_izqini": "2702", "codigo": "4111", "BARRIO_PAR": "BELGRANO", "id": null, "TELECENTRO": null, "EMPRESA": "TELCOS - NO SE IDENTIFICA", "fecha_ingr": null, "long": 0.0, "longitud_m": 100.8923513817202 }, "geometry": { "type": "LineString", "coordinates": [ [ -58.462677318110252, -34.559927225275182 ], [ -58.463570524179403, -34.560457449556331 ] ] } },
{ "type": "Feature", "properties": { "TELECOM": null, "nomoficial": "CIUDAD DE LA PAZ", "COM_PAR": "13", "id_street": "2014", "alt_derfin": "2399", "ZONA": "21", "alt_derini": "2301", "TELEFONICA": null, "alt_izqfin": "2400", "BARRIO": "BELGRANO", "COMUNA": "13", "alt_izqini": "2302", "codigo": "3128", "BARRIO_PAR": "BELGRANO", "id": null, "TELECENTRO": null, "EMPRESA": "TELCOS - NO SE IDENTIFICA", "fecha_ingr": null, "long": 0.0, "longitud_m": 126.85946969092522 }, "geometry": { "type": "LineString", "coordinates": [ [ -58.45928185956528, -34.560742390015022 ], [ -58.460081726799494, -34.559809717052261 ] ] } },
{ "type": "Feature", "properties": { "TELECOM": null, "nomoficial": "BLANCO ENCALADA", "COM_PAR": "13", "id_street": "2033", "alt_derfin": "2699", "ZONA": "21", "alt_derini": "2601", "TELEFONICA": null, "alt_izqfin": "2700", "BARRIO": "BELGRANO", "COMUNA": "13", "alt_izqini": "2602", "codigo": "2083", "BARRIO_PAR": "BELGRANO", "id": null, "TELECENTRO": null, "EMPRESA": "TELCOS - NO SE IDENTIFICA", "fecha_ingr": null, "long": 0.0, "longitud_m": 100.81401579571856 }, "geometry": { "type": "LineString", "coordinates": [ [ -58.460975085448922, -34.560337847613631 ], [ -58.461868881011569, -34.560866182869454 ] ] } },
{ "type": "Feature", "properties": { "TELECOM": null, "nomoficial": "MOLDES", "COM_PAR": "13", "id_street": "2034", "alt_derfin": "2499", "ZONA": "21", "alt_derini": "2401", "TELEFONICA": null, "alt_izqfin": "2500", "BARRIO": "BELGRANO", "COMUNA": "13", "alt_izqini": "2402", "codigo": "13099", "BARRIO_PAR": "BELGRANO", "id": null, "TELECENTRO": null, "EMPRESA": "TELCOS - NO SE IDENTIFICA", "fecha_ingr": null, "long": 0.0, "longitud_m": 127.88332719936705 }, "geometry": { "type": "LineString", "coordinates": [ [ -58.461868881011569, -34.560866182869454 ], [ -58.462677318110252, -34.559927225275182 ] ] } },
{ "type": "Feature", "properties": { "TELECOM": null, "nomoficial": "BLANCO ENCALADA", "COM_PAR": "13", "id_street": "2086", "alt_derfin": "2799", "ZONA": "21", "alt_derini": "2701", "TELEFONICA": null, "alt_izqfin": "2800", "BARRIO": "BELGRANO", "COMUNA": "13", "alt_izqini": "2702", "codigo": "2083", "BARRIO_PAR": "BELGRANO", "id": null, "TELECENTRO": null, "EMPRESA": "TELCOS - NO SE IDENTIFICA", "fecha_ingr": null, "long": 0.0, "longitud_m": 100.84216839031377 }, "geometry": { "type": "LineString", "coordinates": [ [ -58.461868881011569, -34.560866182869454 ], [ -58.462762943252272, -34.561394652385175 ] ] } },
{ "type": "Feature", "properties": { "TELECOM": null, "nomoficial": "MOLDES", "COM_PAR": "13", "id_street": "2126", "alt_derfin": "2399", "ZONA": "21", "alt_derini": "2301", "TELEFONICA": null, "alt_izqfin": "2400", "BARRIO": "BELGRANO", "COMUNA": "13", "alt_izqini": "2302", "codigo": "13099", "BARRIO_PAR": "BELGRANO", "id": null, "TELECENTRO": null, "EMPRESA": "TELCOS - NO SE IDENTIFICA", "fecha_ingr": null, "long": 0.0, "longitud_m": 127.29122096590174 }, "geometry": { "type": "LineString", "coordinates": [ [ -58.46106425651687, -34.561800839166139 ], [ -58.461868881011569, -34.560866182869454 ] ] } },
{ "type": "Feature", "properties": { "TELECOM": null, "nomoficial": "CONGRESO", "COM_PAR": "13", "id_street": "30832", "alt_derfin": "2099", "ZONA": "21", "alt_derini": "2001", "TELEFONICA": null, "alt_izqfin": "0", "BARRIO": "NUÑEZ", "COMUNA": "13", "alt_izqini": "0", "codigo": "3156", "BARRIO_PAR": "NUÑEZ", "id": null, "TELECENTRO": null, "EMPRESA": "TELCOS - NO SE IDENTIFICA", "fecha_ingr": null, "long": 0.0, "longitud_m": 102.4497607929293 }, "geometry": { "type": "LineString", "coordinates": [ [ -58.458576717889201, -34.553337388729041 ], [ -58.4593611967165, -34.553758366227648 ], [ -58.459473023491682, -34.553876325572503 ] ] } },
{ "type": "Feature", "properties": { "TELECOM": null, "nomoficial": "GUEMES", "COM_PAR": "2", "id_street": "3046", "alt_derfin": "0", "ZONA": "19", "alt_derini": "0", "TELEFONICA": null, "alt_izqfin": "0", "BARRIO": "RECOLETA", "COMUNA": "2", "alt_izqini": "0", "codigo": "7098", "BARRIO_PAR": "RECOLETA", "id": null, "TELECENTRO": null, "EMPRESA": "TELCOS - NO SE IDENTIFICA", "fecha_ingr": null, "long": 0.0, "longitud_m": 14.961952753950023 }, "geometry": { "type": "LineString", "coordinates": [ [ -58.409753865149135, -34.591284403290707 ], [ -58.409881907759953, -34.591200866448659 ] ] } },
{ "type": "Feature", "properties": { "TELECOM": null, "nomoficial": "SANTA FE AV.", "COM_PAR": "14", "id_street": "4684", "alt_derfin": "0", "ZONA": "19", "alt_derini": "0", "TELEFONICA": null, "alt_izqfin": "4500", "BARRIO": "PALERMO", "COMUNA": "14", "alt_izqini": "4402", "codigo": "20057", "BARRIO_PAR": "PALERMO", "id": null, "TELECENTRO": null, "EMPRESA": "TELCOS - NO SE IDENTIFICA", "fecha_ingr": null, "long": 0.0, "longitud_m": 95.949111728204841 }, "geometry": { "type": "LineString", "coordinates": [ [ -58.423613878452919, -34.57987991662845 ], [ -58.424380505493517, -34.579291657679249 ] ] } },
{ "type": "Feature", "properties": { "TELECOM": null, "nomoficial": "FRAY JUSTO SANTAMARIA DE ORO", "COM_PAR": "14", "id_street": "4764", "alt_derfin": "2499", "ZONA": "19", "alt_derini": "2401", "TELEFONICA": null, "alt_izqfin": "2500", "BARRIO": "PALERMO", "COMUNA": "14", "alt_izqini": "2402", "codigo": "16029", "BARRIO_PAR": "PALERMO", "id": null, "TELECENTRO": null, "EMPRESA": "TELCOS - NO SE IDENTIFICA", "fecha_ingr": null, "long": 0.0, "longitud_m": 146.76271443791282 }, "geometry": { "type": "LineString", "coordinates": [ [ -58.425336129887476, -34.580352586002888 ], [ -58.424380505493517, -34.579291657679249 ] ] } },
{ "type": "Feature", "properties": { "TELECOM": null, "nomoficial": "GUEMES", "COM_PAR": "14", "id_street": "4765", "alt_derfin": "4899", "ZONA": "19", "alt_derini": "4801", "TELEFONICA": null, "alt_izqfin": "4900", "BARRIO": "PALERMO", "COMUNA": "14", "alt_izqini": "4802", "codigo": "7098", "BARRIO_PAR": "PALERMO", "id": null, "TELECENTRO": null, "EMPRESA": "TELCOS - NO SE IDENTIFICA", "fecha_ingr": null, "long": 0.0, "longitud_m": 104.88324890424194 }, "geometry": { "type": "LineString", "coordinates": [ [ -58.425336129887476, -34.580352586002888 ], [ -58.426195771688576, -34.579729387958061 ] ] } },
{ "type": "Feature", "properties": { "TELECOM": null, "nomoficial": "SANTA FE AV.", "COM_PAR": "14", "id_street": "4818", "alt_derfin": "0", "ZONA": "19", "alt_derini": "0", "TELEFONICA": null, "alt_izqfin": "4400", "BARRIO": "PALERMO", "COMUNA": "14", "alt_izqini": "4302", "codigo": "20057", "BARRIO_PAR": "PALERMO", "id": null, "TELECENTRO": null, "EMPRESA": "TELCOS - NO SE IDENTIFICA", "fecha_ingr": null, "long": 0.0, "longitud_m": 120.84232040248057 }, "geometry": { "type": "LineString", "coordinates": [ [ -58.422604493980749, -34.580579667778146 ], [ -58.423613878452919, -34.57987991662845 ] ] } },
{ "type": "Feature", "properties": { "TELECOM": null, "nomoficial": "DARREGUEYRA", "COM_PAR": "14", "id_street": "4899", "alt_derfin": "2499", "ZONA": "19", "alt_derini": "2401", "TELEFONICA": null, "alt_izqfin": "2500", "BARRIO": "PALERMO", "COMUNA": "14", "alt_izqini": "2402", "codigo": "4010", "BARRIO_PAR": "PALERMO", "id": null, "TELECENTRO": null, "EMPRESA": "TELCOS - NO SE IDENTIFICA", "fecha_ingr": null, "long": 0.0, "longitud_m": 144.30997610330772 }, "geometry": { "type": "LineString", "coordinates": [ [ -58.424526898257469, -34.580939173549446 ], [ -58.423613878452919, -34.57987991662845 ] ] } },
{ "type": "Feature", "properties": { "TELECOM": null, "nomoficial": "GUEMES", "COM_PAR": "14", "id_street": "4900", "alt_derfin": "4799", "ZONA": "19", "alt_derini": "4701", "TELEFONICA": null, "alt_izqfin": "4800", "BARRIO": "PALERMO", "COMUNA": "14", "alt_izqini": "4702", "codigo": "7098", "BARRIO_PAR": "PALERMO", "id": null, "TELECENTRO": null, "EMPRESA": "TELCOS - NO SE IDENTIFICA", "fecha_ingr": null, "long": 0.0, "longitud_m": 98.727603502538443 }, "geometry": { "type": "LineString", "coordinates": [ [ -58.424526898257469, -34.580939173549446 ], [ -58.425336129887476, -34.580352586002888 ] ] } },
{ "type": "Feature", "properties": { "TELECOM": null, "nomoficial": "SANTA FE AV.", "COM_PAR": "14", "id_street": "4954", "alt_derfin": "0", "ZONA": "19", "alt_derini": "0", "TELEFONICA": null, "alt_izqfin": "4300", "BARRIO": "PALERMO", "COMUNA": "14", "alt_izqini": "4202", "codigo": "20057", "BARRIO_PAR": "PALERMO", "id": null, "TELECENTRO": null, "EMPRESA": "TELCOS - NO SE IDENTIFICA", "fecha_ingr": null, "long": 0.0, "longitud_m": 104.00096924491393 }, "geometry": { "type": "LineString", "coordinates": [ [ -58.421735801630355, -34.581181921465785 ], [ -58.422604493980749, -34.580579667778146 ] ] } },
{ "type": "Feature", "properties": { "TELECOM": null, "nomoficial": "FRAY JUSTO SANTAMARIA DE ORO", "COM_PAR": "14", "id_street": "4981", "alt_derfin": "2399", "ZONA": "19", "alt_derini": "2301", "TELEFONICA": null, "alt_izqfin": "2400", "BARRIO": "PALERMO", "COMUNA": "14", "alt_izqini": "2302", "codigo": "16029", "BARRIO_PAR": "PALERMO", "id": null, "TELECENTRO": null, "EMPRESA": "TELCOS - NO SE IDENTIFICA", "fecha_ingr": null, "long": 0.0, "longitud_m": 138.78188776898881 }, "geometry": { "type": "LineString", "coordinates": [ [ -58.426237365658409, -34.581357318336444 ], [ -58.425336129887476, -34.580352586002888 ] ] } },
{ "type": "Feature", "properties": { "TELECOM": null, "nomoficial": "URIARTE", "COM_PAR": "14", "id_street": "5004", "alt_derfin": "2499", "ZONA": "19", "alt_derini": "2401", "TELEFONICA": null, "alt_izqfin": "2500", "BARRIO": "PALERMO", "COMUNA": "14", "alt_izqini": "2402", "codigo": "22010", "BARRIO_PAR": "PALERMO", "id": null, "TELECENTRO": null, "EMPRESA": "TELCOS - NO SE IDENTIFICA", "fecha_ingr": null, "long": 0.0, "longitud_m": 146.7909952000073 }, "geometry": { "type": "LineString", "coordinates": [ [ -58.423758880011647, -34.581495838897233 ], [ -58.422604493980749, -34.580579667778146 ] ] } },
{ "type": "Feature", "properties": { "TELECOM": null, "nomoficial": "GUEMES", "COM_PAR": "14", "id_street": "5005", "alt_derfin": "4699", "ZONA": "19", "alt_derini": "4601", "TELEFONICA": null, "alt_izqfin": "4700", "BARRIO": "PALERMO", "COMUNA": "14", "alt_izqini": "4602", "codigo": "7098", "BARRIO_PAR": "PALERMO", "id": null, "TELECENTRO": null, "EMPRESA": "TELCOS - NO SE IDENTIFICA", "fecha_ingr": null, "long": 0.0, "longitud_m": 93.695643696365522 }, "geometry": { "type": "LineString", "coordinates": [ [ -58.423758880011647, -34.581495838897233 ], [ -58.424526898257469, -34.580939173549446 ] ] } },
{ "type": "Feature", "properties": { "TELECOM": null, "nomoficial": "LAS HERAS GENERAL AV.", "COM_PAR": "14", "id_street": "5029", "alt_derfin": "4299", "ZONA": "19", "alt_derini": "4101", "TELEFONICA": null, "alt_izqfin": "4300", "BARRIO": "PALERMO", "COMUNA": "14", "alt_izqini": "4102", "codigo": "12076", "BARRIO_PAR": "PALERMO", "id": null, "TELECENTRO": null, "EMPRESA": "TELCOS - NO SE IDENTIFICA", "fecha_ingr": null, "long": 0.0, "longitud_m": 291.37172930009865 }, "geometry": { "type": "LineString", "coordinates": [ [ -58.41695321768858, -34.581573727477391 ], [ -58.420119387376985, -34.581370448309301 ] ] } },
{ "type": "Feature", "properties": { "TELECOM": null, "nomoficial": "SANTA FE AV.", "COM_PAR": "14", "id_street": "5108", "alt_derfin": "4199", "ZONA": "19", "alt_derini": "4101", "TELEFONICA": null, "alt_izqfin": "4200", "BARRIO": "PALERMO", "COMUNA": "14", "alt_izqini": "4102", "codigo": "20057", "BARRIO_PAR": "PALERMO", "id": null, "TELECENTRO": null, "EMPRESA": "TELCOS - NO SE IDENTIFICA", "fecha_ingr": null, "long": 0.0, "longitud_m": 117.57047559432092 }, "geometry": { "type": "LineString", "coordinates": [ [ -58.420753727261832, -34.581862722433463 ], [ -58.421735801630355, -34.581181921465785 ] ] } },
{ "type": "Feature", "properties": { "TELECOM": null, "nomoficial": "DARREGUEYRA", "COM_PAR": "14", "id_street": "5119", "alt_derfin": "2399", "ZONA": "19", "alt_derini": "2301", "TELEFONICA": null, "alt_izqfin": "2400", "BARRIO": "PALERMO", "COMUNA": "14", "alt_izqini": "2302", "codigo": "4010", "BARRIO_PAR": "PALERMO", "id": null, "TELECENTRO": null, "EMPRESA": "TELCOS - NO SE IDENTIFICA", "fecha_ingr": null, "long": 0.0, "longitud_m": 140.23274419305687 }, "geometry": { "type": "LineString", "coordinates": [ [ -58.425438939808522, -34.581953563177926 ], [ -58.424526898257469, -34.580939173549446 ] ] } },
{ "type": "Feature", "properties": { "TELECOM": null, "nomoficial": "THAMES", "COM_PAR": "14", "id_street": "5148", "alt_derfin": "2499", "ZONA": "19", "alt_derini": "2401", "TELEFONICA": null, "alt_izqfin": "2500", "BARRIO": "PALERMO", "COMUNA": "14", "alt_izqini": "2402", "codigo": "21024", "BARRIO_PAR": "PALERMO", "id": null, "TELECENTRO": null, "EMPRESA": "TELCOS - NO SE IDENTIFICA", "fecha_ingr": null, "long": 0.0, "longitud_m": 149.01384591919876 }, "geometry": { "type": "LineString", "coordinates": [ [ -58.422901501644311, -34.582117259737473 ], [ -58.421735801630355, -34.581181921465785 ] ] } },
{ "type": "Feature", "properties": { "TELECOM": null, "nomoficial": "GUEMES", "COM_PAR": "14", "id_street": "5149", "alt_derfin": "4599", "ZONA": "19", "alt_derini": "4501", "TELEFONICA": null, "alt_izqfin": "4600", "BARRIO": "PALERMO", "COMUNA": "14", "alt_izqini": "4502", "codigo": "7098", "BARRIO_PAR": "PALERMO", "id": null, "TELECENTRO": null, "EMPRESA": "TELCOS - NO SE IDENTIFICA", "fecha_ingr": null, "long": 0.0, "longitud_m": 104.59588611992191 }, "geometry": { "type": "LineString", "coordinates": [ [ -58.422901501644311, -34.582117259737473 ], [ -58.423758880011647, -34.581495838897233 ] ] } },
{ "type": "Feature", "properties": { "TELECOM": null, "nomoficial": "SANTA FE AV.", "COM_PAR": "14", "id_street": "5184", "alt_derfin": "4099", "ZONA": "19", "alt_derini": "4001", "TELEFONICA": null, "alt_izqfin": "4100", "BARRIO": "PALERMO", "COMUNA": "14", "alt_izqini": "4002", "codigo": "20057", "BARRIO_PAR": "PALERMO", "id": null, "TELECENTRO": null, "EMPRESA": "TELCOS - NO SE IDENTIFICA", "fecha_ingr": null, "long": 0.0, "longitud_m": 83.612459533653904 }, "geometry": { "type": "LineString", "coordinates": [ [ -58.420054767208718, -34.58234635891997 ], [ -58.420753727261832, -34.581862722433463 ] ] } },
{ "type": "Feature", "properties": { "TELECOM": null, "nomoficial": "URIARTE", "COM_PAR": "14", "id_street": "5190", "alt_derfin": "2399", "ZONA": "19", "alt_derini": "2301", "TELEFONICA": null, "alt_izqfin": "2400", "BARRIO": "PALERMO", "COMUNA": "14", "alt_izqini": "2302", "codigo": "22010", "BARRIO_PAR": "PALERMO", "id": null, "TELECENTRO": null, "EMPRESA": "TELCOS - NO SE IDENTIFICA", "fecha_ingr": null, "long": 0.0, "longitud_m": 141.48108003031129 }, "geometry": { "type": "LineString", "coordinates": [ [ -58.424871499568134, -34.582378886625435 ], [ -58.423758880011647, -34.581495838897233 ] ] } },
{ "type": "Feature", "properties": { "TELECOM": null, "nomoficial": "CHARCAS", "COM_PAR": "14", "id_street": "5191", "alt_derfin": "4599", "ZONA": "19", "alt_derini": "4501", "TELEFONICA": null, "alt_izqfin": "4600", "BARRIO": "PALERMO", "COMUNA": "14", "alt_izqini": "4502", "codigo": "3219", "BARRIO_PAR": "PALERMO", "id": null, "TELECENTRO": null, "EMPRESA": "TELCOS - NO SE IDENTIFICA", "fecha_ingr": null, "long": 0.0, "longitud_m": 70.261532590521441 }, "geometry": { "type": "LineString", "coordinates": [ [ -58.424871499568134, -34.582378886625435 ], [ -58.425438939808522, -34.581953563177926 ] ] } },
{ "type": "Feature", "properties": { "TELECOM": null, "nomoficial": "REPUBLICA ARABE SIRIA", "COM_PAR": "14", "id_street": "5203", "alt_derfin": "2899", "ZONA": "19", "alt_derini": "2801", "TELEFONICA": null, "alt_izqfin": "2900", "BARRIO": "PALERMO", "COMUNA": "14", "alt_izqini": "2802", "codigo": "13016", "BARRIO_PAR": "PALERMO", "id": null, "TELECENTRO": null, "EMPRESA": "TELCOS - NO SE IDENTIFICA", "fecha_ingr": null, "long": 0.0, "longitud_m": 95.952021098119715 }, "geometry": { "type": "LineString", "coordinates": [ [ -58.414844668815611, -34.582447502124261 ], [ -58.414228446626481, -34.581748651535534 ] ] } },
{ "type": "Feature", "properties": { "TELECOM": null, "nomoficial": "BORGES, JORGE LUIS", "COM_PAR": "14", "id_street": "5269", "alt_derfin": "2499", "ZONA": "19", "alt_derini": "2401", "TELEFONICA": null, "alt_izqfin": "2500", "BARRIO": "PALERMO", "COMUNA": "14", "alt_izqini": "2402", "codigo": "20090", "BARRIO_PAR": "PALERMO", "id": null, "TELECENTRO": null, "EMPRESA": "TELCOS - NO SE IDENTIFICA", "fecha_ingr": null, "long": 0.0, "longitud_m": 151.58277299567021 }, "geometry": { "type": "LineString", "coordinates": [ [ -58.421936531086423, -34.5828167380905 ], [ -58.420753727261832, -34.581862722433463 ] ] } },
{ "type": "Feature", "properties": { "TELECOM": null, "nomoficial": "GUEMES", "COM_PAR": "14", "id_street": "5270", "alt_derfin": "4499", "ZONA": "19", "alt_derini": "4401", "TELEFONICA": null, "alt_izqfin": "4500", "BARRIO": "PALERMO", "COMUNA": "14", "alt_izqini": "4402", "codigo": "7098", "BARRIO_PAR": "PALERMO", "id": null, "TELECENTRO": null, "EMPRESA": "TELCOS - NO SE IDENTIFICA", "fecha_ingr": null, "long": 0.0, "longitud_m": 117.72660117785081 }, "geometry": { "type": "LineString", "coordinates": [ [ -58.421936531086423, -34.5828167380905 ], [ -58.422901501644311, -34.582117259737473 ] ] } },
{ "type": "Feature", "properties": { "TELECOM": null, "nomoficial": "UGARTECHE", "COM_PAR": "14", "id_street": "5300", "alt_derfin": "2899", "ZONA": "19", "alt_derini": "2801", "TELEFONICA": null, "alt_izqfin": "2900", "BARRIO": "PALERMO", "COMUNA": "14", "alt_izqini": "2802", "codigo": "22004", "BARRIO_PAR": "PALERMO", "id": null, "TELECENTRO": null, "EMPRESA": "TELCOS - NO SE IDENTIFICA", "fecha_ingr": null, "long": 0.0, "longitud_m": 180.53803566639812 }, "geometry": { "type": "LineString", "coordinates": [ [ -58.41411618864705, -34.582965177943215 ], [ -58.412809411577101, -34.582015049492547 ], [ -58.412708530382325, -34.581846131372252 ] ] } },
{ "type": "Feature", "properties": { "TELECOM": null, "nomoficial": "JUNCAL", "COM_PAR": "14", "id_street": "5301", "alt_derfin": "3799", "ZONA": "19", "alt_derini": "3701", "TELEFONICA": null, "alt_izqfin": "3800", "BARRIO": "PALERMO", "COMUNA": "14", "alt_izqini": "3702", "codigo": "10014", "BARRIO_PAR": "PALERMO", "id": null, "TELECENTRO": null, "EMPRESA": "TELCOS - NO SE IDENTIFICA", "fecha_ingr": null, "long": 0.0, "longitud_m": 88.120044405150566 }, "geometry": { "type": "LineString", "coordinates": [ [ -58.41411618864705, -34.582965177943215 ], [ -58.414844668815611, -34.582447502124261 ] ] } },
{ "type": "Feature", "properties": { "TELECOM": null, "nomoficial": "THAMES", "COM_PAR": "14", "id_street": "5311", "alt_derfin": "2399", "ZONA": "19", "alt_derini": "2301", "TELEFONICA": null, "alt_izqfin": "2400", "BARRIO": "PALERMO", "COMUNA": "14", "alt_izqini": "2302", "codigo": "21024", "BARRIO_PAR": "PALERMO", "id": null, "TELECENTRO": null, "EMPRESA": "TELCOS - NO SE IDENTIFICA", "fecha_ingr": null, "long": 0.0, "longitud_m": 143.18517556310314 }, "geometry": { "type": "LineString", "coordinates": [ [ -58.424021605976058, -34.583016022112211 ], [ -58.422901501644311, -34.582117259737473 ] ] } },
{ "type": "Feature", "properties": { "TELECOM": null, "nomoficial": "REPUBLICA ARABE SIRIA", "COM_PAR": "14", "id_street": "5356", "alt_derfin": "2799", "ZONA": "19", "alt_derini": "2701", "TELEFONICA": null, "alt_izqfin": "2800", "BARRIO": "PALERMO", "COMUNA": "14", "alt_izqini": "2702", "codigo": "13016", "BARRIO_PAR": "PALERMO", "id": null, "TELECENTRO": null, "EMPRESA": "TELCOS - NO SE IDENTIFICA", "fecha_ingr": null, "long": 0.0, "longitud_m": 107.46556958747142 }, "geometry": { "type": "LineString", "coordinates": [ [ -58.415527947191677, -34.583234335138556 ], [ -58.414844668815611, -34.582447502124261 ] ] } },
{ "type": "Feature", "properties": { "TELECOM": null, "nomoficial": "GURRUCHAGA", "COM_PAR": "14", "id_street": "5373", "alt_derfin": "2499", "ZONA": "19", "alt_derini": "2401", "TELEFONICA": null, "alt_izqfin": "2500", "BARRIO": "PALERMO", "COMUNA": "14", "alt_izqini": "2402", "codigo": "7108", "BARRIO_PAR": "PALERMO", "id": null, "TELECENTRO": null, "EMPRESA": "TELCOS - NO SE IDENTIFICA", "fecha_ingr": null, "long": 0.0, "longitud_m": 153.34888060876946 }, "geometry": { "type": "LineString", "coordinates": [ [ -58.421235002966178, -34.583325169572909 ], [ -58.420054767208718, -34.58234635891997 ] ] } },
{ "type": "Feature", "properties": { "TELECOM": null, "nomoficial": "GUEMES", "COM_PAR": "14", "id_street": "5374", "alt_derfin": "4399", "ZONA": "19", "alt_derini": "4301", "TELEFONICA": null, "alt_izqfin": "4400", "BARRIO": "PALERMO", "COMUNA": "14", "alt_izqini": "4302", "codigo": "7098", "BARRIO_PAR": "PALERMO", "id": null, "TELECENTRO": null, "EMPRESA": "TELCOS - NO SE IDENTIFICA", "fecha_ingr": null, "long": 0.0, "longitud_m": 85.579987112109478 }, "geometry": { "type": "LineString", "coordinates": [ [ -58.421235002966178, -34.583325169572909 ], [ -58.421936531086423, -34.5828167380905 ] ] } },
{ "type": "Feature", "properties": { "TELECOM": null, "nomoficial": "JUNCAL", "COM_PAR": "14", "id_street": "5429", "alt_derfin": "3699", "ZONA": "19", "alt_derini": "3601", "TELEFONICA": null, "alt_izqfin": "3700", "BARRIO": "PALERMO", "COMUNA": "14", "alt_izqini": "3602", "codigo": "10014", "BARRIO_PAR": "PALERMO", "id": null, "TELECENTRO": null, "EMPRESA": "TELCOS - NO SE IDENTIFICA", "fecha_ingr": null, "long": 0.0, "longitud_m": 89.150429787905651 }, "geometry": { "type": "LineString", "coordinates": [ [ -58.413379181043759, -34.583488902325989 ], [ -58.41411618864705, -34.582965177943215 ] ] } },
{ "type": "Feature", "properties": { "TELECOM": null, "nomoficial": "SANTA FE AV.", "COM_PAR": "14", "id_street": "5433", "alt_derfin": "3999", "ZONA": "19", "alt_derini": "3901", "TELEFONICA": null, "alt_izqfin": "4000", "BARRIO": "PALERMO", "COMUNA": "14", "alt_izqini": "3902", "codigo": "20057", "BARRIO_PAR": "PALERMO", "id": null, "TELECENTRO": null, "EMPRESA": "TELCOS - NO SE IDENTIFICA", "fecha_ingr": null, "long": 0.0, "longitud_m": 214.28344551665339 }, "geometry": { "type": "LineString", "coordinates": [ [ -58.418258868542843, -34.583581295303745 ], [ -58.420054767208718, -34.58234635891997 ] ] } },
{ "type": "Feature", "properties": { "TELECOM": null, "nomoficial": "BORGES, JORGE LUIS", "COM_PAR": "14", "id_street": "5456", "alt_derfin": "2399", "ZONA": "19", "alt_derini": "2301", "TELEFONICA": null, "alt_izqfin": "2400", "BARRIO": "PALERMO", "COMUNA": "14", "alt_izqini": "2302", "codigo": "20090", "BARRIO_PAR": "PALERMO", "id": null, "TELECENTRO": null, "EMPRESA": "TELCOS - NO SE IDENTIFICA", "fecha_ingr": null, "long": 0.0, "longitud_m": 144.96991858131545 }, "geometry": { "type": "LineString", "coordinates": [ [ -58.423067782243386, -34.583729104688246 ], [ -58.421936531086423, -34.5828167380905 ] ] } },
{ "type": "Feature", "properties": { "TELECOM": null, "nomoficial": "REPUBLICA ARABE SIRIA", "COM_PAR": "14", "id_street": "5486", "alt_derfin": "2699", "ZONA": "19", "alt_derini": "2601", "TELEFONICA": null, "alt_izqfin": "2700", "BARRIO": "PALERMO", "COMUNA": "14", "alt_izqini": "2602", "codigo": "13016", "BARRIO_PAR": "PALERMO", "id": null, "TELECENTRO": null, "EMPRESA": "TELCOS - NO SE IDENTIFICA", "fecha_ingr": null, "long": 0.0, "longitud_m": 84.683420028498475 }, "geometry": { "type": "LineString", "coordinates": [ [ -58.416066410282163, -34.583854344693513 ], [ -58.415527947191677, -34.583234335138556 ] ] } },
{ "type": "Feature", "properties": { "TELECOM": null, "nomoficial": "GUEMES", "COM_PAR": "14", "id_street": "5502", "alt_derfin": "4299", "ZONA": "19", "alt_derini": "4245", "TELEFONICA": null, "alt_izqfin": "4300", "BARRIO": "PALERMO", "COMUNA": "14", "alt_izqini": "4242", "codigo": "7098", "BARRIO_PAR": "PALERMO", "id": null, "TELECENTRO": null, "EMPRESA": "TELCOS - NO SE IDENTIFICA", "fecha_ingr": null, "long": 0.0, "longitud_m": 100.23858877756007 }, "geometry": { "type": "LineString", "coordinates": [ [ -58.420413362590111, -34.583920739506844 ], [ -58.421235002966178, -34.583325169572909 ] ] } },
{ "type": "Feature", "properties": { "TELECOM": null, "nomoficial": "BERUTI", "COM_PAR": "14", "id_street": "5547", "alt_derfin": "3899", "ZONA": "19", "alt_derini": "3801", "TELEFONICA": null, "alt_izqfin": "3900", "BARRIO": "PALERMO", "COMUNA": "14", "alt_izqini": "3802", "codigo": "2071", "BARRIO_PAR": "PALERMO", "id": null, "TELECENTRO": null, "EMPRESA": "TELCOS - NO SE IDENTIFICA", "fecha_ingr": null, "long": 0.0, "longitud_m": 147.59755555564249 }, "geometry": { "type": "LineString", "coordinates": [ [ -58.414278510428318, -34.584072446429552 ], [ -58.415527947191677, -34.583234335138556 ] ] } },
{ "type": "Feature", "properties": { "TELECOM": null, "nomoficial": "GURRUCHAGA", "COM_PAR": "14", "id_street": "5582", "alt_derfin": "2399", "ZONA": "19", "alt_derini": "2301", "TELEFONICA": null, "alt_izqfin": "2400", "BARRIO": "PALERMO", "COMUNA": "14", "alt_izqini": "2302", "codigo": "7108", "BARRIO_PAR": "PALERMO", "id": null, "TELECENTRO": null, "EMPRESA": "TELCOS - NO SE IDENTIFICA", "fecha_ingr": null, "long": 0.0, "longitud_m": 146.17307333252967 }, "geometry": { "type": "LineString", "coordinates": [ [ -58.422360112550834, -34.584258104287926 ], [ -58.421235002966178, -34.583325169572909 ] ] } },
{ "type": "Feature", "properties": { "TELECOM": null, "nomoficial": "SANTA FE AV.", "COM_PAR": "14", "id_street": "5610", "alt_derfin": "3899", "ZONA": "19", "alt_derini": "3801", "TELEFONICA": null, "alt_izqfin": "3900", "BARRIO": "PALERMO", "COMUNA": "14", "alt_izqini": "3802", "codigo": "20057", "BARRIO_PAR": "PALERMO", "id": null, "TELECENTRO": null, "EMPRESA": "TELCOS - NO SE IDENTIFICA", "fecha_ingr": null, "long": 0.0, "longitud_m": 136.39081212570792 }, "geometry": { "type": "LineString", "coordinates": [ [ -58.417114812366975, -34.58436637489001 ], [ -58.418258868542843, -34.583581295303745 ] ] } },
{ "type": "Feature", "properties": { "TELECOM": null, "nomoficial": "ARMENIA", "COM_PAR": "14", "id_street": "5619", "alt_derfin": "2499", "ZONA": "19", "alt_derini": "2401", "TELEFONICA": null, "alt_izqfin": "2500", "BARRIO": "PALERMO", "COMUNA": "14", "alt_izqini": "2402", "codigo": "1003", "BARRIO_PAR": "PALERMO", "id": null, "TELECENTRO": null, "EMPRESA": "TELCOS - NO SE IDENTIFICA", "fecha_ingr": null, "long": 0.0, "longitud_m": 161.5688382977973 }, "geometry": { "type": "LineString", "coordinates": [ [ -58.419651167011374, -34.584473084905653 ], [ -58.418258868542843, -34.583581295303745 ] ] } },
{ "type": "Feature", "properties": { "TELECOM": null, "nomoficial": "GUEMES", "COM_PAR": "14", "id_street": "5620", "alt_derfin": "4243", "ZONA": "19", "alt_derini": "4201", "TELEFONICA": null, "alt_izqfin": "4240", "BARRIO": "PALERMO", "COMUNA": "14", "alt_izqini": "4202", "codigo": "7098", "BARRIO_PAR": "PALERMO", "id": null, "TELECENTRO": null, "EMPRESA": "TELCOS - NO SE IDENTIFICA", "fecha_ingr": null, "long": 0.0, "longitud_m": 92.976156262900361 }, "geometry": { "type": "LineString", "coordinates": [ [ -58.419651167011374, -34.584473084905653 ], [ -58.420413362590111, -34.583920739506844 ] ] } },
{ "type": "Feature", "properties": { "TELECOM": null, "nomoficial": "SCALABRINI ORTIZ, RAUL", "COM_PAR": "14", "id_street": "5636", "alt_derfin": "2699", "ZONA": "19", "alt_derini": "2601", "TELEFONICA": null, "alt_izqfin": "2700", "BARRIO": "PALERMO", "COMUNA": "14", "alt_izqini": "2602", "codigo": "20133", "BARRIO_PAR": "PALERMO", "id": null, "TELECENTRO": null, "EMPRESA": "TELCOS - NO SE IDENTIFICA", "fecha_ingr": null, "long": 0.0, "longitud_m": 83.980065515994042 }, "geometry": { "type": "LineString", "coordinates": [ [ -58.414998680958483, -34.584539713812035 ], [ -58.414278510428318, -34.584072446429552 ] ] } },
{ "type": "Feature", "properties": { "TELECOM": null, "nomoficial": "ARENALES", "COM_PAR": "14", "id_street": "5637", "alt_derfin": "3899", "ZONA": "19", "alt_derini": "3801", "TELEFONICA": null, "alt_izqfin": "3900", "BARRIO": "PALERMO", "COMUNA": "14", "alt_izqini": "3802", "codigo": "1104", "BARRIO_PAR": "PALERMO", "id": null, "TELECENTRO": null, "EMPRESA": "TELCOS - NO SE IDENTIFICA", "fecha_ingr": null, "long": 0.0, "longitud_m": 124.00416099048137 }, "geometry": { "type": "LineString", "coordinates": [ [ -58.414998680958483, -34.584539713812035 ], [ -58.416066410282163, -34.583854344693513 ] ] } },
{ "type": "Feature", "properties": { "TELECOM": null, "nomoficial": "REPUBLICA ARABE SIRIA", "COM_PAR": "14", "id_street": "5656", "alt_derfin": "2599", "ZONA": "19", "alt_derini": "2501", "TELEFONICA": null, "alt_izqfin": "2600", "BARRIO": "PALERMO", "COMUNA": "14", "alt_izqini": "2502", "codigo": "13016", "BARRIO_PAR": "PALERMO", "id": null, "TELECENTRO": null, "EMPRESA": "TELCOS - NO SE IDENTIFICA", "fecha_ingr": null, "long": 0.0, "longitud_m": 105.34321288342576 }, "geometry": { "type": "LineString", "coordinates": [ [ -58.416736266818795, -34.584625601915427 ], [ -58.416066410282163, -34.583854344693513 ] ] } },
{ "type": "Feature", "properties": { "TELECOM": null, "nomoficial": "SANTA FE AV.", "COM_PAR": "14", "id_street": "5657", "alt_derfin": "3799", "ZONA": "19", "alt_derini": "3781", "TELEFONICA": null, "alt_izqfin": "3800", "BARRIO": "PALERMO", "COMUNA": "14", "alt_izqini": "3782", "codigo": "20057", "BARRIO_PAR": "PALERMO", "id": null, "TELECENTRO": null, "EMPRESA": "TELCOS - NO SE IDENTIFICA", "fecha_ingr": null, "long": 0.0, "longitud_m": 45.090608028549973 }, "geometry": { "type": "LineString", "coordinates": [ [ -58.416736266818795, -34.584625601915427 ], [ -58.417114812366975, -34.58436637489001 ] ] } },
{ "type": "Feature", "properties": { "TELECOM": null, "nomoficial": "VIRASORO", "COM_PAR": "14", "id_street": "5675", "alt_derfin": "2399", "ZONA": "19", "alt_derini": "2301", "TELEFONICA": null, "alt_izqfin": "2400", "BARRIO": "PALERMO", "COMUNA": "14", "alt_izqini": "2302", "codigo": "23071", "BARRIO_PAR": "PALERMO", "id": null, "TELECENTRO": null, "EMPRESA": "TELCOS - NO SE IDENTIFICA", "fecha_ingr": null, "long": 0.0, "longitud_m": 151.78741704017276 }, "geometry": { "type": "LineString", "coordinates": [ [ -58.421779608713067, -34.584692352627236 ], [ -58.420413362590111, -34.583920739506844 ] ] } },
{ "type": "Feature", "properties": { "TELECOM": null, "nomoficial": "ARAOZ", "COM_PAR": "14", "id_street": "5767", "alt_derfin": "2699", "ZONA": "19", "alt_derini": "2601", "TELEFONICA": null, "alt_izqfin": "2700", "BARRIO": "PALERMO", "COMUNA": "14", "alt_izqini": "2602", "codigo": "1095", "BARRIO_PAR": "PALERMO", "id": null, "TELECENTRO": null, "EMPRESA": "TELCOS - NO SE IDENTIFICA", "fecha_ingr": null, "long": 0.0, "longitud_m": 80.844854071580784 }, "geometry": { "type": "LineString", "coordinates": [ [ -58.414072932286736, -34.585133861619134 ], [ -58.413405814963461, -34.584657737121617 ] ] } },
{ "type": "Feature", "properties": { "TELECOM": null, "nomoficial": "ARENALES", "COM_PAR": "14", "id_street": "5768", "alt_derfin": "3799", "ZONA": "19", "alt_derini": "3701", "TELEFONICA": null, "alt_izqfin": "3800", "BARRIO": "PALERMO", "COMUNA": "14", "alt_izqini": "3702", "codigo": "1104", "BARRIO_PAR": "PALERMO", "id": null, "TELECENTRO": null, "EMPRESA": "TELCOS - NO SE IDENTIFICA", "fecha_ingr": null, "long": 0.0, "longitud_m": 107.50850810411256 }, "geometry": { "type": "LineString", "coordinates": [ [ -58.414072932286736, -34.585133861619134 ], [ -58.414998680958483, -34.584539713812035 ] ] } },
{ "type": "Feature", "properties": { "TELECOM": null, "nomoficial": "SCALABRINI ORTIZ, RAUL", "COM_PAR": "14", "id_street": "5773", "alt_derfin": "2599", "ZONA": "19", "alt_derini": "2501", "TELEFONICA": null, "alt_izqfin": "2600", "BARRIO": "PALERMO", "COMUNA": "14", "alt_izqini": "2502", "codigo": "20133", "BARRIO_PAR": "PALERMO", "id": null, "TELECENTRO": null, "EMPRESA": "TELCOS - NO SE IDENTIFICA", "fecha_ingr": null, "long": 0.0, "longitud_m": 110.83873702004165 }, "geometry": { "type": "LineString", "coordinates": [ [ -58.415953619465917, -34.58515171868958 ], [ -58.414998680958483, -34.584539713812035 ] ] } },
{ "type": "Feature", "properties": { "TELECOM": null, "nomoficial": "SANTA FE AV.", "COM_PAR": "14", "id_street": "5774", "alt_derfin": "3779", "ZONA": "19", "alt_derini": "3701", "TELEFONICA": null, "alt_izqfin": "3780", "BARRIO": "PALERMO", "COMUNA": "14", "alt_izqini": "3702", "codigo": "20057", "BARRIO_PAR": "PALERMO", "id": null, "TELECENTRO": null, "EMPRESA": "TELCOS - NO SE IDENTIFICA", "fecha_ingr": null, "long": 0.0, "longitud_m": 92.532887937277053 }, "geometry": { "type": "LineString", "coordinates": [ [ -58.415953619465917, -34.58515171868958 ], [ -58.416736266818795, -34.584625601915427 ] ] } },
{ "type": "Feature", "properties": { "TELECOM": null, "nomoficial": "BERUTI", "COM_PAR": "14", "id_street": "5793", "alt_derfin": "3699", "ZONA": "19", "alt_derini": "3601", "TELEFONICA": null, "alt_izqfin": "3700", "BARRIO": "PALERMO", "COMUNA": "14", "alt_izqini": "3602", "codigo": "2071", "BARRIO_PAR": "PALERMO", "id": null, "TELECENTRO": null, "EMPRESA": "TELCOS - NO SE IDENTIFICA", "fecha_ingr": null, "long": 0.0, "longitud_m": 103.99439162479078 }, "geometry": { "type": "LineString", "coordinates": [ [ -58.412523313218486, -34.585246045654912 ], [ -58.413405814963461, -34.584657737121617 ] ] } },
{ "type": "Feature", "properties": { "TELECOM": null, "nomoficial": "MALABIA", "COM_PAR": "14", "id_street": "5796", "alt_derfin": "2499", "ZONA": "19", "alt_derini": "2401", "TELEFONICA": null, "alt_izqfin": "2500", "BARRIO": "PALERMO", "COMUNA": "14", "alt_izqini": "2402", "codigo": "13016", "BARRIO_PAR": "PALERMO", "id": null, "TELECENTRO": null, "EMPRESA": "TELCOS - NO SE IDENTIFICA", "fecha_ingr": null, "long": 0.0, "longitud_m": 165.63162573037786 }, "geometry": { "type": "LineString", "coordinates": [ [ -58.418553938805786, -34.585267842665822 ], [ -58.417114812366975, -34.58436637489001 ] ] } },
{ "type": "Feature", "properties": { "TELECOM": null, "nomoficial": "GUEMES", "COM_PAR": "14", "id_street": "5797", "alt_derfin": "4199", "ZONA": "19", "alt_derini": "4101", "TELEFONICA": null, "alt_izqfin": "4200", "BARRIO": "PALERMO", "COMUNA": "14", "alt_izqini": "4102", "codigo": "7098", "BARRIO_PAR": "PALERMO", "id": null, "TELECENTRO": null, "EMPRESA": "TELCOS - NO SE IDENTIFICA", "fecha_ingr": null, "long": 0.0, "longitud_m": 133.81675750761579 }, "geometry": { "type": "LineString", "coordinates": [ [ -58.418553938805786, -34.585267842665822 ], [ -58.419651167011374, -34.584473084905653 ] ] } },
{ "type": "Feature", "properties": { "TELECOM": null, "nomoficial": "ARMENIA", "COM_PAR": "14", "id_street": "5804", "alt_derfin": "2399", "ZONA": "19", "alt_derini": "2301", "TELEFONICA": null, "alt_izqfin": "2400", "BARRIO": "PALERMO", "COMUNA": "14", "alt_izqini": "2302", "codigo": "1003", "BARRIO_PAR": "PALERMO", "id": null, "TELECENTRO": null, "EMPRESA": "TELCOS - NO SE IDENTIFICA", "fecha_ingr": null, "long": 0.0, "longitud_m": 151.5160372690512 }, "geometry": { "type": "LineString", "coordinates": [ [ -58.420958544834299, -34.585307574528287 ], [ -58.419651167011374, -34.584473084905653 ] ] } },
{ "type": "Feature", "properties": { "TELECOM": null, "nomoficial": "ALVAREZ, JULIAN", "COM_PAR": "14", "id_street": "5887", "alt_derfin": "2699", "ZONA": "19", "alt_derini": "2601", "TELEFONICA": null, "alt_izqfin": "2700", "BARRIO": "PALERMO", "COMUNA": "14", "alt_izqini": "2602", "codigo": "1057", "BARRIO_PAR": "PALERMO", "id": null, "TELECENTRO": null, "EMPRESA": "TELCOS - NO SE IDENTIFICA", "fecha_ingr": null, "long": 0.0, "longitud_m": 79.046929140504119 }, "geometry": { "type": "LineString", "coordinates": [ [ -58.413160796021856, -34.585725402253068 ], [ -58.412523313218486, -34.585246045654912 ] ] } },
{ "type": "Feature", "properties": { "TELECOM": null, "nomoficial": "ARENALES", "COM_PAR": "14", "id_street": "5888", "alt_derfin": "3699", "ZONA": "19", "alt_derini": "3601", "TELEFONICA": null, "alt_izqfin": "3700", "BARRIO": "PALERMO", "COMUNA": "14", "alt_izqini": "3602", "codigo": "1104", "BARRIO_PAR": "PALERMO", "id": null, "TELECENTRO": null, "EMPRESA": "TELCOS - NO SE IDENTIFICA", "fecha_ingr": null, "long": 0.0, "longitud_m": 106.34542718908843 }, "geometry": { "type": "LineString", "coordinates": [ [ -58.413160796021856, -34.585725402253068 ], [ -58.414072932286736, -34.585133861619134 ] ] } },
{ "type": "Feature", "properties": { "TELECOM": null, "nomoficial": "ARAOZ", "COM_PAR": "14", "id_street": "5912", "alt_derfin": "2599", "ZONA": "19", "alt_derini": "2501", "TELEFONICA": null, "alt_izqfin": "2600", "BARRIO": "PALERMO", "COMUNA": "14", "alt_izqini": "2502", "codigo": "1095", "BARRIO_PAR": "PALERMO", "id": null, "TELECENTRO": null, "EMPRESA": "TELCOS - NO SE IDENTIFICA", "fecha_ingr": null, "long": 0.0, "longitud_m": 111.3167177042983 }, "geometry": { "type": "LineString", "coordinates": [ [ -58.414991571654028, -34.585789381217644 ], [ -58.414072932286736, -34.585133861619134 ] ] } },
{ "type": "Feature", "properties": { "TELECOM": null, "nomoficial": "SANTA FE AV.", "COM_PAR": "14", "id_street": "5913", "alt_derfin": "3699", "ZONA": "19", "alt_derini": "3601", "TELEFONICA": null, "alt_izqfin": "3700", "BARRIO": "PALERMO", "COMUNA": "14", "alt_izqini": "3602", "codigo": "20057", "BARRIO_PAR": "PALERMO", "id": null, "TELECENTRO": null, "EMPRESA": "TELCOS - NO SE IDENTIFICA", "fecha_ingr": null, "long": 0.0, "longitud_m": 113.11235609980616 }, "geometry": { "type": "LineString", "coordinates": [ [ -58.414991571654028, -34.585789381217644 ], [ -58.415953619465917, -34.58515171868958 ] ] } },
{ "type": "Feature", "properties": { "TELECOM": null, "nomoficial": "SCALABRINI ORTIZ, RAUL AV.", "COM_PAR": "14", "id_street": "5964", "alt_derfin": "2499", "ZONA": "19", "alt_derini": "2401", "TELEFONICA": null, "alt_izqfin": "2500", "BARRIO": "PALERMO", "COMUNA": "14", "alt_izqini": "2402", "codigo": "20133", "BARRIO_PAR": "PALERMO", "id": null, "TELECENTRO": null, "EMPRESA": "TELCOS - NO SE IDENTIFICA", "fecha_ingr": null, "long": 0.0, "longitud_m": 170.14657622218562 }, "geometry": { "type": "LineString", "coordinates": [ [ -58.417432924959805, -34.586076736692483 ], [ -58.415953619465917, -34.58515171868958 ] ] } },
{ "type": "Feature", "properties": { "TELECOM": null, "nomoficial": "GUEMES", "COM_PAR": "14", "id_street": "5965", "alt_derfin": "4099", "ZONA": "19", "alt_derini": "4001", "TELEFONICA": null, "alt_izqfin": "4100", "BARRIO": "PALERMO", "COMUNA": "14", "alt_izqini": "4002", "codigo": "7098", "BARRIO_PAR": "PALERMO", "id": null, "TELECENTRO": null, "EMPRESA": "TELCOS - NO SE IDENTIFICA", "fecha_ingr": null, "long": 0.0, "longitud_m": 136.49111563087862 }, "geometry": { "type": "LineString", "coordinates": [ [ -58.417432924959805, -34.586076736692483 ], [ -58.418553938805786, -34.585267842665822 ] ] } },
{ "type": "Feature", "properties": { "TELECOM": null, "nomoficial": "MALABIA", "COM_PAR": "14", "id_street": "5970", "alt_derfin": "2399", "ZONA": "19", "alt_derini": "2301", "TELEFONICA": null, "alt_izqfin": "2400", "BARRIO": "PALERMO", "COMUNA": "14", "alt_izqini": "2302", "codigo": "13016", "BARRIO_PAR": "PALERMO", "id": null, "TELECENTRO": null, "EMPRESA": "TELCOS - NO SE IDENTIFICA", "fecha_ingr": null, "long": 0.0, "longitud_m": 153.49601971317884 }, "geometry": { "type": "LineString", "coordinates": [ [ -58.419887629110093, -34.586103268805246 ], [ -58.418553938805786, -34.585267842665822 ] ] } },
{ "type": "Feature", "properties": { "TELECOM": null, "nomoficial": "SALGUERO, JERONIMO", "COM_PAR": "14", "id_street": "6012", "alt_derfin": "2199", "ZONA": "19", "alt_derini": "2101", "TELEFONICA": null, "alt_izqfin": "2200", "BARRIO": "PALERMO", "COMUNA": "14", "alt_izqini": "2102", "codigo": "20012", "BARRIO_PAR": "PALERMO", "id": null, "TELECENTRO": null, "EMPRESA": "TELCOS - NO SE IDENTIFICA", "fecha_ingr": null, "long": 0.0, "longitud_m": 80.277196610773856 }, "geometry": { "type": "LineString", "coordinates": [ [ -58.412311834070728, -34.58630808901993 ], [ -58.411690208143305, -34.585798804631494 ] ] } },
{ "type": "Feature", "properties": { "TELECOM": null, "nomoficial": "ARENALES", "COM_PAR": "14", "id_street": "6013", "alt_derfin": "3599", "ZONA": "19", "alt_derini": "3501", "TELEFONICA": null, "alt_izqfin": "3600", "BARRIO": "PALERMO", "COMUNA": "14", "alt_izqini": "3502", "codigo": "1104", "BARRIO_PAR": "PALERMO", "id": null, "TELECENTRO": null, "EMPRESA": "TELCOS - NO SE IDENTIFICA", "fecha_ingr": null, "long": 0.0, "longitud_m": 101.21680454319136 }, "geometry": { "type": "LineString", "coordinates": [ [ -58.412311834070728, -34.58630808901993 ], [ -58.413160796021856, -34.585725402253068 ] ] } },
{ "type": "Feature", "properties": { "TELECOM": null, "nomoficial": "ALVAREZ, JULIAN", "COM_PAR": "14", "id_street": "6036", "alt_derfin": "2599", "ZONA": "19", "alt_derini": "2501", "TELEFONICA": null, "alt_izqfin": "2600", "BARRIO": "PALERMO", "COMUNA": "14", "alt_izqini": "2502", "codigo": "1057", "BARRIO_PAR": "PALERMO", "id": null, "TELECENTRO": null, "EMPRESA": "TELCOS - NO SE IDENTIFICA", "fecha_ingr": null, "long": 0.0, "longitud_m": 111.90380241911028 }, "geometry": { "type": "LineString", "coordinates": [ [ -58.414063327644691, -34.58640395073148 ], [ -58.413160796021856, -34.585725402253068 ] ] } },
{ "type": "Feature", "properties": { "TELECOM": null, "nomoficial": "SANTA FE AV.", "COM_PAR": "14", "id_street": "6037", "alt_derfin": "3599", "ZONA": "19", "alt_derini": "3501", "TELEFONICA": null, "alt_izqfin": "3600", "BARRIO": "PALERMO", "COMUNA": "14", "alt_izqini": "3502", "codigo": "20057", "BARRIO_PAR": "PALERMO", "id": null, "TELECENTRO": null, "EMPRESA": "TELCOS - NO SE IDENTIFICA", "fecha_ingr": null, "long": 0.0, "longitud_m": 109.08973278812277 }, "geometry": { "type": "LineString", "coordinates": [ [ -58.414063327644691, -34.58640395073148 ], [ -58.414991571654028, -34.585789381217644 ] ] } },
{ "type": "Feature", "properties": { "TELECOM": null, "nomoficial": "BERUTI", "COM_PAR": "14", "id_street": "6066", "alt_derfin": "3499", "ZONA": "19", "alt_derini": "3401", "TELEFONICA": null, "alt_izqfin": "3500", "BARRIO": "PALERMO", "COMUNA": "14", "alt_izqini": "3402", "codigo": "2071", "BARRIO_PAR": "PALERMO", "id": null, "TELECENTRO": null, "EMPRESA": "TELCOS - NO SE IDENTIFICA", "fecha_ingr": null, "long": 0.0, "longitud_m": 132.04422671780051 }, "geometry": { "type": "LineString", "coordinates": [ [ -58.410567543302832, -34.586543619583452 ], [ -58.411690208143305, -34.585798804631494 ] ] } },
{ "type": "Feature", "properties": { "TELECOM": null, "nomoficial": "ARAOZ", "COM_PAR": "14", "id_street": "6092", "alt_derfin": "2499", "ZONA": "19", "alt_derini": "2401", "TELEFONICA": null, "alt_izqfin": "2500", "BARRIO": "PALERMO", "COMUNA": "14", "alt_izqini": "2402", "codigo": "1095", "BARRIO_PAR": "PALERMO", "id": null, "TELECENTRO": null, "EMPRESA": "TELCOS - NO SE IDENTIFICA", "fecha_ingr": null, "long": 0.0, "longitud_m": 175.62573652904501 }, "geometry": { "type": "LineString", "coordinates": [ [ -58.416537972301626, -34.586722535245706 ], [ -58.414991571654028, -34.585789381217644 ] ] } },
{ "type": "Feature", "properties": { "TELECOM": null, "nomoficial": "GUEMES", "COM_PAR": "14", "id_street": "6093", "alt_derfin": "3999", "ZONA": "19", "alt_derini": "3901", "TELEFONICA": null, "alt_izqfin": "4000", "BARRIO": "PALERMO", "COMUNA": "14", "alt_izqini": "3902", "codigo": "7098", "BARRIO_PAR": "PALERMO", "id": null, "TELECENTRO": null, "EMPRESA": "TELCOS - NO SE IDENTIFICA", "fecha_ingr": null, "long": 0.0, "longitud_m": 108.96785739068042 }, "geometry": { "type": "LineString", "coordinates": [ [ -58.416537972301626, -34.586722535245706 ], [ -58.417432924959805, -34.586076736692483 ] ] } },
{ "type": "Feature", "properties": { "TELECOM": null, "nomoficial": "ARENALES", "COM_PAR": "14", "id_street": "6112", "alt_derfin": "3499", "ZONA": "19", "alt_derini": "3451", "TELEFONICA": null, "alt_izqfin": "3500", "BARRIO": "PALERMO", "COMUNA": "14", "alt_izqini": "3452", "codigo": "1104", "BARRIO_PAR": "PALERMO", "id": null, "TELECENTRO": null, "EMPRESA": "TELCOS - NO SE IDENTIFICA", "fecha_ingr": null, "long": 0.0, "longitud_m": 81.966903449010815 }, "geometry": { "type": "LineString", "coordinates": [ [ -58.411624290611712, -34.586779920832562 ], [ -58.412311834070728, -34.58630808901993 ] ] } },
{ "type": "Feature", "properties": { "TELECOM": null, "nomoficial": "SCALABRINI ORTIZ, RAUL AV.", "COM_PAR": "14", "id_street": "6151", "alt_derfin": "2399", "ZONA": "19", "alt_derini": "2301", "TELEFONICA": null, "alt_izqfin": "2400", "BARRIO": "PALERMO", "COMUNA": "14", "alt_izqini": "2302", "codigo": "20133", "BARRIO_PAR": "PALERMO", "id": null, "TELECENTRO": null, "EMPRESA": "TELCOS - NO SE IDENTIFICA", "fecha_ingr": null, "long": 0.0, "longitud_m": 155.55013541666048 }, "geometry": { "type": "LineString", "coordinates": [ [ -58.418785344789072, -34.586922393251989 ], [ -58.417432924959805, -34.586076736692483 ] ] } },
{ "type": "Feature", "properties": { "TELECOM": null, "nomoficial": "SALGUERO, JERONIMO", "COM_PAR": "14", "id_street": "6174", "alt_derfin": "2099", "ZONA": "19", "alt_derini": "2001", "TELEFONICA": null, "alt_izqfin": "2100", "BARRIO": "PALERMO", "COMUNA": "14", "alt_izqini": "2002", "codigo": "20012", "BARRIO_PAR": "PALERMO", "id": null, "TELECENTRO": null, "EMPRESA": "TELCOS - NO SE IDENTIFICA", "fecha_ingr": null, "long": 0.0, "longitud_m": 109.42736067198089 }, "geometry": { "type": "LineString", "coordinates": [ [ -58.413157644063709, -34.587003592548541 ], [ -58.412311834070728, -34.58630808901993 ] ] } },
{ "type": "Feature", "properties": { "TELECOM": null, "nomoficial": "SANTA FE AV.", "COM_PAR": "14", "id_street": "6175", "alt_derfin": "3499", "ZONA": "19", "alt_derini": "3401", "TELEFONICA": null, "alt_izqfin": "3500", "BARRIO": "PALERMO", "COMUNA": "14", "alt_izqini": "3402", "codigo": "20057", "BARRIO_PAR": "PALERMO", "id": null, "TELECENTRO": null, "EMPRESA": "TELCOS - NO SE IDENTIFICA", "fecha_ingr": null, "long": 0.0, "longitud_m": 106.43853080475319 }, "geometry": { "type": "LineString", "coordinates": [ [ -58.413157644063709, -34.587003592548541 ], [ -58.414063327644691, -34.58640395073148 ] ] } },
{ "type": "Feature", "properties": { "TELECOM": null, "nomoficial": "ALVAREZ, JULIAN", "COM_PAR": "14", "id_street": "6189", "alt_derfin": "2499", "ZONA": "19", "alt_derini": "2441", "TELEFONICA": null, "alt_izqfin": "2500", "BARRIO": "PALERMO", "COMUNA": "14", "alt_izqini": "2442", "codigo": "1057", "BARRIO_PAR": "PALERMO", "id": null, "TELECENTRO": null, "EMPRESA": "TELCOS - NO SE IDENTIFICA", "fecha_ingr": null, "long": 0.0, "longitud_m": 124.47872874039312 }, "geometry": { "type": "LineString", "coordinates": [ [ -58.415165994217659, -34.587057782397018 ], [ -58.414063327644691, -34.58640395073148 ] ] } },
{ "type": "Feature", "properties": { "TELECOM": null, "nomoficial": "BULNES", "COM_PAR": "14", "id_street": "6227", "alt_derfin": "2199", "ZONA": "19", "alt_derini": "2101", "TELEFONICA": null, "alt_izqfin": "2200", "BARRIO": "PALERMO", "COMUNA": "14", "alt_izqini": "2102", "codigo": "2127", "BARRIO_PAR": "PALERMO", "id": null, "TELECENTRO": null, "EMPRESA": "TELCOS - NO SE IDENTIFICA", "fecha_ingr": null, "long": 0.0, "longitud_m": 83.865790256603958 }, "geometry": { "type": "LineString", "coordinates": [ [ -58.410994752586731, -34.587211984176562 ], [ -58.410567543302832, -34.586543619583452 ] ] } },
{ "type": "Feature", "properties": { "TELECOM": null, "nomoficial": "ARENALES", "COM_PAR": "14", "id_street": "6228", "alt_derfin": "3449", "ZONA": "19", "alt_derini": "3401", "TELEFONICA": null, "alt_izqfin": "3450", "BARRIO": "PALERMO", "COMUNA": "14", "alt_izqini": "3402", "codigo": "1104", "BARRIO_PAR": "PALERMO", "id": null, "TELECENTRO": null, "EMPRESA": "TELCOS - NO SE IDENTIFICA", "fecha_ingr": null, "long": 0.0, "longitud_m": 75.054133847201513 }, "geometry": { "type": "LineString", "coordinates": [ [ -58.410994752586731, -34.587211984176562 ], [ -58.411624290611712, -34.586779920832562 ] ] } },
{ "type": "Feature", "properties": { "TELECOM": null, "nomoficial": "ALVAREZ, JULIAN", "COM_PAR": "14", "id_street": "6244", "alt_derfin": "2439", "ZONA": "19", "alt_derini": "2401", "TELEFONICA": null, "alt_izqfin": "2440", "BARRIO": "PALERMO", "COMUNA": "14", "alt_izqini": "2402", "codigo": "1057", "BARRIO_PAR": "PALERMO", "id": null, "TELECENTRO": null, "EMPRESA": "TELCOS - NO SE IDENTIFICA", "fecha_ingr": null, "long": 0.0, "longitud_m": 56.204649387111346 }, "geometry": { "type": "LineString", "coordinates": [ [ -58.415664132359886, -34.587352701327525 ], [ -58.415165994217659, -34.587057782397018 ] ] } },
{ "type": "Feature", "properties": { "TELECOM": null, "nomoficial": "GUEMES", "COM_PAR": "14", "id_street": "6245", "alt_derfin": "3899", "ZONA": "19", "alt_derini": "3801", "TELEFONICA": null, "alt_izqfin": "3900", "BARRIO": "PALERMO", "COMUNA": "14", "alt_izqini": "3802", "codigo": "7098", "BARRIO_PAR": "PALERMO", "id": null, "TELECENTRO": null, "EMPRESA": "TELCOS - NO SE IDENTIFICA", "fecha_ingr": null, "long": 0.0, "longitud_m": 106.36776650400058 }, "geometry": { "type": "LineString", "coordinates": [ [ -58.415664132359886, -34.587352701327525 ], [ -58.416537972301626, -34.586722535245706 ] ] } },
{ "type": "Feature", "properties": { "TELECOM": null, "nomoficial": "SANTA FE AV.", "COM_PAR": "14", "id_street": "6289", "alt_derfin": "3399", "ZONA": "19", "alt_derini": "3351", "TELEFONICA": null, "alt_izqfin": "3400", "BARRIO": "PALERMO", "COMUNA": "14", "alt_izqini": "3352", "codigo": "20057", "BARRIO_PAR": "PALERMO", "id": null, "TELECENTRO": null, "EMPRESA": "TELCOS - NO SE IDENTIFICA", "fecha_ingr": null, "long": 0.0, "longitud_m": 93.544876472270673 }, "geometry": { "type": "LineString", "coordinates": [ [ -58.41236166761179, -34.587530596093572 ], [ -58.413157644063709, -34.587003592548541 ] ] } },
{ "type": "Feature", "properties": { "TELECOM": null, "nomoficial": "ARAOZ", "COM_PAR": "14", "id_street": "6292", "alt_derfin": "2399", "ZONA": "19", "alt_derini": "2301", "TELEFONICA": null, "alt_izqfin": "2400", "BARRIO": "PALERMO", "COMUNA": "14", "alt_izqini": "2302", "codigo": "1095", "BARRIO_PAR": "PALERMO", "id": null, "TELECENTRO": null, "EMPRESA": "TELCOS - NO SE IDENTIFICA", "fecha_ingr": null, "long": 0.0, "longitud_m": 157.21003667899001 }, "geometry": { "type": "LineString", "coordinates": [ [ -58.4179253133617, -34.587554341139828 ], [ -58.416537972301626, -34.586722535245706 ] ] } },
{ "type": "Feature", "properties": { "TELECOM": null, "nomoficial": "VIDT", "COM_PAR": "14", "id_street": "6309", "alt_derfin": "2199", "ZONA": "19", "alt_derini": "2101", "TELEFONICA": null, "alt_izqfin": "2200", "BARRIO": "PALERMO", "COMUNA": "14", "alt_izqini": "2102", "codigo": "23053", "BARRIO_PAR": "PALERMO", "id": null, "TELECENTRO": null, "EMPRESA": "TELCOS - NO SE IDENTIFICA", "fecha_ingr": null, "long": 0.0, "longitud_m": 109.08338197648898 }, "geometry": { "type": "LineString", "coordinates": [ [ -58.412187461228349, -34.587645947807836 ], [ -58.411624290611712, -34.586779920832562 ] ] } },
{ "type": "Feature", "properties": { "TELECOM": null, "nomoficial": "SANTA FE AV.", "COM_PAR": "14", "id_street": "6310", "alt_derfin": "3349", "ZONA": "19", "alt_derini": "3331", "TELEFONICA": null, "alt_izqfin": "3350", "BARRIO": "PALERMO", "COMUNA": "14", "alt_izqini": "3332", "codigo": "20057", "BARRIO_PAR": "PALERMO", "id": null, "TELECENTRO": null, "EMPRESA": "TELCOS - NO SE IDENTIFICA", "fecha_ingr": null, "long": 0.0, "longitud_m": 20.473923278762562 }, "geometry": { "type": "LineString", "coordinates": [ [ -58.412187461228349, -34.587645947807836 ], [ -58.41236166761179, -34.587530596093572 ] ] } },
{ "type": "Feature", "properties": { "TELECOM": null, "nomoficial": "ARENALES", "COM_PAR": "14", "id_street": "6315", "alt_derfin": "3399", "ZONA": "19", "alt_derini": "3301", "TELEFONICA": null, "alt_izqfin": "3400", "BARRIO": "PALERMO", "COMUNA": "14", "alt_izqini": "3302", "codigo": "1104", "BARRIO_PAR": "PALERMO", "id": null, "TELECENTRO": null, "EMPRESA": "TELCOS - NO SE IDENTIFICA", "fecha_ingr": null, "long": 0.0, "longitud_m": 177.38395569753388 }, "geometry": { "type": "LineString", "coordinates": [ [ -58.409500538944854, -34.588226774853993 ], [ -58.410994752586731, -34.587211984176562 ] ] } },
{ "type": "Feature", "properties": { "TELECOM": null, "nomoficial": "SALGUERO, JERONIMO", "COM_PAR": "14", "id_street": "6352", "alt_derfin": "1999", "ZONA": "19", "alt_derini": "1931", "TELEFONICA": null, "alt_izqfin": "2000", "BARRIO": "PALERMO", "COMUNA": "14", "alt_izqini": "1932", "codigo": "20012", "BARRIO_PAR": "PALERMO", "id": null, "TELECENTRO": null, "EMPRESA": "TELCOS - NO SE IDENTIFICA", "fecha_ingr": null, "long": 0.0, "longitud_m": 124.80029393262451 }, "geometry": { "type": "LineString", "coordinates": [ [ -58.414118875202291, -34.587799631420367 ], [ -58.413157644063709, -34.587003592548541 ] ] } },
{ "type": "Feature", "properties": { "TELECOM": null, "nomoficial": "SAN MATEO", "COM_PAR": "14", "id_street": "6353", "alt_derfin": "3799", "ZONA": "19", "alt_derini": "3701", "TELEFONICA": null, "alt_izqfin": "3800", "BARRIO": "PALERMO", "COMUNA": "14", "alt_izqini": "3702", "codigo": "20048", "BARRIO_PAR": "PALERMO", "id": null, "TELECENTRO": null, "EMPRESA": "TELCOS - NO SE IDENTIFICA", "fecha_ingr": null, "long": 0.0, "longitud_m": 126.49666674857961 }, "geometry": { "type": "LineString", "coordinates": [ [ -58.414118875202291, -34.587799631420367 ], [ -58.415165994217659, -34.587057782397018 ] ] } },
{ "type": "Feature", "properties": { "TELECOM": null, "nomoficial": "BULNES", "COM_PAR": "14", "id_street": "6423", "alt_derfin": "2099", "ZONA": "19", "alt_derini": "2001", "TELEFONICA": null, "alt_izqfin": "2100", "BARRIO": "PALERMO", "COMUNA": "14", "alt_izqini": "2002", "codigo": "2127", "BARRIO_PAR": "PALERMO", "id": null, "TELECENTRO": null, "EMPRESA": "TELCOS - NO SE IDENTIFICA", "fecha_ingr": null, "long": 0.0, "longitud_m": 108.0243102153792 }, "geometry": { "type": "LineString", "coordinates": [ [ -58.411544894389806, -34.588072937958266 ], [ -58.410994752586731, -34.587211984176562 ] ] } },
{ "type": "Feature", "properties": { "TELECOM": null, "nomoficial": "SANTA FE AV.", "COM_PAR": "14", "id_street": "6424", "alt_derfin": "3329", "ZONA": "19", "alt_derini": "3301", "TELEFONICA": null, "alt_izqfin": "3330", "BARRIO": "PALERMO", "COMUNA": "14", "alt_izqini": "3302", "codigo": "20057", "BARRIO_PAR": "PALERMO", "id": null, "TELECENTRO": null, "EMPRESA": "TELCOS - NO SE IDENTIFICA", "fecha_ingr": null, "long": 0.0, "longitud_m": 75.623568537369039 }, "geometry": { "type": "LineString", "coordinates": [ [ -58.411544894389806, -34.588072937958266 ], [ -58.412187461228349, -34.587645947807836 ] ] } },
{ "type": "Feature", "properties": { "TELECOM": null, "nomoficial": "SALGUERO, JERONIMO", "COM_PAR": "14", "id_street": "6441", "alt_derfin": "1929", "ZONA": "19", "alt_derini": "1901", "TELEFONICA": null, "alt_izqfin": "1930", "BARRIO": "PALERMO", "COMUNA": "14", "alt_izqini": "1902", "codigo": "20012", "BARRIO_PAR": "PALERMO", "id": null, "TELECENTRO": null, "EMPRESA": "TELCOS - NO SE IDENTIFICA", "fecha_ingr": null, "long": 0.0, "longitud_m": 55.274108208000278 }, "geometry": { "type": "LineString", "coordinates": [ [ -58.414544174770128, -34.588152554689024 ], [ -58.414118875202291, -34.587799631420367 ] ] } },
{ "type": "Feature", "properties": { "TELECOM": null, "nomoficial": "GUEMES", "COM_PAR": "14", "id_street": "6442", "alt_derfin": "3799", "ZONA": "19", "alt_derini": "3701", "TELEFONICA": null, "alt_izqfin": "3800", "BARRIO": "PALERMO", "COMUNA": "14", "alt_izqini": "3702", "codigo": "7098", "BARRIO_PAR": "PALERMO", "id": null, "TELECENTRO": null, "EMPRESA": "TELCOS - NO SE IDENTIFICA", "fecha_ingr": null, "long": 0.0, "longitud_m": 135.75860004973217 }, "geometry": { "type": "LineString", "coordinates": [ [ -58.414544174770128, -34.588152554689024 ], [ -58.415664132359886, -34.587352701327525 ] ] } },
{ "type": "Feature", "properties": { "TELECOM": null, "nomoficial": "ALVAREZ, JULIAN", "COM_PAR": "14", "id_street": "6448", "alt_derfin": "2399", "ZONA": "19", "alt_derini": "2301", "TELEFONICA": null, "alt_izqfin": "2400", "BARRIO": "PALERMO", "COMUNA": "14", "alt_izqini": "2302", "codigo": "1057", "BARRIO_PAR": "PALERMO", "id": null, "TELECENTRO": null, "EMPRESA": "TELCOS - NO SE IDENTIFICA", "fecha_ingr": null, "long": 0.0, "longitud_m": 158.54709562994111 }, "geometry": { "type": "LineString", "coordinates": [ [ -58.417069186753132, -34.588184805476075 ], [ -58.415664132359886, -34.587352701327525 ] ] } },
{ "type": "Feature", "properties": { "TELECOM": null, "nomoficial": "CHARCAS", "COM_PAR": "14", "id_street": "6449", "alt_derfin": "3799", "ZONA": "19", "alt_derini": "3701", "TELEFONICA": null, "alt_izqfin": "3800", "BARRIO": "PALERMO", "COMUNA": "14", "alt_izqini": "3702", "codigo": "3219", "BARRIO_PAR": "PALERMO", "id": null, "TELECENTRO": null, "EMPRESA": "TELCOS - NO SE IDENTIFICA", "fecha_ingr": null, "long": 0.0, "longitud_m": 105.16976627433432 }, "geometry": { "type": "LineString", "coordinates": [ [ -58.417069186753132, -34.588184805476075 ], [ -58.4179253133617, -34.587554341139828 ] ] } },
{ "type": "Feature", "properties": { "TELECOM": null, "nomoficial": "DIAZ, CNEL. AV.", "COM_PAR": "14", "id_street": "6452", "alt_derfin": "2099", "ZONA": "19", "alt_derini": "2001", "TELEFONICA": null, "alt_izqfin": "2100", "BARRIO": null, "COMUNA": null, "alt_izqini": "2002", "codigo": "4073", "BARRIO_PAR": "PALERMO", "id": null, "TELECENTRO": null, "EMPRESA": "TELCOS - NO SE IDENTIFICA", "fecha_ingr": null, "long": 0.0, "longitud_m": 85.677133508125181 }, "geometry": { "type": "LineString", "coordinates": [ [ -58.409500538944854, -34.588226774853993 ], [ -58.409031441319087, -34.58755894991608 ] ] } },
{ "type": "Feature", "properties": { "TELECOM": null, "nomoficial": "SANTA FE AV.", "COM_PAR": "14", "id_street": "6500", "alt_derfin": "3299", "ZONA": "19", "alt_derini": "3261", "TELEFONICA": null, "alt_izqfin": "3300", "BARRIO": "PALERMO", "COMUNA": "14", "alt_izqini": "3262", "codigo": "20057", "BARRIO_PAR": "PALERMO", "id": null, "TELECENTRO": null, "EMPRESA": "TELCOS - NO SE IDENTIFICA", "fecha_ingr": null, "long": 0.0, "longitud_m": 58.267879164254168 }, "geometry": { "type": "LineString", "coordinates": [ [ -58.411048590704624, -34.588400689909555 ], [ -58.411544894389806, -34.588072937958266 ] ] } },
{ "type": "Feature", "properties": { "TELECOM": null, "nomoficial": "ARENALES", "COM_PAR": "2", "id_street": "6595", "alt_derfin": "3299", "ZONA": "19", "alt_derini": "3201", "TELEFONICA": null, "alt_izqfin": "3300", "BARRIO": "RECOLETA", "COMUNA": "2", "alt_izqini": "3202", "codigo": "1104", "BARRIO_PAR": "RECOLETA", "id": null, "TELECENTRO": null, "EMPRESA": "TELCOS - NO SE IDENTIFICA", "fecha_ingr": null, "long": 0.0, "longitud_m": 86.32512651071022 }, "geometry": { "type": "LineString", "coordinates": [ [ -58.4088199036077, -34.588764087835642 ], [ -58.409500538944854, -34.588226774853993 ] ] } },
{ "type": "Feature", "properties": { "TELECOM": null, "nomoficial": "VIDT", "COM_PAR": "14", "id_street": "6596", "alt_derfin": "2099", "ZONA": "19", "alt_derini": "2001", "TELEFONICA": null, "alt_izqfin": "2100", "BARRIO": "PALERMO", "COMUNA": "14", "alt_izqini": "2002", "codigo": "23053", "BARRIO_PAR": "PALERMO", "id": null, "TELECENTRO": null, "EMPRESA": "TELCOS - NO SE IDENTIFICA", "fecha_ingr": null, "long": 0.0, "longitud_m": 178.77026604154966 }, "geometry": { "type": "LineString", "coordinates": [ [ -58.413598013589656, -34.588776197915593 ], [ -58.41236166761179, -34.587530596093572 ] ] } },
{ "type": "Feature", "properties": { "TELECOM": null, "nomoficial": "GUEMES", "COM_PAR": "14", "id_street": "6597", "alt_derfin": "3699", "ZONA": "19", "alt_derini": "3601", "TELEFONICA": null, "alt_izqfin": "3700", "BARRIO": "PALERMO", "COMUNA": "14", "alt_izqini": "3602", "codigo": "7098", "BARRIO_PAR": "PALERMO", "id": null, "TELECENTRO": null, "EMPRESA": "TELCOS - NO SE IDENTIFICA", "fecha_ingr": null, "long": 0.0, "longitud_m": 111.00041595238274 }, "geometry": { "type": "LineString", "coordinates": [ [ -58.413598013589656, -34.588776197915593 ], [ -58.414544174770128, -34.588152554689024 ] ] } },
{ "type": "Feature", "properties": { "TELECOM": null, "nomoficial": "DIAZ, CNEL. AV.", "COM_PAR": "14", "id_street": "6651", "alt_derfin": "1999", "ZONA": "19", "alt_derini": "1901", "TELEFONICA": null, "alt_izqfin": "2000", "BARRIO": null, "COMUNA": null, "alt_izqini": "1902", "codigo": "4073", "BARRIO_PAR": "PALERMO", "id": null, "TELECENTRO": null, "EMPRESA": "TELCOS - NO SE IDENTIFICA", "fecha_ingr": null, "long": 0.0, "longitud_m": 106.48991601249259 }, "geometry": { "type": "LineString", "coordinates": [ [ -58.410083731322842, -34.58905676319133 ], [ -58.409500538944854, -34.588226774853993 ] ] } },
{ "type": "Feature", "properties": { "TELECOM": null, "nomoficial": "SANTA FE AV.", "COM_PAR": "14", "id_street": "6652", "alt_derfin": "3259", "ZONA": "19", "alt_derini": "3201", "TELEFONICA": null, "alt_izqfin": "3260", "BARRIO": "PALERMO", "COMUNA": "14", "alt_izqini": "3202", "codigo": "20057", "BARRIO_PAR": "PALERMO", "id": null, "TELECENTRO": null, "EMPRESA": "TELCOS - NO SE IDENTIFICA", "fecha_ingr": null, "long": 0.0, "longitud_m": 114.59719317314322 }, "geometry": { "type": "LineString", "coordinates": [ [ -58.410083731322842, -34.58905676319133 ], [ -58.411048590704624, -34.588400689909555 ] ] } },
{ "type": "Feature", "properties": { "TELECOM": null, "nomoficial": "SALGUERO, JERONIMO", "COM_PAR": "14", "id_street": "6676", "alt_derfin": "1899", "ZONA": "19", "alt_derini": "1801", "TELEFONICA": null, "alt_izqfin": "1900", "BARRIO": "PALERMO", "COMUNA": "14", "alt_izqini": "1802", "codigo": "20012", "BARRIO_PAR": "PALERMO", "id": null, "TELECENTRO": null, "EMPRESA": "TELCOS - NO SE IDENTIFICA", "fecha_ingr": null, "long": 0.0, "longitud_m": 157.04454289060956 }, "geometry": { "type": "LineString", "coordinates": [ [ -58.415752514942518, -34.589155302306487 ], [ -58.414544174770128, -34.588152554689024 ] ] } },
{ "type": "Feature", "properties": { "TELECOM": null, "nomoficial": "BULNES", "COM_PAR": "14", "id_street": "6713", "alt_derfin": "1999", "ZONA": "19", "alt_derini": "1901", "TELEFONICA": null, "alt_izqfin": "2000", "BARRIO": "PALERMO", "COMUNA": "14", "alt_izqini": "1902", "codigo": "2127", "BARRIO_PAR": "PALERMO", "id": null, "TELECENTRO": null, "EMPRESA": "TELCOS - NO SE IDENTIFICA", "fecha_ingr": null, "long": 0.0, "longitud_m": 177.91889744371088 }, "geometry": { "type": "LineString", "coordinates": [ [ -58.412760456200701, -34.589322623913112 ], [ -58.411544894389806, -34.588072937958266 ] ] } },
{ "type": "Feature", "properties": { "TELECOM": null, "nomoficial": "GUEMES", "COM_PAR": "14", "id_street": "6714", "alt_derfin": "3599", "ZONA": "19", "alt_derini": "3501", "TELEFONICA": null, "alt_izqfin": "3600", "BARRIO": "PALERMO", "COMUNA": "14", "alt_izqini": "3502", "codigo": "7098", "BARRIO_PAR": "PALERMO", "id": null, "TELECENTRO": null, "EMPRESA": "TELCOS - NO SE IDENTIFICA", "fecha_ingr": null, "long": 0.0, "longitud_m": 97.870704851532395 }, "geometry": { "type": "LineString", "coordinates": [ [ -58.412760456200701, -34.589322623913112 ], [ -58.413598013589656, -34.588776197915593 ] ] } },
{ "type": "Feature", "properties": { "TELECOM": null, "nomoficial": "SANCHEZ DE BUSTAMANTE", "COM_PAR": "2", "id_street": "6729", "alt_derfin": "1999", "ZONA": "19", "alt_derini": "1901", "TELEFONICA": null, "alt_izqfin": "2000", "BARRIO": "RECOLETA", "COMUNA": "2", "alt_izqini": "1902", "codigo": "20029", "BARRIO_PAR": "RECOLETA", "id": null, "TELECENTRO": null, "EMPRESA": "TELCOS - NO SE IDENTIFICA", "fecha_ingr": null, "long": 0.0, "longitud_m": 81.57720052630529 }, "geometry": { "type": "LineString", "coordinates": [ [ -58.408080470119181, -34.589351723354632 ], [ -58.407457410062243, -34.588827064637151 ] ] } },
{ "type": "Feature", "properties": { "TELECOM": null, "nomoficial": "ARENALES", "COM_PAR": "2", "id_street": "6730", "alt_derfin": "3199", "ZONA": "19", "alt_derini": "3101", "TELEFONICA": null, "alt_izqfin": "3200", "BARRIO": "RECOLETA", "COMUNA": "2", "alt_izqini": "3102", "codigo": "1104", "BARRIO_PAR": "RECOLETA", "id": null, "TELECENTRO": null, "EMPRESA": "TELCOS - NO SE IDENTIFICA", "fecha_ingr": null, "long": 0.0, "longitud_m": 94.081862484716908 }, "geometry": { "type": "LineString", "coordinates": [ [ -58.408080470119181, -34.589351723354632 ], [ -58.4088199036077, -34.588764087835642 ] ] } },
{ "type": "Feature", "properties": { "TELECOM": null, "nomoficial": "BILLINGHURST", "COM_PAR": "2", "id_street": "6761", "alt_derfin": "1899", "ZONA": "19", "alt_derini": "1801", "TELEFONICA": null, "alt_izqfin": "1900", "BARRIO": "RECOLETA", "COMUNA": "2", "alt_izqini": "1802", "codigo": "2082", "BARRIO_PAR": "RECOLETA", "id": null, "TELECENTRO": null, "EMPRESA": "TELCOS - NO SE IDENTIFICA", "fecha_ingr": null, "long": 0.0, "longitud_m": 105.8771503343243 }, "geometry": { "type": "LineString", "coordinates": [ [ -58.409505914185914, -34.589531588434433 ], [ -58.4088199036077, -34.588764087835642 ] ] } },
{ "type": "Feature", "properties": { "TELECOM": null, "nomoficial": "SANTA FE AV.", "COM_PAR": "2", "id_street": "6762", "alt_derfin": "3199", "ZONA": "19", "alt_derini": "3151", "TELEFONICA": null, "alt_izqfin": "3200", "BARRIO": "RECOLETA", "COMUNA": "2", "alt_izqini": "3152", "codigo": "20057", "BARRIO_PAR": "RECOLETA", "id": null, "TELECENTRO": null, "EMPRESA": "TELCOS - NO SE IDENTIFICA", "fecha_ingr": null, "long": 0.0, "longitud_m": 74.730175757580511 }, "geometry": { "type": "LineString", "coordinates": [ [ -58.409505914185914, -34.589531588434433 ], [ -58.410083731322842, -34.58905676319133 ] ] } },
{ "type": "Feature", "properties": { "TELECOM": null, "nomoficial": "ANASAGASTI", "COM_PAR": "14", "id_street": "6790", "alt_derfin": "2099", "ZONA": "19", "alt_derini": "2001", "TELEFONICA": null, "alt_izqfin": "2100", "BARRIO": "PALERMO", "COMUNA": "14", "alt_izqini": "2002", "codigo": "1159", "BARRIO_PAR": "PALERMO", "id": null, "TELECENTRO": null, "EMPRESA": "TELCOS - NO SE IDENTIFICA", "fecha_ingr": null, "long": 0.0, "longitud_m": 177.58906315364658 }, "geometry": { "type": "LineString", "coordinates": [ [ -58.412267389360821, -34.589644396074704 ], [ -58.411048590704624, -34.588400689909555 ] ] } },
{ "type": "Feature", "properties": { "TELECOM": null, "nomoficial": "GUEMES", "COM_PAR": "14", "id_street": "6791", "alt_derfin": "3499", "ZONA": "19", "alt_derini": "3427", "TELEFONICA": null, "alt_izqfin": "3500", "BARRIO": "PALERMO", "COMUNA": "14", "alt_izqini": "3428", "codigo": "7098", "BARRIO_PAR": "PALERMO", "id": null, "TELECENTRO": null, "EMPRESA": "TELCOS - NO SE IDENTIFICA", "fecha_ingr": null, "long": 0.0, "longitud_m": 57.622335766229774 }, "geometry": { "type": "LineString", "coordinates": [ [ -58.412267389360821, -34.589644396074704 ], [ -58.412760456200701, -34.589322623913112 ] ] } },
{ "type": "Feature", "properties": { "TELECOM": null, "nomoficial": "BERUTI", "COM_PAR": "2", "id_street": "6800", "alt_derfin": "3099", "ZONA": "19", "alt_derini": "3001", "TELEFONICA": null, "alt_izqfin": "3100", "BARRIO": "RECOLETA", "COMUNA": "2", "alt_izqini": "3002", "codigo": "2071", "BARRIO_PAR": "RECOLETA", "id": null, "TELECENTRO": null, "EMPRESA": "TELCOS - NO SE IDENTIFICA", "fecha_ingr": null, "long": 0.0, "longitud_m": 141.28938023155794 }, "geometry": { "type": "LineString", "coordinates": [ [ -58.406293050885992, -34.589660695529147 ], [ -58.407457410062243, -34.588827064637151 ] ] } },
{ "type": "Feature", "properties": { "TELECOM": null, "nomoficial": "GUEMES", "COM_PAR": "14", "id_street": "6825", "alt_derfin": "3425", "ZONA": "19", "alt_derini": "3401", "TELEFONICA": null, "alt_izqfin": "3426", "BARRIO": "PALERMO", "COMUNA": "14", "alt_izqini": "3402", "codigo": "7098", "BARRIO_PAR": "PALERMO", "id": null, "TELECENTRO": null, "EMPRESA": "TELCOS - NO SE IDENTIFICA", "fecha_ingr": null, "long": 0.0, "longitud_m": 26.719940728450737 }, "geometry": { "type": "LineString", "coordinates": [ [ -58.412038744088882, -34.589793598575881 ], [ -58.412267389360821, -34.589644396074704 ] ] } },
{ "type": "Feature", "properties": { "TELECOM": null, "nomoficial": "VIDT", "COM_PAR": "14", "id_street": "6845", "alt_derfin": "1999", "ZONA": "19", "alt_derini": "1901", "TELEFONICA": null, "alt_izqfin": "2000", "BARRIO": "PALERMO", "COMUNA": "14", "alt_izqini": "1902", "codigo": "23053", "BARRIO_PAR": "PALERMO", "id": null, "TELECENTRO": null, "EMPRESA": "TELCOS - NO SE IDENTIFICA", "fecha_ingr": null, "long": 0.0, "longitud_m": 162.78476736308545 }, "geometry": { "type": "LineString", "coordinates": [ [ -58.414723845587297, -34.589910403104469 ], [ -58.413598013589656, -34.588776197915593 ] ] } },
{ "type": "Feature", "properties": { "TELECOM": null, "nomoficial": "SANCHEZ DE BUSTAMANTE", "COM_PAR": "2", "id_street": "6881", "alt_derfin": "1899", "ZONA": "19", "alt_derini": "1801", "TELEFONICA": null, "alt_izqfin": "1900", "BARRIO": "RECOLETA", "COMUNA": "2", "alt_izqini": "1802", "codigo": "20029", "BARRIO_PAR": "RECOLETA", "id": null, "TELECENTRO": null, "EMPRESA": "TELCOS - NO SE IDENTIFICA", "fecha_ingr": null, "long": 0.0, "longitud_m": 107.29275560122274 }, "geometry": { "type": "LineString", "coordinates": [ [ -58.408899966463068, -34.590041751079823 ], [ -58.408080470119181, -34.589351723354632 ] ] } },
{ "type": "Feature", "properties": { "TELECOM": null, "nomoficial": "SANTA FE AV.", "COM_PAR": "2", "id_street": "6882", "alt_derfin": "3149", "ZONA": "19", "alt_derini": "3101", "TELEFONICA": null, "alt_izqfin": "3150", "BARRIO": "RECOLETA", "COMUNA": "2", "alt_izqini": "3114", "codigo": "20057", "BARRIO_PAR": "RECOLETA", "id": null, "TELECENTRO": null, "EMPRESA": "TELCOS - NO SE IDENTIFICA", "fecha_ingr": null, "long": 0.0, "longitud_m": 79.3295309219248 }, "geometry": { "type": "LineString", "coordinates": [ [ -58.408899966463068, -34.590041751079823 ], [ -58.409505914185914, -34.589531588434433 ] ] } },
{ "type": "Feature", "properties": { "TELECOM": null, "nomoficial": "AUSTRIA", "COM_PAR": "2", "id_street": "6916", "alt_derfin": "1899", "ZONA": "19", "alt_derini": "1801", "TELEFONICA": null, "alt_izqfin": "1900", "BARRIO": "RECOLETA", "COMUNA": "2", "alt_izqini": "1802", "codigo": "1138", "BARRIO_PAR": "RECOLETA", "id": null, "TELECENTRO": null, "EMPRESA": "TELCOS - NO SE IDENTIFICA", "fecha_ingr": null, "long": 0.0, "longitud_m": 89.467951375684223 }, "geometry": { "type": "LineString", "coordinates": [ [ -58.40702484665109, -34.590193790732698 ], [ -58.406293050885992, -34.589660695529147 ] ] } },
{ "type": "Feature", "properties": { "TELECOM": null, "nomoficial": "ARENALES", "COM_PAR": "2", "id_street": "6917", "alt_derfin": "3099", "ZONA": "19", "alt_derini": "3001", "TELEFONICA": null, "alt_izqfin": "3100", "BARRIO": "RECOLETA", "COMUNA": "2", "alt_izqini": "3002", "codigo": "1104", "BARRIO_PAR": "RECOLETA", "id": null, "TELECENTRO": null, "EMPRESA": "TELCOS - NO SE IDENTIFICA", "fecha_ingr": null, "long": 0.0, "longitud_m": 134.55426475970498 }, "geometry": { "type": "LineString", "coordinates": [ [ -58.40702484665109, -34.590193790732698 ], [ -58.408080470119181, -34.589351723354632 ] ] } },
{ "type": "Feature", "properties": { "TELECOM": null, "nomoficial": "SANTA FE AV.", "COM_PAR": "2", "id_street": "6929", "alt_derfin": "3099", "ZONA": "19", "alt_derini": "3077", "TELEFONICA": null, "alt_izqfin": "3112", "BARRIO": "RECOLETA", "COMUNA": "2", "alt_izqini": "3102", "codigo": "20057", "BARRIO_PAR": "RECOLETA", "id": null, "TELECENTRO": null, "EMPRESA": "TELCOS - NO SE IDENTIFICA", "fecha_ingr": null, "long": 0.0, "longitud_m": 30.15270448679814 }, "geometry": { "type": "LineString", "coordinates": [ [ -58.408670262643234, -34.590236158821199 ], [ -58.408899966463068, -34.590041751079823 ] ] } },
{ "type": "Feature", "properties": { "TELECOM": null, "nomoficial": "BERUTI", "COM_PAR": "2", "id_street": "6952", "alt_derfin": "2999", "ZONA": "19", "alt_derini": "2901", "TELEFONICA": null, "alt_izqfin": "3000", "BARRIO": "RECOLETA", "COMUNA": "2", "alt_izqini": "2902", "codigo": "2071", "BARRIO_PAR": "RECOLETA", "id": null, "TELECENTRO": null, "EMPRESA": "TELCOS - NO SE IDENTIFICA", "fecha_ingr": null, "long": 0.0, "longitud_m": 113.48380975508037 }, "geometry": { "type": "LineString", "coordinates": [ [ -58.405353424111908, -34.590326038966367 ], [ -58.406293050885992, -34.589660695529147 ] ] } },
{ "type": "Feature", "properties": { "TELECOM": null, "nomoficial": "DIAZ, CNEL. AV.", "COM_PAR": "14", "id_street": "6963", "alt_derfin": "1899", "ZONA": "19", "alt_derini": "1801", "TELEFONICA": null, "alt_izqfin": "1900", "BARRIO": null, "COMUNA": null, "alt_izqini": "1802", "codigo": "4073", "BARRIO_PAR": "PALERMO", "id": null, "TELECENTRO": null, "EMPRESA": "TELCOS - NO SE IDENTIFICA", "fecha_ingr": null, "long": 0.0, "longitud_m": 175.48557430155503 }, "geometry": { "type": "LineString", "coordinates": [ [ -58.411191454640225, -34.590346418175379 ], [ -58.410083731322842, -34.58905676319133 ] ] } },
{ "type": "Feature", "properties": { "TELECOM": null, "nomoficial": "GUEMES", "COM_PAR": "14", "id_street": "6964", "alt_derfin": "3399", "ZONA": "19", "alt_derini": "3301", "TELEFONICA": null, "alt_izqfin": "3400", "BARRIO": "PALERMO", "COMUNA": "14", "alt_izqini": "3302", "codigo": "7098", "BARRIO_PAR": "PALERMO", "id": null, "TELECENTRO": null, "EMPRESA": "TELCOS - NO SE IDENTIFICA", "fecha_ingr": null, "long": 0.0, "longitud_m": 99.010229122113856 }, "geometry": { "type": "LineString", "coordinates": [ [ -58.411191454640225, -34.590346418175379 ], [ -58.412038744088882, -34.589793598575881 ] ] } },
{ "type": "Feature", "properties": { "TELECOM": null, "nomoficial": "BULNES", "COM_PAR": "14", "id_street": "6990", "alt_derfin": "1899", "ZONA": "19", "alt_derini": "1801", "TELEFONICA": null, "alt_izqfin": "1900", "BARRIO": "PALERMO", "COMUNA": "14", "alt_izqini": "1802", "codigo": "2127", "BARRIO_PAR": "PALERMO", "id": null, "TELECENTRO": null, "EMPRESA": "TELCOS - NO SE IDENTIFICA", "fecha_ingr": null, "long": 0.0, "longitud_m": 168.51735182711212 }, "geometry": { "type": "LineString", "coordinates": [ [ -58.413914953376278, -34.590504173075793 ], [ -58.412760456200701, -34.589322623913112 ] ] } },
{ "type": "Feature", "properties": { "TELECOM": null, "nomoficial": "BILLINGHURST", "COM_PAR": "2", "id_street": "7051", "alt_derfin": "1799", "ZONA": "19", "alt_derini": "1701", "TELEFONICA": null, "alt_izqfin": "1800", "BARRIO": "RECOLETA", "COMUNA": "2", "alt_izqini": "1702", "codigo": "2082", "BARRIO_PAR": "RECOLETA", "id": null, "TELECENTRO": null, "EMPRESA": "TELCOS - NO SE IDENTIFICA", "fecha_ingr": null, "long": 0.0, "longitud_m": 167.37506946792467 }, "geometry": { "type": "LineString", "coordinates": [ [ -58.410507379053989, -34.590792751454487 ], [ -58.409505914185914, -34.589531588434433 ] ] } },
{ "type": "Feature", "properties": { "TELECOM": null, "nomoficial": "GUEMES", "COM_PAR": "2", "id_street": "7052", "alt_derfin": "3299", "ZONA": "19", "alt_derini": "3201", "TELEFONICA": null, "alt_izqfin": "3300", "BARRIO": "RECOLETA", "COMUNA": "2", "alt_izqini": "3202", "codigo": "7098", "BARRIO_PAR": "RECOLETA", "id": null, "TELECENTRO": null, "EMPRESA": "TELCOS - NO SE IDENTIFICA", "fecha_ingr": null, "long": 0.0, "longitud_m": 79.937788635165163 }, "geometry": { "type": "LineString", "coordinates": [ [ -58.410507379053989, -34.590792751454487 ], [ -58.411191454640225, -34.590346418175379 ] ] } },
{ "type": "Feature", "properties": { "TELECOM": null, "nomoficial": "AUSTRIA", "COM_PAR": "2", "id_street": "7079", "alt_derfin": "1799", "ZONA": "19", "alt_derini": "1701", "TELEFONICA": null, "alt_izqfin": "1800", "BARRIO": "RECOLETA", "COMUNA": "2", "alt_izqini": "1702", "codigo": "1138", "BARRIO_PAR": "RECOLETA", "id": null, "TELECENTRO": null, "EMPRESA": "TELCOS - NO SE IDENTIFICA", "fecha_ingr": null, "long": 0.0, "longitud_m": 112.56177613672698 }, "geometry": { "type": "LineString", "coordinates": [ [ -58.407941003880943, -34.590868728236309 ], [ -58.40702484665109, -34.590193790732698 ] ] } },
{ "type": "Feature", "properties": { "TELECOM": null, "nomoficial": "SANTA FE AV.", "COM_PAR": "2", "id_street": "7080", "alt_derfin": "3075", "ZONA": "19", "alt_derini": "3001", "TELEFONICA": null, "alt_izqfin": "3100", "BARRIO": "RECOLETA", "COMUNA": "2", "alt_izqini": "3002", "codigo": "20057", "BARRIO_PAR": "RECOLETA", "id": null, "TELECENTRO": null, "EMPRESA": "TELCOS - NO SE IDENTIFICA", "fecha_ingr": null, "long": 0.0, "longitud_m": 96.954592259226615 }, "geometry": { "type": "LineString", "coordinates": [ [ -58.407941003880943, -34.590868728236309 ], [ -58.408670262643234, -34.590236158821199 ] ] } },
{ "type": "Feature", "properties": { "TELECOM": null, "nomoficial": "AGUERO", "COM_PAR": "2", "id_street": "7091", "alt_derfin": "1799", "ZONA": "19", "alt_derini": "1701", "TELEFONICA": null, "alt_izqfin": "1800", "BARRIO": "RECOLETA", "COMUNA": "2", "alt_izqini": "1702", "codigo": "1022", "BARRIO_PAR": "RECOLETA", "id": null, "TELECENTRO": null, "EMPRESA": "TELCOS - NO SE IDENTIFICA", "fecha_ingr": null, "long": 0.0, "longitud_m": 97.892511555984314 }, "geometry": { "type": "LineString", "coordinates": [ [ -58.406149474639967, -34.590913677816054 ], [ -58.405353424111908, -34.590326038966367 ] ] } },
{ "type": "Feature", "properties": { "TELECOM": null, "nomoficial": "ARENALES", "COM_PAR": "2", "id_street": "7092", "alt_derfin": "2999", "ZONA": "19", "alt_derini": "2901", "TELEFONICA": null, "alt_izqfin": "3000", "BARRIO": "RECOLETA", "COMUNA": "2", "alt_izqini": "2902", "codigo": "1104", "BARRIO_PAR": "RECOLETA", "id": null, "TELECENTRO": null, "EMPRESA": "TELCOS - NO SE IDENTIFICA", "fecha_ingr": null, "long": 0.0, "longitud_m": 113.25520765601618 }, "geometry": { "type": "LineString", "coordinates": [ [ -58.406149474639967, -34.590913677816054 ], [ -58.40702484665109, -34.590193790732698 ] ] } },
{ "type": "Feature", "properties": { "TELECOM": null, "nomoficial": "GUISE", "COM_PAR": "14", "id_street": "7111", "alt_derfin": "1999", "ZONA": "19", "alt_derini": "1901", "TELEFONICA": null, "alt_izqfin": "2000", "BARRIO": "PALERMO", "COMUNA": "14", "alt_izqini": "1902", "codigo": "7107", "BARRIO_PAR": "PALERMO", "id": null, "TELECENTRO": null, "EMPRESA": "TELCOS - NO SE IDENTIFICA", "fecha_ingr": null, "long": 0.0, "longitud_m": 174.18437936152438 }, "geometry": { "type": "LineString", "coordinates": [ [ -58.413173520196352, -34.591052471623968 ], [ -58.412038744088882, -34.589793598575881 ] ] } },
{ "type": "Feature", "properties": { "TELECOM": null, "nomoficial": "CHARCAS", "COM_PAR": "14", "id_street": "7112", "alt_derfin": "3399", "ZONA": "19", "alt_derini": "3351", "TELEFONICA": null, "alt_izqfin": "3400", "BARRIO": "PALERMO", "COMUNA": "14", "alt_izqini": "3352", "codigo": "3219", "BARRIO_PAR": "PALERMO", "id": null, "TELECENTRO": null, "EMPRESA": "TELCOS - NO SE IDENTIFICA", "fecha_ingr": null, "long": 0.0, "longitud_m": 91.248242855225996 }, "geometry": { "type": "LineString", "coordinates": [ [ -58.413173520196352, -34.591052471623968 ], [ -58.413914953376278, -34.590504173075793 ] ] } },
{ "type": "Feature", "properties": { "TELECOM": null, "nomoficial": "SANCHEZ DE BUSTAMANTE", "COM_PAR": "2", "id_street": "7152", "alt_derfin": "1799", "ZONA": "19", "alt_derini": "1701", "TELEFONICA": null, "alt_izqfin": "1800", "BARRIO": "RECOLETA", "COMUNA": "2", "alt_izqini": "1702", "codigo": "20029", "BARRIO_PAR": "RECOLETA", "id": null, "TELECENTRO": null, "EMPRESA": "TELCOS - NO SE IDENTIFICA", "fecha_ingr": null, "long": 0.0, "longitud_m": 154.3006316748253 }, "geometry": { "type": "LineString", "coordinates": [ [ -58.409881907759953, -34.591200866448659 ], [ -58.408670262643234, -34.590236158821199 ] ] } },
{ "type": "Feature", "properties": { "TELECOM": null, "nomoficial": "GUEMES", "COM_PAR": "2", "id_street": "7153", "alt_derfin": "3199", "ZONA": "19", "alt_derini": "3087", "TELEFONICA": null, "alt_izqfin": "3200", "BARRIO": "RECOLETA", "COMUNA": "2", "alt_izqini": "3102", "codigo": "7098", "BARRIO_PAR": "RECOLETA", "id": null, "TELECENTRO": null, "EMPRESA": "TELCOS - NO SE IDENTIFICA", "fecha_ingr": null, "long": 0.0, "longitud_m": 73.090634549294165 }, "geometry": { "type": "LineString", "coordinates": [ [ -58.409881907759953, -34.591200866448659 ], [ -58.410507379053989, -34.590792751454487 ] ] } },
{ "type": "Feature", "properties": { "TELECOM": null, "nomoficial": "AGUERO", "COM_PAR": "2", "id_street": "7251", "alt_derfin": "1699", "ZONA": "19", "alt_derini": "1601", "TELEFONICA": null, "alt_izqfin": "1700", "BARRIO": "RECOLETA", "COMUNA": "2", "alt_izqini": "1602", "codigo": "1022", "BARRIO_PAR": "RECOLETA", "id": null, "TELECENTRO": null, "EMPRESA": "TELCOS - NO SE IDENTIFICA", "fecha_ingr": null, "long": 0.0, "longitud_m": 124.03651741699906 }, "geometry": { "type": "LineString", "coordinates": [ [ -58.407139406169087, -34.591673093819928 ], [ -58.407037373726062, -34.591569523959798 ], [ -58.406149474639967, -34.590913677816054 ] ] } },
{ "type": "Feature", "properties": { "TELECOM": null, "nomoficial": "SANTA FE AV.", "COM_PAR": "2", "id_street": "7252", "alt_derfin": "2999", "ZONA": "19", "alt_derini": "2901", "TELEFONICA": null, "alt_izqfin": "3000", "BARRIO": "RECOLETA", "COMUNA": "2", "alt_izqini": "2902", "codigo": "20057", "BARRIO_PAR": "RECOLETA", "id": null, "TELECENTRO": null, "EMPRESA": "TELCOS - NO SE IDENTIFICA", "fecha_ingr": null, "long": 0.0, "longitud_m": 115.62883145460067 }, "geometry": { "type": "LineString", "coordinates": [ [ -58.407139406169087, -34.591673093819928 ], [ -58.407941003880943, -34.590868728236309 ] ] } },
{ "type": "Feature", "properties": { "TELECOM": null, "nomoficial": "DIAZ, CNEL. AV.", "COM_PAR": "14", "id_street": "7255", "alt_derfin": "1799", "ZONA": "19", "alt_derini": "1701", "TELEFONICA": null, "alt_izqfin": "1800", "BARRIO": null, "COMUNA": null, "alt_izqini": "1702", "codigo": "4073", "BARRIO_PAR": "PALERMO", "id": null, "TELECENTRO": null, "EMPRESA": "TELCOS - NO SE IDENTIFICA", "fecha_ingr": null, "long": 0.0, "longitud_m": 180.7056150332518 }, "geometry": { "type": "LineString", "coordinates": [ [ -58.41232958857011, -34.591675935376159 ], [ -58.411191454640225, -34.590346418175379 ] ] } },
{ "type": "Feature", "properties": { "TELECOM": null, "nomoficial": "GALLO", "COM_PAR": "2", "id_street": "7268", "alt_derfin": "1699", "ZONA": "19", "alt_derini": "1601", "TELEFONICA": null, "alt_izqfin": "1700", "BARRIO": "RECOLETA", "COMUNA": "2", "alt_izqini": "1602", "codigo": "7018", "BARRIO_PAR": "RECOLETA", "id": null, "TELECENTRO": null, "EMPRESA": "TELCOS - NO SE IDENTIFICA", "fecha_ingr": null, "long": 0.0, "longitud_m": 141.58472740739126 }, "geometry": { "type": "LineString", "coordinates": [ [ -58.40910172130905, -34.591709897200971 ], [ -58.407941003880943, -34.590868728236309 ] ] } },
{ "type": "Feature", "properties": { "TELECOM": null, "nomoficial": "GUEMES", "COM_PAR": "2", "id_street": "7269", "alt_derfin": "3085", "ZONA": "19", "alt_derini": "3001", "TELEFONICA": null, "alt_izqfin": "3100", "BARRIO": "RECOLETA", "COMUNA": "2", "alt_izqini": "3002", "codigo": "7098", "BARRIO_PAR": "RECOLETA", "id": null, "TELECENTRO": null, "EMPRESA": "TELCOS - NO SE IDENTIFICA", "fecha_ingr": null, "long": 0.0, "longitud_m": 76.205528737790416 }, "geometry": { "type": "LineString", "coordinates": [ [ -58.40910172130905, -34.591709897200971 ], [ -58.409753865149135, -34.591284403290707 ] ] } },
{ "type": "Feature", "properties": { "TELECOM": null, "nomoficial": "BERUTI", "COM_PAR": "2", "id_street": "7274", "alt_derfin": "2799", "ZONA": "19", "alt_derini": "2701", "TELEFONICA": null, "alt_izqfin": "2800", "BARRIO": "RECOLETA", "COMUNA": "2", "alt_izqini": "2702", "codigo": "2071", "BARRIO_PAR": "RECOLETA", "id": null, "TELECENTRO": null, "EMPRESA": "TELCOS - NO SE IDENTIFICA", "fecha_ingr": null, "long": 0.0, "longitud_m": 111.20223631265473 }, "geometry": { "type": "LineString", "coordinates": [ [ -58.403302644372502, -34.591742818309449 ], [ -58.404233771237493, -34.591101008243903 ] ] } },
{ "type": "Feature", "properties": { "TELECOM": null, "nomoficial": "LAPRIDA", "COM_PAR": "2", "id_street": "7280", "alt_derfin": "1599", "ZONA": "19", "alt_derini": "1501", "TELEFONICA": null, "alt_izqfin": "1600", "BARRIO": "RECOLETA", "COMUNA": "2", "alt_izqini": "1502", "codigo": "12056", "BARRIO_PAR": "RECOLETA", "id": null, "TELECENTRO": null, "EMPRESA": "TELCOS - NO SE IDENTIFICA", "fecha_ingr": null, "long": 0.0, "longitud_m": 109.28804558404039 }, "geometry": { "type": "LineString", "coordinates": [ [ -58.405101887881898, -34.591775661997517 ], [ -58.404233771237493, -34.591101008243903 ] ] } },
{ "type": "Feature", "properties": { "TELECOM": null, "nomoficial": "ARENALES", "COM_PAR": "2", "id_street": "7281", "alt_derfin": "2899", "ZONA": "19", "alt_derini": "2801", "TELEFONICA": null, "alt_izqfin": "2900", "BARRIO": "RECOLETA", "COMUNA": "2", "alt_izqini": "2802", "codigo": "1104", "BARRIO_PAR": "RECOLETA", "id": null, "TELECENTRO": null, "EMPRESA": "TELCOS - NO SE IDENTIFICA", "fecha_ingr": null, "long": 0.0, "longitud_m": 135.57251041630758 }, "geometry": { "type": "LineString", "coordinates": [ [ -58.405101887881898, -34.591775661997517 ], [ -58.406149474639967, -34.590913677816054 ] ] } },
{ "type": "Feature", "properties": { "TELECOM": null, "nomoficial": "BILLINGHURST", "COM_PAR": "2", "id_street": "7361", "alt_derfin": "1699", "ZONA": "19", "alt_derini": "1601", "TELEFONICA": null, "alt_izqfin": "1700", "BARRIO": "RECOLETA", "COMUNA": "2", "alt_izqini": "1602", "codigo": "2082", "BARRIO_PAR": "RECOLETA", "id": null, "TELECENTRO": null, "EMPRESA": "TELCOS - NO SE IDENTIFICA", "fecha_ingr": null, "long": 0.0, "longitud_m": 186.96734761940897 }, "geometry": { "type": "LineString", "coordinates": [ [ -58.411615480386885, -34.592207263638485 ], [ -58.410507379053989, -34.590792751454487 ] ] } },
{ "type": "Feature", "properties": { "TELECOM": null, "nomoficial": "AGUERO", "COM_PAR": "2", "id_street": "7400", "alt_derfin": "1599", "ZONA": "19", "alt_derini": "1501", "TELEFONICA": null, "alt_izqfin": "1600", "BARRIO": "RECOLETA", "COMUNA": "2", "alt_izqini": "1502", "codigo": "1022", "BARRIO_PAR": "RECOLETA", "id": null, "TELECENTRO": null, "EMPRESA": "TELCOS - NO SE IDENTIFICA", "fecha_ingr": null, "long": 0.0, "longitud_m": 113.8064400095553 }, "geometry": { "type": "LineString", "coordinates": [ [ -58.407875288349011, -34.59249900741473 ], [ -58.407139406169087, -34.591673093819928 ] ] } },
{ "type": "Feature", "properties": { "TELECOM": null, "nomoficial": "GUEMES", "COM_PAR": "2", "id_street": "7401", "alt_derfin": "2999", "ZONA": "19", "alt_derini": "2901", "TELEFONICA": null, "alt_izqfin": "3000", "BARRIO": "RECOLETA", "COMUNA": "2", "alt_izqini": "2902", "codigo": "7098", "BARRIO_PAR": "RECOLETA", "id": null, "TELECENTRO": null, "EMPRESA": "TELCOS - NO SE IDENTIFICA", "fecha_ingr": null, "long": 0.0, "longitud_m": 142.55466798292932 }, "geometry": { "type": "LineString", "coordinates": [ [ -58.407875288349011, -34.59249900741473 ], [ -58.40910172130905, -34.591709897200971 ] ] } },
{ "type": "Feature", "properties": { "TELECOM": null, "nomoficial": "ANCHORENA, TOMAS MANUEL DE, DR.", "COM_PAR": "2", "id_street": "7405", "alt_derfin": "1599", "ZONA": "19", "alt_derini": "1501", "TELEFONICA": null, "alt_izqfin": "1600", "BARRIO": "RECOLETA", "COMUNA": "2", "alt_izqini": "1502", "codigo": "1078", "BARRIO_PAR": "RECOLETA", "id": null, "TELECENTRO": null, "EMPRESA": "TELCOS - NO SE IDENTIFICA", "fecha_ingr": null, "long": 0.0, "longitud_m": 117.03706857000392 }, "geometry": { "type": "LineString", "coordinates": [ [ -58.404172479641957, -34.592514593736183 ], [ -58.403302644372502, -34.591742818309449 ] ] } },
{ "type": "Feature", "properties": { "TELECOM": null, "nomoficial": "ARENALES", "COM_PAR": "2", "id_street": "7406", "alt_derfin": "2799", "ZONA": "19", "alt_derini": "2701", "TELEFONICA": null, "alt_izqfin": "2800", "BARRIO": "RECOLETA", "COMUNA": "2", "alt_izqini": "2702", "codigo": "1104", "BARRIO_PAR": "RECOLETA", "id": null, "TELECENTRO": null, "EMPRESA": "TELCOS - NO SE IDENTIFICA", "fecha_ingr": null, "long": 0.0, "longitud_m": 118.27576540852604 }, "geometry": { "type": "LineString", "coordinates": [ [ -58.404172479641957, -34.592514593736183 ], [ -58.405101887881898, -34.591775661997517 ] ] } },
{ "type": "Feature", "properties": { "TELECOM": null, "nomoficial": "LAPRIDA", "COM_PAR": "2", "id_street": "7414", "alt_derfin": "1499", "ZONA": "19", "alt_derini": "1401", "TELEFONICA": null, "alt_izqfin": "1500", "BARRIO": "RECOLETA", "COMUNA": "2", "alt_izqini": "1402", "codigo": "12056", "BARRIO_PAR": "RECOLETA", "id": null, "TELECENTRO": null, "EMPRESA": "TELCOS - NO SE IDENTIFICA", "fecha_ingr": null, "long": 0.0, "longitud_m": 126.13421200623978 }, "geometry": { "type": "LineString", "coordinates": [ [ -58.406084557157563, -34.592570928652577 ], [ -58.405101887881898, -34.591775661997517 ] ] } },
{ "type": "Feature", "properties": { "TELECOM": null, "nomoficial": "SANTA FE AV.", "COM_PAR": "2", "id_street": "7415", "alt_derfin": "2899", "ZONA": "19", "alt_derini": "2801", "TELEFONICA": null, "alt_izqfin": "2900", "BARRIO": "RECOLETA", "COMUNA": "2", "alt_izqini": "2802", "codigo": "20057", "BARRIO_PAR": "RECOLETA", "id": null, "TELECENTRO": null, "EMPRESA": "TELCOS - NO SE IDENTIFICA", "fecha_ingr": null, "long": 0.0, "longitud_m": 138.86914253954319 }, "geometry": { "type": "LineString", "coordinates": [ [ -58.406084557157563, -34.592570928652577 ], [ -58.407139406169087, -34.591673093819928 ] ] } },
{ "type": "Feature", "properties": { "TELECOM": null, "nomoficial": "SANCHEZ DE BUSTAMANTE", "COM_PAR": "2", "id_street": "7420", "alt_derfin": "1699", "ZONA": "19", "alt_derini": "1601", "TELEFONICA": null, "alt_izqfin": "1700", "BARRIO": "RECOLETA", "COMUNA": "2", "alt_izqini": "1602", "codigo": "20029", "BARRIO_PAR": "RECOLETA", "id": null, "TELECENTRO": null, "EMPRESA": "TELCOS - NO SE IDENTIFICA", "fecha_ingr": null, "long": 0.0, "longitud_m": 165.95513647074878 }, "geometry": { "type": "LineString", "coordinates": [ [ -58.410647691327995, -34.592585025228459 ], [ -58.409753865149135, -34.591284403290707 ] ] } },
{ "type": "Feature", "properties": { "TELECOM": null, "nomoficial": "GALLO", "COM_PAR": "2", "id_street": "7469", "alt_derfin": "1599", "ZONA": "19", "alt_derini": "1501", "TELEFONICA": null, "alt_izqfin": "1600", "BARRIO": "RECOLETA", "COMUNA": "2", "alt_izqini": "1502", "codigo": "7018", "BARRIO_PAR": "RECOLETA", "id": null, "TELECENTRO": null, "EMPRESA": "TELCOS - NO SE IDENTIFICA", "fecha_ingr": null, "long": 0.0, "longitud_m": 132.01811290334007 }, "geometry": { "type": "LineString", "coordinates": [ [ -58.409701548259861, -34.592791659028627 ], [ -58.40910172130905, -34.591709897200971 ] ] } },
{ "type": "Feature", "properties": { "TELECOM": null, "nomoficial": "ECUADOR", "COM_PAR": "2", "id_street": "7515", "alt_derfin": "1599", "ZONA": "19", "alt_derini": "1501", "TELEFONICA": null, "alt_izqfin": "1600", "BARRIO": "RECOLETA", "COMUNA": "2", "alt_izqini": "1502", "codigo": "5001", "BARRIO_PAR": "RECOLETA", "id": null, "TELECENTRO": null, "EMPRESA": "TELCOS - NO SE IDENTIFICA", "fecha_ingr": null, "long": 0.0, "longitud_m": 93.165524607806688 }, "geometry": { "type": "LineString", "coordinates": [ [ -58.403049314790067, -34.592908205826248 ], [ -58.402789577156447, -34.592096303281068 ] ] } },
{ "type": "Feature", "properties": { "TELECOM": null, "nomoficial": "ARENALES", "COM_PAR": "2", "id_street": "7516", "alt_derfin": "2699", "ZONA": "19", "alt_derini": "2601", "TELEFONICA": null, "alt_izqfin": "2700", "BARRIO": "RECOLETA", "COMUNA": "2", "alt_izqini": "2602", "codigo": "1104", "BARRIO_PAR": "RECOLETA", "id": null, "TELECENTRO": null, "EMPRESA": "TELCOS - NO SE IDENTIFICA", "fecha_ingr": null, "long": 0.0, "longitud_m": 111.90730866261039 }, "geometry": { "type": "LineString", "coordinates": [ [ -58.403049314790067, -34.592908205826248 ], [ -58.404172479641957, -34.592514593736183 ] ] } },
{ "type": "Feature", "properties": { "TELECOM": null, "nomoficial": "BERUTI", "COM_PAR": "2", "id_street": "7525", "alt_derfin": "2499", "ZONA": "19", "alt_derini": "2401", "TELEFONICA": null, "alt_izqfin": "2500", "BARRIO": "RECOLETA", "COMUNA": "2", "alt_izqini": "2402", "codigo": "2071", "BARRIO_PAR": "RECOLETA", "id": null, "TELECENTRO": null, "EMPRESA": "TELCOS - NO SE IDENTIFICA", "fecha_ingr": null, "long": 0.0, "longitud_m": 112.36659270804967 }, "geometry": { "type": "LineString", "coordinates": [ [ -58.400360280489039, -34.592931919387176 ], [ -58.401488823301072, -34.592538193931937 ] ] } },
{ "type": "Feature", "properties": { "TELECOM": null, "nomoficial": "CHARCAS", "COM_PAR": "2", "id_street": "7540", "alt_derfin": "3099", "ZONA": "19", "alt_derini": "3001", "TELEFONICA": null, "alt_izqfin": "3100", "BARRIO": "RECOLETA", "COMUNA": "2", "alt_izqini": "3002", "codigo": "3219", "BARRIO_PAR": "RECOLETA", "id": null, "TELECENTRO": null, "EMPRESA": "TELCOS - NO SE IDENTIFICA", "fecha_ingr": null, "long": 0.0, "longitud_m": 117.32344195630847 }, "geometry": { "type": "LineString", "coordinates": [ [ -58.408464206969256, -34.593059071480319 ], [ -58.409701548259861, -34.592791659028627 ] ] } },
{ "type": "Feature", "properties": { "TELECOM": null, "nomoficial": "AGUERO", "COM_PAR": "2", "id_street": "7550", "alt_derfin": "1499", "ZONA": "19", "alt_derini": "1401", "TELEFONICA": null, "alt_izqfin": "1500", "BARRIO": "RECOLETA", "COMUNA": "2", "alt_izqini": "1402", "codigo": "1022", "BARRIO_PAR": "RECOLETA", "id": null, "TELECENTRO": null, "EMPRESA": "TELCOS - NO SE IDENTIFICA", "fecha_ingr": null, "long": 0.0, "longitud_m": 79.471389624710511 }, "geometry": { "type": "LineString", "coordinates": [ [ -58.408376478682477, -34.593083328203882 ], [ -58.407875288349011, -34.59249900741473 ] ] } },
{ "type": "Feature", "properties": { "TELECOM": null, "nomoficial": "CHARCAS", "COM_PAR": "2", "id_street": "7551", "alt_derfin": "0", "ZONA": "19", "alt_derini": "0", "TELEFONICA": null, "alt_izqfin": "0", "BARRIO": "RECOLETA", "COMUNA": "2", "alt_izqini": "0", "codigo": "3219", "BARRIO_PAR": "RECOLETA", "id": null, "TELECENTRO": null, "EMPRESA": "TELCOS - NO SE IDENTIFICA", "fecha_ingr": null, "long": 0.0, "longitud_m": 8.4859356546647824 }, "geometry": { "type": "LineString", "coordinates": [ [ -58.408376478682477, -34.593083328203882 ], [ -58.408464206969256, -34.593059071480319 ] ] } },
{ "type": "Feature", "properties": { "TELECOM": null, "nomoficial": "CHARCAS", "COM_PAR": "2", "id_street": "7558", "alt_derfin": "2999", "ZONA": "19", "alt_derini": "2901", "TELEFONICA": null, "alt_izqfin": "3000", "BARRIO": "RECOLETA", "COMUNA": "2", "alt_izqini": "2902", "codigo": "3219", "BARRIO_PAR": "RECOLETA", "id": null, "TELECENTRO": null, "EMPRESA": "TELCOS - NO SE IDENTIFICA", "fecha_ingr": null, "long": 0.0, "longitud_m": 115.1355860240476 }, "geometry": { "type": "LineString", "coordinates": [ [ -58.407268341509479, -34.593562480221415 ], [ -58.408107586788539, -34.593157856006862 ], [ -58.408376478682477, -34.593083328203882 ] ] } },
{ "type": "Feature", "properties": { "TELECOM": null, "nomoficial": "PUEYRREDON AV.", "COM_PAR": "2", "id_street": "7583", "alt_derfin": "1599", "ZONA": "19", "alt_derini": "1501", "TELEFONICA": null, "alt_izqfin": "1600", "BARRIO": "RECOLETA", "COMUNA": "2", "alt_izqini": "1502", "codigo": "17132", "BARRIO_PAR": "RECOLETA", "id": null, "TELECENTRO": null, "EMPRESA": "TELCOS - NO SE IDENTIFICA", "fecha_ingr": null, "long": 0.0, "longitud_m": 93.723155181014334 }, "geometry": { "type": "LineString", "coordinates": [ [ -58.401849221995896, -34.593328741108309 ], [ -58.401488823301072, -34.592538193931937 ] ] } },
{ "type": "Feature", "properties": { "TELECOM": null, "nomoficial": "ARENALES", "COM_PAR": "2", "id_street": "7584", "alt_derfin": "2599", "ZONA": "19", "alt_derini": "2501", "TELEFONICA": null, "alt_izqfin": "2600", "BARRIO": "RECOLETA", "COMUNA": "2", "alt_izqini": "2502", "codigo": "1104", "BARRIO_PAR": "RECOLETA", "id": null, "TELECENTRO": null, "EMPRESA": "TELCOS - NO SE IDENTIFICA", "fecha_ingr": null, "long": 0.0, "longitud_m": 119.57002027814391 }, "geometry": { "type": "LineString", "coordinates": [ [ -58.401849221995896, -34.593328741108309 ], [ -58.403049314790067, -34.592908205826248 ] ] } },
{ "type": "Feature", "properties": { "TELECOM": null, "nomoficial": "ANCHORENA, TOMAS MANUEL DE, DR.", "COM_PAR": "2", "id_street": "7587", "alt_derfin": "1499", "ZONA": "19", "alt_derini": "1401", "TELEFONICA": null, "alt_izqfin": "1500", "BARRIO": "RECOLETA", "COMUNA": "2", "alt_izqini": "1402", "codigo": "1078", "BARRIO_PAR": "RECOLETA", "id": null, "TELECENTRO": null, "EMPRESA": "TELCOS - NO SE IDENTIFICA", "fecha_ingr": null, "long": 0.0, "longitud_m": 125.6929678894133 }, "geometry": { "type": "LineString", "coordinates": [ [ -58.405109311834266, -34.593341395744915 ], [ -58.404172479641957, -34.592514593736183 ] ] } },
{ "type": "Feature", "properties": { "TELECOM": null, "nomoficial": "SANTA FE AV.", "COM_PAR": "2", "id_street": "7588", "alt_derfin": "2799", "ZONA": "19", "alt_derini": "2701", "TELEFONICA": null, "alt_izqfin": "2800", "BARRIO": "RECOLETA", "COMUNA": "2", "alt_izqini": "2702", "codigo": "20057", "BARRIO_PAR": "RECOLETA", "id": null, "TELECENTRO": null, "EMPRESA": "TELCOS - NO SE IDENTIFICA", "fecha_ingr": null, "long": 0.0, "longitud_m": 123.73163894950267 }, "geometry": { "type": "LineString", "coordinates": [ [ -58.405109311834266, -34.593341395744915 ], [ -58.406084557157563, -34.592570928652577 ] ] } },
{ "type": "Feature", "properties": { "TELECOM": null, "nomoficial": "LAPRIDA", "COM_PAR": "2", "id_street": "7623", "alt_derfin": "1399", "ZONA": "19", "alt_derini": "1301", "TELEFONICA": null, "alt_izqfin": "1400", "BARRIO": "RECOLETA", "COMUNA": "2", "alt_izqini": "1302", "codigo": "12056", "BARRIO_PAR": "RECOLETA", "id": null, "TELECENTRO": null, "EMPRESA": "TELCOS - NO SE IDENTIFICA", "fecha_ingr": null, "long": 0.0, "longitud_m": 154.57225255412959 }, "geometry": { "type": "LineString", "coordinates": [ [ -58.407268341509479, -34.593562480221415 ], [ -58.406084557157563, -34.592570928652577 ] ] } },
{ "type": "Feature", "properties": { "TELECOM": null, "nomoficial": "LARREA", "COM_PAR": "2", "id_street": "7651", "alt_derfin": "1249", "ZONA": "19", "alt_derini": "1201", "TELEFONICA": null, "alt_izqfin": "1250", "BARRIO": "RECOLETA", "COMUNA": "2", "alt_izqini": "1202", "codigo": "12065", "BARRIO_PAR": "RECOLETA", "id": null, "TELECENTRO": null, "EMPRESA": "TELCOS - NO SE IDENTIFICA", "fecha_ingr": null, "long": 0.0, "longitud_m": 94.043936052326757 }, "geometry": { "type": "LineString", "coordinates": [ [ -58.40069443325774, -34.593733372049662 ], [ -58.400360280489039, -34.592931919387176 ] ] } },
{ "type": "Feature", "properties": { "TELECOM": null, "nomoficial": "ARENALES", "COM_PAR": "2", "id_street": "7652", "alt_derfin": "2499", "ZONA": "19", "alt_derini": "2401", "TELEFONICA": null, "alt_izqfin": "2500", "BARRIO": "RECOLETA", "COMUNA": "2", "alt_izqini": "2402", "codigo": "1104", "BARRIO_PAR": "RECOLETA", "id": null, "TELECENTRO": null, "EMPRESA": "TELCOS - NO SE IDENTIFICA", "fecha_ingr": null, "long": 0.0, "longitud_m": 115.05446333854417 }, "geometry": { "type": "LineString", "coordinates": [ [ -58.40069443325774, -34.593733372049662 ], [ -58.401849221995896, -34.593328741108309 ] ] } },
{ "type": "Feature", "properties": { "TELECOM": null, "nomoficial": "ECUADOR", "COM_PAR": "2", "id_street": "7691", "alt_derfin": "1499", "ZONA": "19", "alt_derini": "1401", "TELEFONICA": null, "alt_izqfin": "1500", "BARRIO": "RECOLETA", "COMUNA": "2", "alt_izqini": "1402", "codigo": "5001", "BARRIO_PAR": "RECOLETA", "id": null, "TELECENTRO": null, "EMPRESA": "TELCOS - NO SE IDENTIFICA", "fecha_ingr": null, "long": 0.0, "longitud_m": 139.73668396219725 }, "geometry": { "type": "LineString", "coordinates": [ [ -58.403616393674085, -34.594077306511814 ], [ -58.403049314790067, -34.592908205826248 ] ] } },
{ "type": "Feature", "properties": { "TELECOM": null, "nomoficial": "SANTA FE AV.", "COM_PAR": "2", "id_street": "7692", "alt_derfin": "2699", "ZONA": "19", "alt_derini": "2601", "TELEFONICA": null, "alt_izqfin": "2700", "BARRIO": "RECOLETA", "COMUNA": "2", "alt_izqini": "2602", "codigo": "20057", "BARRIO_PAR": "RECOLETA", "id": null, "TELECENTRO": null, "EMPRESA": "TELCOS - NO SE IDENTIFICA", "fecha_ingr": null, "long": 0.0, "longitud_m": 159.60049437143073 }, "geometry": { "type": "LineString", "coordinates": [ [ -58.403616393674085, -34.594077306511814 ], [ -58.405006306602381, -34.593412051972592 ], [ -58.405109311834266, -34.593341395744915 ] ] } },
{ "type": "Feature", "properties": { "TELECOM": null, "nomoficial": "AZCUENAGA", "COM_PAR": "2", "id_street": "7716", "alt_derfin": "1299", "ZONA": "19", "alt_derini": "1201", "TELEFONICA": null, "alt_izqfin": "1300", "BARRIO": "RECOLETA", "COMUNA": "2", "alt_izqini": "1202", "codigo": "1147", "BARRIO_PAR": "RECOLETA", "id": null, "TELECENTRO": null, "EMPRESA": "TELCOS - NO SE IDENTIFICA", "fecha_ingr": null, "long": 0.0, "longitud_m": 92.176856764905125 }, "geometry": { "type": "LineString", "coordinates": [ [ -58.399495950552065, -34.594133250805271 ], [ -58.399153276276287, -34.593352142887504 ] ] } },
{ "type": "Feature", "properties": { "TELECOM": null, "nomoficial": "ARENALES", "COM_PAR": "2", "id_street": "7717", "alt_derfin": "2399", "ZONA": "19", "alt_derini": "2301", "TELEFONICA": null, "alt_izqfin": "2400", "BARRIO": "RECOLETA", "COMUNA": "2", "alt_izqini": "2302", "codigo": "1104", "BARRIO_PAR": "RECOLETA", "id": null, "TELECENTRO": null, "EMPRESA": "TELCOS - NO SE IDENTIFICA", "fecha_ingr": null, "long": 0.0, "longitud_m": 118.68924230318395 }, "geometry": { "type": "LineString", "coordinates": [ [ -58.399495950552065, -34.594133250805271 ], [ -58.399644491683475, -34.59410128560426 ], [ -58.40069443325774, -34.593733372049662 ] ] } },
{ "type": "Feature", "properties": { "TELECOM": null, "nomoficial": "ANCHORENA, TOMAS MANUEL DE, DR.", "COM_PAR": "2", "id_street": "7732", "alt_derfin": "1399", "ZONA": "19", "alt_derini": "1301", "TELEFONICA": null, "alt_izqfin": "1400", "BARRIO": "RECOLETA", "COMUNA": "2", "alt_izqini": "1302", "codigo": "1078", "BARRIO_PAR": "RECOLETA", "id": null, "TELECENTRO": null, "EMPRESA": "TELCOS - NO SE IDENTIFICA", "fecha_ingr": null, "long": 0.0, "longitud_m": 131.960096693347 }, "geometry": { "type": "LineString", "coordinates": [ [ -58.4060929716793, -34.594209339852476 ], [ -58.405109311834266, -34.593341395744915 ] ] } },
{ "type": "Feature", "properties": { "TELECOM": null, "nomoficial": "CHARCAS", "COM_PAR": "2", "id_street": "7733", "alt_derfin": "2899", "ZONA": "19", "alt_derini": "2801", "TELEFONICA": null, "alt_izqfin": "2900", "BARRIO": "RECOLETA", "COMUNA": "2", "alt_izqini": "2802", "codigo": "3219", "BARRIO_PAR": "RECOLETA", "id": null, "TELECENTRO": null, "EMPRESA": "TELCOS - NO SE IDENTIFICA", "fecha_ingr": null, "long": 0.0, "longitud_m": 129.51996277206891 }, "geometry": { "type": "LineString", "coordinates": [ [ -58.4060929716793, -34.594209339852476 ], [ -58.407268341509479, -34.593562480221415 ] ] } },
{ "type": "Feature", "properties": { "TELECOM": null, "nomoficial": "PUEYRREDON AV.", "COM_PAR": "2", "id_street": "7786", "alt_derfin": "1499", "ZONA": "19", "alt_derini": "1401", "TELEFONICA": null, "alt_izqfin": "1500", "BARRIO": "RECOLETA", "COMUNA": "2", "alt_izqini": "1402", "codigo": "17132", "BARRIO_PAR": "RECOLETA", "id": null, "TELECENTRO": null, "EMPRESA": "TELCOS - NO SE IDENTIFICA", "fecha_ingr": null, "long": 0.0, "longitud_m": 131.82538951104263 }, "geometry": { "type": "LineString", "coordinates": [ [ -58.40235084014386, -34.594442320744328 ], [ -58.401849221995896, -34.593328741108309 ] ] } },
{ "type": "Feature", "properties": { "TELECOM": null, "nomoficial": "SANTA FE AV.", "COM_PAR": "2", "id_street": "7787", "alt_derfin": "2599", "ZONA": "19", "alt_derini": "2501", "TELEFONICA": null, "alt_izqfin": "2600", "BARRIO": "RECOLETA", "COMUNA": "2", "alt_izqini": "2502", "codigo": "20057", "BARRIO_PAR": "RECOLETA", "id": null, "TELECENTRO": null, "EMPRESA": "TELCOS - NO SE IDENTIFICA", "fecha_ingr": null, "long": 0.0, "longitud_m": 122.95621945728993 }, "geometry": { "type": "LineString", "coordinates": [ [ -58.40235084014386, -34.594442320744328 ], [ -58.403616393674085, -34.594077306511814 ] ] } },
{ "type": "Feature", "properties": { "TELECOM": null, "nomoficial": "CHARCAS", "COM_PAR": "2", "id_street": "7842", "alt_derfin": "2799", "ZONA": "19", "alt_derini": "2701", "TELEFONICA": null, "alt_izqfin": "2800", "BARRIO": "RECOLETA", "COMUNA": "2", "alt_izqini": "2702", "codigo": "3219", "BARRIO_PAR": "RECOLETA", "id": null, "TELECENTRO": null, "EMPRESA": "TELCOS - NO SE IDENTIFICA", "fecha_ingr": null, "long": 0.0, "longitud_m": 107.83216890161329 }, "geometry": { "type": "LineString", "coordinates": [ [ -58.405108081178909, -34.594739939150593 ], [ -58.4060929716793, -34.594209339852476 ] ] } },
{ "type": "Feature", "properties": { "TELECOM": null, "nomoficial": "LARREA", "COM_PAR": "2", "id_street": "7848", "alt_derfin": "1199", "ZONA": "19", "alt_derini": "1101", "TELEFONICA": null, "alt_izqfin": "1200", "BARRIO": "RECOLETA", "COMUNA": "2", "alt_izqini": "1102", "codigo": "12065", "BARRIO_PAR": "RECOLETA", "id": null, "TELECENTRO": null, "EMPRESA": "TELCOS - NO SE IDENTIFICA", "fecha_ingr": null, "long": 0.0, "longitud_m": 122.83172653462661 }, "geometry": { "type": "LineString", "coordinates": [ [ -58.401115779712853, -34.594784379248068 ], [ -58.40069443325774, -34.593733372049662 ] ] } },
{ "type": "Feature", "properties": { "TELECOM": null, "nomoficial": "SANTA FE AV.", "COM_PAR": "2", "id_street": "7849", "alt_derfin": "2499", "ZONA": "19", "alt_derini": "2401", "TELEFONICA": null, "alt_izqfin": "2500", "BARRIO": "RECOLETA", "COMUNA": "2", "alt_izqini": "2402", "codigo": "20057", "BARRIO_PAR": "RECOLETA", "id": null, "TELECENTRO": null, "EMPRESA": "TELCOS - NO SE IDENTIFICA", "fecha_ingr": null, "long": 0.0, "longitud_m": 119.48504824799967 }, "geometry": { "type": "LineString", "coordinates": [ [ -58.401115779712853, -34.594784379248068 ], [ -58.40235084014386, -34.594442320744328 ] ] } },
{ "type": "Feature", "properties": { "TELECOM": null, "nomoficial": "SANTA FE AV.", "COM_PAR": "2", "id_street": "7913", "alt_derfin": "2399", "ZONA": "19", "alt_derini": "2291", "TELEFONICA": null, "alt_izqfin": "2400", "BARRIO": "RECOLETA", "COMUNA": "2", "alt_izqini": "2302", "codigo": "20057", "BARRIO_PAR": "RECOLETA", "id": null, "TELECENTRO": null, "EMPRESA": "TELCOS - NO SE IDENTIFICA", "fecha_ingr": null, "long": 0.0, "longitud_m": 117.23180294867248 }, "geometry": { "type": "LineString", "coordinates": [ [ -58.399902857750163, -34.595117140805577 ], [ -58.401115779712853, -34.594784379248068 ] ] } },
{ "type": "Feature", "properties": { "TELECOM": null, "nomoficial": "ECUADOR", "COM_PAR": "2", "id_street": "7931", "alt_derfin": "1399", "ZONA": "19", "alt_derini": "1301", "TELEFONICA": null, "alt_izqfin": "1400", "BARRIO": "RECOLETA", "COMUNA": "2", "alt_izqini": "1302", "codigo": "5001", "BARRIO_PAR": "RECOLETA", "id": null, "TELECENTRO": null, "EMPRESA": "TELCOS - NO SE IDENTIFICA", "fecha_ingr": null, "long": 0.0, "longitud_m": 138.35164765294195 }, "geometry": { "type": "LineString", "coordinates": [ [ -58.404179664866206, -34.595234219205494 ], [ -58.403616393674085, -34.594077306511814 ] ] } },
{ "type": "Feature", "properties": { "TELECOM": null, "nomoficial": "PUEYRREDON AV.", "COM_PAR": "2", "id_street": "8064", "alt_derfin": "1399", "ZONA": "19", "alt_derini": "1301", "TELEFONICA": null, "alt_izqfin": "1400", "BARRIO": "RECOLETA", "COMUNA": "2", "alt_izqini": "1302", "codigo": "17132", "BARRIO_PAR": "RECOLETA", "id": null, "TELECENTRO": null, "EMPRESA": "TELCOS - NO SE IDENTIFICA", "fecha_ingr": null, "long": 0.0, "longitud_m": 159.36021960733751 }, "geometry": { "type": "LineString", "coordinates": [ [ -58.402825196249204, -34.595824269206638 ], [ -58.40235084014386, -34.594442320744328 ] ] } },
{ "type": "Feature", "properties": { "TELECOM": null, "nomoficial": "CHARCAS", "COM_PAR": "2", "id_street": "8065", "alt_derfin": "2599", "ZONA": "19", "alt_derini": "2501", "TELEFONICA": null, "alt_izqfin": "2600", "BARRIO": "RECOLETA", "COMUNA": "2", "alt_izqini": "2502", "codigo": "3219", "BARRIO_PAR": "RECOLETA", "id": null, "TELECENTRO": null, "EMPRESA": "TELCOS - NO SE IDENTIFICA", "fecha_ingr": null, "long": 0.0, "longitud_m": 140.4390969236249 }, "geometry": { "type": "LineString", "coordinates": [ [ -58.402825196249204, -34.595824269206638 ], [ -58.404179664866206, -34.595234219205494 ] ] } },
{ "type": "Feature", "properties": { "TELECOM": null, "nomoficial": "LARREA", "COM_PAR": "2", "id_street": "8167", "alt_derfin": "1099", "ZONA": "19", "alt_derini": "1001", "TELEFONICA": null, "alt_izqfin": "1100", "BARRIO": "RECOLETA", "COMUNA": "2", "alt_izqini": "1002", "codigo": "12065", "BARRIO_PAR": "RECOLETA", "id": null, "TELECENTRO": null, "EMPRESA": "TELCOS - NO SE IDENTIFICA", "fecha_ingr": null, "long": 0.0, "longitud_m": 178.50006097414527 }, "geometry": { "type": "LineString", "coordinates": [ [ -58.401609575303446, -34.596340781656345 ], [ -58.401115779712853, -34.594784379248068 ] ] } },
{ "type": "Feature", "properties": { "TELECOM": null, "nomoficial": "ALVEAR, MARCELO T. DE", "COM_PAR": "2", "id_street": "8168", "alt_derfin": "2499", "ZONA": "19", "alt_derini": "2401", "TELEFONICA": null, "alt_izqfin": "2500", "BARRIO": "RECOLETA", "COMUNA": "2", "alt_izqini": "2402", "codigo": "1062", "BARRIO_PAR": "RECOLETA", "id": null, "TELECENTRO": null, "EMPRESA": "TELCOS - NO SE IDENTIFICA", "fecha_ingr": null, "long": 0.0, "longitud_m": 125.37366921757081 }, "geometry": { "type": "LineString", "coordinates": [ [ -58.401609575303446, -34.596340781656345 ], [ -58.402825196249204, -34.595824269206638 ] ] } },
{ "type": "Feature", "properties": { "TELECOM": null, "nomoficial": "PUEYRREDON AV.", "COM_PAR": "2", "id_street": "8218", "alt_derfin": "1299", "ZONA": "19", "alt_derini": "1201", "TELEFONICA": null, "alt_izqfin": "1300", "BARRIO": "RECOLETA", "COMUNA": "2", "alt_izqini": "1202", "codigo": "17132", "BARRIO_PAR": "RECOLETA", "id": null, "TELECENTRO": null, "EMPRESA": "TELCOS - NO SE IDENTIFICA", "fecha_ingr": null, "long": 0.0, "longitud_m": 85.585399436236784 }, "geometry": { "type": "LineString", "coordinates": [ [ -58.403079971579437, -34.596566449315389 ], [ -58.402825196249204, -34.595824269206638 ] ] } },
{ "type": "Feature", "properties": { "TELECOM": null, "nomoficial": "ALVEAR, MARCELO T. DE", "COM_PAR": "2", "id_street": "8263", "alt_derfin": "2399", "ZONA": "19", "alt_derini": "2301", "TELEFONICA": null, "alt_izqfin": "2400", "BARRIO": "RECOLETA", "COMUNA": "2", "alt_izqini": "2302", "codigo": "1062", "BARRIO_PAR": "RECOLETA", "id": null, "TELECENTRO": null, "EMPRESA": "TELCOS - NO SE IDENTIFICA", "fecha_ingr": null, "long": 0.0, "longitud_m": 129.16598090336859 }, "geometry": { "type": "LineString", "coordinates": [ [ -58.400288425028002, -34.596743493297765 ], [ -58.401609575303446, -34.596340781656345 ] ] } },
{ "type": "Feature", "properties": { "TELECOM": null, "nomoficial": "LARREA", "COM_PAR": "2", "id_street": "8310", "alt_derfin": "999", "ZONA": "19", "alt_derini": "951", "TELEFONICA": null, "alt_izqfin": "1000", "BARRIO": "RECOLETA", "COMUNA": "2", "alt_izqini": "952", "codigo": "12065", "BARRIO_PAR": "RECOLETA", "id": null, "TELECENTRO": null, "EMPRESA": "TELCOS - NO SE IDENTIFICA", "fecha_ingr": null, "long": 0.0, "longitud_m": 75.630132575072366 }, "geometry": { "type": "LineString", "coordinates": [ [ -58.401829658148337, -34.59699780457025 ], [ -58.401609575303446, -34.596340781656345 ] ] } },
{ "type": "Feature", "properties": { "TELECOM": null, "nomoficial": "MANSILLA, LUCIO NORBERTO, GENERAL", "COM_PAR": "2", "id_street": "8311", "alt_derfin": "2499", "ZONA": "19", "alt_derini": "2401", "TELEFONICA": null, "alt_izqfin": "2500", "BARRIO": "RECOLETA", "COMUNA": "2", "alt_izqini": "2402", "codigo": "13025", "BARRIO_PAR": "RECOLETA", "id": null, "TELECENTRO": null, "EMPRESA": "TELCOS - NO SE IDENTIFICA", "fecha_ingr": null, "long": 0.0, "longitud_m": 124.27761945744237 }, "geometry": { "type": "LineString", "coordinates": [ [ -58.401829658148337, -34.59699780457025 ], [ -58.403079971579437, -34.596566449315389 ] ] } },
{ "type": "Feature", "properties": { "TELECOM": null, "nomoficial": "PUEYRREDON AV.", "COM_PAR": "2", "id_street": "8435", "alt_derfin": "1199", "ZONA": "19", "alt_derini": "1101", "TELEFONICA": null, "alt_izqfin": "1200", "BARRIO": "RECOLETA", "COMUNA": "2", "alt_izqini": "1102", "codigo": "17132", "BARRIO_PAR": "RECOLETA", "id": null, "TELECENTRO": null, "EMPRESA": "TELCOS - NO SE IDENTIFICA", "fecha_ingr": null, "long": 0.0, "longitud_m": 112.04814105544618 }, "geometry": { "type": "LineString", "coordinates": [ [ -58.403413531847491, -34.59753810773519 ], [ -58.403079971579437, -34.596566449315389 ] ] } },
{ "type": "Feature", "properties": { "TELECOM": null, "nomoficial": "PARAGUAY", "COM_PAR": "2", "id_street": "8436", "alt_derfin": "2599", "ZONA": "19", "alt_derini": "2501", "TELEFONICA": null, "alt_izqfin": "2600", "BARRIO": "RECOLETA", "COMUNA": "2", "alt_izqini": "2502", "codigo": "17017", "BARRIO_PAR": "RECOLETA", "id": null, "TELECENTRO": null, "EMPRESA": "TELCOS - NO SE IDENTIFICA", "fecha_ingr": null, "long": 0.0, "longitud_m": 165.60546412511738 }, "geometry": { "type": "LineString", "coordinates": [ [ -58.403413531847491, -34.59753810773519 ], [ -58.405180519174259, -34.597232196719965 ] ] } },
{ "type": "Feature", "properties": { "TELECOM": null, "nomoficial": "LARREA", "COM_PAR": "2", "id_street": "8477", "alt_derfin": "949", "ZONA": "19", "alt_derini": "901", "TELEFONICA": null, "alt_izqfin": "950", "BARRIO": "RECOLETA", "COMUNA": "2", "alt_izqini": "902", "codigo": "12065", "BARRIO_PAR": "RECOLETA", "id": null, "TELECENTRO": null, "EMPRESA": "TELCOS - NO SE IDENTIFICA", "fecha_ingr": null, "long": 0.0, "longitud_m": 88.647516191072242 }, "geometry": { "type": "LineString", "coordinates": [ [ -58.402091136123843, -34.59776710307559 ], [ -58.401829658148337, -34.59699780457025 ] ] } },
{ "type": "Feature", "properties": { "TELECOM": null, "nomoficial": "PARAGUAY", "COM_PAR": "2", "id_street": "8478", "alt_derfin": "2499", "ZONA": "19", "alt_derini": "2401", "TELEFONICA": null, "alt_izqfin": "2500", "BARRIO": "RECOLETA", "COMUNA": "2", "alt_izqini": "2402", "codigo": "17017", "BARRIO_PAR": "RECOLETA", "id": null, "TELECENTRO": null, "EMPRESA": "TELCOS - NO SE IDENTIFICA", "fecha_ingr": null, "long": 0.0, "longitud_m": 123.93834120612983 }, "geometry": { "type": "LineString", "coordinates": [ [ -58.402091136123843, -34.59776710307559 ], [ -58.403413531847491, -34.59753810773519 ] ] } },
{ "type": "Feature", "properties": { "TELECOM": null, "nomoficial": "PARAGUAY", "COM_PAR": "2", "id_street": "8550", "alt_derfin": "2399", "ZONA": "19", "alt_derini": "2301", "TELEFONICA": null, "alt_izqfin": "2400", "BARRIO": "RECOLETA", "COMUNA": "2", "alt_izqini": "2302", "codigo": "17017", "BARRIO_PAR": "RECOLETA", "id": null, "TELECENTRO": null, "EMPRESA": "TELCOS - NO SE IDENTIFICA", "fecha_ingr": null, "long": 0.0, "longitud_m": 131.25226154807808 }, "geometry": { "type": "LineString", "coordinates": [ [ -58.40069054417684, -34.598009001925149 ], [ -58.402091136123843, -34.59776710307559 ] ] } },
{ "type": "Feature", "properties": { "TELECOM": null, "nomoficial": "CORDOBA AV.", "COM_PAR": "3", "id_street": "8553", "alt_derfin": "2655", "ZONA": "19", "alt_derini": "2601", "TELEFONICA": null, "alt_izqfin": "2650", "BARRIO": null, "COMUNA": null, "alt_izqini": "2602", "codigo": "3165", "BARRIO_PAR": "BALVANERA", "id": null, "TELECENTRO": null, "EMPRESA": "TELCOS - NO SE IDENTIFICA", "fecha_ingr": null, "long": 0.0, "longitud_m": 106.39176738975584 }, "geometry": { "type": "LineString", "coordinates": [ [ -58.403724400784647, -34.598454471462254 ], [ -58.404509559217708, -34.598035338665646 ], [ -58.404734813765955, -34.598036362491193 ] ] } },
{ "type": "Feature", "properties": { "TELECOM": null, "nomoficial": "CORDOBA AV.", "COM_PAR": "3", "id_street": "8554", "alt_derfin": "2699", "ZONA": "19", "alt_derini": "2657", "TELEFONICA": null, "alt_izqfin": "2700", "BARRIO": null, "COMUNA": null, "alt_izqini": "2652", "codigo": "3165", "BARRIO_PAR": "BALVANERA", "id": null, "TELECENTRO": null, "EMPRESA": "TELCOS - NO SE IDENTIFICA", "fecha_ingr": null, "long": 0.0, "longitud_m": 78.364887593381141 }, "geometry": { "type": "LineString", "coordinates": [ [ -58.404734813765955, -34.598036362491193 ], [ -58.405589077774323, -34.598040361108318 ] ] } },
{ "type": "Feature", "properties": { "TELECOM": null, "nomoficial": "PUEYRREDON AV.", "COM_PAR": "2", "id_street": "8644", "alt_derfin": "1099", "ZONA": "19", "alt_derini": "1001", "TELEFONICA": null, "alt_izqfin": "1100", "BARRIO": "RECOLETA", "COMUNA": "2", "alt_izqini": "1002", "codigo": "17132", "BARRIO_PAR": "RECOLETA", "id": null, "TELECENTRO": null, "EMPRESA": "TELCOS - NO SE IDENTIFICA", "fecha_ingr": null, "long": 0.0, "longitud_m": 105.57927214002548 }, "geometry": { "type": "LineString", "coordinates": [ [ -58.403724400784647, -34.598454471462254 ], [ -58.403413531847491, -34.59753810773519 ] ] } },
{ "type": "Feature", "properties": { "TELECOM": null, "nomoficial": "CORDOBA AV.", "COM_PAR": "3", "id_street": "8736", "alt_derfin": "2599", "ZONA": "19", "alt_derini": "2545", "TELEFONICA": null, "alt_izqfin": "2600", "BARRIO": null, "COMUNA": null, "alt_izqini": "2552", "codigo": "3165", "BARRIO_PAR": "BALVANERA", "id": null, "TELECENTRO": null, "EMPRESA": "TELCOS - NO SE IDENTIFICA", "fecha_ingr": null, "long": 0.0, "longitud_m": 69.738495138364499 }, "geometry": { "type": "LineString", "coordinates": [ [ -58.403085686980461, -34.598795430874091 ], [ -58.403724400784647, -34.598454471462254 ] ] } },
{ "type": "Feature", "properties": { "TELECOM": null, "nomoficial": "LARREA", "COM_PAR": "2", "id_street": "8797", "alt_derfin": "899", "ZONA": "19", "alt_derini": "801", "TELEFONICA": null, "alt_izqfin": "900", "BARRIO": "RECOLETA", "COMUNA": "2", "alt_izqini": "802", "codigo": "12065", "BARRIO_PAR": "RECOLETA", "id": null, "TELECENTRO": null, "EMPRESA": "TELCOS - NO SE IDENTIFICA", "fecha_ingr": null, "long": 0.0, "longitud_m": 152.07799930409641 }, "geometry": { "type": "LineString", "coordinates": [ [ -58.402539747400766, -34.599086854919122 ], [ -58.402091136123843, -34.59776710307559 ] ] } },
{ "type": "Feature", "properties": { "TELECOM": null, "nomoficial": "CORDOBA AV.", "COM_PAR": "3", "id_street": "8798", "alt_derfin": "2543", "ZONA": "19", "alt_derini": "2501", "TELEFONICA": null, "alt_izqfin": "2550", "BARRIO": null, "COMUNA": null, "alt_izqini": "2502", "codigo": "3165", "BARRIO_PAR": "BALVANERA", "id": null, "TELECENTRO": null, "EMPRESA": "TELCOS - NO SE IDENTIFICA", "fecha_ingr": null, "long": 0.0, "longitud_m": 59.608077134132998 }, "geometry": { "type": "LineString", "coordinates": [ [ -58.402539747400766, -34.599086854919122 ], [ -58.403085686980461, -34.598795430874091 ] ] } },
{ "type": "Feature", "properties": { "TELECOM": null, "nomoficial": "CORDOBA AV.", "COM_PAR": "2", "id_street": "8813", "alt_derfin": "0", "ZONA": "19", "alt_derini": "0", "TELEFONICA": null, "alt_izqfin": "0", "BARRIO": "RECOLETA", "COMUNA": "2", "alt_izqini": "0", "codigo": "3165", "BARRIO_PAR": "RECOLETA", "id": null, "TELECENTRO": null, "EMPRESA": "TELCOS - NO SE IDENTIFICA", "fecha_ingr": null, "long": 0.0, "longitud_m": 6.819328948165559 }, "geometry": { "type": "LineString", "coordinates": [ [ -58.402477298066245, -34.599120204605946 ], [ -58.402539747400766, -34.599086854919122 ] ] } },
{ "type": "Feature", "properties": { "TELECOM": null, "nomoficial": "CORDOBA AV.", "COM_PAR": "3", "id_street": "8872", "alt_derfin": "2499", "ZONA": "19", "alt_derini": "2401", "TELEFONICA": null, "alt_izqfin": "2500", "BARRIO": null, "COMUNA": null, "alt_izqini": "2402", "codigo": "3165", "BARRIO_PAR": "BALVANERA", "id": null, "TELECENTRO": null, "EMPRESA": "TELCOS - NO SE IDENTIFICA", "fecha_ingr": null, "long": 0.0, "longitud_m": 137.94618379709522 }, "geometry": { "type": "LineString", "coordinates": [ [ -58.401072420614739, -34.599483938502921 ], [ -58.402011184244166, -34.599369059739786 ], [ -58.402477298066245, -34.599120204605946 ] ] } },
{ "type": "Feature", "properties": { "TELECOM": null, "nomoficial": "BOULOGNE SUR MER", "COM_PAR": "3", "id_street": "8964", "alt_derfin": "999", "ZONA": "19", "alt_derini": "901", "TELEFONICA": null, "alt_izqfin": "1000", "BARRIO": "BALVANERA", "COMUNA": "3", "alt_izqini": "902", "codigo": "2106", "BARRIO_PAR": "BALVANERA", "id": null, "TELECENTRO": null, "EMPRESA": "TELCOS - NO SE IDENTIFICA", "fecha_ingr": null, "long": 0.0, "longitud_m": 199.1378580798067 }, "geometry": { "type": "LineString", "coordinates": [ [ -58.405300111116652, -34.599769546764279 ], [ -58.404734813765955, -34.598036362491193 ] ] } },
{ "type": "Feature", "properties": { "TELECOM": null, "nomoficial": "SAN LUIS", "COM_PAR": "3", "id_street": "8965", "alt_derfin": "2899", "ZONA": "19", "alt_derini": "2801", "TELEFONICA": null, "alt_izqfin": "2900", "BARRIO": "BALVANERA", "COMUNA": "3", "alt_izqini": "2802", "codigo": "20043", "BARRIO_PAR": "BALVANERA", "id": null, "TELECENTRO": null, "EMPRESA": "TELCOS - NO SE IDENTIFICA", "fecha_ingr": null, "long": 0.0, "longitud_m": 93.86079743634663 }, "geometry": { "type": "LineString", "coordinates": [ [ -58.405300111116652, -34.599769546764279 ], [ -58.406314241004061, -34.599656994679613 ] ] } },
{ "type": "Feature", "properties": { "TELECOM": null, "nomoficial": "PUEYRREDON AV.", "COM_PAR": "3", "id_street": "9000", "alt_derfin": "999", "ZONA": "19", "alt_derini": "901", "TELEFONICA": null, "alt_izqfin": "1000", "BARRIO": "BALVANERA", "COMUNA": "3", "alt_izqini": "902", "codigo": "17132", "BARRIO_PAR": "BALVANERA", "id": null, "TELECENTRO": null, "EMPRESA": "TELCOS - NO SE IDENTIFICA", "fecha_ingr": null, "long": 0.0, "longitud_m": 165.28067288356817 }, "geometry": { "type": "LineString", "coordinates": [ [ -58.404182834832312, -34.599895350551705 ], [ -58.403724400784647, -34.598454471462254 ] ] } },
{ "type": "Feature", "properties": { "TELECOM": null, "nomoficial": "SAN LUIS", "COM_PAR": "3", "id_street": "9001", "alt_derfin": "2799", "ZONA": "19", "alt_derini": "2701", "TELEFONICA": null, "alt_izqfin": "2800", "BARRIO": "BALVANERA", "COMUNA": "3", "alt_izqini": "2702", "codigo": "20043", "BARRIO_PAR": "BALVANERA", "id": null, "TELECENTRO": null, "EMPRESA": "TELCOS - NO SE IDENTIFICA", "fecha_ingr": null, "long": 0.0, "longitud_m": 103.43397753726285 }, "geometry": { "type": "LineString", "coordinates": [ [ -58.404182834832312, -34.599895350551705 ], [ -58.405300111116652, -34.599769546764279 ] ] } },
{ "type": "Feature", "properties": { "TELECOM": null, "nomoficial": "PASO", "COM_PAR": "3", "id_street": "9028", "alt_derfin": "799", "ZONA": "19", "alt_derini": "751", "TELEFONICA": null, "alt_izqfin": "800", "BARRIO": "BALVANERA", "COMUNA": "3", "alt_izqini": "752", "codigo": "17029", "BARRIO_PAR": "BALVANERA", "id": null, "TELECENTRO": null, "EMPRESA": "TELCOS - NO SE IDENTIFICA", "fecha_ingr": null, "long": 0.0, "longitud_m": 134.14544051163659 }, "geometry": { "type": "LineString", "coordinates": [ [ -58.403284618728115, -34.59999343471614 ], [ -58.403085686980461, -34.598795430874091 ] ] } },
{ "type": "Feature", "properties": { "TELECOM": null, "nomoficial": "SAN LUIS", "COM_PAR": "3", "id_street": "9029", "alt_derfin": "2699", "ZONA": "19", "alt_derini": "2601", "TELEFONICA": null, "alt_izqfin": "2700", "BARRIO": "BALVANERA", "COMUNA": "3", "alt_izqini": "2602", "codigo": "20043", "BARRIO_PAR": "BALVANERA", "id": null, "TELECENTRO": null, "EMPRESA": "TELCOS - NO SE IDENTIFICA", "fecha_ingr": null, "long": 0.0, "longitud_m": 83.108925461417229 }, "geometry": { "type": "LineString", "coordinates": [ [ -58.403284618728115, -34.59999343471614 ], [ -58.404182834832312, -34.599895350551705 ] ] } },
{ "type": "Feature", "properties": { "TELECOM": null, "nomoficial": "LARREA", "COM_PAR": "3", "id_street": "9051", "alt_derfin": "799", "ZONA": "19", "alt_derini": "751", "TELEFONICA": null, "alt_izqfin": "800", "BARRIO": "BALVANERA", "COMUNA": "3", "alt_izqini": "752", "codigo": "12065", "BARRIO_PAR": "BALVANERA", "id": null, "TELECENTRO": null, "EMPRESA": "TELCOS - NO SE IDENTIFICA", "fecha_ingr": null, "long": 0.0, "longitud_m": 107.2706886879003 }, "geometry": { "type": "LineString", "coordinates": [ [ -58.40243205252073, -34.600086464545825 ], [ -58.402477298066245, -34.599120204605946 ] ] } },
{ "type": "Feature", "properties": { "TELECOM": null, "nomoficial": "SAN LUIS", "COM_PAR": "3", "id_street": "9052", "alt_derfin": "2599", "ZONA": "19", "alt_derini": "2501", "TELEFONICA": null, "alt_izqfin": "2600", "BARRIO": "BALVANERA", "COMUNA": "3", "alt_izqini": "2502", "codigo": "20043", "BARRIO_PAR": "BALVANERA", "id": null, "TELECENTRO": null, "EMPRESA": "TELCOS - NO SE IDENTIFICA", "fecha_ingr": null, "long": 0.0, "longitud_m": 78.883996901601108 }, "geometry": { "type": "LineString", "coordinates": [ [ -58.40243205252073, -34.600086464545825 ], [ -58.403284618728115, -34.59999343471614 ] ] } },
{ "type": "Feature", "properties": { "TELECOM": null, "nomoficial": "SAN LUIS", "COM_PAR": "3", "id_street": "9097", "alt_derfin": "2499", "ZONA": "19", "alt_derini": "2401", "TELEFONICA": null, "alt_izqfin": "2500", "BARRIO": "BALVANERA", "COMUNA": "3", "alt_izqini": "2402", "codigo": "20043", "BARRIO_PAR": "BALVANERA", "id": null, "TELECENTRO": null, "EMPRESA": "TELCOS - NO SE IDENTIFICA", "fecha_ingr": null, "long": 0.0, "longitud_m": 129.45407160681313 }, "geometry": { "type": "LineString", "coordinates": [ [ -58.401032343637752, -34.600235408477069 ], [ -58.40243205252073, -34.600086464545825 ] ] } },
{ "type": "Feature", "properties": { "TELECOM": null, "nomoficial": "ECUADOR", "COM_PAR": "3", "id_street": "9200", "alt_derfin": "899", "ZONA": "19", "alt_derini": "801", "TELEFONICA": null, "alt_izqfin": "900", "BARRIO": "BALVANERA", "COMUNA": "3", "alt_izqini": "802", "codigo": "5001", "BARRIO_PAR": "BALVANERA", "id": null, "TELECENTRO": null, "EMPRESA": "TELCOS - NO SE IDENTIFICA", "fecha_ingr": null, "long": 0.0, "longitud_m": 120.83257054957261 }, "geometry": { "type": "LineString", "coordinates": [ [ -58.406650265673171, -34.600710195474761 ], [ -58.406314241004061, -34.599656994679613 ] ] } },
{ "type": "Feature", "properties": { "TELECOM": null, "nomoficial": "BOULOGNE SUR MER", "COM_PAR": "3", "id_street": "9239", "alt_derfin": "899", "ZONA": "19", "alt_derini": "801", "TELEFONICA": null, "alt_izqfin": "900", "BARRIO": "BALVANERA", "COMUNA": "3", "alt_izqini": "802", "codigo": "2106", "BARRIO_PAR": "BALVANERA", "id": null, "TELECENTRO": null, "EMPRESA": "TELCOS - NO SE IDENTIFICA", "fecha_ingr": null, "long": 0.0, "longitud_m": 117.61982934232398 }, "geometry": { "type": "LineString", "coordinates": [ [ -58.405634014688708, -34.600793241831887 ], [ -58.405300111116652, -34.599769546764279 ] ] } },
{ "type": "Feature", "properties": { "TELECOM": null, "nomoficial": "VIAMONTE", "COM_PAR": "3", "id_street": "9240", "alt_derfin": "2899", "ZONA": "19", "alt_derini": "2801", "TELEFONICA": null, "alt_izqfin": "2900", "BARRIO": "BALVANERA", "COMUNA": "3", "alt_izqini": "2802", "codigo": "23045", "BARRIO_PAR": "BALVANERA", "id": null, "TELECENTRO": null, "EMPRESA": "TELCOS - NO SE IDENTIFICA", "fecha_ingr": null, "long": 0.0, "longitud_m": 93.674162490544063 }, "geometry": { "type": "LineString", "coordinates": [ [ -58.405634014688708, -34.600793241831887 ], [ -58.406650265673171, -34.600710195474761 ] ] } },
{ "type": "Feature", "properties": { "TELECOM": null, "nomoficial": "PUEYRREDON AV.", "COM_PAR": "3", "id_street": "9276", "alt_derfin": "899", "ZONA": "19", "alt_derini": "801", "TELEFONICA": null, "alt_izqfin": "900", "BARRIO": "BALVANERA", "COMUNA": "3", "alt_izqini": "802", "codigo": "17132", "BARRIO_PAR": "BALVANERA", "id": null, "TELECENTRO": null, "EMPRESA": "TELCOS - NO SE IDENTIFICA", "fecha_ingr": null, "long": 0.0, "longitud_m": 113.30348350159778 }, "geometry": { "type": "LineString", "coordinates": [ [ -58.404498951195443, -34.600882701497063 ], [ -58.404182834832312, -34.599895350551705 ] ] } },
{ "type": "Feature", "properties": { "TELECOM": null, "nomoficial": "VIAMONTE", "COM_PAR": "3", "id_street": "9277", "alt_derfin": "2799", "ZONA": "19", "alt_derini": "2701", "TELEFONICA": null, "alt_izqfin": "2800", "BARRIO": "BALVANERA", "COMUNA": "3", "alt_izqini": "2702", "codigo": "23045", "BARRIO_PAR": "BALVANERA", "id": null, "TELECENTRO": null, "EMPRESA": "TELCOS - NO SE IDENTIFICA", "fecha_ingr": null, "long": 0.0, "longitud_m": 104.59041704087731 }, "geometry": { "type": "LineString", "coordinates": [ [ -58.404498951195443, -34.600882701497063 ], [ -58.405634014688708, -34.600793241831887 ] ] } },
{ "type": "Feature", "properties": { "TELECOM": null, "nomoficial": "PASO", "COM_PAR": "3", "id_street": "9310", "alt_derfin": "749", "ZONA": "19", "alt_derini": "701", "TELEFONICA": null, "alt_izqfin": "750", "BARRIO": "BALVANERA", "COMUNA": "3", "alt_izqini": "702", "codigo": "17029", "BARRIO_PAR": "BALVANERA", "id": null, "TELECENTRO": null, "EMPRESA": "TELCOS - NO SE IDENTIFICA", "fecha_ingr": null, "long": 0.0, "longitud_m": 108.84043197299886 }, "geometry": { "type": "LineString", "coordinates": [ [ -58.403437302207664, -34.600966411904459 ], [ -58.403284618728115, -34.59999343471614 ] ] } },
{ "type": "Feature", "properties": { "TELECOM": null, "nomoficial": "VIAMONTE", "COM_PAR": "3", "id_street": "9311", "alt_derfin": "2699", "ZONA": "19", "alt_derini": "2601", "TELEFONICA": null, "alt_izqfin": "2700", "BARRIO": "BALVANERA", "COMUNA": "3", "alt_izqini": "2602", "codigo": "23045", "BARRIO_PAR": "BALVANERA", "id": null, "TELECENTRO": null, "EMPRESA": "TELCOS - NO SE IDENTIFICA", "fecha_ingr": null, "long": 0.0, "longitud_m": 97.825925699032652 }, "geometry": { "type": "LineString", "coordinates": [ [ -58.403437302207664, -34.600966411904459 ], [ -58.404498951195443, -34.600882701497063 ] ] } },
{ "type": "Feature", "properties": { "TELECOM": null, "nomoficial": "LARREA", "COM_PAR": "3", "id_street": "9330", "alt_derfin": "749", "ZONA": "19", "alt_derini": "701", "TELEFONICA": null, "alt_izqfin": "750", "BARRIO": "BALVANERA", "COMUNA": "3", "alt_izqini": "702", "codigo": "12065", "BARRIO_PAR": "BALVANERA", "id": null, "TELECENTRO": null, "EMPRESA": "TELCOS - NO SE IDENTIFICA", "fecha_ingr": null, "long": 0.0, "longitud_m": 107.04311736611866 }, "geometry": { "type": "LineString", "coordinates": [ [ -58.402373521909162, -34.601050182431905 ], [ -58.40243205252073, -34.600086464545825 ] ] } },
{ "type": "Feature", "properties": { "TELECOM": null, "nomoficial": "VIAMONTE", "COM_PAR": "3", "id_street": "9331", "alt_derfin": "2599", "ZONA": "19", "alt_derini": "2501", "TELEFONICA": null, "alt_izqfin": "2600", "BARRIO": "BALVANERA", "COMUNA": "3", "alt_izqini": "2502", "codigo": "23045", "BARRIO_PAR": "BALVANERA", "id": null, "TELECENTRO": null, "EMPRESA": "TELCOS - NO SE IDENTIFICA", "fecha_ingr": null, "long": 0.0, "longitud_m": 98.021082540408713 }, "geometry": { "type": "LineString", "coordinates": [ [ -58.402373521909162, -34.601050182431905 ], [ -58.403437302207664, -34.600966411904459 ] ] } },
{ "type": "Feature", "properties": { "TELECOM": null, "nomoficial": "VIAMONTE", "COM_PAR": "3", "id_street": "9363", "alt_derfin": "2499", "ZONA": "19", "alt_derini": "2401", "TELEFONICA": null, "alt_izqfin": "2500", "BARRIO": "BALVANERA", "COMUNA": "3", "alt_izqini": "2402", "codigo": "23045", "BARRIO_PAR": "BALVANERA", "id": null, "TELECENTRO": null, "EMPRESA": "TELCOS - NO SE IDENTIFICA", "fecha_ingr": null, "long": 0.0, "longitud_m": 128.40758606172261 }, "geometry": { "type": "LineString", "coordinates": [ [ -58.400980211914167, -34.601162015689141 ], [ -58.402373521909162, -34.601050182431905 ] ] } },
{ "type": "Feature", "properties": { "TELECOM": null, "nomoficial": "BOULOGNE SUR MER", "COM_PAR": "3", "id_street": "9504", "alt_derfin": "799", "ZONA": "19", "alt_derini": "701", "TELEFONICA": null, "alt_izqfin": "800", "BARRIO": "BALVANERA", "COMUNA": "3", "alt_izqini": "702", "codigo": "2106", "BARRIO_PAR": "BALVANERA", "id": null, "TELECENTRO": null, "EMPRESA": "TELCOS - NO SE IDENTIFICA", "fecha_ingr": null, "long": 0.0, "longitud_m": 107.08268055179255 }, "geometry": { "type": "LineString", "coordinates": [ [ -58.405931622420518, -34.601726635706136 ], [ -58.405634014688708, -34.600793241831887 ] ] } },
{ "type": "Feature", "properties": { "TELECOM": null, "nomoficial": "TUCUMAN", "COM_PAR": "3", "id_street": "9505", "alt_derfin": "2899", "ZONA": "19", "alt_derini": "2801", "TELEFONICA": null, "alt_izqfin": "2900", "BARRIO": "BALVANERA", "COMUNA": "3", "alt_izqini": "2802", "codigo": "21060", "BARRIO_PAR": "BALVANERA", "id": null, "TELECENTRO": null, "EMPRESA": "TELCOS - NO SE IDENTIFICA", "fecha_ingr": null, "long": 0.0, "longitud_m": 93.711643217647833 }, "geometry": { "type": "LineString", "coordinates": [ [ -58.405931622420518, -34.601726635706136 ], [ -58.406945852906411, -34.601625205396303 ] ] } },
{ "type": "Feature", "properties": { "TELECOM": null, "nomoficial": "PUEYRREDON AV.", "COM_PAR": "3", "id_street": "9536", "alt_derfin": "799", "ZONA": "19", "alt_derini": "701", "TELEFONICA": null, "alt_izqfin": "800", "BARRIO": "BALVANERA", "COMUNA": "3", "alt_izqini": "702", "codigo": "17132", "BARRIO_PAR": "BALVANERA", "id": null, "TELECENTRO": null, "EMPRESA": "TELCOS - NO SE IDENTIFICA", "fecha_ingr": null, "long": 0.0, "longitud_m": 109.72196054560881 }, "geometry": { "type": "LineString", "coordinates": [ [ -58.404805047244047, -34.601838849010534 ], [ -58.404498951195443, -34.600882701497063 ] ] } },
{ "type": "Feature", "properties": { "TELECOM": null, "nomoficial": "TUCUMAN", "COM_PAR": "3", "id_street": "9537", "alt_derfin": "2799", "ZONA": "19", "alt_derini": "2701", "TELEFONICA": null, "alt_izqfin": "2800", "BARRIO": "BALVANERA", "COMUNA": "3", "alt_izqini": "2702", "codigo": "21060", "BARRIO_PAR": "BALVANERA", "id": null, "TELECENTRO": null, "EMPRESA": "TELCOS - NO SE IDENTIFICA", "fecha_ingr": null, "long": 0.0, "longitud_m": 104.08578853277091 }, "geometry": { "type": "LineString", "coordinates": [ [ -58.404805047244047, -34.601838849010534 ], [ -58.405931622420518, -34.601726635706136 ] ] } },
{ "type": "Feature", "properties": { "TELECOM": null, "nomoficial": "PASO", "COM_PAR": "3", "id_street": "9564", "alt_derfin": "699", "ZONA": "19", "alt_derini": "601", "TELEFONICA": null, "alt_izqfin": "700", "BARRIO": "BALVANERA", "COMUNA": "3", "alt_izqini": "602", "codigo": "17029", "BARRIO_PAR": "BALVANERA", "id": null, "TELECENTRO": null, "EMPRESA": "TELCOS - NO SE IDENTIFICA", "fecha_ingr": null, "long": 0.0, "longitud_m": 110.81286075585942 }, "geometry": { "type": "LineString", "coordinates": [ [ -58.40359167986319, -34.601957136322341 ], [ -58.403437302207664, -34.600966411904459 ] ] } },
{ "type": "Feature", "properties": { "TELECOM": null, "nomoficial": "TUCUMAN", "COM_PAR": "3", "id_street": "9565", "alt_derfin": "2699", "ZONA": "19", "alt_derini": "2601", "TELEFONICA": null, "alt_izqfin": "2700", "BARRIO": "BALVANERA", "COMUNA": "3", "alt_izqini": "2602", "codigo": "21060", "BARRIO_PAR": "BALVANERA", "id": null, "TELECENTRO": null, "EMPRESA": "TELCOS - NO SE IDENTIFICA", "fecha_ingr": null, "long": 0.0, "longitud_m": 112.07073187828544 }, "geometry": { "type": "LineString", "coordinates": [ [ -58.40359167986319, -34.601957136322341 ], [ -58.404805047244047, -34.601838849010534 ] ] } },
{ "type": "Feature", "properties": { "TELECOM": null, "nomoficial": "LARREA", "COM_PAR": "3", "id_street": "9604", "alt_derfin": "699", "ZONA": "19", "alt_derini": "601", "TELEFONICA": null, "alt_izqfin": "700", "BARRIO": "BALVANERA", "COMUNA": "3", "alt_izqini": "602", "codigo": "12065", "BARRIO_PAR": "BALVANERA", "id": null, "TELECENTRO": null, "EMPRESA": "TELCOS - NO SE IDENTIFICA", "fecha_ingr": null, "long": 0.0, "longitud_m": 115.52452967273781 }, "geometry": { "type": "LineString", "coordinates": [ [ -58.402306502718019, -34.602090094220031 ], [ -58.402373521909162, -34.601050182431905 ] ] } },
{ "type": "Feature", "properties": { "TELECOM": null, "nomoficial": "TUCUMAN", "COM_PAR": "3", "id_street": "9605", "alt_derfin": "2599", "ZONA": "19", "alt_derini": "2501", "TELEFONICA": null, "alt_izqfin": "2600", "BARRIO": "BALVANERA", "COMUNA": "3", "alt_izqini": "2502", "codigo": "21060", "BARRIO_PAR": "BALVANERA", "id": null, "TELECENTRO": null, "EMPRESA": "TELCOS - NO SE IDENTIFICA", "fecha_ingr": null, "long": 0.0, "longitud_m": 118.80577996606176 }, "geometry": { "type": "LineString", "coordinates": [ [ -58.402306502718019, -34.602090094220031 ], [ -58.40359167986319, -34.601957136322341 ] ] } },
{ "type": "Feature", "properties": { "TELECOM": null, "nomoficial": "TUCUMAN", "COM_PAR": "3", "id_street": "9652", "alt_derfin": "2499", "ZONA": "19", "alt_derini": "2401", "TELEFONICA": null, "alt_izqfin": "2500", "BARRIO": "BALVANERA", "COMUNA": "3", "alt_izqini": "2402", "codigo": "21060", "BARRIO_PAR": "BALVANERA", "id": null, "TELECENTRO": null, "EMPRESA": "TELCOS - NO SE IDENTIFICA", "fecha_ingr": null, "long": 0.0, "longitud_m": 129.32489626003959 }, "geometry": { "type": "LineString", "coordinates": [ [ -58.400904141307358, -34.602210302461899 ], [ -58.402306502718019, -34.602090094220031 ] ] } },
{ "type": "Feature", "properties": { "TELECOM": null, "nomoficial": "BOULOGNE SUR MER", "COM_PAR": "3", "id_street": "9917", "alt_derfin": "699", "ZONA": "19", "alt_derini": "601", "TELEFONICA": null, "alt_izqfin": "700", "BARRIO": "BALVANERA", "COMUNA": "3", "alt_izqini": "602", "codigo": "2106", "BARRIO_PAR": "BALVANERA", "id": null, "TELECENTRO": null, "EMPRESA": "TELCOS - NO SE IDENTIFICA", "fecha_ingr": null, "long": 0.0, "longitud_m": 164.22187443473209 }, "geometry": { "type": "LineString", "coordinates": [ [ -58.406321038552456, -34.603171558112621 ], [ -58.405931622420518, -34.601726635706136 ] ] } },
{ "type": "Feature", "properties": { "TELECOM": null, "nomoficial": "LAVALLE", "COM_PAR": "3", "id_street": "9918", "alt_derfin": "2899", "ZONA": "19", "alt_derini": "2801", "TELEFONICA": null, "alt_izqfin": "2900", "BARRIO": "BALVANERA", "COMUNA": "3", "alt_izqini": "2802", "codigo": "12089", "BARRIO_PAR": "BALVANERA", "id": null, "TELECENTRO": null, "EMPRESA": "TELCOS - NO SE IDENTIFICA", "fecha_ingr": null, "long": 0.0, "longitud_m": 101.28866749556992 }, "geometry": { "type": "LineString", "coordinates": [ [ -58.406321038552456, -34.603171558112621 ], [ -58.407410351275203, -34.603021918859056 ] ] } },
{ "type": "Feature", "properties": { "TELECOM": null, "nomoficial": "PUEYRREDON AV.", "COM_PAR": "3", "id_street": "9961", "alt_derfin": "699", "ZONA": "19", "alt_derini": "601", "TELEFONICA": null, "alt_izqfin": "700", "BARRIO": "BALVANERA", "COMUNA": "3", "alt_izqini": "602", "codigo": "17132", "BARRIO_PAR": "BALVANERA", "id": null, "TELECENTRO": null, "EMPRESA": "TELCOS - NO SE IDENTIFICA", "fecha_ingr": null, "long": 0.0, "longitud_m": 169.90644234347835 }, "geometry": { "type": "LineString", "coordinates": [ [ -58.405158718201989, -34.603342279942339 ], [ -58.404805047244047, -34.601838849010534 ] ] } },
{ "type": "Feature", "properties": { "TELECOM": null, "nomoficial": "LAVALLE", "COM_PAR": "3", "id_street": "9962", "alt_derfin": "2799", "ZONA": "19", "alt_derini": "2701", "TELEFONICA": null, "alt_izqfin": "2800", "BARRIO": "BALVANERA", "COMUNA": "3", "alt_izqini": "2702", "codigo": "12089", "BARRIO_PAR": "BALVANERA", "id": null, "TELECENTRO": null, "EMPRESA": "TELCOS - NO SE IDENTIFICA", "fecha_ingr": null, "long": 0.0, "longitud_m": 108.28472395568924 }, "geometry": { "type": "LineString", "coordinates": [ [ -58.405158718201989, -34.603342279942339 ], [ -58.406321038552456, -34.603171558112621 ] ] } },
{ "type": "Feature", "properties": { "TELECOM": null, "nomoficial": "PASO", "COM_PAR": "3", "id_street": "9971", "alt_derfin": "599", "ZONA": "19", "alt_derini": "501", "TELEFONICA": null, "alt_izqfin": "600", "BARRIO": "BALVANERA", "COMUNA": "3", "alt_izqini": "502", "codigo": "17029", "BARRIO_PAR": "BALVANERA", "id": null, "TELECENTRO": null, "EMPRESA": "TELCOS - NO SE IDENTIFICA", "fecha_ingr": null, "long": 0.0, "longitud_m": 160.44251101902563 }, "geometry": { "type": "LineString", "coordinates": [ [ -58.403625649056686, -34.60340316042403 ], [ -58.40359167986319, -34.601957136322341 ] ] } },
{ "type": "Feature", "properties": { "TELECOM": null, "nomoficial": "LAVALLE", "COM_PAR": "3", "id_street": "9972", "alt_derfin": "2699", "ZONA": "19", "alt_derini": "2601", "TELEFONICA": null, "alt_izqfin": "2700", "BARRIO": "BALVANERA", "COMUNA": "3", "alt_izqini": "2602", "codigo": "12089", "BARRIO_PAR": "BALVANERA", "id": null, "TELECENTRO": null, "EMPRESA": "TELCOS - NO SE IDENTIFICA", "fecha_ingr": null, "long": 0.0, "longitud_m": 140.78510640542856 }, "geometry": { "type": "LineString", "coordinates": [ [ -58.403625649056686, -34.60340316042403 ], [ -58.405158718201989, -34.603342279942339 ] ] } },
{ "type": "Feature", "properties": { "TELECOM": null, "nomoficial": "LARREA", "COM_PAR": "3", "id_street": "9978", "alt_derfin": "599", "ZONA": "19", "alt_derini": "501", "TELEFONICA": null, "alt_izqfin": "600", "BARRIO": "BALVANERA", "COMUNA": "3", "alt_izqini": "502", "codigo": "12065", "BARRIO_PAR": "BALVANERA", "id": null, "TELECENTRO": null, "EMPRESA": "TELCOS - NO SE IDENTIFICA", "fecha_ingr": null, "long": 0.0, "longitud_m": 148.0449690736381 }, "geometry": { "type": "LineString", "coordinates": [ [ -58.402220700912657, -34.603422747205279 ], [ -58.402306502718019, -34.602090094220031 ] ] } },
{ "type": "Feature", "properties": { "TELECOM": null, "nomoficial": "LAVALLE", "COM_PAR": "3", "id_street": "9979", "alt_derfin": "2599", "ZONA": "19", "alt_derini": "2501", "TELEFONICA": null, "alt_izqfin": "2600", "BARRIO": "BALVANERA", "COMUNA": "3", "alt_izqini": "2502", "codigo": "12089", "BARRIO_PAR": "BALVANERA", "id": null, "TELECENTRO": null, "EMPRESA": "TELCOS - NO SE IDENTIFICA", "fecha_ingr": null, "long": 0.0, "longitud_m": 128.88918793055939 }, "geometry": { "type": "LineString", "coordinates": [ [ -58.402220700912657, -34.603422747205279 ], [ -58.403625649056686, -34.60340316042403 ] ] } },
{ "type": "Feature", "properties": { "TELECOM": null, "nomoficial": "LAVALLE", "COM_PAR": "3", "id_street": "9984", "alt_derfin": "2499", "ZONA": "19", "alt_derini": "2401", "TELEFONICA": null, "alt_izqfin": "2500", "BARRIO": "BALVANERA", "COMUNA": "3", "alt_izqini": "2402", "codigo": "12089", "BARRIO_PAR": "BALVANERA", "id": null, "TELECENTRO": null, "EMPRESA": "TELCOS - NO SE IDENTIFICA", "fecha_ingr": null, "long": 0.0, "longitud_m": 121.15396744585112 }, "geometry": { "type": "LineString", "coordinates": [ [ -58.400900151933406, -34.603444825825619 ], [ -58.402220700912657, -34.603422747205279 ] ] } },
{ "type": "Feature", "properties": { "TELECOM": null, "nomoficial": "BOULOGNE SUR MER", "COM_PAR": "3", "id_street": "10214", "alt_derfin": "599", "ZONA": "19", "alt_derini": "501", "TELEFONICA": null, "alt_izqfin": "600", "BARRIO": "BALVANERA", "COMUNA": "3", "alt_izqini": "502", "codigo": "2106", "BARRIO_PAR": "BALVANERA", "id": null, "TELECENTRO": null, "EMPRESA": "TELCOS - NO SE IDENTIFICA", "fecha_ingr": null, "long": 0.0, "longitud_m": 140.819626500206 }, "geometry": { "type": "LineString", "coordinates": [ [ -58.406645111502471, -34.604412361122208 ], [ -58.406321038552456, -34.603171558112621 ] ] } },
{ "type": "Feature", "properties": { "TELECOM": null, "nomoficial": "PUEYRREDON AV.", "COM_PAR": "3", "id_street": "10262", "alt_derfin": "599", "ZONA": "19", "alt_derini": "501", "TELEFONICA": null, "alt_izqfin": "600", "BARRIO": "BALVANERA", "COMUNA": "3", "alt_izqini": "502", "codigo": "17132", "BARRIO_PAR": "BALVANERA", "id": null, "TELECENTRO": null, "EMPRESA": "TELCOS - NO SE IDENTIFICA", "fecha_ingr": null, "long": 0.0, "longitud_m": 138.43170564711011 }, "geometry": { "type": "LineString", "coordinates": [ [ -58.405472227484211, -34.604562939849878 ], [ -58.405158718201989, -34.603342279942339 ] ] } },
{ "type": "Feature", "properties": { "TELECOM": null, "nomoficial": "AZCUENAGA", "COM_PAR": "3", "id_street": "10301", "alt_derfin": "499", "ZONA": "19", "alt_derini": "401", "TELEFONICA": null, "alt_izqfin": "500", "BARRIO": "BALVANERA", "COMUNA": "3", "alt_izqini": "402", "codigo": "1147", "BARRIO_PAR": "BALVANERA", "id": null, "TELECENTRO": null, "EMPRESA": "TELCOS - NO SE IDENTIFICA", "fecha_ingr": null, "long": 0.0, "longitud_m": 136.57797030194155 }, "geometry": { "type": "LineString", "coordinates": [ [ -58.400838846662666, -34.604674953349395 ], [ -58.400900151933406, -34.603444825825619 ] ] } },
{ "type": "Feature", "properties": { "TELECOM": null, "nomoficial": "CORRIENTES AV.", "COM_PAR": "3", "id_street": "10310", "alt_derfin": "2499", "ZONA": "19", "alt_derini": "2401", "TELEFONICA": null, "alt_izqfin": "2500", "BARRIO": "BALVANERA", "COMUNA": "3", "alt_izqini": "2402", "codigo": "3174", "BARRIO_PAR": "BALVANERA", "id": null, "TELECENTRO": null, "EMPRESA": "TELCOS - NO SE IDENTIFICA", "fecha_ingr": null, "long": 0.0, "longitud_m": 119.41831449506725 }, "geometry": { "type": "LineString", "coordinates": [ [ -58.400838846662666, -34.604674953349395 ], [ -58.402139952467117, -34.60471293696164 ] ] } },
{ "type": "Feature", "properties": { "TELECOM": null, "nomoficial": "LARREA", "COM_PAR": "3", "id_street": "10311", "alt_derfin": "499", "ZONA": "19", "alt_derini": "401", "TELEFONICA": null, "alt_izqfin": "500", "BARRIO": "BALVANERA", "COMUNA": "3", "alt_izqini": "402", "codigo": "12065", "BARRIO_PAR": "BALVANERA", "id": null, "TELECENTRO": null, "EMPRESA": "TELCOS - NO SE IDENTIFICA", "fecha_ingr": null, "long": 0.0, "longitud_m": 143.31658342018608 }, "geometry": { "type": "LineString", "coordinates": [ [ -58.402139952467117, -34.60471293696164 ], [ -58.402220700912657, -34.603422747205279 ] ] } },
{ "type": "Feature", "properties": { "TELECOM": null, "nomoficial": "PASO", "COM_PAR": "3", "id_street": "10315", "alt_derfin": "499", "ZONA": "19", "alt_derini": "401", "TELEFONICA": null, "alt_izqfin": "500", "BARRIO": "BALVANERA", "COMUNA": "3", "alt_izqini": "402", "codigo": "17029", "BARRIO_PAR": "BALVANERA", "id": null, "TELECENTRO": null, "EMPRESA": "TELCOS - NO SE IDENTIFICA", "fecha_ingr": null, "long": 0.0, "longitud_m": 149.39725987988655 }, "geometry": { "type": "LineString", "coordinates": [ [ -58.403633628515252, -34.604749874244462 ], [ -58.403625649056686, -34.60340316042403 ] ] } },
{ "type": "Feature", "properties": { "TELECOM": null, "nomoficial": "CALZADA CIRCULAR PLAZA ITALIA", "COM_PAR": "14", "id_street": "27686", "alt_derfin": "0", "ZONA": "19", "alt_derini": "0", "TELEFONICA": null, "alt_izqfin": "0", "BARRIO": "PALERMO", "COMUNA": "14", "alt_izqini": "0", "codigo": "99906", "BARRIO_PAR": "PALERMO", "id": null, "TELECENTRO": null, "EMPRESA": "TELCOS - NO SE IDENTIFICA", "fecha_ingr": null, "long": 0.0, "longitud_m": 87.197655715923332 }, "geometry": { "type": "LineString", "coordinates": [ [ -58.420753727261832, -34.581862722433463 ], [ -58.420519076699151, -34.581836040382932 ], [ -58.420283226563257, -34.581688007660503 ], [ -58.420119387376985, -34.581370448309301 ] ] } },
{ "type": "Feature", "properties": { "TELECOM": null, "nomoficial": "CALZADA CIRCULAR PLAZA ITALIA", "COM_PAR": "14", "id_street": "27843", "alt_derfin": "0", "ZONA": "19", "alt_derini": "0", "TELEFONICA": null, "alt_izqfin": "0", "BARRIO": "PALERMO", "COMUNA": "14", "alt_izqini": "0", "codigo": "99906", "BARRIO_PAR": "PALERMO", "id": null, "TELECENTRO": null, "EMPRESA": "TELCOS - NO SE IDENTIFICA", "fecha_ingr": null, "long": 0.0, "longitud_m": 39.283397703798421 }, "geometry": { "type": "LineString", "coordinates": [ [ -58.421599703206333, -34.580846170072618 ], [ -58.421735801630355, -34.581181921465785 ] ] } },
{ "type": "Feature", "properties": { "TELECOM": null, "nomoficial": "URIARTE", "COM_PAR": "14", "id_street": "27844", "alt_derfin": "0", "ZONA": "19", "alt_derini": "0", "TELEFONICA": null, "alt_izqfin": "0", "BARRIO": "PALERMO", "COMUNA": "14", "alt_izqini": "0", "codigo": "22010", "BARRIO_PAR": "PALERMO", "id": null, "TELECENTRO": null, "EMPRESA": "TELCOS - NO SE IDENTIFICA", "fecha_ingr": null, "long": 0.0, "longitud_m": 35.425272814415017 }, "geometry": { "type": "LineString", "coordinates": [ [ -58.422604493980749, -34.580579667778146 ], [ -58.422325994303577, -34.580358491099872 ] ] } },
{ "type": "Feature", "properties": { "TELECOM": null, "nomoficial": "DARREGUEYRA", "COM_PAR": "14", "id_street": "27845", "alt_derfin": "0", "ZONA": "19", "alt_derini": "0", "TELEFONICA": null, "alt_izqfin": "0", "BARRIO": "PALERMO", "COMUNA": "14", "alt_izqini": "0", "codigo": "4010", "BARRIO_PAR": "PALERMO", "id": null, "TELECENTRO": null, "EMPRESA": "TELCOS - NO SE IDENTIFICA", "fecha_ingr": null, "long": 0.0, "longitud_m": 32.523531038624441 }, "geometry": { "type": "LineString", "coordinates": [ [ -58.423613878452919, -34.57987991662845 ], [ -58.423406168754354, -34.579642342000945 ] ] } },
{ "type": "Feature", "properties": { "TELECOM": null, "nomoficial": "SANTA FE AV.", "COM_PAR": "14", "id_street": "27847", "alt_derfin": "4499", "ZONA": "19", "alt_derini": "4401", "TELEFONICA": null, "alt_izqfin": "0", "BARRIO": "PALERMO", "COMUNA": "14", "alt_izqini": "0", "codigo": "20057", "BARRIO_PAR": "PALERMO", "id": null, "TELECENTRO": null, "EMPRESA": "TELCOS - NO SE IDENTIFICA", "fecha_ingr": null, "long": 0.0, "longitud_m": 94.548981264431575 }, "geometry": { "type": "LineString", "coordinates": [ [ -58.423406168754354, -34.579642342000945 ], [ -58.424258212738408, -34.579162979706233 ] ] } },
{ "type": "Feature", "properties": { "TELECOM": null, "nomoficial": "SANTA FE AV.", "COM_PAR": "14", "id_street": "27848", "alt_derfin": "0", "ZONA": "19", "alt_derini": "0", "TELEFONICA": null, "alt_izqfin": "4600", "BARRIO": "PALERMO", "COMUNA": "14", "alt_izqini": "4502", "codigo": "20057", "BARRIO_PAR": "PALERMO", "id": null, "TELECENTRO": null, "EMPRESA": "TELCOS - NO SE IDENTIFICA", "fecha_ingr": null, "long": 0.0, "longitud_m": 107.8328630486595 }, "geometry": { "type": "LineString", "coordinates": [ [ -58.424380505493517, -34.579291657679249 ], [ -58.425208278752194, -34.578764198545883 ], [ -58.425254564658161, -34.578663444256286 ] ] } },
{ "type": "Feature", "properties": { "TELECOM": null, "nomoficial": "FRAY JUSTO SANTAMARIA DE ORO", "COM_PAR": "14", "id_street": "27849", "alt_derfin": "0", "ZONA": "19", "alt_derini": "0", "TELEFONICA": null, "alt_izqfin": "0", "BARRIO": "PALERMO", "COMUNA": "14", "alt_izqini": "0", "codigo": "16029", "BARRIO_PAR": "PALERMO", "id": null, "TELECENTRO": null, "EMPRESA": "TELCOS - NO SE IDENTIFICA", "fecha_ingr": null, "long": 0.0, "longitud_m": 18.156803413736583 }, "geometry": { "type": "LineString", "coordinates": [ [ -58.424380505493517, -34.579291657679249 ], [ -58.424258212738408, -34.579162979706233 ] ] } },
{ "type": "Feature", "properties": { "TELECOM": null, "nomoficial": "GARCIA, TEODORO", "COM_PAR": "14", "id_street": "2275", "alt_derfin": "1699", "ZONA": "SIN ZONA", "alt_derini": "1601", "TELEFONICA": null, "alt_izqfin": "1700", "BARRIO": "PALERMO", "COMUNA": "14", "alt_izqini": "1602", "codigo": "7033", "BARRIO_PAR": "PALERMO", "id": "2275", "TELECENTRO": null, "EMPRESA": "TELCOS - NO SE IDENTIFICA", "fecha_ingr": null, "long": 0.0, "longitud_m": 35.567652949437012 }, "geometry": { "type": "LineString", "coordinates": [ [ -58.439622991559801, -34.562783181083503 ], [ -58.4398503186002, -34.563042859896001 ] ] } },
{ "type": "Feature", "properties": { "TELECOM": null, "nomoficial": "MIGUELETES", "COM_PAR": "14", "id_street": "2338", "alt_derfin": "1299", "ZONA": "SIN ZONA", "alt_derini": "1201", "TELEFONICA": null, "alt_izqfin": "1300", "BARRIO": "PALERMO", "COMUNA": "14", "alt_izqini": "1202", "codigo": "13079", "BARRIO_PAR": "PALERMO", "id": "2338", "TELECENTRO": null, "EMPRESA": "TELCOS - NO SE IDENTIFICA", "fecha_ingr": null, "long": 0.0, "longitud_m": 117.6896925809275 }, "geometry": { "type": "LineString", "coordinates": [ [ -58.438811161318, -34.563664570684999 ], [ -58.4398503186002, -34.563042859896001 ] ] } },
{ "type": "Feature", "properties": { "TELECOM": null, "nomoficial": "GARCIA, TEODORO", "COM_PAR": "14", "id_street": "2372", "alt_derfin": "1799", "ZONA": "SIN ZONA", "alt_derini": "1701", "TELEFONICA": null, "alt_izqfin": "1800", "BARRIO": "PALERMO", "COMUNA": "14", "alt_izqini": "1702", "codigo": "7033", "BARRIO_PAR": "PALERMO", "id": "2372", "TELECENTRO": null, "EMPRESA": "TELCOS - NO SE IDENTIFICA", "fecha_ingr": null, "long": 0.0, "longitud_m": 117.42377038790663 }, "geometry": { "type": "LineString", "coordinates": [ [ -58.4398503186002, -34.563042859896001 ], [ -58.440600650431797, -34.563900273708001 ] ] } },
{ "type": "Feature", "properties": { "TELECOM": null, "nomoficial": "LACROZE, FEDERICO", "COM_PAR": "14", "id_street": "2448", "alt_derfin": "1799", "ZONA": "SIN ZONA", "alt_derini": "1701", "TELEFONICA": null, "alt_izqfin": "1800", "BARRIO": "PALERMO", "COMUNA": "14", "alt_izqini": "1702", "codigo": "12012", "BARRIO_PAR": "PALERMO", "id": "2448", "TELECENTRO": null, "EMPRESA": "TELCOS - NO SE IDENTIFICA", "fecha_ingr": null, "long": 0.0, "longitud_m": 117.74318524452836 }, "geometry": { "type": "LineString", "coordinates": [ [ -58.438811161318, -34.563664570684999 ], [ -58.439567872779001, -34.5645217103392 ] ] } },
{ "type": "Feature", "properties": { "TELECOM": null, "nomoficial": "SOLDADO DE LA INDEPENDENCIA", "COM_PAR": "14", "id_street": "2449", "alt_derfin": "1299", "ZONA": "SIN ZONA", "alt_derini": "1201", "TELEFONICA": null, "alt_izqfin": "1300", "BARRIO": "PALERMO", "COMUNA": "14", "alt_izqini": "1202", "codigo": "20103", "BARRIO_PAR": "PALERMO", "id": "2449", "TELECENTRO": null, "EMPRESA": "TELCOS - NO SE IDENTIFICA", "fecha_ingr": null, "long": 0.0, "longitud_m": 117.1971226463359 }, "geometry": { "type": "LineString", "coordinates": [ [ -58.439567872779001, -34.5645217103392 ], [ -58.440600650431797, -34.563900273708001 ] ] } },
{ "type": "Feature", "properties": { "TELECOM": null, "nomoficial": "GARCIA, TEODORO", "COM_PAR": "14", "id_street": "2458", "alt_derfin": "1899", "ZONA": "SIN ZONA", "alt_derini": "1801", "TELEFONICA": null, "alt_izqfin": "1900", "BARRIO": "PALERMO", "COMUNA": "14", "alt_izqini": "1802", "codigo": "7033", "BARRIO_PAR": "PALERMO", "id": "2458", "TELECENTRO": null, "EMPRESA": "TELCOS - NO SE IDENTIFICA", "fecha_ingr": null, "long": 0.0, "longitud_m": 99.787156652773206 }, "geometry": { "type": "LineString", "coordinates": [ [ -58.440600650431797, -34.563900273708001 ], [ -58.441269398248203, -34.564609566341403 ] ] } },
{ "type": "Feature", "properties": { "TELECOM": null, "nomoficial": "CAMPOS, LUIS M. AV.", "COM_PAR": "14", "id_street": "2466", "alt_derfin": "1299", "ZONA": "SIN ZONA", "alt_derini": "1201", "TELEFONICA": null, "alt_izqfin": "1300", "BARRIO": "PALERMO", "COMUNA": "14", "alt_izqini": "1202", "codigo": "3043", "BARRIO_PAR": "PALERMO", "id": "2466", "TELECENTRO": null, "EMPRESA": "TELCOS - NO SE IDENTIFICA", "fecha_ingr": null, "long": 0.0, "longitud_m": 114.26744530126487 }, "geometry": { "type": "LineString", "coordinates": [ [ -58.440384117523799, -34.565333925843497 ], [ -58.441269398248203, -34.564609566341403 ] ] } },
{ "type": "Feature", "properties": { "TELECOM": null, "nomoficial": "OLLEROS AV.", "COM_PAR": "14", "id_street": "2538", "alt_derfin": "1799", "ZONA": "SIN ZONA", "alt_derini": "1701", "TELEFONICA": null, "alt_izqfin": "0", "BARRIO": "PALERMO", "COMUNA": "14", "alt_izqini": "0", "codigo": "16022", "BARRIO_PAR": "PALERMO", "id": "2538", "TELECENTRO": null, "EMPRESA": "TELCOS - NO SE IDENTIFICA", "fecha_ingr": null, "long": 0.0, "longitud_m": 119.07847008270436 }, "geometry": { "type": "LineString", "coordinates": [ [ -58.437577008944999, -34.564402853843298 ], [ -58.438459215758201, -34.565190025155097 ] ] } },
{ "type": "Feature", "properties": { "TELECOM": null, "nomoficial": "SOLDADO DE LA INDEPENDENCIA", "COM_PAR": "14", "id_street": "2539", "alt_derfin": "1199", "ZONA": "SIN ZONA", "alt_derini": "1101", "TELEFONICA": null, "alt_izqfin": "1200", "BARRIO": "PALERMO", "COMUNA": "14", "alt_izqini": "1102", "codigo": "20103", "BARRIO_PAR": "PALERMO", "id": "2539", "TELECENTRO": null, "EMPRESA": "TELCOS - NO SE IDENTIFICA", "fecha_ingr": null, "long": 0.0, "longitud_m": 125.88679029220029 }, "geometry": { "type": "LineString", "coordinates": [ [ -58.438459215758201, -34.565190025155097 ], [ -58.439567872779001, -34.5645217103392 ] ] } },
{ "type": "Feature", "properties": { "TELECOM": null, "nomoficial": "LACROZE, FEDERICO", "COM_PAR": "14", "id_street": "2554", "alt_derfin": "1899", "ZONA": "SIN ZONA", "alt_derini": "1801", "TELEFONICA": null, "alt_izqfin": "1900", "BARRIO": "PALERMO", "COMUNA": "14", "alt_izqini": "1802", "codigo": "12012", "BARRIO_PAR": "PALERMO", "id": "2554", "TELECENTRO": null, "EMPRESA": "TELCOS - NO SE IDENTIFICA", "fecha_ingr": null, "long": 0.0, "longitud_m": 118.11654432990403 }, "geometry": { "type": "LineString", "coordinates": [ [ -58.439567872779001, -34.5645217103392 ], [ -58.440327067780501, -34.565381521765602 ] ] } },
{ "type": "Feature", "properties": { "TELECOM": null, "nomoficial": "CAMPOS, LUIS M. AV.", "COM_PAR": "14", "id_street": "2555", "alt_derfin": "0", "ZONA": "SIN ZONA", "alt_derini": "0", "TELEFONICA": null, "alt_izqfin": "0", "BARRIO": "PALERMO", "COMUNA": "14", "alt_izqini": "0", "codigo": "3043", "BARRIO_PAR": "PALERMO", "id": "2555", "TELECENTRO": null, "EMPRESA": "TELCOS - NO SE IDENTIFICA", "fecha_ingr": null, "long": 0.0, "longitud_m": 7.4355041102832669 }, "geometry": { "type": "LineString", "coordinates": [ [ -58.440327067780501, -34.565381521765602 ], [ -58.440384117523799, -34.565333925843497 ] ] } },
{ "type": "Feature", "properties": { "TELECOM": null, "nomoficial": "GARCIA, TEODORO", "COM_PAR": "14", "id_street": "2607", "alt_derfin": "1999", "ZONA": "SIN ZONA", "alt_derini": "1901", "TELEFONICA": null, "alt_izqfin": "2000", "BARRIO": "PALERMO", "COMUNA": "14", "alt_izqini": "1902", "codigo": "7033", "BARRIO_PAR": "PALERMO", "id": "2607", "TELECENTRO": null, "EMPRESA": "TELCOS - NO SE IDENTIFICA", "fecha_ingr": null, "long": 0.0, "longitud_m": 169.00329627103943 }, "geometry": { "type": "LineString", "coordinates": [ [ -58.441269398248203, -34.564609566341403 ], [ -58.4423546495564, -34.5658404173329 ] ] } },
{ "type": "Feature", "properties": { "TELECOM": null, "nomoficial": "GOROSTIAGA", "COM_PAR": "14", "id_street": "2640", "alt_derfin": "1699", "ZONA": "SIN ZONA", "alt_derini": "1601", "TELEFONICA": null, "alt_izqfin": "1700", "BARRIO": "PALERMO", "COMUNA": "14", "alt_izqini": "1602", "codigo": "7071", "BARRIO_PAR": "PALERMO", "id": "2640", "TELECENTRO": null, "EMPRESA": "TELCOS - NO SE IDENTIFICA", "fecha_ingr": null, "long": 0.0, "longitud_m": 118.83907390132917 }, "geometry": { "type": "LineString", "coordinates": [ [ -58.436277187469102, -34.565180476945102 ], [ -58.437021110932797, -34.566057348063403 ] ] } },
{ "type": "Feature", "properties": { "TELECOM": null, "nomoficial": "SOLDADO DE LA INDEPENDENCIA", "COM_PAR": "14", "id_street": "2641", "alt_derfin": "1099", "ZONA": "SIN ZONA", "alt_derini": "1001", "TELEFONICA": null, "alt_izqfin": "1100", "BARRIO": "PALERMO", "COMUNA": "14", "alt_izqini": "1002", "codigo": "20103", "BARRIO_PAR": "PALERMO", "id": "2641", "TELECENTRO": null, "EMPRESA": "TELCOS - NO SE IDENTIFICA", "fecha_ingr": null, "long": 0.0, "longitud_m": 144.07827470845331 }, "geometry": { "type": "LineString", "coordinates": [ [ -58.437021110932797, -34.566057348063403 ], [ -58.438289755559701, -34.565292192720896 ] ] } },
{ "type": "Feature", "properties": { "TELECOM": null, "nomoficial": "OLLEROS AV.", "COM_PAR": "14", "id_street": "2646", "alt_derfin": "1899", "ZONA": "SIN ZONA", "alt_derini": "1801", "TELEFONICA": null, "alt_izqfin": "0", "BARRIO": "PALERMO", "COMUNA": "14", "alt_izqini": "0", "codigo": "16022", "BARRIO_PAR": "PALERMO", "id": "2646", "TELECENTRO": null, "EMPRESA": "TELCOS - NO SE IDENTIFICA", "fecha_ingr": null, "long": 0.0, "longitud_m": 140.59000266049333 }, "geometry": { "type": "LineString", "coordinates": [ [ -58.438459215758201, -34.565190025155097 ], [ -58.439400970107101, -34.565998099794498 ], [ -58.439415455029398, -34.566142489680601 ] ] } },
{ "type": "Feature", "properties": { "TELECOM": null, "nomoficial": "CAMPOS, LUIS M. AV.", "COM_PAR": "14", "id_street": "2647", "alt_derfin": "1199", "ZONA": "SIN ZONA", "alt_derini": "1101", "TELEFONICA": null, "alt_izqfin": "1200", "BARRIO": "PALERMO", "COMUNA": "14", "alt_izqini": "1102", "codigo": "3043", "BARRIO_PAR": "PALERMO", "id": "2647", "TELECENTRO": null, "EMPRESA": "TELCOS - NO SE IDENTIFICA", "fecha_ingr": null, "long": 0.0, "longitud_m": 118.84668987898878 }, "geometry": { "type": "LineString", "coordinates": [ [ -58.439415455029398, -34.566142489680601 ], [ -58.440327067780501, -34.565381521765602 ] ] } },
{ "type": "Feature", "properties": { "TELECOM": null, "nomoficial": "LACROZE, FEDERICO AV.", "COM_PAR": "14", "id_street": "2696", "alt_derfin": "1999", "ZONA": "SIN ZONA", "alt_derini": "1901", "TELEFONICA": null, "alt_izqfin": "2000", "BARRIO": "PALERMO", "COMUNA": "14", "alt_izqini": "1902", "codigo": "12012", "BARRIO_PAR": "PALERMO", "id": "2696", "TELECENTRO": null, "EMPRESA": "TELCOS - NO SE IDENTIFICA", "fecha_ingr": null, "long": 0.0, "longitud_m": 165.73949178401816 }, "geometry": { "type": "LineString", "coordinates": [ [ -58.440384117523799, -34.565333925843497 ], [ -58.441517907324197, -34.566496904475301 ] ] } },
{ "type": "Feature", "properties": { "TELECOM": null, "nomoficial": "VILLANUEVA", "COM_PAR": "14", "id_street": "2697", "alt_derfin": "1299", "ZONA": "SIN ZONA", "alt_derini": "1201", "TELEFONICA": null, "alt_izqfin": "1300", "BARRIO": "PALERMO", "COMUNA": "14", "alt_izqini": "1202", "codigo": "23066", "BARRIO_PAR": "PALERMO", "id": "2697", "TELECENTRO": null, "EMPRESA": "TELCOS - NO SE IDENTIFICA", "fecha_ingr": null, "long": 0.0, "longitud_m": 105.82834191726728 }, "geometry": { "type": "LineString", "coordinates": [ [ -58.441517907324197, -34.566496904475301 ], [ -58.4423546495564, -34.5658404173329 ] ] } },
{ "type": "Feature", "properties": { "TELECOM": null, "nomoficial": "GARCIA, TEODORO", "COM_PAR": "14", "id_street": "2702", "alt_derfin": "2099", "ZONA": "SIN ZONA", "alt_derini": "2001", "TELEFONICA": null, "alt_izqfin": "2100", "BARRIO": "PALERMO", "COMUNA": "14", "alt_izqini": "2002", "codigo": "7033", "BARRIO_PAR": "PALERMO", "id": "2702", "TELECENTRO": null, "EMPRESA": "TELCOS - NO SE IDENTIFICA", "fecha_ingr": null, "long": 0.0, "longitud_m": 108.54509001713465 }, "geometry": { "type": "LineString", "coordinates": [ [ -58.4423546495564, -34.5658404173329 ], [ -58.443051756590997, -34.566630903735401 ] ] } },
{ "type": "Feature", "properties": { "TELECOM": null, "nomoficial": "MAURE", "COM_PAR": "14", "id_street": "2715", "alt_derfin": "1699", "ZONA": "SIN ZONA", "alt_derini": "1601", "TELEFONICA": null, "alt_izqfin": "1700", "BARRIO": "PALERMO", "COMUNA": "14", "alt_izqini": "1602", "codigo": "13054", "BARRIO_PAR": "PALERMO", "id": "2715", "TELECENTRO": null, "EMPRESA": "TELCOS - NO SE IDENTIFICA", "fecha_ingr": null, "long": 0.0, "longitud_m": 118.01769450300053 }, "geometry": { "type": "LineString", "coordinates": [ [ -58.435199834460597, -34.565815247169702 ], [ -58.435940179052899, -34.5666851519807 ] ] } },
{ "type": "Feature", "properties": { "TELECOM": null, "nomoficial": "SOLDADO DE LA INDEPENDENCIA", "COM_PAR": "14", "id_street": "2716", "alt_derfin": "999", "ZONA": "SIN ZONA", "alt_derini": "901", "TELEFONICA": null, "alt_izqfin": "1000", "BARRIO": "PALERMO", "COMUNA": "14", "alt_izqini": "902", "codigo": "20103", "BARRIO_PAR": "PALERMO", "id": "2716", "TELECENTRO": null, "EMPRESA": "TELCOS - NO SE IDENTIFICA", "fecha_ingr": null, "long": 0.0, "longitud_m": 121.20121549937301 }, "geometry": { "type": "LineString", "coordinates": [ [ -58.435940179052899, -34.5666851519807 ], [ -58.437021110932797, -34.566057348063403 ] ] } },
{ "type": "Feature", "properties": { "TELECOM": null, "nomoficial": "GOROSTIAGA", "COM_PAR": "14", "id_street": "2740", "alt_derfin": "1799", "ZONA": "SIN ZONA", "alt_derini": "1701", "TELEFONICA": null, "alt_izqfin": "1800", "BARRIO": "PALERMO", "COMUNA": "14", "alt_izqini": "1702", "codigo": "7071", "BARRIO_PAR": "PALERMO", "id": "2740", "TELECENTRO": null, "EMPRESA": "TELCOS - NO SE IDENTIFICA", "fecha_ingr": null, "long": 0.0, "longitud_m": 115.4796788741333 }, "geometry": { "type": "LineString", "coordinates": [ [ -58.437021110932797, -34.566057348063403 ], [ -58.437744030246201, -34.5669094208776 ] ] } },
{ "type": "Feature", "properties": { "TELECOM": null, "nomoficial": "CAMPOS, LUIS M. AV.", "COM_PAR": "14", "id_street": "2769", "alt_derfin": "1099", "ZONA": "SIN ZONA", "alt_derini": "1001", "TELEFONICA": null, "alt_izqfin": "1100", "BARRIO": "PALERMO", "COMUNA": "14", "alt_izqini": "1002", "codigo": "3043", "BARRIO_PAR": "PALERMO", "id": "2769", "TELECENTRO": null, "EMPRESA": "TELCOS - NO SE IDENTIFICA", "fecha_ingr": null, "long": 0.0, "longitud_m": 178.58484964622232 }, "geometry": { "type": "LineString", "coordinates": [ [ -58.438099921334697, -34.567328799417702 ], [ -58.439415455029398, -34.566142489680601 ] ] } },
{ "type": "Feature", "properties": { "TELECOM": null, "nomoficial": "OLLEROS", "COM_PAR": "14", "id_street": "2782", "alt_derfin": "1999", "ZONA": "SIN ZONA", "alt_derini": "1901", "TELEFONICA": null, "alt_izqfin": "2000", "BARRIO": "PALERMO", "COMUNA": "14", "alt_izqini": "1902", "codigo": "16022", "BARRIO_PAR": "PALERMO", "id": "2782", "TELECENTRO": null, "EMPRESA": "TELCOS - NO SE IDENTIFICA", "fecha_ingr": null, "long": 0.0, "longitud_m": 160.22893141889762 }, "geometry": { "type": "LineString", "coordinates": [ [ -58.439415455029398, -34.566142489680601 ], [ -58.440602562730398, -34.567201682089902 ] ] } },
{ "type": "Feature", "properties": { "TELECOM": null, "nomoficial": "VILLANUEVA", "COM_PAR": "14", "id_street": "2783", "alt_derfin": "1199", "ZONA": "SIN ZONA", "alt_derini": "1101", "TELEFONICA": null, "alt_izqfin": "1200", "BARRIO": "PALERMO", "COMUNA": "14", "alt_izqini": "1102", "codigo": "23066", "BARRIO_PAR": "PALERMO", "id": "2783", "TELECENTRO": null, "EMPRESA": "TELCOS - NO SE IDENTIFICA", "fecha_ingr": null, "long": 0.0, "longitud_m": 114.7529316374156 }, "geometry": { "type": "LineString", "coordinates": [ [ -58.440602562730398, -34.567201682089902 ], [ -58.441517907324197, -34.566496904475301 ] ] } },
{ "type": "Feature", "properties": { "TELECOM": null, "nomoficial": "NEWBERY, JORGE", "COM_PAR": "14", "id_street": "2796", "alt_derfin": "1699", "ZONA": "SIN ZONA", "alt_derini": "1601", "TELEFONICA": null, "alt_izqfin": "1700", "BARRIO": "PALERMO", "COMUNA": "14", "alt_izqini": "1602", "codigo": "14019", "BARRIO_PAR": "PALERMO", "id": "2796", "TELECENTRO": null, "EMPRESA": "TELCOS - NO SE IDENTIFICA", "fecha_ingr": null, "long": 0.0, "longitud_m": 117.54327736765295 }, "geometry": { "type": "LineString", "coordinates": [ [ -58.434100159277101, -34.566454650463498 ], [ -58.434841777084898, -34.5673185761068 ] ] } },
{ "type": "Feature", "properties": { "TELECOM": null, "nomoficial": "SOLDADO DE LA INDEPENDENCIA", "COM_PAR": "14", "id_street": "2797", "alt_derfin": "899", "ZONA": "SIN ZONA", "alt_derini": "801", "TELEFONICA": null, "alt_izqfin": "900", "BARRIO": "PALERMO", "COMUNA": "14", "alt_izqini": "802", "codigo": "20103", "BARRIO_PAR": "PALERMO", "id": "2797", "TELECENTRO": null, "EMPRESA": "TELCOS - NO SE IDENTIFICA", "fecha_ingr": null, "long": 0.0, "longitud_m": 122.87161587996944 }, "geometry": { "type": "LineString", "coordinates": [ [ -58.434841777084898, -34.5673185761068 ], [ -58.435940179052899, -34.5666851519807 ] ] } },
{ "type": "Feature", "properties": { "TELECOM": null, "nomoficial": "GOROSTIAGA", "COM_PAR": "14", "id_street": "2799", "alt_derfin": "1899", "ZONA": "SIN ZONA", "alt_derini": "1801", "TELEFONICA": null, "alt_izqfin": "1900", "BARRIO": "PALERMO", "COMUNA": "14", "alt_izqini": "1802", "codigo": "7071", "BARRIO_PAR": "PALERMO", "id": "2799", "TELECENTRO": null, "EMPRESA": "TELCOS - NO SE IDENTIFICA", "fecha_ingr": null, "long": 0.0, "longitud_m": 56.841598070061352 }, "geometry": { "type": "LineString", "coordinates": [ [ -58.437744030246201, -34.5669094208776 ], [ -58.438099921334697, -34.567328799417702 ] ] } },
{ "type": "Feature", "properties": { "TELECOM": null, "nomoficial": "GARCIA, TEODORO", "COM_PAR": "14", "id_street": "2814", "alt_derfin": "2199", "ZONA": "SIN ZONA", "alt_derini": "2101", "TELEFONICA": null, "alt_izqfin": "2200", "BARRIO": "PALERMO", "COMUNA": "14", "alt_izqini": "2102", "codigo": "7033", "BARRIO_PAR": "PALERMO", "id": "2814", "TELECENTRO": null, "EMPRESA": "TELCOS - NO SE IDENTIFICA", "fecha_ingr": null, "long": 0.0, "longitud_m": 107.94199362880761 }, "geometry": { "type": "LineString", "coordinates": [ [ -58.443051756590997, -34.566630903735401 ], [ -58.443744961791303, -34.5674170191432 ] ] } },
{ "type": "Feature", "properties": { "TELECOM": null, "nomoficial": "MAURE", "COM_PAR": "14", "id_street": "2829", "alt_derfin": "1799", "ZONA": "SIN ZONA", "alt_derini": "1701", "TELEFONICA": null, "alt_izqfin": "1800", "BARRIO": "PALERMO", "COMUNA": "14", "alt_izqini": "1702", "codigo": "13054", "BARRIO_PAR": "PALERMO", "id": "2829", "TELECENTRO": null, "EMPRESA": "TELCOS - NO SE IDENTIFICA", "fecha_ingr": null, "long": 0.0, "longitud_m": 115.78085980866942 }, "geometry": { "type": "LineString", "coordinates": [ [ -58.435940179052899, -34.5666851519807 ], [ -58.436666497601699, -34.5675385699044 ] ] } },
{ "type": "Feature", "properties": { "TELECOM": null, "nomoficial": "ARCE", "COM_PAR": "14", "id_street": "2830", "alt_derfin": "999", "ZONA": "SIN ZONA", "alt_derini": "901", "TELEFONICA": null, "alt_izqfin": "1000", "BARRIO": "PALERMO", "COMUNA": "14", "alt_izqini": "902", "codigo": "1099", "BARRIO_PAR": "PALERMO", "id": "2830", "TELECENTRO": null, "EMPRESA": "TELCOS - NO SE IDENTIFICA", "fecha_ingr": null, "long": 0.0, "longitud_m": 121.03121594479289 }, "geometry": { "type": "LineString", "coordinates": [ [ -58.436666497601699, -34.5675385699044 ], [ -58.437744030246201, -34.5669094208776 ] ] } },
{ "type": "Feature", "properties": { "TELECOM": null, "nomoficial": "ARCE", "COM_PAR": "14", "id_street": "2868", "alt_derfin": "899", "ZONA": "SIN ZONA", "alt_derini": "851", "TELEFONICA": null, "alt_izqfin": "900", "BARRIO": "PALERMO", "COMUNA": "14", "alt_izqini": "852", "codigo": "1099", "BARRIO_PAR": "PALERMO", "id": "2868", "TELECENTRO": null, "EMPRESA": "TELCOS - NO SE IDENTIFICA", "fecha_ingr": null, "long": 0.0, "longitud_m": 56.951073205762739 }, "geometry": { "type": "LineString", "coordinates": [ [ -58.436159442854702, -34.567834591155503 ], [ -58.436666497601699, -34.5675385699044 ] ] } },
{ "type": "Feature", "properties": { "TELECOM": null, "nomoficial": "MATIENZO, BENJAMIN, TENIENTE", "COM_PAR": "14", "id_street": "2885", "alt_derfin": "1699", "ZONA": "SIN ZONA", "alt_derini": "1601", "TELEFONICA": null, "alt_izqfin": "1700", "BARRIO": "PALERMO", "COMUNA": "14", "alt_izqini": "1602", "codigo": "13049", "BARRIO_PAR": "PALERMO", "id": "2885", "TELECENTRO": null, "EMPRESA": "TELCOS - NO SE IDENTIFICA", "fecha_ingr": null, "long": 0.0, "longitud_m": 117.17233889342018 }, "geometry": { "type": "LineString", "coordinates": [ [ -58.433025501096502, -34.5670794722163 ], [ -58.433763368192601, -34.5679415019424 ] ] } },
{ "type": "Feature", "properties": { "TELECOM": null, "nomoficial": "SOLDADO DE LA INDEPENDENCIA", "COM_PAR": "14", "id_street": "2886", "alt_derfin": "799", "ZONA": "SIN ZONA", "alt_derini": "701", "TELEFONICA": null, "alt_izqfin": "800", "BARRIO": "PALERMO", "COMUNA": "14", "alt_izqini": "702", "codigo": "20103", "BARRIO_PAR": "PALERMO", "id": "2886", "TELECENTRO": null, "EMPRESA": "TELCOS - NO SE IDENTIFICA", "fecha_ingr": null, "long": 0.0, "longitud_m": 120.69996513285959 }, "geometry": { "type": "LineString", "coordinates": [ [ -58.433763368192601, -34.5679415019424 ], [ -58.434841777084898, -34.5673185761068 ] ] } },
{ "type": "Feature", "properties": { "TELECOM": null, "nomoficial": "GOROSTIAGA", "COM_PAR": "14", "id_street": "2887", "alt_derfin": "1999", "ZONA": "SIN ZONA", "alt_derini": "1901", "TELEFONICA": null, "alt_izqfin": "2000", "BARRIO": "PALERMO", "COMUNA": "14", "alt_izqini": "1902", "codigo": "7071", "BARRIO_PAR": "PALERMO", "id": "2887", "TELECENTRO": null, "EMPRESA": "TELCOS - NO SE IDENTIFICA", "fecha_ingr": null, "long": 0.0, "longitud_m": 159.19459652996147 }, "geometry": { "type": "LineString", "coordinates": [ [ -58.438099921334697, -34.567328799417702 ], [ -58.438215410273898, -34.567443121366601 ], [ -58.438684882685003, -34.567537232982097 ], [ -58.439036504629101, -34.567732166596301 ], [ -58.439627767617303, -34.567952216842201 ] ] } },
{ "type": "Feature", "properties": { "TELECOM": null, "nomoficial": "VILLANUEVA", "COM_PAR": "14", "id_street": "2888", "alt_derfin": "1099", "ZONA": "SIN ZONA", "alt_derini": "1001", "TELEFONICA": null, "alt_izqfin": "1100", "BARRIO": "PALERMO", "COMUNA": "14", "alt_izqini": "1002", "codigo": "23066", "BARRIO_PAR": "PALERMO", "id": "2888", "TELECENTRO": null, "EMPRESA": "TELCOS - NO SE IDENTIFICA", "fecha_ingr": null, "long": 0.0, "longitud_m": 122.20412309425987 }, "geometry": { "type": "LineString", "coordinates": [ [ -58.439627767617303, -34.567952216842201 ], [ -58.440602562730398, -34.567201682089902 ] ] } },
{ "type": "Feature", "properties": { "TELECOM": null, "nomoficial": "LACROZE, FEDERICO AV.", "COM_PAR": "14", "id_street": "2894", "alt_derfin": "2199", "ZONA": "SIN ZONA", "alt_derini": "2001", "TELEFONICA": null, "alt_izqfin": "2200", "BARRIO": "PALERMO", "COMUNA": "14", "alt_izqini": "2002", "codigo": "12012", "BARRIO_PAR": "PALERMO", "id": "2894", "TELECENTRO": null, "EMPRESA": "TELCOS - NO SE IDENTIFICA", "fecha_ingr": null, "long": 0.0, "longitud_m": 213.99984165610977 }, "geometry": { "type": "LineString", "coordinates": [ [ -58.441517907324197, -34.566496904475301 ], [ -58.442981957361603, -34.567998455955298 ] ] } },
{ "type": "Feature", "properties": { "TELECOM": null, "nomoficial": "11 DE SEPTIEMBRE DE 1888", "COM_PAR": "14", "id_street": "2895", "alt_derfin": "1199", "ZONA": null, "alt_derini": "1101", "TELEFONICA": null, "alt_izqfin": "1200", "BARRIO": "PALERMO", "COMUNA": "14", "alt_izqini": "1102", "codigo": "16025", "BARRIO_PAR": "PALERMO", "id": "2895", "TELECENTRO": null, "EMPRESA": "TELCOS - NO SE IDENTIFICA", "fecha_ingr": null, "long": 0.0, "longitud_m": 95.198530456140048 }, "geometry": { "type": "LineString", "coordinates": [ [ -58.442981957361603, -34.567998455955298 ], [ -58.443744961791303, -34.5674170191432 ] ] } },
{ "type": "Feature", "properties": { "TELECOM": null, "nomoficial": "NEWBERY, JORGE", "COM_PAR": "14", "id_street": "2914", "alt_derfin": "1799", "ZONA": "SIN ZONA", "alt_derini": "1701", "TELEFONICA": null, "alt_izqfin": "1800", "BARRIO": "PALERMO", "COMUNA": "14", "alt_izqini": "1702", "codigo": "14019", "BARRIO_PAR": "PALERMO", "id": "2914", "TELECENTRO": null, "EMPRESA": "TELCOS - NO SE IDENTIFICA", "fecha_ingr": null, "long": 0.0, "longitud_m": 116.48980849450214 }, "geometry": { "type": "LineString", "coordinates": [ [ -58.434841777084898, -34.5673185761068 ], [ -58.435576772485703, -34.568174748982102 ] ] } },
{ "type": "Feature", "properties": { "TELECOM": null, "nomoficial": "ARCE", "COM_PAR": "14", "id_street": "2915", "alt_derfin": "849", "ZONA": "SIN ZONA", "alt_derini": "801", "TELEFONICA": null, "alt_izqfin": "850", "BARRIO": "PALERMO", "COMUNA": "14", "alt_izqini": "802", "codigo": "1099", "BARRIO_PAR": "PALERMO", "id": "2915", "TELECENTRO": null, "EMPRESA": "TELCOS - NO SE IDENTIFICA", "fecha_ingr": null, "long": 0.0, "longitud_m": 65.443332254943726 }, "geometry": { "type": "LineString", "coordinates": [ [ -58.435576772485703, -34.568174748982102 ], [ -58.436159442854702, -34.567834591155503 ] ] } },
{ "type": "Feature", "properties": { "TELECOM": null, "nomoficial": "GARCIA, TEODORO", "COM_PAR": "14", "id_street": "2919", "alt_derfin": "2299", "ZONA": null, "alt_derini": "2201", "TELEFONICA": null, "alt_izqfin": "2300", "BARRIO": "PALERMO", "COMUNA": "14", "alt_izqini": "2202", "codigo": "7033", "BARRIO_PAR": "PALERMO", "id": "2919", "TELECENTRO": null, "EMPRESA": "TELCOS - NO SE IDENTIFICA", "fecha_ingr": null, "long": 0.0, "longitud_m": 108.11343820653144 }, "geometry": { "type": "LineString", "coordinates": [ [ -58.443744961791303, -34.5674170191432 ], [ -58.4444451614062, -34.568200807603603 ] ] } },
{ "type": "Feature", "properties": { "TELECOM": null, "nomoficial": "MAURE", "COM_PAR": "14", "id_street": "2943", "alt_derfin": "1899", "ZONA": "SIN ZONA", "alt_derini": "1801", "TELEFONICA": null, "alt_izqfin": "1900", "BARRIO": "PALERMO", "COMUNA": "14", "alt_izqini": "1802", "codigo": "13054", "BARRIO_PAR": "PALERMO", "id": "2943", "TELECENTRO": null, "EMPRESA": "TELCOS - NO SE IDENTIFICA", "fecha_ingr": null, "long": 0.0, "longitud_m": 109.70972038827736 }, "geometry": { "type": "LineString", "coordinates": [ [ -58.436666497601699, -34.5675385699044 ], [ -58.437354705541203, -34.568347256059297 ] ] } },
{ "type": "Feature", "properties": { "TELECOM": null, "nomoficial": "CAMPOS, LUIS M. AV.", "COM_PAR": "14", "id_street": "2944", "alt_derfin": "999", "ZONA": "SIN ZONA", "alt_derini": "901", "TELEFONICA": null, "alt_izqfin": "1000", "BARRIO": "PALERMO", "COMUNA": "14", "alt_izqini": "902", "codigo": "3043", "BARRIO_PAR": "PALERMO", "id": "2944", "TELECENTRO": null, "EMPRESA": "TELCOS - NO SE IDENTIFICA", "fecha_ingr": null, "long": 0.0, "longitud_m": 132.65424513884471 }, "geometry": { "type": "LineString", "coordinates": [ [ -58.437354705541203, -34.568347256059297 ], [ -58.437880985363201, -34.567536575267503 ], [ -58.438099921334697, -34.567328799417702 ] ] } },
{ "type": "Feature", "properties": { "TELECOM": null, "nomoficial": "GOROSTIAGA", "COM_PAR": "14", "id_street": "2965", "alt_derfin": "2099", "ZONA": "SIN ZONA", "alt_derini": "2001", "TELEFONICA": null, "alt_izqfin": "2100", "BARRIO": "PALERMO", "COMUNA": "14", "alt_izqini": "2002", "codigo": "7071", "BARRIO_PAR": "PALERMO", "id": "2965", "TELECENTRO": null, "EMPRESA": "TELCOS - NO SE IDENTIFICA", "fecha_ingr": null, "long": 0.0, "longitud_m": 83.535026252931061 }, "geometry": { "type": "LineString", "coordinates": [ [ -58.439627767617303, -34.567952216842201 ], [ -58.440247546671898, -34.568503755354399 ] ] } },
{ "type": "Feature", "properties": { "TELECOM": null, "nomoficial": "OLLEROS", "COM_PAR": "14", "id_street": "2979", "alt_derfin": "2199", "ZONA": "SIN ZONA", "alt_derini": "2001", "TELEFONICA": null, "alt_izqfin": "2200", "BARRIO": "PALERMO", "COMUNA": "14", "alt_izqini": "2002", "codigo": "16022", "BARRIO_PAR": "PALERMO", "id": "2979", "TELECENTRO": null, "EMPRESA": "TELCOS - NO SE IDENTIFICA", "fecha_ingr": null, "long": 0.0, "longitud_m": 214.55822206216175 }, "geometry": { "type": "LineString", "coordinates": [ [ -58.440602562730398, -34.567201682089902 ], [ -58.442192200518399, -34.568620024993798 ] ] } },
{ "type": "Feature", "properties": { "TELECOM": null, "nomoficial": "11 DE SEPTIEMBRE DE 1888", "COM_PAR": "14", "id_street": "2980", "alt_derfin": "1099", "ZONA": null, "alt_derini": "1001", "TELEFONICA": null, "alt_izqfin": "1100", "BARRIO": "PALERMO", "COMUNA": "14", "alt_izqini": "1002", "codigo": "16025", "BARRIO_PAR": "PALERMO", "id": "2980", "TELECENTRO": null, "EMPRESA": "TELCOS - NO SE IDENTIFICA", "fecha_ingr": null, "long": 0.0, "longitud_m": 100.03309542351057 }, "geometry": { "type": "LineString", "coordinates": [ [ -58.442192200518399, -34.568620024993798 ], [ -58.442981957361603, -34.567998455955298 ] ] } },
{ "type": "Feature", "properties": { "TELECOM": null, "nomoficial": "LACROZE, FEDERICO AV.", "COM_PAR": "14", "id_street": "2993", "alt_derfin": "2299", "ZONA": null, "alt_derini": "2201", "TELEFONICA": null, "alt_izqfin": "2300", "BARRIO": "PALERMO", "COMUNA": "14", "alt_izqini": "2202", "codigo": "12012", "BARRIO_PAR": "PALERMO", "id": "2993", "TELECENTRO": null, "EMPRESA": "TELCOS - NO SE IDENTIFICA", "fecha_ingr": null, "long": 0.0, "longitud_m": 107.15606861831003 }, "geometry": { "type": "LineString", "coordinates": [ [ -58.442981957361603, -34.567998455955298 ], [ -58.443715023445215, -34.568750351925999 ] ] } },
{ "type": "Feature", "properties": { "TELECOM": null, "nomoficial": "CAMPOS, LUIS M. AV.", "COM_PAR": "14", "id_street": "2998", "alt_derfin": "899", "ZONA": "SIN ZONA", "alt_derini": "851", "TELEFONICA": null, "alt_izqfin": "900", "BARRIO": "PALERMO", "COMUNA": "14", "alt_izqini": "852", "codigo": "3043", "BARRIO_PAR": "PALERMO", "id": "2998", "TELECENTRO": null, "EMPRESA": "TELCOS - NO SE IDENTIFICA", "fecha_ingr": null, "long": 0.0, "longitud_m": 62.092518164190018 }, "geometry": { "type": "LineString", "coordinates": [ [ -58.437020663108399, -34.568834025664202 ], [ -58.437354705541203, -34.568347256059297 ] ] } },
{ "type": "Feature", "properties": { "TELECOM": null, "nomoficial": "MATIENZO, BENJAMIN, TENIENTE", "COM_PAR": "14", "id_street": "3003", "alt_derfin": "1799", "ZONA": "SIN ZONA", "alt_derini": "1701", "TELEFONICA": null, "alt_izqfin": "1800", "BARRIO": "PALERMO", "COMUNA": "14", "alt_izqini": "1702", "codigo": "13049", "BARRIO_PAR": "PALERMO", "id": "3003", "TELECENTRO": null, "EMPRESA": "TELCOS - NO SE IDENTIFICA", "fecha_ingr": null, "long": 0.0, "longitud_m": 117.10061997785272 }, "geometry": { "type": "LineString", "coordinates": [ [ -58.433763368192601, -34.5679415019424 ], [ -58.434500739886801, -34.568803034005299 ] ] } },
{ "type": "Feature", "properties": { "TELECOM": null, "nomoficial": "ARCE", "COM_PAR": "14", "id_street": "3004", "alt_derfin": "799", "ZONA": "SIN ZONA", "alt_derini": "701", "TELEFONICA": null, "alt_izqfin": "800", "BARRIO": "PALERMO", "COMUNA": "14", "alt_izqini": "702", "codigo": "1099", "BARRIO_PAR": "PALERMO", "id": "3004", "TELECENTRO": null, "EMPRESA": "TELCOS - NO SE IDENTIFICA", "fecha_ingr": null, "long": 0.0, "longitud_m": 120.86227134248925 }, "geometry": { "type": "LineString", "coordinates": [ [ -58.434500739886801, -34.568803034005299 ], [ -58.435576772485703, -34.568174748982102 ] ] } },
{ "type": "Feature", "properties": { "TELECOM": null, "nomoficial": "VOLTA", "COM_PAR": "14", "id_street": "3008", "alt_derfin": "1899", "ZONA": "SIN ZONA", "alt_derini": "1801", "TELEFONICA": null, "alt_izqfin": "1900", "BARRIO": "PALERMO", "COMUNA": "14", "alt_izqini": "1802", "codigo": "23076", "BARRIO_PAR": "PALERMO", "id": "3008", "TELECENTRO": null, "EMPRESA": "TELCOS - NO SE IDENTIFICA", "fecha_ingr": null, "long": 0.0, "longitud_m": 136.15383495482729 }, "geometry": { "type": "LineString", "coordinates": [ [ -58.436159442854702, -34.567834591155503 ], [ -58.437020663108399, -34.568834025664202 ] ] } },
{ "type": "Feature", "properties": { "TELECOM": null, "nomoficial": "MAURE", "COM_PAR": "14", "id_street": "3025", "alt_derfin": "1999", "ZONA": "SIN ZONA", "alt_derini": "1901", "TELEFONICA": null, "alt_izqfin": "2000", "BARRIO": "PALERMO", "COMUNA": "14", "alt_izqini": "1902", "codigo": "13054", "BARRIO_PAR": "PALERMO", "id": "3025", "TELECENTRO": null, "EMPRESA": "TELCOS - NO SE IDENTIFICA", "fecha_ingr": null, "long": 0.0, "longitud_m": 111.58378450078966 }, "geometry": { "type": "LineString", "coordinates": [ [ -58.437354705541203, -34.568347256059297 ], [ -58.438319413124397, -34.568959582625297 ] ] } },
{ "type": "Feature", "properties": { "TELECOM": null, "nomoficial": "VILLANUEVA", "COM_PAR": "14", "id_street": "3026", "alt_derfin": "999", "ZONA": "SIN ZONA", "alt_derini": "901", "TELEFONICA": null, "alt_izqfin": "1000", "BARRIO": "PALERMO", "COMUNA": "14", "alt_izqini": "902", "codigo": "23066", "BARRIO_PAR": "PALERMO", "id": "3026", "TELECENTRO": null, "EMPRESA": "TELCOS - NO SE IDENTIFICA", "fecha_ingr": null, "long": 0.0, "longitud_m": 164.02027034128028 }, "geometry": { "type": "LineString", "coordinates": [ [ -58.438319413124397, -34.568959582625297 ], [ -58.439627767617303, -34.567952216842201 ] ] } },
{ "type": "Feature", "properties": { "TELECOM": null, "nomoficial": "NEWBERY, JORGE", "COM_PAR": "14", "id_street": "3040", "alt_derfin": "1967", "ZONA": "SIN ZONA", "alt_derini": "1801", "TELEFONICA": null, "alt_izqfin": "1900", "BARRIO": "PALERMO", "COMUNA": "14", "alt_izqini": "1802", "codigo": "14019", "BARRIO_PAR": "PALERMO", "id": "3040", "TELECENTRO": null, "EMPRESA": "TELCOS - NO SE IDENTIFICA", "fecha_ingr": null, "long": 0.0, "longitud_m": 117.42613300609783 }, "geometry": { "type": "LineString", "coordinates": [ [ -58.435576772485703, -34.568174748982102 ], [ -58.436317654904201, -34.569037820167097 ] ] } },
{ "type": "Feature", "properties": { "TELECOM": null, "nomoficial": "OLLEROS", "COM_PAR": "14", "id_street": "3076", "alt_derfin": "2299", "ZONA": null, "alt_derini": "2201", "TELEFONICA": null, "alt_izqfin": "2300", "BARRIO": "PALERMO", "COMUNA": "14", "alt_izqini": "2202", "codigo": "16022", "BARRIO_PAR": "PALERMO", "id": "3076", "TELECENTRO": null, "EMPRESA": "TELCOS - NO SE IDENTIFICA", "fecha_ingr": null, "long": 0.0, "longitud_m": 104.51793345439087 }, "geometry": { "type": "LineString", "coordinates": [ [ -58.442192200518399, -34.568620024993798 ], [ -58.442966569510801, -34.569310945345997 ] ] } },
{ "type": "Feature", "properties": { "TELECOM": null, "nomoficial": "CAMPOS, LUIS M. AV.", "COM_PAR": "14", "id_street": "3081", "alt_derfin": "849", "ZONA": "SIN ZONA", "alt_derini": "801", "TELEFONICA": null, "alt_izqfin": "850", "BARRIO": "PALERMO", "COMUNA": "14", "alt_izqini": "802", "codigo": "3043", "BARRIO_PAR": "PALERMO", "id": "3081", "TELECENTRO": null, "EMPRESA": "TELCOS - NO SE IDENTIFICA", "fecha_ingr": null, "long": 0.0, "longitud_m": 68.841138326420477 }, "geometry": { "type": "LineString", "coordinates": [ [ -58.436567172197201, -34.569328374005003 ], [ -58.437020663108399, -34.568834025664202 ] ] } },
{ "type": "Feature", "properties": { "TELECOM": null, "nomoficial": "GOROSTIAGA", "COM_PAR": "14", "id_street": "3086", "alt_derfin": "2199", "ZONA": "SIN ZONA", "alt_derini": "2101", "TELEFONICA": null, "alt_izqfin": "2200", "BARRIO": "PALERMO", "COMUNA": "14", "alt_izqini": "2102", "codigo": "7071", "BARRIO_PAR": "PALERMO", "id": "3086", "TELECENTRO": null, "EMPRESA": "TELCOS - NO SE IDENTIFICA", "fecha_ingr": null, "long": 0.0, "longitud_m": 132.04099980020385 }, "geometry": { "type": "LineString", "coordinates": [ [ -58.440247546671898, -34.568503755354399 ], [ -58.441227192147203, -34.569375574136998 ] ] } },
{ "type": "Feature", "properties": { "TELECOM": null, "nomoficial": "11 DE SEPTIEMBRE DE 1888", "COM_PAR": "14", "id_street": "3087", "alt_derfin": "999", "ZONA": "SIN ZONA", "alt_derini": "901", "TELEFONICA": null, "alt_izqfin": "1000", "BARRIO": "PALERMO", "COMUNA": "14", "alt_izqini": "902", "codigo": "16025", "BARRIO_PAR": "PALERMO", "id": "3087", "TELECENTRO": null, "EMPRESA": "TELCOS - NO SE IDENTIFICA", "fecha_ingr": null, "long": 0.0, "longitud_m": 121.92888968347347 }, "geometry": { "type": "LineString", "coordinates": [ [ -58.441227192147203, -34.569375574136998 ], [ -58.442192200518399, -34.568620024993798 ] ] } },
{ "type": "Feature", "properties": { "TELECOM": null, "nomoficial": "MAURE", "COM_PAR": "14", "id_street": "3117", "alt_derfin": "2099", "ZONA": "SIN ZONA", "alt_derini": "2001", "TELEFONICA": null, "alt_izqfin": "2100", "BARRIO": "PALERMO", "COMUNA": "14", "alt_izqini": "2002", "codigo": "13054", "BARRIO_PAR": "PALERMO", "id": "3117", "TELECENTRO": null, "EMPRESA": "TELCOS - NO SE IDENTIFICA", "fecha_ingr": null, "long": 0.0, "longitud_m": 107.08645144663103 }, "geometry": { "type": "LineString", "coordinates": [ [ -58.438319413124397, -34.568959582625297 ], [ -58.4392243718424, -34.569569072780098 ] ] } },
{ "type": "Feature", "properties": { "TELECOM": null, "nomoficial": "MALASIA", "COM_PAR": "14", "id_street": "3118", "alt_derfin": "899", "ZONA": "SIN ZONA", "alt_derini": "801", "TELEFONICA": null, "alt_izqfin": "900", "BARRIO": "PALERMO", "COMUNA": "14", "alt_izqini": "802", "codigo": "1121", "BARRIO_PAR": "PALERMO", "id": "3118", "TELECENTRO": null, "EMPRESA": "TELCOS - NO SE IDENTIFICA", "fecha_ingr": null, "long": 0.0, "longitud_m": 150.93593252838139 }, "geometry": { "type": "LineString", "coordinates": [ [ -58.4392243718424, -34.569569072780098 ], [ -58.440247546671898, -34.568503755354399 ] ] } },
{ "type": "Feature", "properties": { "TELECOM": null, "nomoficial": "MATIENZO, BENJAMIN, TENIENTE", "COM_PAR": "14", "id_street": "3133", "alt_derfin": "1899", "ZONA": "SIN ZONA", "alt_derini": "1801", "TELEFONICA": null, "alt_izqfin": "1900", "BARRIO": "PALERMO", "COMUNA": "14", "alt_izqini": "1802", "codigo": "13049", "BARRIO_PAR": "PALERMO", "id": "3133", "TELECENTRO": null, "EMPRESA": "TELCOS - NO SE IDENTIFICA", "fecha_ingr": null, "long": 0.0, "longitud_m": 117.38032398917105 }, "geometry": { "type": "LineString", "coordinates": [ [ -58.434500739886801, -34.568803034005299 ], [ -58.435239913910301, -34.569666604205402 ] ] } },
{ "type": "Feature", "properties": { "TELECOM": null, "nomoficial": "BAEZ", "COM_PAR": "14", "id_street": "3134", "alt_derfin": "799", "ZONA": "SIN ZONA", "alt_derini": "701", "TELEFONICA": null, "alt_izqfin": "800", "BARRIO": "PALERMO", "COMUNA": "14", "alt_izqini": "702", "codigo": "2006", "BARRIO_PAR": "PALERMO", "id": "3134", "TELECENTRO": null, "EMPRESA": "TELCOS - NO SE IDENTIFICA", "fecha_ingr": null, "long": 0.0, "longitud_m": 121.02145104840959 }, "geometry": { "type": "LineString", "coordinates": [ [ -58.435239913910301, -34.569666604205402 ], [ -58.436317654904201, -34.569037820167097 ] ] } },
{ "type": "Feature", "properties": { "TELECOM": null, "nomoficial": "GOROSTIAGA", "COM_PAR": "14", "id_street": "3156", "alt_derfin": "2299", "ZONA": "SIN ZONA", "alt_derini": "2201", "TELEFONICA": null, "alt_izqfin": "2300", "BARRIO": "PALERMO", "COMUNA": "14", "alt_izqini": "2202", "codigo": "7071", "BARRIO_PAR": "PALERMO", "id": "3156", "TELECENTRO": null, "EMPRESA": "TELCOS - NO SE IDENTIFICA", "fecha_ingr": null, "long": 0.0, "longitud_m": 71.7002888656761 }, "geometry": { "type": "LineString", "coordinates": [ [ -58.441227192147203, -34.569375574136998 ], [ -58.4417591541607, -34.569848988746799 ] ] } },
{ "type": "Feature", "properties": { "TELECOM": null, "nomoficial": "MAURE", "COM_PAR": "14", "id_street": "3204", "alt_derfin": "2199", "ZONA": "SIN ZONA", "alt_derini": "2101", "TELEFONICA": null, "alt_izqfin": "2200", "BARRIO": "PALERMO", "COMUNA": "14", "alt_izqini": "2102", "codigo": "13054", "BARRIO_PAR": "PALERMO", "id": "3204", "TELECENTRO": null, "EMPRESA": "TELCOS - NO SE IDENTIFICA", "fecha_ingr": null, "long": 0.0, "longitud_m": 111.03965320978192 }, "geometry": { "type": "LineString", "coordinates": [ [ -58.4392243718424, -34.569569072780098 ], [ -58.4401627101592, -34.570201098170799 ] ] } },
{ "type": "Feature", "properties": { "TELECOM": null, "nomoficial": "11 DE SEPTIEMBRE DE 1888", "COM_PAR": "14", "id_street": "3205", "alt_derfin": "899", "ZONA": "SIN ZONA", "alt_derini": "801", "TELEFONICA": null, "alt_izqfin": "900", "BARRIO": "PALERMO", "COMUNA": "14", "alt_izqini": "802", "codigo": "16025", "BARRIO_PAR": "PALERMO", "id": "3205", "TELECENTRO": null, "EMPRESA": "TELCOS - NO SE IDENTIFICA", "fecha_ingr": null, "long": 0.0, "longitud_m": 133.89523917074337 }, "geometry": { "type": "LineString", "coordinates": [ [ -58.4401627101592, -34.570201098170799 ], [ -58.441227192147203, -34.569375574136998 ] ] } },
{ "type": "Feature", "properties": { "TELECOM": null, "nomoficial": "MATIENZO, BENJAMIN, TENIENTE", "COM_PAR": "14", "id_street": "3210", "alt_derfin": "1999", "ZONA": "SIN ZONA", "alt_derini": "1901", "TELEFONICA": null, "alt_izqfin": "2000", "BARRIO": "PALERMO", "COMUNA": "14", "alt_izqini": "1902", "codigo": "13049", "BARRIO_PAR": "PALERMO", "id": "3210", "TELECENTRO": null, "EMPRESA": "TELCOS - NO SE IDENTIFICA", "fecha_ingr": null, "long": 0.0, "longitud_m": 77.945070269898324 }, "geometry": { "type": "LineString", "coordinates": [ [ -58.435239913910301, -34.569666604205402 ], [ -58.435730776122, -34.570240037643899 ] ] } },
{ "type": "Feature", "properties": { "TELECOM": null, "nomoficial": "CAMPOS, LUIS M. AV.", "COM_PAR": "14", "id_street": "3211", "alt_derfin": "799", "ZONA": "SIN ZONA", "alt_derini": "701", "TELEFONICA": null, "alt_izqfin": "800", "BARRIO": "PALERMO", "COMUNA": "14", "alt_izqini": "702", "codigo": "3043", "BARRIO_PAR": "PALERMO", "id": "3211", "TELECENTRO": null, "EMPRESA": "TELCOS - NO SE IDENTIFICA", "fecha_ingr": null, "long": 0.0, "longitud_m": 126.95902656893711 }, "geometry": { "type": "LineString", "coordinates": [ [ -58.435730776122, -34.570240037643899 ], [ -58.436567172197201, -34.569328374005003 ] ] } },
{ "type": "Feature", "properties": { "TELECOM": null, "nomoficial": "MAURE", "COM_PAR": "14", "id_street": "3262", "alt_derfin": "2299", "ZONA": "SIN ZONA", "alt_derini": "2201", "TELEFONICA": null, "alt_izqfin": "2300", "BARRIO": "PALERMO", "COMUNA": "14", "alt_izqini": "2202", "codigo": "13054", "BARRIO_PAR": "PALERMO", "id": "3262", "TELECENTRO": null, "EMPRESA": "TELCOS - NO SE IDENTIFICA", "fecha_ingr": null, "long": 0.0, "longitud_m": 83.518854422362949 }, "geometry": { "type": "LineString", "coordinates": [ [ -58.4401627101592, -34.570201098170799 ], [ -58.440868516091697, -34.570676450871701 ] ] } },
{ "type": "Feature", "properties": { "TELECOM": null, "nomoficial": "11 DE SEPTIEMBRE DE 1888", "COM_PAR": "14", "id_street": "3269", "alt_derfin": "799", "ZONA": "SIN ZONA", "alt_derini": "701", "TELEFONICA": null, "alt_izqfin": "800", "BARRIO": "PALERMO", "COMUNA": "14", "alt_izqini": "702", "codigo": "16025", "BARRIO_PAR": "PALERMO", "id": "3269", "TELECENTRO": null, "EMPRESA": "TELCOS - NO SE IDENTIFICA", "fecha_ingr": null, "long": 0.0, "longitud_m": 82.059143527117001 }, "geometry": { "type": "LineString", "coordinates": [ [ -58.439507713700102, -34.570704714930301 ], [ -58.4401627101592, -34.570201098170799 ] ] } },
{ "type": "Feature", "properties": { "TELECOM": null, "nomoficial": "OLLEROS AV.", "COM_PAR": "14", "id_street": "27754", "alt_derfin": "0", "ZONA": "SIN ZONA", "alt_derini": "0", "TELEFONICA": null, "alt_izqfin": "1800", "BARRIO": "PALERMO", "COMUNA": "14", "alt_izqini": "1702", "codigo": "16022", "BARRIO_PAR": "PALERMO", "id": "27754", "TELECENTRO": null, "EMPRESA": "TELCOS - NO SE IDENTIFICA", "fecha_ingr": null, "long": 0.0, "longitud_m": 119.18186659677544 }, "geometry": { "type": "LineString", "coordinates": [ [ -58.437404688388199, -34.564505946900802 ], [ -58.438289755559701, -34.565292192720896 ] ] } },
{ "type": "Feature", "properties": { "TELECOM": null, "nomoficial": "OLLEROS AV.", "COM_PAR": "14", "id_street": "27755", "alt_derfin": "0", "ZONA": "SIN ZONA", "alt_derini": "0", "TELEFONICA": null, "alt_izqfin": "1900", "BARRIO": "PALERMO", "COMUNA": "14", "alt_izqini": "1802", "codigo": "16022", "BARRIO_PAR": "PALERMO", "id": "27755", "TELECENTRO": null, "EMPRESA": "TELCOS - NO SE IDENTIFICA", "fecha_ingr": null, "long": 0.0, "longitud_m": 143.13315538279818 }, "geometry": { "type": "LineString", "coordinates": [ [ -58.438289755559701, -34.565292192720896 ], [ -58.439225508746603, -34.56611686878 ], [ -58.439415455029398, -34.566142489680601 ] ] } }
]
}
